"method","K_fit","beta","lambda_mu","lambda_kappa","lambda_eta","ARI","loglik","pen_loglik","converged","iter","true_union_q","selected_q","TPR","FPR","Precision","F1","entry_TPR","entry_FPR","entry_Precision","entry_F1","MSE_mu","MSE_kappa","MSE_centered_eta","kappa_hat_mean","df","BIC","EBIC","common_selection_rate","specific_selection_rate","noise_selection_rate","scenario","rep","n","d","K_true","common_q","specific_q_per_component","specific_weight","true_entry_q","mu_pairwise_cos_mean","kappa_true_min","kappa_true_max","kappa_true_ratio"
"Rossi path BIC",4,36.3668269255761,NA,NA,NA,0.407721387292428,97850.0085907195,97363.2171300427,TRUE,2,22,94,1,0.923076923076923,0.234042553191489,0.379310344827586,1,0.572222222222222,0.16260162601626,0.27972027972028,0.000287771214812267,48.470877979691,0.952210531042688,63.1991524155003,249,-193979.986116972,-192833.298740661,1,1,0.923076923076923,"specific_effect_common6_specific4",1,1000,100,4,6,4,0.25,40,0.96,30,90,3
"Rossi path BIC + refit",4,36.3668269255761,NA,NA,NA,0.368191368779462,97909.7987190761,NA,TRUE,78,22,94,1,0.923076923076923,0.234042553191489,0.379310344827586,NA,NA,NA,NA,0.00057987814415212,114.779646933594,2.32464607396854,65.5747232235065,379,-193201.558187418,-191456.198686929,1,1,0.923076923076923,"specific_effect_common6_specific4",1,1000,100,4,6,4,0.25,40,0.96,30,90,3
"Separate 2D path/grid BIC",4,NA,49.2553070210276,0,NA,0.415798159949791,97823.1109481664,97188.2452963888,TRUE,5,22,92,1,0.897435897435897,0.239130434782609,0.385964912280702,0.95,0.472222222222222,0.182692307692308,0.306451612903226,0.00036088551730726,179.85711171951,2.11266948874123,66.0726602643874,211,-194188.685532468,-193216.994623224,1,1,0.897435897435897,"specific_effect_common6_specific4",1,1000,100,4,6,4,0.25,40,0.96,30,90,3
"Separate 2D path/grid BIC + refit",4,NA,49.2553070210276,0,NA,0.396190504740568,97921.1103476063,NA,TRUE,37,22,92,1,0.897435897435897,0.239130434782609,0.385964912280702,NA,NA,NA,NA,0.00103410414095082,350.299164209488,5.63377986052753,68.5799872395814,371,-193279.44348671,-191570.925347709,1,1,0.897435897435897,"specific_effect_common6_specific4",1,1000,100,4,6,4,0.25,40,0.96,30,90,3
"Eta centered path BIC",4,NA,NA,NA,1.73177528462824,0.37031879290573,97694.1929799154,97324.9102581755,TRUE,10,22,43,0.863636363636364,0.307692307692308,0.441860465116279,0.584615384615385,NA,NA,NA,NA,0.000641076314622031,227.593979162368,2.76902633250062,66.6759267856287,232,-193785.786735107,-192717.387251958,1,0.8125,0.307692307692308,"specific_effect_common6_specific4",1,1000,100,4,6,4,0.25,40,0.96,30,90,3
"Eta centered path BIC + refit",4,NA,NA,NA,1.73177528462824,0.422989940949659,97781.4334980875,NA,TRUE,26,22,43,0.863636363636364,0.307692307692308,0.441860465116279,0.584615384615385,NA,NA,NA,NA,0.000820926948950981,239.163996006445,3.89259803736022,66.4877149372478,175,-194354.009822353,-193548.105039805,1,0.8125,0.307692307692308,"specific_effect_common6_specific4",1,1000,100,4,6,4,0.25,40,0.96,30,90,3
"Rossi path BIC",4,28.8943288265552,NA,NA,NA,0.452550366458911,97790.9487228125,97394.4678517367,TRUE,2,22,99,1,0.987179487179487,0.222222222222222,0.363636363636364,1,0.583333333333333,0.16,0.275862068965517,0.000210928207864901,2.05057198120279,0.462647838095256,58.7848754129988,253,-193834.235360043,-192669.127302988,1,1,0.987179487179487,"specific_effect_common6_specific4",2,1000,100,4,6,4,0.25,40,0.96,30,90,3
"Rossi path BIC + refit",4,28.8943288265552,NA,NA,NA,0.442722583119367,97832.5573337288,NA,TRUE,49,22,99,1,0.987179487179487,0.222222222222222,0.363636363636364,NA,NA,NA,NA,0.000535280805630878,0.571171701201176,1.00551887603761,57.7913533652872,399,-192908.920311144,-191071.457406934,1,1,0.987179487179487,"specific_effect_common6_specific4",2,1000,100,4,6,4,0.25,40,0.96,30,90,3
"Separate 2D path/grid BIC",4,NA,60.3097314510138,0,NA,0.467088987509912,97710.51231016,96998.4288427866,TRUE,11,22,84,1,0.794871794871795,0.261904761904762,0.415094339622642,1,0.286111111111111,0.27972027972028,0.437158469945355,0.000108287670063339,4.97125240911853,0.272228365497507,57.2888266641403,146,-194412.492349589,-193740.137502434,1,1,0.794871794871795,"specific_effect_common6_specific4",2,1000,100,4,6,4,0.25,40,0.96,30,90,3
"Separate 2D path/grid BIC + refit",4,NA,60.3097314510138,0,NA,0.428111901603444,97812.9595446721,NA,TRUE,55,22,84,1,0.794871794871795,0.261904761904762,0.415094339622642,NA,NA,NA,NA,0.000456442820624171,0.478109260525005,0.815247748801089,57.356401936943,339,-193284.190049769,-191723.037356719,1,1,0.794871794871795,"specific_effect_common6_specific4",2,1000,100,4,6,4,0.25,40,0.96,30,90,3
"Eta centered path BIC",4,NA,NA,NA,2.0645981069835,0.319847118676159,97521.1715644345,97246.0315036818,TRUE,39,22,19,0.727272727272727,0.0384615384615385,0.842105263157895,0.780487804878049,NA,NA,NA,NA,0.000456817533661119,394.475584382662,4.07815919244797,65.43190693563,160,-193937.102284232,-193200.275054474,1,0.625,0.0384615384615385,"specific_effect_common6_specific4",2,1000,100,4,6,4,0.25,40,0.96,30,90,3
"Eta centered path BIC + refit",4,NA,NA,NA,2.0645981069835,0.426210760828794,97614.5882058174,NA,TRUE,39,22,19,0.727272727272727,0.0384615384615385,0.842105263157895,0.780487804878049,NA,NA,NA,NA,0.000594205467128056,95.0556409887787,2.27483265267907,64.2700804786651,79,-194683.463744595,-194319.655299902,1,0.625,0.0384615384615385,"specific_effect_common6_specific4",2,1000,100,4,6,4,0.25,40,0.96,30,90,3
"Rossi path BIC",4,38.1035730966837,NA,NA,NA,0.38240260329106,97912.9563272586,97418.2065691842,TRUE,2,22,95,1,0.935897435897436,0.231578947368421,0.376068376068376,0.9,0.530555555555556,0.158590308370044,0.269662921348315,0.000675977902483254,6.20745429617418,1.31575104142502,59.6229648306327,230,-194237.128940351,-193177.939797574,1,1,0.935897435897436,"specific_effect_common6_specific4",3,1000,100,4,6,4,0.25,40,0.96,30,90,3
"Rossi path BIC + refit",4,38.1035730966837,NA,NA,NA,0.381492370873837,97993.4879600685,NA,TRUE,71,22,95,1,0.935897435897436,0.231578947368421,0.376068376068376,NA,NA,NA,NA,0.00142844633008508,44.9679118893235,3.34623003337747,62.1216614566918,383,-193341.305648287,-191577.525467053,1,1,0.935897435897436,"specific_effect_common6_specific4",3,1000,100,4,6,4,0.25,40,0.96,30,90,3
"Separate 2D path/grid BIC",4,NA,38.4759747409377,0,NA,0.383036368370743,97910.7448692254,97413.4158218229,TRUE,2,22,95,1,0.935897435897436,0.231578947368421,0.376068376068376,0.9,0.522222222222222,0.160714285714286,0.272727272727273,0.00068085753853288,6.21339162141846,1.32226107244825,59.6204311188678,227,-194253.429290122,-193208.055657902,1,1,0.935897435897436,"specific_effect_common6_specific4",3,1000,100,4,6,4,0.25,40,0.96,30,90,3
"Separate 2D path/grid BIC + refit",4,NA,38.4759747409377,0,NA,0.381492370873837,97993.4862614507,NA,TRUE,71,22,95,1,0.935897435897436,0.231578947368421,0.376068376068376,NA,NA,NA,NA,0.00142857986156234,44.9916160471447,3.3468278639056,62.1227756167982,383,-193341.302251051,-191577.522069818,1,1,0.935897435897436,"specific_effect_common6_specific4",3,1000,100,4,6,4,0.25,40,0.96,30,90,3
"Eta centered path BIC",4,NA,NA,NA,1.3493890714978,0.371354762039199,97785.7624700365,97579.2319277818,TRUE,36,22,39,0.818181818181818,0.269230769230769,0.461538461538462,0.590163934426229,NA,NA,NA,NA,0.000576063907509981,26.5425255047684,1.31278573986935,57.7069754315528,220,-194051.818778697,-193038.681337779,1,0.75,0.269230769230769,"specific_effect_common6_specific4",3,1000,100,4,6,4,0.25,40,0.96,30,90,3
"Eta centered path BIC + refit",4,NA,NA,NA,1.3493890714978,0.410954506046267,97852.9562483672,NA,TRUE,23,22,39,0.818181818181818,0.269230769230769,0.461538461538462,0.590163934426229,NA,NA,NA,NA,0.000768442473947702,10.3349127868035,1.58825070105704,59.2605619680727,159,-194607.579407376,-193875.357347804,1,0.75,0.269230769230769,"specific_effect_common6_specific4",3,1000,100,4,6,4,0.25,40,0.96,30,90,3
"Rossi path BIC",4,19.874774270356,NA,NA,NA,0.357190031181298,97911.8531150645,97611.921648242,TRUE,2,22,100,1,1,0.22,0.360655737704918,1,0.744444444444444,0.12987012987013,0.229885057471264,0.000363160928577171,1.55308284345844,0.674873973463189,57.6588750079116,311,-193675.394338366,-192243.186410523,1,1,1,"specific_effect_common6_specific4",4,1000,100,4,6,4,0.25,40,0.96,30,90,3
"Rossi path BIC + refit",4,19.874774270356,NA,NA,NA,0.329439626044645,97942.5899261138,NA,FALSE,100,22,100,1,1,0.22,0.360655737704918,NA,NA,NA,NA,0.00114835944864618,7.64922343674773,1.38508110062164,56.3618733659151,403,-193101.354474798,-191245.470889844,1,1,1,"specific_effect_common6_specific4",4,1000,100,4,6,4,0.25,40,0.96,30,90,3
"Separate 2D path/grid BIC",4,NA,38.0244915700396,1.41475271595648,NA,0.363389688309663,97841.0706994962,97041.051366293,TRUE,2,22,97,1,0.961538461538462,0.22680412371134,0.369747899159664,1,0.483333333333333,0.186915887850467,0.31496062992126,0.00018724557212216,16.3932094251538,0.363562413498986,53.6639045311595,217,-194183.158503453,-193183.836573094,1,1,0.961538461538462,"specific_effect_common6_specific4",4,1000,100,4,6,4,0.25,40,0.96,30,90,3
"Separate 2D path/grid BIC + refit",4,NA,38.0244915700396,1.41475271595648,NA,0.333053208469519,97936.8838600455,NA,TRUE,23,22,97,1,0.961538461538462,0.22680412371134,0.369747899159664,NA,NA,NA,NA,0.000737839319571762,3.11406941540253,1.08590199213933,56.468603562553,391,-193172.835406009,-191372.213863288,1,1,0.961538461538462,"specific_effect_common6_specific4",4,1000,100,4,6,4,0.25,40,0.96,30,90,3
"Eta centered path BIC",4,NA,NA,NA,1.14952388165607,0.385717672665813,97766.7531080155,97566.7514823117,TRUE,24,22,46,0.954545454545455,0.320512820512821,0.456521739130435,0.617647058823529,NA,NA,NA,NA,0.000337704086679936,32.9742341765645,0.91704525174681,59.5742164302472,241,-193868.737193796,-192758.891178973,1,0.9375,0.320512820512821,"specific_effect_common6_specific4",4,1000,100,4,6,4,0.25,40,0.96,30,90,3
"Eta centered path BIC + refit",4,NA,NA,NA,1.14952388165607,0.370824455266518,97829.5200070435,NA,TRUE,20,22,46,0.954545454545455,0.320512820512821,0.456521739130435,0.617647058823529,NA,NA,NA,NA,0.000621503527722929,38.1533007325012,1.65940102781428,60.5184011105335,187,-194367.289776917,-193506.122952138,1,0.9375,0.320512820512821,"specific_effect_common6_specific4",4,1000,100,4,6,4,0.25,40,0.96,30,90,3
"Rossi path BIC",4,51.0541739382496,NA,NA,NA,0.477521433515366,97991.1765861334,97348.4285931829,TRUE,2,22,95,1,0.935897435897436,0.231578947368421,0.376068376068376,1,0.444444444444444,0.2,0.333333333333333,0.000108924739686466,11.0862151772214,0.287708138922873,60.2122021753809,203,-194580.078850633,-193645.229302878,1,1,0.935897435897436,"specific_effect_common6_specific4",5,1000,100,4,6,4,0.25,40,0.96,30,90,3
"Rossi path BIC + refit",4,51.0541739382496,NA,NA,NA,0.420184140973246,98100.6807705372,NA,FALSE,100,22,95,1,0.935897435897436,0.231578947368421,0.376068376068376,NA,NA,NA,NA,0.000722117779122959,18.3480689374126,1.6342537034152,60.3117441539598,383,-193555.691269224,-191791.911087991,1,1,0.935897435897436,"specific_effect_common6_specific4",5,1000,100,4,6,4,0.25,40,0.96,30,90,3
"Separate 2D path/grid BIC",4,NA,54.7327368370427,0,NA,0.485618088086705,97977.4701933169,97303.0360600622,TRUE,6,22,93,1,0.91025641025641,0.236559139784946,0.382608695652174,1,0.405555555555556,0.21505376344086,0.353982300884956,9.07445013454614e-05,8.02619655040915,0.236369222916099,59.7924158474966,189,-194649.374638906,-193778.997473754,1,1,0.91025641025641,"specific_effect_common6_specific4",5,1000,100,4,6,4,0.25,40,0.96,30,90,3
"Separate 2D path/grid BIC + refit",4,NA,54.7327368370427,0,NA,0.3842827349484,98093.0369694062,NA,FALSE,100,22,93,1,0.91025641025641,0.236559139784946,0.382608695652174,NA,NA,NA,NA,0.000569095705570701,10.3662599524638,1.18823686478502,58.3584414652079,375,-193595.665709194,-191868.726889449,1,1,0.91025641025641,"specific_effect_common6_specific4",5,1000,100,4,6,4,0.25,40,0.96,30,90,3
"Eta centered path BIC",4,NA,NA,NA,2.46395622463185,0.366276309359543,97787.0702887488,97315.3973924883,TRUE,5,22,37,0.818181818181818,0.243589743589744,0.486486486486487,0.610169491525424,NA,NA,NA,NA,0.000882538004784849,104.294589539703,2.28439998056993,60.0422440318524,214,-194095.880947795,-193110.374527994,1,0.75,0.243589743589744,"specific_effect_common6_specific4",5,1000,100,4,6,4,0.25,40,0.96,30,90,3
"Eta centered path BIC + refit",4,NA,NA,NA,2.46395622463185,0.459659963662198,97946.604409229,NA,TRUE,29,22,37,0.818181818181818,0.243589743589744,0.486486486486487,0.610169491525424,NA,NA,NA,NA,0.00127830922393581,106.876093202125,3.64113073164949,62.8161976903,151,-194850.137771332,-194154.757073247,1,0.75,0.243589743589744,"specific_effect_common6_specific4",5,1000,100,4,6,4,0.25,40,0.96,30,90,3
"Rossi path BIC",4,38.8384075403461,NA,NA,NA,0.389399515696476,97789.1026738111,97290.3299029024,TRUE,18,22,99,1,0.987179487179487,0.222222222222222,0.363636363636364,0.925,0.477777777777778,0.177033492822967,0.29718875502008,0.00069418545560581,4.45114203020477,1.2929193056178,58.0331165540384,212,-194113.761228478,-193137.465149048,1,1,0.987179487179487,"specific_effect_common6_specific4",6,1000,100,4,6,4,0.25,40,0.96,30,90,3
"Rossi path BIC + refit",4,38.8384075403461,NA,NA,NA,0.360805434281544,97895.9565210477,NA,TRUE,65,22,99,1,0.987179487179487,0.222222222222222,0.363636363636364,NA,NA,NA,NA,0.00141085373772615,11.4392187262079,2.61734786860408,57.4102493932047,399,-193035.718685782,-191198.255781572,1,1,0.987179487179487,"specific_effect_common6_specific4",6,1000,100,4,6,4,0.25,40,0.96,30,90,3
"Separate 2D path/grid BIC",4,NA,38.8384070800104,0,NA,0.389399515696476,97789.1026756575,97290.3299087747,TRUE,18,22,99,1,0.987179487179487,0.222222222222222,0.363636363636364,0.925,0.477777777777778,0.177033492822967,0.29718875502008,0.000694185456433717,4.45114204454568,1.2929193096547,58.0331165784874,212,-194113.761232171,-193137.465152741,1,1,0.987179487179487,"specific_effect_common6_specific4",6,1000,100,4,6,4,0.25,40,0.96,30,90,3
"Separate 2D path/grid BIC + refit",4,NA,38.8384070800104,0,NA,0.360805434281544,97895.9565210572,NA,TRUE,65,22,99,1,0.987179487179487,0.222222222222222,0.363636363636364,NA,NA,NA,NA,0.00141085373827106,11.4392187594484,2.61734787218389,57.4102494061237,399,-193035.718685801,-191198.255781591,1,1,0.987179487179487,"specific_effect_common6_specific4",6,1000,100,4,6,4,0.25,40,0.96,30,90,3
"Eta centered path BIC",4,NA,NA,NA,1.62447961859519,0.342624333631826,97619.8151640595,97390.9930506494,TRUE,17,22,25,0.772727272727273,0.102564102564103,0.68,0.723404255319149,NA,NA,NA,NA,0.000423420360611669,291.034249359659,3.26123362590368,62.1803846612653,178,-194010.04988846,-193190.329595354,1,0.6875,0.102564102564103,"specific_effect_common6_specific4",6,1000,100,4,6,4,0.25,40,0.96,30,90,3
"Eta centered path BIC + refit",4,NA,NA,NA,1.62447961859519,0.418377610100258,97693.7443760759,NA,TRUE,24,22,25,0.772727272727273,0.102564102564103,0.68,0.723404255319149,NA,NA,NA,NA,0.000520690339119122,82.6689720753228,1.79468170063629,61.7814262693634,103,-194675.989958417,-194201.65742926,1,0.6875,0.102564102564103,"specific_effect_common6_specific4",6,1000,100,4,6,4,0.25,40,0.96,30,90,3
"Rossi path BIC",4,14.8563874895671,NA,NA,NA,0.373082986344151,98216.7913473039,97985.8386131725,TRUE,2,22,100,1,1,0.22,0.360655737704918,1,0.855555555555556,0.114942528735632,0.206185567010309,0.000441434363574355,127.109794551151,1.94035717689703,65.8715925200309,351,-194008.960591685,-192392.545856403,1,1,1,"specific_effect_common6_specific4",7,1000,100,4,6,4,0.25,40,0.96,30,90,3
"Rossi path BIC + refit",4,14.8563874895671,NA,NA,NA,0.371305824555717,98225.6455696829,NA,TRUE,21,22,100,1,1,0.22,0.360655737704918,NA,NA,NA,NA,0.000557921490675653,121.363294326478,2.28758207826047,65.451197516083,403,-193667.465761936,-191811.582176983,1,1,1,"specific_effect_common6_specific4",7,1000,100,4,6,4,0.25,40,0.96,30,90,3
"Separate 2D path/grid BIC",4,NA,30.1167001331068,1.03308790995664,NA,0.423411547548249,98158.516106159,97513.1855218589,TRUE,2,22,99,1,0.987179487179487,0.222222222222222,0.363636363636364,1,0.586111111111111,0.159362549800797,0.274914089347079,0.000226657916423435,1.66941539751532,0.474061353215863,57.232383575752,254,-194562.462371457,-193392.749144216,1,1,0.987179487179487,"specific_effect_common6_specific4",7,1000,100,4,6,4,0.25,40,0.96,30,90,3
"Separate 2D path/grid BIC + refit",4,NA,30.1167001331068,1.03308790995664,NA,0.389490354536643,98222.6110952616,NA,TRUE,84,22,99,1,0.987179487179487,0.222222222222222,0.363636363636364,NA,NA,NA,NA,0.000597438770517033,30.0522693155351,1.46186054827791,61.9605571955257,399,-193689.027834209,-191851.56493,1,1,0.987179487179487,"specific_effect_common6_specific4",7,1000,100,4,6,4,0.25,40,0.96,30,90,3
"Eta centered path BIC",4,NA,NA,NA,1.5846186889018,0.366472335583202,97927.1617243299,97743.749632927,TRUE,26,22,16,0.727272727272727,0,1,0.842105263157895,NA,NA,NA,NA,0.000340991841969051,364.843020196662,3.55521284860318,64.9204436865021,151,-194811.252401534,-194115.871703449,1,0.625,0,"specific_effect_common6_specific4",7,1000,100,4,6,4,0.25,40,0.96,30,90,3
"Eta centered path BIC + refit",4,NA,NA,NA,1.5846186889018,0.370953268878896,97960.4933974402,NA,TRUE,35,22,16,0.727272727272727,0,1,0.842105263157895,NA,NA,NA,NA,0.000285492066851144,76.7183002079546,0.943668758464049,64.0400764340401,67,-195458.167191189,-195149.620788727,1,0.625,0,"specific_effect_common6_specific4",7,1000,100,4,6,4,0.25,40,0.96,30,90,3
"Rossi path BIC",4,24.591907971724,NA,NA,NA,0.380393979696021,97561.9372869381,97191.912365077,TRUE,2,22,99,1,0.987179487179487,0.222222222222222,0.363636363636364,1,0.733333333333333,0.131578947368421,0.232558139534884,0.000461592442164909,151.779523904249,2.32703966506487,65.700930648907,307,-193003.193703229,-191589.40645613,1,1,0.987179487179487,"specific_effect_common6_specific4",8,1000,100,4,6,4,0.25,40,0.96,30,90,3
"Rossi path BIC + refit",4,24.591907971724,NA,NA,NA,0.349503912482222,97586.567824673,NA,TRUE,40,22,99,1,0.987179487179487,0.222222222222222,0.363636363636364,NA,NA,NA,NA,0.000682671653813011,147.682575364786,3.11564911683773,64.9045105079391,399,-192416.941293032,-190579.478388823,1,1,0.987179487179487,"specific_effect_common6_specific4",8,1000,100,4,6,4,0.25,40,0.96,30,90,3
"Separate 2D path/grid BIC",4,NA,29.1889018501754,0,NA,0.391982562958073,97550.9817305665,97128.5190608389,TRUE,2,22,100,1,1,0.22,0.360655737704918,0.95,0.683333333333333,0.133802816901408,0.234567901234568,0.000466097034798523,76.9184735142604,1.69281535961351,63.380455141296,287,-193119.437696065,-191797.753852686,1,1,1,"specific_effect_common6_specific4",8,1000,100,4,6,4,0.25,40,0.96,30,90,3
"Separate 2D path/grid BIC + refit",4,NA,29.1889018501754,0,NA,0.362817316874993,97589.7205555505,NA,TRUE,40,22,100,1,1,0.22,0.360655737704918,NA,NA,NA,NA,0.000761944853988418,55.7429662890993,2.32459311782724,61.9069952235957,403,-192395.615733671,-190539.732148718,1,1,1,"specific_effect_common6_specific4",8,1000,100,4,6,4,0.25,40,0.96,30,90,3
"Eta centered path BIC",4,NA,NA,NA,1.77131061915755,0.366668382263434,97313.4159674642,97043.573515333,TRUE,92,22,29,0.863636363636364,0.128205128205128,0.655172413793103,0.745098039215686,NA,NA,NA,NA,0.000484790708669155,112.44769490259,1.81903840280068,62.1999534830778,190,-193314.358431922,-192439.376096584,1,0.8125,0.128205128205128,"specific_effect_common6_specific4",8,1000,100,4,6,4,0.25,40,0.96,30,90,3
"Eta centered path BIC + refit",4,NA,NA,NA,1.77131061915755,0.417393862289564,97390.1489247376,NA,TRUE,26,22,29,0.863636363636364,0.128205128205128,0.655172413793103,0.745098039215686,NA,NA,NA,NA,0.000490850756996462,68.4466327719041,1.6513708650761,62.1631463885113,119,-193958.274971276,-193410.259719144,1,0.8125,0.128205128205128,"specific_effect_common6_specific4",8,1000,100,4,6,4,0.25,40,0.96,30,90,3
"Rossi path BIC",4,22.8493926812426,NA,NA,NA,0.361152720254756,97566.0168667803,97214.0824721265,TRUE,2,22,100,1,1,0.22,0.360655737704918,0.975,0.758333333333333,0.125,0.221590909090909,0.000619131230966628,10.973800471996,1.21091751123759,57.0729328303201,315,-192956.090820681,-191505.462212095,1,1,1,"specific_effect_common6_specific4",9,1000,100,4,6,4,0.25,40,0.96,30,90,3
"Rossi path BIC + refit",4,22.8493926812426,NA,NA,NA,0.341732231778883,97595.748495113,NA,TRUE,39,22,100,1,1,0.22,0.360655737704918,NA,NA,NA,NA,0.00106094116547535,16.2512382003432,1.92261506687476,56.478327373953,403,-192407.671612796,-190551.788027843,1,1,1,"specific_effect_common6_specific4",9,1000,100,4,6,4,0.25,40,0.96,30,90,3
"Separate 2D path/grid BIC",4,NA,49.0952662861237,0,NA,0.434721179533148,97506.6798394692,96869.3718944621,TRUE,2,22,95,1,0.935897435897436,0.231578947368421,0.376068376068376,0.975,0.466666666666667,0.188405797101449,0.315789473684211,0.000383026920590987,76.8515443150816,1.46684997146493,61.4034332016447,210,-193562.731070352,-192595.645331295,1,1,0.935897435897436,"specific_effect_common6_specific4",9,1000,100,4,6,4,0.25,40,0.96,30,90,3
"Separate 2D path/grid BIC + refit",4,NA,49.0952662861237,0,NA,0.400155906964961,97599.3600794887,NA,TRUE,48,22,95,1,0.935897435897436,0.231578947368421,0.376068376068376,NA,NA,NA,NA,0.000879795131558227,60.0639232576665,2.38011388426929,60.3789259502035,383,-192553.049887127,-190789.269705894,1,1,0.935897435897436,"specific_effect_common6_specific4",9,1000,100,4,6,4,0.25,40,0.96,30,90,3
"Eta centered path BIC",4,NA,NA,NA,1.41317270258597,0.415175533948163,97371.1448648322,97172.9501724602,TRUE,3,22,26,0.863636363636364,0.0897435897435897,0.730769230769231,0.791666666666667,NA,NA,NA,NA,0.000371349667261597,30.4019466485634,0.817891328407484,56.3149285223881,181,-193491.986024169,-192658.450220505,1,0.8125,0.0897435897435897,"specific_effect_common6_specific4",9,1000,100,4,6,4,0.25,40,0.96,30,90,3
"Eta centered path BIC + refit",4,NA,NA,NA,1.41317270258597,0.398880814866601,97398.6711871207,NA,TRUE,61,22,26,0.863636363636364,0.0897435897435897,0.730769230769231,0.791666666666667,NA,NA,NA,NA,0.000459779640608151,21.3163633120276,0.801192289157103,54.8091107145529,107,-194058.21255939,-193565.45934949,1,0.8125,0.0897435897435897,"specific_effect_common6_specific4",9,1000,100,4,6,4,0.25,40,0.96,30,90,3
"Rossi path BIC",4,15.9138857734167,NA,NA,NA,0.385482797865031,97446.0621950443,97206.3188379642,TRUE,2,22,99,1,0.987179487179487,0.222222222222222,0.363636363636364,1,0.8,0.121951219512195,0.217391304347826,0.000288262633539282,18.1777816098203,0.791499341230846,60.5303789978701,331,-192605.657392745,-191081.346061183,1,1,0.987179487179487,"specific_effect_common6_specific4",10,1000,100,4,6,4,0.25,40,0.96,30,90,3
"Rossi path BIC + refit",4,15.9138857734167,NA,NA,NA,0.353234590118493,97461.9030474801,NA,TRUE,45,22,99,1,0.987179487179487,0.222222222222222,0.363636363636364,NA,NA,NA,NA,0.000488474253265741,13.7180264611734,1.21645629048677,59.5690097860436,399,-192167.611738646,-190330.148834437,1,1,0.987179487179487,"specific_effect_common6_specific4",10,1000,100,4,6,4,0.25,40,0.96,30,90,3
"Separate 2D path/grid BIC",4,NA,12.200874723954,2.96465682371588,NA,0.310839923045053,97366.0298734144,96642.3961320596,TRUE,2,22,99,1,0.987179487179487,0.222222222222222,0.363636363636364,0.925,0.733333333333333,0.122923588039867,0.217008797653959,0.00149965203293678,358.69407846896,3.36239019379021,43.8040717681861,304,-192632.102142018,-191232.130405478,1,1,0.987179487179487,"specific_effect_common6_specific4",10,1000,100,4,6,4,0.25,40,0.96,30,90,3
"Separate 2D path/grid BIC + refit",4,NA,12.200874723954,2.96465682371588,NA,0.285371862433079,97439.5729483599,NA,FALSE,100,22,99,1,0.987179487179487,0.222222222222222,0.363636363636364,NA,NA,NA,NA,0.00133929301778777,43.5534625635027,2.12620205544939,53.0502537652117,399,-192122.951540406,-190285.488636197,1,1,0.987179487179487,"specific_effect_common6_specific4",10,1000,100,4,6,4,0.25,40,0.96,30,90,3
"Eta centered path BIC",4,NA,NA,NA,1.68745545497782,0.357717727575054,97191.1061782856,96962.719423232,TRUE,89,22,25,0.954545454545455,0.0512820512820513,0.84,0.893617021276596,NA,NA,NA,NA,0.000345809240979095,78.3630870926099,1.22386697432721,60.7041882822618,178,-193152.631916912,-192332.911623806,1,0.9375,0.0512820512820513,"specific_effect_common6_specific4",10,1000,100,4,6,4,0.25,40,0.96,30,90,3
"Eta centered path BIC + refit",4,NA,NA,NA,1.68745545497782,0.400216063207782,97287.0405284262,NA,TRUE,73,22,25,0.954545454545455,0.0512820512820513,0.84,0.893617021276596,NA,NA,NA,NA,0.000145626862612935,9.42918757791052,0.34469456421277,59.6896717637734,103,-193862.582263117,-193388.24973396,1,0.9375,0.0512820512820513,"specific_effect_common6_specific4",10,1000,100,4,6,4,0.25,40,0.96,30,90,3
"Rossi path BIC",4,38.4126613598352,NA,NA,NA,0.401969175597362,97640.3155470382,97116.1344687795,TRUE,2,22,100,1,1,0.22,0.360655737704918,0.95,0.566666666666667,0.15702479338843,0.269503546099291,0.000478187864616832,121.045213122337,2.20275381810859,64.7358642791985,245,-193588.231050726,-192459.964355159,1,1,1,"specific_effect_common6_specific4",11,1000,100,4,6,4,0.25,40,0.96,30,90,3
"Rossi path BIC + refit",4,38.4126613598352,NA,NA,NA,0.392810315053695,97716.4837110663,NA,TRUE,58,22,100,1,1,0.22,0.360655737704918,NA,NA,NA,NA,0.00118758746630779,181.10093340543,5.47143801083146,68.5825264890117,403,-192649.142044703,-190793.25845975,1,1,1,"specific_effect_common6_specific4",11,1000,100,4,6,4,0.25,40,0.96,30,90,3
"Separate 2D path/grid BIC",4,NA,62.3560541215881,0,NA,0.418758576607407,97580.6003163246,96818.756289947,TRUE,17,22,90,1,0.871794871794872,0.244444444444444,0.392857142857143,0.925,0.377777777777778,0.213872832369942,0.347417840375587,0.000259976898976549,145.197791140257,1.50344267431477,65.2818366535823,176,-193945.435703548,-193134.925750814,1,1,0.871794871794872,"specific_effect_common6_specific4",11,1000,100,4,6,4,0.25,40,0.96,30,90,3
"Separate 2D path/grid BIC + refit",4,NA,62.3560541215881,0,NA,0.357456160682574,97693.5856298028,NA,TRUE,53,22,90,1,0.871794871794872,0.244444444444444,0.392857142857143,NA,NA,NA,NA,0.000514763225383845,218.565956425629,2.7790431255544,68.6182267405017,363,-192879.656093335,-191207.979315821,1,1,0.871794871794872,"specific_effect_common6_specific4",11,1000,100,4,6,4,0.25,40,0.96,30,90,3
"Eta centered path BIC",4,NA,NA,NA,1.32610000655648,0.373587351667185,97476.6798481357,97294.6138038998,FALSE,100,22,30,0.818181818181818,0.153846153846154,0.6,0.692307692307692,NA,NA,NA,NA,0.000422815924822836,114.704006158025,1.54161900792428,63.8033965012345,193,-193620.162927428,-192731.365081532,1,0.75,0.153846153846154,"specific_effect_common6_specific4",11,1000,100,4,6,4,0.25,40,0.96,30,90,3
"Eta centered path BIC + refit",4,NA,NA,NA,1.32610000655648,0.408042799223644,97507.9975563996,NA,TRUE,53,22,30,0.818181818181818,0.153846153846154,0.6,0.692307692307692,NA,NA,NA,NA,0.000545620182366484,402.097074594217,4.43042200267541,68.3793583994778,123,-194166.341213484,-193599.905280608,1,0.75,0.153846153846154,"specific_effect_common6_specific4",11,1000,100,4,6,4,0.25,40,0.96,30,90,3
"Rossi path BIC",4,35.0048330167861,NA,NA,NA,0.431651978218233,98275.4920832987,97799.9882634049,TRUE,2,22,98,1,0.974358974358974,0.224489795918367,0.366666666666667,1,0.577777777777778,0.161290322580645,0.277777777777778,0.000202936168222499,25.5526502182323,0.564004182083116,62.1763798092718,251,-194817.137591573,-193661.23987489,1,1,0.974358974358974,"specific_effect_common6_specific4",12,1000,100,4,6,4,0.25,40,0.96,30,90,3
"Rossi path BIC + refit",4,35.0048330167861,NA,NA,NA,0.416966200988545,98338.0390779786,NA,TRUE,96,22,98,1,0.974358974358974,0.224489795918367,0.366666666666667,NA,NA,NA,NA,0.000798318781509779,86.7811817379146,2.3431075435775,64.6390634347977,395,-193947.514820759,-192128.472597294,1,1,0.974358974358974,"specific_effect_common6_specific4",12,1000,100,4,6,4,0.25,40,0.96,30,90,3
"Separate 2D path/grid BIC",4,NA,28.8927483123734,1.16859642018118,NA,0.396385741775279,98256.7719404689,97610.3826700201,TRUE,2,22,98,1,0.974358974358974,0.224489795918367,0.366666666666667,0.95,0.555555555555556,0.159663865546218,0.273381294964029,0.000467338149589427,10.8575367871995,0.678943494266699,55.6694522751754,241,-194848.774858703,-193738.92884388,1,1,0.974358974358974,"specific_effect_common6_specific4",12,1000,100,4,6,4,0.25,40,0.96,30,90,3
"Separate 2D path/grid BIC + refit",4,NA,28.8927483123734,1.16859642018118,NA,0.378240880957934,98326.4808552196,NA,TRUE,73,22,98,1,0.974358974358974,0.224489795918367,0.366666666666667,NA,NA,NA,NA,0.000769211893298784,22.1712152655693,1.40608170883584,59.4984492898114,395,-193924.398375241,-192105.356151776,1,1,0.974358974358974,"specific_effect_common6_specific4",12,1000,100,4,6,4,0.25,40,0.96,30,90,3
"Eta centered path BIC",4,NA,NA,NA,1.90534237991598,0.333604590923788,98014.6783959622,97794.2859254355,TRUE,18,22,18,0.772727272727273,0.0128205128205128,0.944444444444444,0.85,NA,NA,NA,NA,0.000290057616669463,119.722587026061,1.26166028458129,63.6385152380707,157,-194944.839213124,-194221.827493924,1,0.6875,0.0128205128205128,"specific_effect_common6_specific4",12,1000,100,4,6,4,0.25,40,0.96,30,90,3
"Eta centered path BIC + refit",4,NA,NA,NA,1.90534237991598,0.429402149241351,98098.828141418,NA,TRUE,51,22,18,0.772727272727273,0.0128205128205128,0.944444444444444,0.85,NA,NA,NA,NA,0.000269974450483292,15.4891309192156,0.451154663475132,61.0130935213406,75,-195679.574636912,-195334.186872963,1,0.6875,0.0128205128205128,"specific_effect_common6_specific4",12,1000,100,4,6,4,0.25,40,0.96,30,90,3
"Rossi path BIC",4,44.495375904665,NA,NA,NA,0.392592902534531,97352.0437477378,96801.503984926,TRUE,5,22,91,1,0.884615384615385,0.241758241758242,0.389380530973451,0.95,0.438888888888889,0.193877551020408,0.322033898305085,0.000371072550867919,21.4458742169676,0.876899860523685,60.9814514561235,199,-193329.444194958,-192413.015327946,1,1,0.884615384615385,"specific_effect_common6_specific4",13,1000,100,4,6,4,0.25,40,0.96,30,90,3
"Rossi path BIC + refit",4,44.495375904665,NA,NA,NA,0.358282472274163,97439.3289625317,NA,FALSE,100,22,91,1,0.884615384615385,0.241758241758242,0.389380530973451,NA,NA,NA,NA,0.000659334515694785,8.93010054808618,1.42971137277615,59.5697784140306,367,-192343.511737677,-190653.414279419,1,1,0.884615384615385,"specific_effect_common6_specific4",13,1000,100,4,6,4,0.25,40,0.96,30,90,3
"Separate 2D path/grid BIC",4,NA,44.0460611566918,0,NA,0.397532439512472,97365.2808879228,96809.4878303022,TRUE,2,22,91,1,0.884615384615385,0.241758241758242,0.389380530973451,1,0.441666666666667,0.201005025125628,0.334728033472803,0.000238641681114619,29.0969406558416,0.678875127126841,61.4474792944463,202,-193335.195209491,-192404.950831922,1,1,0.884615384615385,"specific_effect_common6_specific4",13,1000,100,4,6,4,0.25,40,0.96,30,90,3
"Separate 2D path/grid BIC + refit",4,NA,44.0460611566918,0,NA,0.347288933793089,97445.4401035015,NA,TRUE,57,22,91,1,0.884615384615385,0.241758241758242,0.389380530973451,NA,NA,NA,NA,0.000487019233110398,22.2998259310562,1.348018532818,61.1742958680478,367,-192355.734019617,-190665.636561359,1,1,0.884615384615385,"specific_effect_common6_specific4",13,1000,100,4,6,4,0.25,40,0.96,30,90,3
"Eta centered path BIC",4,NA,NA,NA,1.68524761906269,0.329147895275207,97218.5771728142,96955.8470674586,TRUE,5,22,31,0.909090909090909,0.141025641025641,0.645161290322581,0.754716981132075,NA,NA,NA,NA,0.000532883714512409,95.4159917484969,1.73210535461962,61.4780632153406,196,-193083.234310948,-192180.620954494,1,0.875,0.141025641025641,"specific_effect_common6_specific4",13,1000,100,4,6,4,0.25,40,0.96,30,90,3
"Eta centered path BIC + refit",4,NA,NA,NA,1.68524761906269,0.390758640676772,97311.2553005019,NA,TRUE,37,22,31,0.909090909090909,0.141025641025641,0.645161290322581,0.754716981132075,NA,NA,NA,NA,0.000850862290966906,73.2485724540812,2.42374992453146,62.6269013468724,127,-193745.225680573,-193160.369066953,1,0.875,0.141025641025641,"specific_effect_common6_specific4",13,1000,100,4,6,4,0.25,40,0.96,30,90,3
"Rossi path BIC",4,11.983180121974,NA,NA,NA,0.31682771571956,97895.488789997,97697.3467804489,TRUE,2,22,100,1,1,0.22,0.360655737704918,0.975,0.872222222222222,0.110481586402266,0.198473282442748,0.000865843305590184,45.3560755486677,1.64889654531445,59.1725945178997,356,-193331.816700676,-191692.376114465,1,1,1,"specific_effect_common6_specific4",14,1000,100,4,6,4,0.25,40,0.96,30,90,3
"Rossi path BIC + refit",4,11.983180121974,NA,NA,NA,0.316231495991383,97903.4636407993,NA,TRUE,16,22,100,1,1,0.22,0.360655737704918,NA,NA,NA,NA,0.00109732717275024,46.2809263240725,1.94729600410794,58.9377445358373,403,-193023.101904169,-191167.218319215,1,1,1,"specific_effect_common6_specific4",14,1000,100,4,6,4,0.25,40,0.96,30,90,3
"Separate 2D path/grid BIC",4,NA,57.9789250176026,0,NA,0.372657651725193,97798.5230712235,97084.7384812215,TRUE,4,22,88,1,0.846153846153846,0.25,0.4,1,0.369444444444444,0.23121387283237,0.375586854460094,0.000115396327799397,48.8735170479316,0.44898134374096,63.3893953033857,176,-194381.281213346,-193570.771260612,1,1,0.846153846153846,"specific_effect_common6_specific4",14,1000,100,4,6,4,0.25,40,0.96,30,90,3
"Separate 2D path/grid BIC + refit",4,NA,57.9789250176026,0,NA,0.349595350578408,97901.4172994522,NA,TRUE,32,22,88,1,0.846153846153846,0.25,0.4,NA,NA,NA,NA,0.000468705739803231,103.718395645263,1.82537531424339,64.8511133324812,355,-193350.581474866,-191715.74605884,1,1,0.846153846153846,"specific_effect_common6_specific4",14,1000,100,4,6,4,0.25,40,0.96,30,90,3
"Eta centered path BIC",4,NA,NA,NA,1.73575123021837,0.381625951776957,97684.293694096,97384.2572424869,TRUE,8,22,37,0.909090909090909,0.217948717948718,0.540540540540541,0.677966101694915,NA,NA,NA,NA,0.000485556869441938,63.8284207260595,1.28654579051717,61.209376596923,214,-193890.32775849,-192904.821338688,1,0.875,0.217948717948718,"specific_effect_common6_specific4",14,1000,100,4,6,4,0.25,40,0.96,30,90,3
"Eta centered path BIC + refit",4,NA,NA,NA,1.73575123021837,0.384430624909508,97777.5310880632,NA,TRUE,17,22,37,0.909090909090909,0.217948717948718,0.540540540540541,0.677966101694915,NA,NA,NA,NA,0.000708366666298291,57.3915038243251,1.92665437365475,62.1885948125831,151,-194511.991129,-193816.610430916,1,0.875,0.217948717948718,"specific_effect_common6_specific4",14,1000,100,4,6,4,0.25,40,0.96,30,90,3
"Rossi path BIC",4,14.4535391576652,NA,NA,NA,0.410859864480325,97788.3680791968,97562.8915042169,TRUE,2,22,100,1,1,0.22,0.360655737704918,1,0.838888888888889,0.116959064327485,0.209424083769634,0.000453126877886608,11.9127145412214,1.01359372536926,60.2889189524787,345,-193193.560587145,-191604.776872979,1,1,1,"specific_effect_common6_specific4",15,1000,100,4,6,4,0.25,40,0.96,30,90,3
"Rossi path BIC + refit",4,14.4535391576652,NA,NA,NA,0.407451314282447,97800.2679856905,NA,TRUE,29,22,100,1,1,0.22,0.360655737704918,NA,NA,NA,NA,0.000631429266038747,8.65510824187581,1.32181135589981,59.443810253745,403,-192816.710593951,-190960.827008998,1,1,1,"specific_effect_common6_specific4",15,1000,100,4,6,4,0.25,40,0.96,30,90,3
"Separate 2D path/grid BIC",4,NA,37.4951364127003,0,NA,0.422870462530719,97712.909939906,97223.3525081263,TRUE,8,22,98,1,0.974358974358974,0.224489795918367,0.366666666666667,0.95,0.55,0.161016949152542,0.27536231884058,0.000572300795419101,13.1353697689755,1.19086732766716,59.9118067108745,239,-193774.866368135,-192674.230693684,1,1,0.974358974358974,"specific_effect_common6_specific4",15,1000,100,4,6,4,0.25,40,0.96,30,90,3
"Separate 2D path/grid BIC + refit",4,NA,37.4951364127003,0,NA,0.414440544348551,97792.9662239169,NA,TRUE,58,22,98,1,0.974358974358974,0.224489795918367,0.366666666666667,NA,NA,NA,NA,0.00104362284383972,49.8552229457543,2.56742367284097,61.7628199646456,395,-192857.369112636,-191038.326889171,1,1,0.974358974358974,"specific_effect_common6_specific4",15,1000,100,4,6,4,0.25,40,0.96,30,90,3
"Eta centered path BIC",4,NA,NA,NA,2.67908703232373,0.302968467664697,97390.0373878637,96800.9497593186,TRUE,2,22,44,0.727272727272727,0.358974358974359,0.363636363636364,0.484848484848485,NA,NA,NA,NA,0.00130954531552467,325.87953376116,4.54284920580776,62.8595471001186,235,-193156.752285167,-192074.537291459,1,0.625,0.358974358974359,"specific_effect_common6_specific4",15,1000,100,4,6,4,0.25,40,0.96,30,90,3
"Eta centered path BIC + refit",4,NA,NA,NA,2.67908703232373,0.383552446553525,97640.753865712,NA,TRUE,34,22,44,0.727272727272727,0.358974358974359,0.363636363636364,0.484848484848485,NA,NA,NA,NA,0.00162071869091121,412.718499699436,6.12018728819233,65.1503931218669,179,-194045.019536486,-193220.694073194,1,0.625,0.358974358974359,"specific_effect_common6_specific4",15,1000,100,4,6,4,0.25,40,0.96,30,90,3
"Rossi path BIC",4,25.9025434480823,NA,NA,NA,0.412524721834514,97664.4756598432,97297.7774933941,TRUE,2,22,100,1,1,0.22,0.360655737704918,1,0.658333333333333,0.144404332129964,0.252365930599369,0.000216177373982432,4.90830037967469,0.488355058991202,59.2543788627261,280,-193394.779841571,-192105.332189495,1,1,1,"specific_effect_common6_specific4",16,1000,100,4,6,4,0.25,40,0.96,30,90,3
"Rossi path BIC + refit",4,25.9025434480823,NA,NA,NA,0.377004375827198,97703.6136619601,NA,TRUE,46,22,100,1,1,0.22,0.360655737704918,NA,NA,NA,NA,0.000546728556123352,7.15336708855341,1.10654278742359,58.8339112476409,403,-192623.40194649,-190767.518361537,1,1,1,"specific_effect_common6_specific4",16,1000,100,4,6,4,0.25,40,0.96,30,90,3
"Separate 2D path/grid BIC",4,NA,42.8783388741286,0,NA,0.423693399780235,97614.9264372077,97070.9969194015,TRUE,2,22,97,1,0.961538461538462,0.22680412371134,0.369747899159664,1,0.472222222222222,0.19047619047619,0.32,0.000103239211081942,4.06606533126246,0.262081403461958,58.9089315478967,213,-193758.500999992,-192777.599750377,1,1,0.961538461538462,"specific_effect_common6_specific4",16,1000,100,4,6,4,0.25,40,0.96,30,90,3
"Separate 2D path/grid BIC + refit",4,NA,42.8783388741286,0,NA,0.356139544039971,97699.5088432169,NA,TRUE,59,22,97,1,0.961538461538462,0.22680412371134,0.369747899159664,NA,NA,NA,NA,0.000540470382666987,7.73483485505142,1.0584837860932,58.5739327317132,391,-192698.085372352,-190897.46382963,1,1,0.961538461538462,"specific_effect_common6_specific4",16,1000,100,4,6,4,0.25,40,0.96,30,90,3
"Eta centered path BIC",4,NA,NA,NA,2.45683462739106,0.308173139401384,97339.4573678774,96925.443994521,TRUE,36,22,29,0.681818181818182,0.179487179487179,0.517241379310345,0.588235294117647,NA,NA,NA,NA,0.000781509007202472,163.355025367109,2.72664382956186,63.9777053920529,190,-193366.441232748,-192491.45889741,1,0.5625,0.179487179487179,"specific_effect_common6_specific4",16,1000,100,4,6,4,0.25,40,0.96,30,90,3
"Eta centered path BIC + refit",4,NA,NA,NA,2.45683462739106,0.371031507724007,97464.6186019732,NA,TRUE,36,22,29,0.681818181818182,0.179487179487179,0.517241379310345,0.588235294117647,NA,NA,NA,NA,0.000980664824399718,143.64904269934,3.38508237179852,64.2358319993591,119,-194107.214325748,-193559.199073615,1,0.5625,0.179487179487179,"specific_effect_common6_specific4",16,1000,100,4,6,4,0.25,40,0.96,30,90,3
"Rossi path BIC",4,33.0768719704762,NA,NA,NA,0.430923194559698,97882.7891481457,97430.5696159312,TRUE,2,22,96,1,0.948717948717949,0.229166666666667,0.372881355932203,1,0.591666666666667,0.158102766798419,0.273037542662116,0.000197757637524479,9.74551003714823,0.50829412469769,59.8968668303354,256,-193997.192944872,-192818.269377259,1,1,0.948717948717949,"specific_effect_common6_specific4",17,1000,100,4,6,4,0.25,40,0.96,30,90,3
"Rossi path BIC + refit",4,33.0768719704762,NA,NA,NA,0.370388371869637,97940.0931518987,NA,TRUE,62,22,96,1,0.948717948717949,0.229166666666667,0.372881355932203,NA,NA,NA,NA,0.000595740541829705,11.6970748294203,1.54388745466297,58.9324569009737,387,-193206.885010831,-191424.684148854,1,1,0.948717948717949,"specific_effect_common6_specific4",17,1000,100,4,6,4,0.25,40,0.96,30,90,3
"Separate 2D path/grid BIC",4,NA,32.9659683282853,0,NA,0.410975367288418,97884.015552144,97432.0629875661,TRUE,2,22,96,1,0.948717948717949,0.229166666666667,0.372881355932203,1,0.633333333333333,0.149253731343284,0.25974025974026,0.000215628196613943,11.8340024556518,0.566075380918593,60.2920754262691,271,-193896.029423684,-192648.028303281,1,1,0.948717948717949,"specific_effect_common6_specific4",17,1000,100,4,6,4,0.25,40,0.96,30,90,3
"Separate 2D path/grid BIC + refit",4,NA,32.9659683282853,0,NA,0.371548754436348,97940.086003892,NA,TRUE,57,22,96,1,0.948717948717949,0.229166666666667,0.372881355932203,NA,NA,NA,NA,0.000592861582793858,12.0518917751773,1.5452430181836,59.032625798398,387,-193206.870714818,-191424.669852841,1,1,0.948717948717949,"specific_effect_common6_specific4",17,1000,100,4,6,4,0.25,40,0.96,30,90,3
"Eta centered path BIC",4,NA,NA,NA,2.16959947281149,0.316086628017901,97602.3693046946,97289.6205135983,TRUE,7,22,28,0.636363636363636,0.179487179487179,0.5,0.56,NA,NA,NA,NA,0.000792882434178488,88.1092053861728,2.22282350340323,57.8021838164721,187,-193912.988372219,-193051.82154744,1,0.5,0.179487179487179,"specific_effect_common6_specific4",17,1000,100,4,6,4,0.25,40,0.96,30,90,3
"Eta centered path BIC + refit",4,NA,NA,NA,2.16959947281149,0.394896512738956,97689.9308653346,NA,TRUE,62,22,28,0.636363636363636,0.179487179487179,0.5,0.56,NA,NA,NA,NA,0.00121166326187399,61.5280585063407,2.82042610452801,57.3340951210002,115,-194585.469873586,-194055.875302198,1,0.5,0.179487179487179,"specific_effect_common6_specific4",17,1000,100,4,6,4,0.25,40,0.96,30,90,3
"Rossi path BIC",4,45.2997636702052,NA,NA,NA,0.391877681583955,97514.8803766909,96935.4725924845,TRUE,3,22,91,1,0.884615384615385,0.241758241758242,0.389380530973451,0.9,0.497222222222222,0.167441860465116,0.282352941176471,0.000554236942946755,149.283303456297,2.38280682731252,65.2524572636401,218,-193523.870102564,-192519.943002018,1,1,0.884615384615385,"specific_effect_common6_specific4",18,1000,100,4,6,4,0.25,40,0.96,30,90,3
"Rossi path BIC + refit",4,45.2997636702052,NA,NA,NA,0.314747078259229,97596.5369232497,NA,TRUE,22,22,91,1,0.884615384615385,0.241758241758242,0.389380530973451,NA,NA,NA,NA,0.000894154469751387,169.418638905503,4.10528121663502,68.0626151030727,367,-192657.927659113,-190967.830200855,1,1,0.884615384615385,"specific_effect_common6_specific4",18,1000,100,4,6,4,0.25,40,0.96,30,90,3
"Separate 2D path/grid BIC",4,NA,31.4484927820775,2.10883779515514,NA,0.359135359542131,97493.2356978561,96644.2695756477,TRUE,2,22,94,1,0.923076923076923,0.234042553191489,0.379310344827586,0.95,0.472222222222222,0.182692307692308,0.306451612903226,0.000588205803519117,63.4677727218861,0.943589061507501,50.9094273893986,211,-193528.935031847,-192557.244122603,1,1,0.923076923076923,"specific_effect_common6_specific4",18,1000,100,4,6,4,0.25,40,0.96,30,90,3
"Separate 2D path/grid BIC + refit",4,NA,31.4484927820775,2.10883779515514,NA,0.264265446165208,97594.4292515059,NA,TRUE,57,22,94,1,0.923076923076923,0.234042553191489,0.379310344827586,NA,NA,NA,NA,0.000918763372248007,31.8265724809427,1.78500579572549,59.4990087410841,379,-192570.819252278,-190825.459751788,1,1,0.923076923076923,"specific_effect_common6_specific4",18,1000,100,4,6,4,0.25,40,0.96,30,90,3
"Eta centered path BIC",4,NA,NA,NA,2.35086500879063,0.302612050635384,97236.9380348829,97015.0891612492,TRUE,99,22,12,0.5,0.0128205128205128,0.916666666666667,0.647058823529412,NA,NA,NA,NA,0.000541863421511249,454.926141116812,5.26889033101979,52.4807134789684,139,-193513.698085987,-192873.579430135,1,0.3125,0.0128205128205128,"specific_effect_common6_specific4",18,1000,100,4,6,4,0.25,40,0.96,30,90,3
"Eta centered path BIC + refit",4,NA,NA,NA,2.35086500879063,0.366835034521442,97277.7051449602,NA,TRUE,47,22,12,0.5,0.0128205128205128,0.916666666666667,0.647058823529412,NA,NA,NA,NA,0.000805504118442125,14.5048259709724,1.6697916416816,58.8100924417923,51,-194203.114770692,-193968.251091207,1,0.3125,0.0128205128205128,"specific_effect_common6_specific4",18,1000,100,4,6,4,0.25,40,0.96,30,90,3
"Rossi path BIC",4,40.3232822548729,NA,NA,NA,0.465064737186265,97749.2418803164,97222.796327249,TRUE,2,22,95,1,0.935897435897436,0.231578947368421,0.376068376068376,1,0.502777777777778,0.180995475113122,0.306513409961686,0.000190275341788553,1.0282735423764,0.375760353212254,58.2431251988728,224,-193951.146578141,-192919.58845648,1,1,0.935897435897436,"specific_effect_common6_specific4",19,1000,100,4,6,4,0.25,40,0.96,30,90,3
"Rossi path BIC + refit",4,40.3232822548729,NA,NA,NA,0.429651004005391,97814.8492814087,NA,TRUE,28,22,95,1,0.935897435897436,0.231578947368421,0.376068376068376,NA,NA,NA,NA,0.00049156410261744,1.65593229028065,0.939099978498313,57.6594604310238,383,-192984.028290967,-191220.248109734,1,1,0.935897435897436,"specific_effect_common6_specific4",19,1000,100,4,6,4,0.25,40,0.96,30,90,3
"Separate 2D path/grid BIC",4,NA,23.5534495564913,2.44737449904389,NA,0.392743537043309,97741.7019949243,96914.80349536,TRUE,26,22,98,1,0.974358974358974,0.224489795918367,0.366666666666667,0.975,0.586111111111111,0.156,0.268965517241379,0.000434570619510589,43.0445805548149,0.499176186925061,51.0110281944421,253,-193735.741904266,-192570.633847211,1,1,0.974358974358974,"specific_effect_common6_specific4",19,1000,100,4,6,4,0.25,40,0.96,30,90,3
"Separate 2D path/grid BIC + refit",4,NA,23.5534495564913,2.44737449904389,NA,0.429710986572226,97816.3991758701,NA,TRUE,92,22,98,1,0.974358974358974,0.224489795918367,0.366666666666667,NA,NA,NA,NA,0.00048939408732861,2.19551457675847,0.969800242341272,57.8762543635262,395,-192904.235016542,-191085.192793077,1,1,0.974358974358974,"specific_effect_common6_specific4",19,1000,100,4,6,4,0.25,40,0.96,30,90,3
"Eta centered path BIC",4,NA,NA,NA,1.21058214092542,0.434312755591122,97657.9074144212,97437.5946020071,TRUE,51,22,41,0.818181818181818,0.294871794871795,0.439024390243902,0.571428571428572,NA,NA,NA,NA,0.000443783476348405,63.5934097756564,1.29402740398143,60.832049435502,226,-193754.662135793,-192713.893673759,1,0.75,0.294871794871795,"specific_effect_common6_specific4",19,1000,100,4,6,4,0.25,40,0.96,30,90,3
"Eta centered path BIC + refit",4,NA,NA,NA,1.21058214092542,0.440255330168201,97692.5659878261,NA,TRUE,19,22,41,0.818181818181818,0.294871794871795,0.439024390243902,0.571428571428572,NA,NA,NA,NA,0.000674000978892354,43.4979449777414,1.77264639925582,60.9021784040089,167,-194231.536844062,-193462.473423002,1,0.75,0.294871794871795,"specific_effect_common6_specific4",19,1000,100,4,6,4,0.25,40,0.96,30,90,3
"Rossi path BIC",4,29.9007397586087,NA,NA,NA,0.362653713284991,97810.9947941804,97374.2907138083,TRUE,2,22,98,1,0.974358974358974,0.224489795918367,0.366666666666667,0.975,0.688888888888889,0.13588850174216,0.238532110091743,0.000481412591526565,72.0092173357341,1.53489766374817,64.1251530601507,290,-193618.740557456,-192283.241203519,1,1,0.974358974358974,"specific_effect_common6_specific4",20,1000,100,4,6,4,0.25,40,0.96,30,90,3
"Rossi path BIC + refit",4,29.9007397586087,NA,NA,NA,0.364637611455283,97851.9083677717,NA,TRUE,84,22,98,1,0.974358974358974,0.224489795918367,0.366666666666667,NA,NA,NA,NA,0.00099644425913084,79.0736952845102,2.96956225336886,63.4444924344547,395,-192975.253400345,-191156.21117688,1,1,0.974358974358974,"specific_effect_common6_specific4",20,1000,100,4,6,4,0.25,40,0.96,30,90,3
"Separate 2D path/grid BIC",4,NA,31.203360190044,1.21622194327521,NA,0.391207914617855,97741.0800075629,97078.6154220412,FALSE,100,22,96,1,0.948717948717949,0.229166666666667,0.372881355932203,0.975,0.555555555555556,0.163179916317992,0.279569892473118,0.000337259580703727,16.8547809575918,0.461113317154813,53.5235517617014,242,-193810.483237612,-192696.032052603,1,1,0.948717948717949,"specific_effect_common6_specific4",20,1000,100,4,6,4,0.25,40,0.96,30,90,3
"Separate 2D path/grid BIC + refit",4,NA,31.203360190044,1.21622194327521,NA,0.345101484745083,97826.009615314,NA,TRUE,47,22,96,1,0.948717948717949,0.229166666666667,0.372881355932203,NA,NA,NA,NA,0.00103359562067978,31.2357080487167,1.7284404901739,57.5707604300535,387,-192978.717937662,-191196.517075684,1,1,0.948717948717949,"specific_effect_common6_specific4",20,1000,100,4,6,4,0.25,40,0.96,30,90,3
"Eta centered path BIC",4,NA,NA,NA,1.6393162724177,0.353552064820221,97571.2227467698,97392.3134921176,FALSE,100,22,17,0.727272727272727,0.0128205128205128,0.941176470588235,0.82051282051282,NA,NA,NA,NA,0.000281606476382304,119.318214302187,1.74608322046062,56.1935753503878,154,-194078.651180576,-193369.454971934,1,0.625,0.0128205128205128,"specific_effect_common6_specific4",20,1000,100,4,6,4,0.25,40,0.96,30,90,3
"Eta centered path BIC + refit",4,NA,NA,NA,1.6393162724177,0.372859764223215,97588.5693115157,NA,TRUE,40,22,17,0.727272727272727,0.0128205128205128,0.941176470588235,0.82051282051282,NA,NA,NA,NA,0.00030748189545148,34.1021634455848,0.858607664600157,61.1973965785651,71,-194686.687998224,-194359.720915019,1,0.625,0.0128205128205128,"specific_effect_common6_specific4",20,1000,100,4,6,4,0.25,40,0.96,30,90,3
"Rossi path BIC",4,23.9150251140994,NA,NA,NA,0.389789098764487,97939.9261399279,97573.0983747822,TRUE,6,22,99,1,0.987179487179487,0.222222222222222,0.363636363636364,0.95,0.677777777777778,0.134751773049645,0.236024844720497,0.000837798507385083,46.2074498112768,1.52140497102901,58.6259276538542,285,-193911.142025346,-192598.668522339,1,1,0.987179487179487,"specific_effect_common6_specific4",21,1000,100,4,6,4,0.25,40,0.96,30,90,3
"Rossi path BIC + refit",4,23.9150251140994,NA,NA,NA,0.378209000616432,97982.6040025835,NA,TRUE,48,22,99,1,0.987179487179487,0.222222222222222,0.363636363636364,NA,NA,NA,NA,0.00159089551226827,104.408639134548,3.11107364606104,60.3265853852477,399,-193209.013648853,-191371.550744644,1,1,0.987179487179487,"specific_effect_common6_specific4",21,1000,100,4,6,4,0.25,40,0.96,30,90,3
"Separate 2D path/grid BIC",4,NA,50.8612410641014,0,NA,0.431699374053203,97868.6118479396,97237.5299764222,TRUE,2,22,92,1,0.897435897435897,0.239130434782609,0.385964912280702,0.975,0.419444444444444,0.205263157894737,0.339130434782609,0.000250641694402183,4.21878291549499,0.459148381426496,59.4771864062507,193,-194404.026927036,-193515.22908114,1,1,0.897435897435897,"specific_effect_common6_specific4",21,1000,100,4,6,4,0.25,40,0.96,30,90,3
"Separate 2D path/grid BIC + refit",4,NA,50.8612410641014,0,NA,0.379663642203952,97970.9125431611,NA,TRUE,69,22,92,1,0.897435897435897,0.239130434782609,0.385964912280702,NA,NA,NA,NA,0.000729483185299999,9.11053564706664,1.5439110509395,59.0706643743976,371,-193379.04787782,-191670.529738818,1,1,0.897435897435897,"specific_effect_common6_specific4",21,1000,100,4,6,4,0.25,40,0.96,30,90,3
"Eta centered path BIC",4,NA,NA,NA,2.05271535610323,0.31604720970621,97682.5248885557,97333.22371675,TRUE,59,22,29,0.772727272727273,0.153846153846154,0.586206896551724,0.666666666666667,NA,NA,NA,NA,0.000679475327604297,166.416664032296,2.57146589964313,65.338768032571,190,-194052.576274105,-193177.593938767,1,0.6875,0.153846153846154,"specific_effect_common6_specific4",21,1000,100,4,6,4,0.25,40,0.96,30,90,3
"Eta centered path BIC + refit",4,NA,NA,NA,2.05271535610323,0.427194540923668,97817.7698614415,NA,TRUE,35,22,29,0.772727272727273,0.153846153846154,0.586206896551724,0.666666666666667,NA,NA,NA,NA,0.000711831044579188,92.6425119649956,2.18688428088535,63.5782432364636,119,-194813.516844684,-194265.501592552,1,0.6875,0.153846153846154,"specific_effect_common6_specific4",21,1000,100,4,6,4,0.25,40,0.96,30,90,3
"Rossi path BIC",4,27.576890738007,NA,NA,NA,0.3983626032704,97840.6340540872,97456.7690349376,TRUE,2,22,99,1,0.987179487179487,0.222222222222222,0.363636363636364,1,0.661111111111111,0.143884892086331,0.251572327044025,0.000228433179964537,17.1895040160569,0.640658277020618,61.1300804262264,281,-193740.18887478,-192446.136052518,1,1,0.987179487179487,"specific_effect_common6_specific4",22,1000,100,4,6,4,0.25,40,0.96,30,90,3
"Rossi path BIC + refit",4,27.576890738007,NA,NA,NA,0.357612420312287,97880.2014843994,NA,TRUE,55,22,99,1,0.987179487179487,0.222222222222222,0.363636363636364,NA,NA,NA,NA,0.000501923252788563,6.62177288702286,1.20667729031595,59.6178381161323,399,-193004.208612485,-191166.745708276,1,1,0.987179487179487,"specific_effect_common6_specific4",22,1000,100,4,6,4,0.25,40,0.96,30,90,3
"Separate 2D path/grid BIC",4,NA,23.8379438353347,1.18365715185188,NA,0.35477161080191,97815.2548372745,97216.9404832935,TRUE,2,22,99,1,0.987179487179487,0.222222222222222,0.363636363636364,0.95,0.625,0.144486692015209,0.250825082508251,0.00104640970371655,35.5894665510406,1.66845787093144,53.1399134374587,266,-193793.04677034,-192568.071500867,1,1,0.987179487179487,"specific_effect_common6_specific4",22,1000,100,4,6,4,0.25,40,0.96,30,90,3
"Separate 2D path/grid BIC + refit",4,NA,23.8379438353347,1.18365715185188,NA,0.349435507944977,97878.9815500164,NA,TRUE,47,22,99,1,0.987179487179487,0.222222222222222,0.363636363636364,NA,NA,NA,NA,0.00201683213865357,29.4354702871713,4.1229394959385,59.7039148335823,399,-193001.768743719,-191164.30583951,1,1,0.987179487179487,"specific_effect_common6_specific4",22,1000,100,4,6,4,0.25,40,0.96,30,90,3
"Eta centered path BIC",4,NA,NA,NA,1.54512044834948,0.340052442936405,97616.8228006759,97398.9108652156,TRUE,7,22,23,0.772727272727273,0.0769230769230769,0.739130434782609,0.755555555555556,NA,NA,NA,NA,0.000391155285713692,174.002884153224,1.74080680035451,66.8665155289332,172,-194045.511693367,-193253.422421377,1,0.6875,0.0769230769230769,"specific_effect_common6_specific4",22,1000,100,4,6,4,0.25,40,0.96,30,90,3
"Eta centered path BIC + refit",4,NA,NA,NA,1.54512044834948,0.385368201393719,97680.9623775999,NA,TRUE,43,22,23,0.772727272727273,0.0769230769230769,0.739130434782609,0.755555555555556,NA,NA,NA,NA,0.000343488217858544,80.1290340112143,1.26421163753955,64.7104026900312,95,-194705.688003696,-194268.196836028,1,0.6875,0.0769230769230769,"specific_effect_common6_specific4",22,1000,100,4,6,4,0.25,40,0.96,30,90,3
"Rossi path BIC",4,21.2861322016091,NA,NA,NA,0.368905581279331,97884.5725643507,97569.8849527679,TRUE,2,22,100,1,1,0.22,0.360655737704918,0.975,0.75,0.12621359223301,0.223495702005731,0.000346795683052913,21.9147002090581,0.936999996452943,61.7475771292018,312,-193613.925481659,-192177.112383631,1,1,1,"specific_effect_common6_specific4",23,1000,100,4,6,4,0.25,40,0.96,30,90,3
"Rossi path BIC + refit",4,21.2861322016091,NA,NA,NA,0.33393903222703,97905.4799647915,NA,TRUE,41,22,100,1,1,0.22,0.360655737704918,NA,NA,NA,NA,0.000521219705720901,13.2913121672469,1.28385625607262,60.9617716423407,403,-193027.134552153,-191171.2509672,1,1,1,"specific_effect_common6_specific4",23,1000,100,4,6,4,0.25,40,0.96,30,90,3
"Separate 2D path/grid BIC",4,NA,29.3012582528849,1.74324434795611,NA,0.348688853500397,97820.1133027379,97052.9966224582,TRUE,2,22,98,1,0.974358974358974,0.224489795918367,0.366666666666667,0.975,0.55,0.164556962025316,0.28158844765343,0.000362457938400483,36.3166293028275,0.629471646444469,52.2707300092693,240,-193982.36533852,-192877.124493883,1,1,0.974358974358974,"specific_effect_common6_specific4",23,1000,100,4,6,4,0.25,40,0.96,30,90,3
"Separate 2D path/grid BIC + refit",4,NA,29.3012582528849,1.74324434795611,NA,0.351122606118134,97904.6838725259,NA,TRUE,90,22,98,1,0.974358974358974,0.224489795918367,0.366666666666667,NA,NA,NA,NA,0.000953693968913674,14.1779795728343,1.9898046418275,60.3290277093073,395,-193080.804409854,-191261.762186389,1,1,0.974358974358974,"specific_effect_common6_specific4",23,1000,100,4,6,4,0.25,40,0.96,30,90,3
"Eta centered path BIC",4,NA,NA,NA,1.38170098907695,0.311378690946591,97664.6199597618,97447.5383854374,TRUE,93,22,32,0.863636363636364,0.166666666666667,0.59375,0.703703703703704,NA,NA,NA,NA,0.000414006709217921,451.945328542998,4.31521062657177,67.649580807925,199,-193954.596619006,-193038.167751994,1,0.8125,0.166666666666667,"specific_effect_common6_specific4",23,1000,100,4,6,4,0.25,40,0.96,30,90,3
"Eta centered path BIC + refit",4,NA,NA,NA,1.38170098907695,0.375399633773488,97748.5703056773,NA,TRUE,47,22,32,0.863636363636364,0.166666666666667,0.59375,0.703703703703704,NA,NA,NA,NA,0.000492279639377224,175.157344955631,2.57879190502056,65.3185611478196,131,-194592.224669808,-193988.947375443,1,0.8125,0.166666666666667,"specific_effect_common6_specific4",23,1000,100,4,6,4,0.25,40,0.96,30,90,3
"Rossi path BIC",4,36.9024896820863,NA,NA,NA,0.432197955111722,97933.871015349,97441.9991266386,TRUE,2,22,99,1,0.987179487179487,0.222222222222222,0.363636363636364,1,0.547222222222222,0.168776371308017,0.288808664259928,0.000237492462827546,54.6313967839394,0.852456294506129,62.5521574356541,240,-194209.880763742,-193104.639919105,1,1,0.987179487179487,"specific_effect_common6_specific4",24,1000,100,4,6,4,0.25,40,0.96,30,90,3
"Rossi path BIC + refit",4,36.9024896820863,NA,NA,NA,0.421803360119223,98004.0864349102,NA,TRUE,48,22,99,1,0.987179487179487,0.222222222222222,0.363636363636364,NA,NA,NA,NA,0.000847004413312538,45.412829560236,2.20729315572966,61.7242722480924,399,-193251.978513507,-191414.515609297,1,1,0.987179487179487,"specific_effect_common6_specific4",24,1000,100,4,6,4,0.25,40,0.96,30,90,3
"Separate 2D path/grid BIC",4,NA,51.3880430281238,0,NA,0.442220355378007,97884.8351348507,97259.3625502224,TRUE,2,22,91,1,0.884615384615385,0.241758241758242,0.389380530973451,1,0.397222222222222,0.218579234972678,0.358744394618834,0.000166772432770689,36.784436679108,0.528232205779413,61.9999074654105,186,-194484.827787811,-193628.266133217,1,1,0.884615384615385,"specific_effect_common6_specific4",24,1000,100,4,6,4,0.25,40,0.96,30,90,3
"Separate 2D path/grid BIC + refit",4,NA,51.3880430281238,0,NA,0.428597490309743,97987.0898228966,NA,TRUE,87,22,91,1,0.884615384615385,0.241758241758242,0.389380530973451,NA,NA,NA,NA,0.000860348556535991,64.9771789453651,2.42803872309325,62.4394720355542,367,-193439.033458407,-191748.936000149,1,1,0.884615384615385,"specific_effect_common6_specific4",24,1000,100,4,6,4,0.25,40,0.96,30,90,3
"Eta centered path BIC",4,NA,NA,NA,1.21097831791161,0.425592424531329,97826.5326268668,97609.8363172065,FALSE,100,22,41,0.954545454545455,0.256410256410256,0.51219512195122,0.666666666666667,NA,NA,NA,NA,0.000263578058855355,96.4554736702991,1.04735556958107,63.2508596389006,226,-194091.912560684,-193051.14409865,1,0.9375,0.256410256410256,"specific_effect_common6_specific4",24,1000,100,4,6,4,0.25,40,0.96,30,90,3
"Eta centered path BIC + refit",4,NA,NA,NA,1.21097831791161,0.445419869027523,97880.7975807046,NA,TRUE,28,22,41,0.954545454545455,0.256410256410256,0.51219512195122,0.666666666666667,NA,NA,NA,NA,0.000323985038453986,65.6622070943867,1.15417235207112,62.5131310097608,167,-194608.000029819,-193838.936608759,1,0.9375,0.256410256410256,"specific_effect_common6_specific4",24,1000,100,4,6,4,0.25,40,0.96,30,90,3
"Rossi path BIC",4,39.7408036763569,NA,NA,NA,0.399054123908612,97889.9020823171,97367.6051173125,TRUE,2,22,98,1,0.974358974358974,0.224489795918367,0.366666666666667,1,0.547222222222222,0.168776371308017,0.288808664259928,0.000166595156057538,3.45650575607924,0.430357152956887,58.5009748444432,240,-194121.942897679,-193016.702053041,1,1,0.974358974358974,"specific_effect_common6_specific4",25,1000,100,4,6,4,0.25,40,0.96,30,90,3
"Rossi path BIC + refit",4,39.7408036763569,NA,NA,NA,0.37358809956041,97960.3735284136,NA,TRUE,71,22,98,1,0.974358974358974,0.224489795918367,0.366666666666667,NA,NA,NA,NA,0.000464987803529158,12.2535284584314,1.13956869211748,59.1259315898825,395,-193192.183721629,-191373.141498164,1,1,0.974358974358974,"specific_effect_common6_specific4",25,1000,100,4,6,4,0.25,40,0.96,30,90,3
"Separate 2D path/grid BIC",4,NA,49.7047591314344,0,NA,0.415599620421565,97863.262260924,97240.1541371132,TRUE,2,22,92,1,0.897435897435897,0.239130434782609,0.385964912280702,1,0.436111111111111,0.203045685279188,0.337552742616034,0.000134358358649128,1.9172220153597,0.345285730852465,57.8038220317835,200,-194344.973466052,-193423.939428854,1,1,0.897435897435897,"specific_effect_common6_specific4",25,1000,100,4,6,4,0.25,40,0.96,30,90,3
"Separate 2D path/grid BIC + refit",4,NA,49.7047591314344,0,NA,0.376846963823745,97949.8591813149,NA,TRUE,22,22,92,1,0.897435897435897,0.239130434782609,0.385964912280702,NA,NA,NA,NA,0.000441233269925439,4.2563217383857,0.909720744743817,58.6371922769632,371,-193336.941154128,-191628.423015126,1,1,0.897435897435897,"specific_effect_common6_specific4",25,1000,100,4,6,4,0.25,40,0.96,30,90,3
"Eta centered path BIC",4,NA,NA,NA,1.50366208591404,0.344999638946408,97706.628264232,97482.3516257462,TRUE,3,22,32,0.863636363636364,0.166666666666667,0.59375,0.703703703703704,NA,NA,NA,NA,0.000379182085267006,292.764712720493,2.70068185249418,67.5760806110261,199,-194038.613227947,-193122.184360935,1,0.8125,0.166666666666667,"specific_effect_common6_specific4",25,1000,100,4,6,4,0.25,40,0.96,30,90,3
"Eta centered path BIC + refit",4,NA,NA,NA,1.50366208591404,0.393535929783335,97787.4495492274,NA,TRUE,33,22,32,0.863636363636364,0.166666666666667,0.59375,0.703703703703704,NA,NA,NA,NA,0.000445616960512056,326.772258784429,3.66208272474335,66.708038032219,131,-194669.983156908,-194066.705862544,1,0.8125,0.166666666666667,"specific_effect_common6_specific4",25,1000,100,4,6,4,0.25,40,0.96,30,90,3
"Rossi path BIC",4,16.8877928758686,NA,NA,NA,0.406507870400581,97849.4583482098,97600.1932440249,TRUE,2,22,100,1,1,0.22,0.360655737704918,1,0.777777777777778,0.125,0.222222222222222,0.000266782676585808,6.80765987839177,0.639491095177414,60.0608239429878,323,-193467.711741308,-191980.241771234,1,1,1,"specific_effect_common6_specific4",26,1000,100,4,6,4,0.25,40,0.96,30,90,3
"Rossi path BIC + refit",4,16.8877928758686,NA,NA,NA,0.331549710610188,97873.633570627,NA,TRUE,78,22,100,1,1,0.22,0.360655737704918,NA,NA,NA,NA,0.000689980019091804,6.30670946309154,1.7346534417557,59.0001092119405,403,-192963.441763824,-191107.558178871,1,1,1,"specific_effect_common6_specific4",26,1000,100,4,6,4,0.25,40,0.96,30,90,3
"Separate 2D path/grid BIC",4,NA,30.7519669505294,0,NA,0.418500950606799,97818.140632148,97405.378500925,TRUE,2,22,97,1,0.961538461538462,0.22680412371134,0.369747899159664,1,0.572222222222222,0.16260162601626,0.27972027972028,0.000155525578991418,8.54635379560995,0.409718372683165,60.3931070664857,249,-193916.25019983,-192769.562823518,1,1,0.961538461538462,"specific_effect_common6_specific4",26,1000,100,4,6,4,0.25,40,0.96,30,90,3
"Separate 2D path/grid BIC + refit",4,NA,30.7519669505294,0,NA,0.350237282700025,97870.0859171338,NA,TRUE,77,22,97,1,0.961538461538462,0.22680412371134,0.369747899159664,NA,NA,NA,NA,0.000623143259233115,3.26617466000839,1.46444055283568,58.6427174665972,391,-193039.239520185,-191238.617977464,1,1,0.961538461538462,"specific_effect_common6_specific4",26,1000,100,4,6,4,0.25,40,0.96,30,90,3
"Eta centered path BIC",4,NA,NA,NA,1.19858738077673,0.354799142067494,97711.0016745007,97494.9243929905,TRUE,72,22,40,0.954545454545455,0.243589743589744,0.525,0.67741935483871,NA,NA,NA,NA,0.000292337587284169,177.074880643862,1.59725111775511,66.7208156671518,223,-193881.573921788,-192854.620970313,1,0.9375,0.243589743589744,"specific_effect_common6_specific4",26,1000,100,4,6,4,0.25,40,0.96,30,90,3
"Eta centered path BIC + refit",4,NA,NA,NA,1.19858738077673,0.363159104160334,97768.2365081086,NA,TRUE,15,22,40,0.954545454545455,0.243589743589744,0.525,0.67741935483871,NA,NA,NA,NA,0.000389049558980805,159.22305105701,2.19073999602577,66.0202142528014,163,-194410.508905743,-193659.866165427,1,0.9375,0.243589743589744,"specific_effect_common6_specific4",26,1000,100,4,6,4,0.25,40,0.96,30,90,3
"Rossi path BIC",4,34.7415682220225,NA,NA,NA,0.414690382939415,98052.3592791145,97577.9993456264,TRUE,2,22,98,1,0.974358974358974,0.224489795918367,0.366666666666667,0.925,0.544444444444444,0.158798283261803,0.271062271062271,0.000867251508488299,625.952950809409,6.75603491019004,67.8386844177375,236,-194474.488312389,-193387.668148496,1,1,0.974358974358974,"specific_effect_common6_specific4",27,1000,100,4,6,4,0.25,40,0.96,30,90,3
"Rossi path BIC + refit",4,34.7415682220225,NA,NA,NA,0.398369007696166,98114.193286175,NA,TRUE,25,22,98,1,0.974358974358974,0.224489795918367,0.366666666666667,NA,NA,NA,NA,0.00142406066528681,983.222261058911,11.0638779788984,70.2818775975099,395,-193499.823237152,-191680.781013687,1,1,0.974358974358974,"specific_effect_common6_specific4",27,1000,100,4,6,4,0.25,40,0.96,30,90,3
"Separate 2D path/grid BIC",4,NA,42.4249502540464,0,NA,0.433282121397786,98050.2723041612,97489.6468910116,TRUE,2,22,98,1,0.974358974358974,0.224489795918367,0.366666666666667,1,0.505555555555556,0.18018018018018,0.305343511450382,0.000236759924000735,37.9610578967828,0.72504545408786,62.1848172016911,225,-194546.299670551,-193510.136378704,1,1,0.974358974358974,"specific_effect_common6_specific4",27,1000,100,4,6,4,0.25,40,0.96,30,90,3
"Separate 2D path/grid BIC + refit",4,NA,42.4249502540464,0,NA,0.417501752305204,98121.184653277,NA,TRUE,39,22,98,1,0.974358974358974,0.224489795918367,0.366666666666667,NA,NA,NA,NA,0.000623070894403053,40.2909435750765,1.69067328955549,60.9159676894666,395,-193513.805971356,-191694.763747891,1,1,0.974358974358974,"specific_effect_common6_specific4",27,1000,100,4,6,4,0.25,40,0.96,30,90,3
"Eta centered path BIC",4,NA,NA,NA,1.45321084599022,0.422686414675327,97917.105531851,97682.2209081912,TRUE,38,22,30,0.818181818181818,0.153846153846154,0.6,0.692307692307692,NA,NA,NA,NA,0.000373356259540044,22.7753502553886,0.825778675040616,59.9953577516826,193,-194501.014294859,-193612.216448963,1,0.75,0.153846153846154,"specific_effect_common6_specific4",27,1000,100,4,6,4,0.25,40,0.96,30,90,3
"Eta centered path BIC + refit",4,NA,NA,NA,1.45321084599022,0.419889881712614,97963.0041051127,NA,TRUE,35,22,30,0.818181818181818,0.153846153846154,0.6,0.692307692307692,NA,NA,NA,NA,0.000573022860549325,12.1111608881688,1.10480284712508,58.9225578940344,123,-195076.354310911,-194509.918378034,1,0.75,0.153846153846154,"specific_effect_common6_specific4",27,1000,100,4,6,4,0.25,40,0.96,30,90,3
"Rossi path BIC",4,30.2015029961481,NA,NA,NA,0.409406611300956,97974.7526731385,97565.9914997364,TRUE,2,22,98,1,0.974358974358974,0.224489795918367,0.366666666666667,0.9,0.580555555555556,0.146938775510204,0.252631578947368,0.00138278694928592,135.268679305205,2.92474298371164,61.2179329197769,248,-194236.382037089,-193094.299830964,1,1,0.974358974358974,"specific_effect_common6_specific4",28,1000,100,4,6,4,0.25,40,0.96,30,90,3
"Rossi path BIC + refit",4,30.2015029961481,NA,NA,NA,0.398541556118885,98047.9021061236,NA,TRUE,27,22,98,1,0.974358974358974,0.224489795918367,0.366666666666667,NA,NA,NA,NA,0.00178891307415586,190.287217121422,4.13070489460221,62.1238400600487,395,-193367.240877049,-191548.198653584,1,1,0.974358974358974,"specific_effect_common6_specific4",28,1000,100,4,6,4,0.25,40,0.96,30,90,3
"Separate 2D path/grid BIC",4,NA,65.2369508578845,0,NA,0.388087217028466,97898.3717236176,97147.8722938545,TRUE,2,22,90,1,0.871794871794872,0.244444444444444,0.392857142857143,0.925,0.305555555555556,0.251700680272109,0.39572192513369,0.000206968069648554,9.27632850970575,0.342679698053888,56.9234639214065,150,-194760.580155388,-194069.80462749,1,1,0.871794871794872,"specific_effect_common6_specific4",28,1000,100,4,6,4,0.25,40,0.96,30,90,3
"Separate 2D path/grid BIC + refit",4,NA,65.2369508578845,0,NA,0.380898114139146,98042.3298645621,NA,FALSE,100,22,90,1,0.871794871794872,0.244444444444444,0.392857142857143,NA,NA,NA,NA,0.000811498511209861,12.7246511318889,1.63344122476422,60.5474251904363,363,-193577.144562854,-191905.46778534,1,1,0.871794871794872,"specific_effect_common6_specific4",28,1000,100,4,6,4,0.25,40,0.96,30,90,3
"Eta centered path BIC",4,NA,NA,NA,1.89644553516871,0.395725443933189,97827.8573001152,97437.7469688063,TRUE,37,22,40,0.772727272727273,0.294871794871795,0.425,0.548387096774194,NA,NA,NA,NA,0.000683970857775195,142.05350169522,2.15082504756193,64.5365750302659,223,-194115.285173017,-193088.332221542,1,0.6875,0.294871794871795,"specific_effect_common6_specific4",28,1000,100,4,6,4,0.25,40,0.96,30,90,3
"Eta centered path BIC + refit",4,NA,NA,NA,1.89644553516871,0.420657239060705,97908.8083878491,NA,TRUE,17,22,40,0.772727272727273,0.294871794871795,0.425,0.548387096774194,NA,NA,NA,NA,0.000970530996714815,177.330879705731,3.44946014210222,65.5887267910226,163,-194691.652665224,-193941.009924908,1,0.6875,0.294871794871795,"specific_effect_common6_specific4",28,1000,100,4,6,4,0.25,40,0.96,30,90,3
"Rossi path BIC",4,30.8511498836382,NA,NA,NA,0.382992812738717,97899.0288876485,97483.4166864077,TRUE,2,22,97,1,0.961538461538462,0.22680412371134,0.369747899159664,0.975,0.583333333333333,0.156626506024096,0.269896193771626,0.000702481023313263,49.0252826628003,1.85208785298581,62.0363917330521,252,-194057.303444994,-192896.800558125,1,1,0.961538461538462,"specific_effect_common6_specific4",29,1000,100,4,6,4,0.25,40,0.96,30,90,3
"Rossi path BIC + refit",4,30.8511498836382,NA,NA,NA,0.378554080103083,97965.0211912989,NA,TRUE,43,22,97,1,0.961538461538462,0.22680412371134,0.369747899159664,NA,NA,NA,NA,0.00144248187096605,95.186698595973,4.00713997760749,62.7271881138917,391,-193229.110068516,-191428.488525794,1,1,0.961538461538462,"specific_effect_common6_specific4",29,1000,100,4,6,4,0.25,40,0.96,30,90,3
"Separate 2D path/grid BIC",4,NA,25.5762322791431,1.08531923752931,NA,0.375644876878964,97910.8582086643,97304.7182833054,TRUE,4,22,100,1,1,0.22,0.360655737704918,0.95,0.655555555555556,0.138686131386861,0.24203821656051,0.00058192977831164,18.3516745226793,1.16292425129229,55.8602422252567,277,-193908.268205051,-192632.636063532,1,1,1,"specific_effect_common6_specific4",29,1000,100,4,6,4,0.25,40,0.96,30,90,3
"Separate 2D path/grid BIC + refit",4,NA,25.5762322791431,1.08531923752931,NA,0.36987837746313,97971.4425777492,NA,FALSE,100,22,100,1,1,0.22,0.360655737704918,NA,NA,NA,NA,0.00176989721357383,19.2986887371927,3.51951416228981,59.5840451777517,403,-193159.059778069,-191303.176193115,1,1,1,"specific_effect_common6_specific4",29,1000,100,4,6,4,0.25,40,0.96,30,90,3
"Eta centered path BIC",4,NA,NA,NA,1.62687058060442,0.419145119145351,97717.759533038,97512.2184768403,TRUE,77,22,18,0.727272727272727,0.0256410256410256,0.888888888888889,0.8,NA,NA,NA,NA,0.000291802864334765,64.463241710276,1.05675256676973,55.7461685405294,157,-194351.001487276,-193627.989768076,1,0.625,0.0256410256410256,"specific_effect_common6_specific4",29,1000,100,4,6,4,0.25,40,0.96,30,90,3
"Eta centered path BIC + refit",4,NA,NA,NA,1.62687058060442,0.37868969192357,97736.3619982677,NA,TRUE,99,22,18,0.727272727272727,0.0256410256410256,0.888888888888889,0.8,NA,NA,NA,NA,0.000422313263843697,35.9791870450018,0.883861870246386,56.6051979390815,75,-194954.642350612,-194609.254586663,1,0.625,0.0256410256410256,"specific_effect_common6_specific4",29,1000,100,4,6,4,0.25,40,0.96,30,90,3
"Rossi path BIC",4,47.8462281449797,NA,NA,NA,0.343658462637626,97308.6622109838,96692.9914183959,TRUE,4,22,90,1,0.871794871794872,0.244444444444444,0.392857142857143,0.975,0.441666666666667,0.196969696969697,0.327731092436975,0.000243677308557931,83.0151284902222,1.03020441755547,64.9926877458079,201,-193228.865610892,-192303.226403509,1,1,0.871794871794872,"specific_effect_common6_specific4",30,1000,100,4,6,4,0.25,40,0.96,30,90,3
"Rossi path BIC + refit",4,47.8462281449797,NA,NA,NA,0.330879506476551,97389.3861730299,NA,TRUE,25,22,90,1,0.871794871794872,0.244444444444444,0.392857142857143,NA,NA,NA,NA,0.000560948075616129,136.557547495372,2.61252518403468,66.95863786662,363,-192271.257179789,-190599.580402276,1,1,0.871794871794872,"specific_effect_common6_specific4",30,1000,100,4,6,4,0.25,40,0.96,30,90,3
"Separate 2D path/grid BIC",4,NA,19.3632198028137,2.37703022714243,NA,0.263279568704267,97303.0700494006,96576.4108742857,TRUE,2,22,99,1,0.987179487179487,0.222222222222222,0.363636363636364,0.95,0.647222222222222,0.140221402214022,0.244372990353698,0.00104126645817307,356.777376101401,3.60112292818268,46.291028175346,274,-192713.41515236,-191451.598521399,1,1,0.987179487179487,"specific_effect_common6_specific4",30,1000,100,4,6,4,0.25,40,0.96,30,90,3
"Separate 2D path/grid BIC + refit",4,NA,19.3632198028137,2.37703022714243,NA,0.249977843204353,97379.3028810661,NA,TRUE,54,22,99,1,0.987179487179487,0.222222222222222,0.363636363636364,NA,NA,NA,NA,0.00148918819907901,223.38811911683,4.00521353992842,51.7800181554047,399,-192002.411405818,-190164.948501609,1,1,0.987179487179487,"specific_effect_common6_specific4",30,1000,100,4,6,4,0.25,40,0.96,30,90,3
"Eta centered path BIC",4,NA,NA,NA,1.24468328219913,0.356017067324813,97226.213567769,96999.1594836556,TRUE,62,22,43,0.954545454545455,0.282051282051282,0.488372093023256,0.646153846153846,NA,NA,NA,NA,0.000337958910707667,87.8604542939081,1.15394766940618,62.8909961425144,232,-192849.827910814,-191781.428427665,1,0.9375,0.282051282051282,"specific_effect_common6_specific4",30,1000,100,4,6,4,0.25,40,0.96,30,90,3
"Eta centered path BIC + refit",4,NA,NA,NA,1.24468328219913,0.367360886559327,97295.0027405006,NA,TRUE,29,22,43,0.954545454545455,0.282051282051282,0.488372093023256,0.646153846153846,NA,NA,NA,NA,0.00034330834282642,42.1268513336354,1.11087468435896,62.3702478360324,175,-193381.148307179,-192575.243524631,1,0.9375,0.282051282051282,"specific_effect_common6_specific4",30,1000,100,4,6,4,0.25,40,0.96,30,90,3
"Rossi path BIC",4,22.2296925241759,NA,NA,NA,0.391278517959689,97678.9977212459,97348.3057758204,TRUE,2,22,100,1,1,0.22,0.360655737704918,0.975,0.683333333333333,0.136842105263158,0.24,0.000637144727667146,17.9429726026188,1.35913451228007,60.5426616365492,288,-193368.561922145,-192042.27290858,1,1,1,"specific_effect_common6_specific4",31,1000,100,4,6,4,0.25,40,0.96,30,90,3
"Rossi path BIC + refit",4,22.2296925241759,NA,NA,NA,0.381564014235578,97717.4684431856,NA,TRUE,50,22,100,1,1,0.22,0.360655737704918,NA,NA,NA,NA,0.00133346977846372,82.4053143618695,3.42275620885809,62.7865729751986,403,-192651.111508941,-190795.227923988,1,1,1,"specific_effect_common6_specific4",31,1000,100,4,6,4,0.25,40,0.96,30,90,3
"Separate 2D path/grid BIC",4,NA,57.847909894305,0,NA,0.452089440301453,97593.0859819297,96888.3340897076,TRUE,2,22,87,1,0.833333333333333,0.252873563218391,0.403669724770642,1,0.330555555555556,0.251572327044025,0.402010050251256,8.11194648857129e-05,10.9665708190078,0.256172352128082,59.9583173024148,162,-194067.115608664,-193321.078038534,1,1,0.833333333333333,"specific_effect_common6_specific4",31,1000,100,4,6,4,0.25,40,0.96,30,90,3
"Separate 2D path/grid BIC + refit",4,NA,57.847909894305,0,NA,0.405002726991065,97712.9693903952,NA,TRUE,82,22,87,1,0.833333333333333,0.252873563218391,0.403669724770642,NA,NA,NA,NA,0.000958361053102249,46.3199193782452,2.35750737449013,61.7334225887704,351,-193001.316677868,-191384.901942586,1,1,0.833333333333333,"specific_effect_common6_specific4",31,1000,100,4,6,4,0.25,40,0.96,30,90,3
"Eta centered path BIC",4,NA,NA,NA,1.81617307314515,0.407301225533003,97506.14888906,97029.3929159446,TRUE,2,22,55,0.863636363636364,0.461538461538462,0.345454545454545,0.493506493506494,NA,NA,NA,NA,0.00105633874193036,110.395265816971,2.79269974265447,63.0415076940384,268,-193161.019363353,-191926.833753508,1,0.8125,0.461538461538462,"specific_effect_common6_specific4",31,1000,100,4,6,4,0.25,40,0.96,30,90,3
"Eta centered path BIC + refit",4,NA,NA,NA,1.81617307314515,0.394150166101751,97628.6663954328,NA,TRUE,21,22,55,0.863636363636364,0.461538461538462,0.345454545454545,0.493506493506494,NA,NA,NA,NA,0.00132618418355459,149.443059799814,4.18547211548827,64.6747291211126,223,-193716.903363653,-192689.950412177,1,0.8125,0.461538461538462,"specific_effect_common6_specific4",31,1000,100,4,6,4,0.25,40,0.96,30,90,3
"Rossi path BIC",4,13.6058423542217,NA,NA,NA,0.399215380043884,97666.7440536143,97453.5940594079,TRUE,2,22,100,1,1,0.22,0.360655737704918,1,0.830555555555556,0.117994100294985,0.211081794195251,0.000470992600445564,56.6130721233996,1.47974357313163,62.6776456673748,342,-192971.035801817,-191396.067598209,1,1,1,"specific_effect_common6_specific4",32,1000,100,4,6,4,0.25,40,0.96,30,90,3
"Rossi path BIC + refit",4,13.6058423542217,NA,NA,NA,0.392134212743116,97674.8906275747,NA,TRUE,22,22,100,1,1,0.22,0.360655737704918,NA,NA,NA,NA,0.000631064035122403,61.89610989835,1.94075405349213,62.7517929756551,403,-192565.95587772,-190710.072292766,1,1,1,"specific_effect_common6_specific4",32,1000,100,4,6,4,0.25,40,0.96,30,90,3
"Separate 2D path/grid BIC",4,NA,56.893294471587,0.921049392074951,NA,0.431760188276217,97559.9349812211,96665.6565962441,TRUE,2,22,90,1,0.871794871794872,0.244444444444444,0.392857142857143,1,0.325,0.254777070063694,0.406091370558376,0.000114159098136003,3.44432453025876,0.248480307835005,57.2720095453743,160,-194014.629117805,-193277.801888047,1,1,0.871794871794872,"specific_effect_common6_specific4",32,1000,100,4,6,4,0.25,40,0.96,30,90,3
"Separate 2D path/grid BIC + refit",4,NA,56.893294471587,0.921049392074951,NA,0.389201403830646,97662.8230614195,NA,FALSE,100,22,90,1,0.871794871794872,0.244444444444444,0.392857142857143,NA,NA,NA,NA,0.000463359365377516,37.6113282238354,1.34660930873116,61.5823093653329,363,-192818.130956568,-191146.454179055,1,1,0.871794871794872,"specific_effect_common6_specific4",32,1000,100,4,6,4,0.25,40,0.96,30,90,3
"Eta centered path BIC",4,NA,NA,NA,1.6351703503561,0.36658971454443,97417.6422781548,97201.4156904028,FALSE,100,22,20,0.727272727272727,0.0512820512820513,0.8,0.761904761904762,NA,NA,NA,NA,0.000360019012578421,125.69926888268,1.4704289232567,63.6114227111738,163,-193709.320445835,-192958.677705519,1,0.625,0.0512820512820513,"specific_effect_common6_specific4",32,1000,100,4,6,4,0.25,40,0.96,30,90,3
"Eta centered path BIC + refit",4,NA,NA,NA,1.6351703503561,0.408974942222298,97442.2661625764,NA,TRUE,47,22,20,0.727272727272727,0.0512820512820513,0.8,0.761904761904762,NA,NA,NA,NA,0.000334449736232612,51.781279243641,1.0524393135631,61.7690096902005,83,-194311.188636997,-193928.95951156,1,0.625,0.0512820512820513,"specific_effect_common6_specific4",32,1000,100,4,6,4,0.25,40,0.96,30,90,3
"Rossi path BIC",4,32.9002141030114,NA,NA,NA,0.431500831631361,97935.9274802584,97489.1610716656,TRUE,2,22,100,1,1,0.22,0.360655737704918,1,0.625,0.150943396226415,0.262295081967213,0.000210334813111088,14.2288572114444,0.558440782402905,60.4971518317165,268,-194020.576545749,-192786.390935905,1,1,1,"specific_effect_common6_specific4",33,1000,100,4,6,4,0.25,40,0.96,30,90,3
"Rossi path BIC + refit",4,32.9002141030114,NA,NA,NA,0.376584094946079,97986.1544263775,NA,TRUE,48,22,100,1,1,0.22,0.360655737704918,NA,NA,NA,NA,0.000457716072072466,14.4723233187568,1.15296675912156,60.3545075277442,403,-193188.483475325,-191332.599890372,1,1,1,"specific_effect_common6_specific4",33,1000,100,4,6,4,0.25,40,0.96,30,90,3
"Separate 2D path/grid BIC",4,NA,43.7162862724451,0,NA,0.436674393919837,97907.1208876756,97346.6123959804,TRUE,2,22,98,1,0.974358974358974,0.224489795918367,0.366666666666667,1,0.536111111111111,0.171673819742489,0.293040293040293,0.000169988145391217,12.3063771791655,0.437973697932864,60.2488259835037,236,-194184.011529511,-193097.191365618,1,1,0.974358974358974,"specific_effect_common6_specific4",33,1000,100,4,6,4,0.25,40,0.96,30,90,3
"Separate 2D path/grid BIC + refit",4,NA,43.7162862724451,0,NA,0.386957376254192,97984.6463565143,NA,TRUE,26,22,98,1,0.974358974358974,0.224489795918367,0.366666666666667,NA,NA,NA,NA,0.000433311973152211,15.7459742706713,1.12895698293746,60.5863348593091,395,-193240.729377831,-191421.687154365,1,1,0.974358974358974,"specific_effect_common6_specific4",33,1000,100,4,6,4,0.25,40,0.96,30,90,3
"Eta centered path BIC",4,NA,NA,NA,1.39340545121378,0.401238856094976,97773.0816668086,97565.1264206722,TRUE,21,22,28,0.863636363636364,0.115384615384615,0.678571428571429,0.76,NA,NA,NA,NA,0.00028703400176272,44.6879675239393,0.869182371250397,60.1503445541679,187,-194254.413096448,-193393.246271668,1,0.8125,0.115384615384615,"specific_effect_common6_specific4",33,1000,100,4,6,4,0.25,40,0.96,30,90,3
"Eta centered path BIC + refit",4,NA,NA,NA,1.39340545121378,0.419220381192416,97831.7644480563,NA,TRUE,43,22,28,0.863636363636364,0.115384615384615,0.678571428571429,0.76,NA,NA,NA,NA,0.000307073485543756,7.25475774787583,0.633221447301154,59.6278314044524,115,-194869.13703903,-194339.542467641,1,0.8125,0.115384615384615,"specific_effect_common6_specific4",33,1000,100,4,6,4,0.25,40,0.96,30,90,3
"Rossi path BIC",4,30.9989753222059,NA,NA,NA,0.408757766481852,97998.9698383222,97569.9622183012,TRUE,2,22,98,1,0.974358974358974,0.224489795918367,0.366666666666667,0.975,0.602777777777778,0.15234375,0.263513513513513,0.000367080637182017,128.419284783076,1.82206120054352,64.9395549037862,259,-194208.831059388,-193016.091981217,1,1,0.974358974358974,"specific_effect_common6_specific4",34,1000,100,4,6,4,0.25,40,0.96,30,90,3
"Rossi path BIC + refit",4,30.9989753222059,NA,NA,NA,0.392138440776156,98041.7466728911,NA,TRUE,79,22,98,1,0.974358974358974,0.224489795918367,0.366666666666667,NA,NA,NA,NA,0.000587866765672519,217.443962286919,3.3421053233799,65.6163207663741,395,-193354.930010584,-191535.887787119,1,1,0.974358974358974,"specific_effect_common6_specific4",34,1000,100,4,6,4,0.25,40,0.96,30,90,3
"Separate 2D path/grid BIC",4,NA,43.9086550148671,0,NA,0.465662804873631,97943.856187432,97397.0165501861,TRUE,4,22,91,1,0.884615384615385,0.241758241758242,0.389380530973451,0.975,0.427777777777778,0.202072538860104,0.334763948497854,0.000142699598150574,4.3478441968947,0.320999427053293,58.3411396054876,196,-194533.792340183,-193631.17898373,1,1,0.884615384615385,"specific_effect_common6_specific4",34,1000,100,4,6,4,0.25,40,0.96,30,90,3
"Separate 2D path/grid BIC + refit",4,NA,43.9086550148671,0,NA,0.409660329516995,98028.2981155271,NA,TRUE,68,22,91,1,0.884615384615385,0.241758241758242,0.389380530973451,NA,NA,NA,NA,0.00056049010899932,15.0991935684955,1.31420044518892,59.4415664655203,367,-193521.450043668,-191831.35258541,1,1,0.884615384615385,"specific_effect_common6_specific4",34,1000,100,4,6,4,0.25,40,0.96,30,90,3
"Eta centered path BIC",4,NA,NA,NA,1.3794237576989,0.421246568542268,97901.6106590658,97545.1944148602,TRUE,33,22,64,0.954545454545455,0.551282051282051,0.328125,0.488372093023256,NA,NA,NA,NA,0.00126206683268301,112.729099371368,2.15995218647305,56.5659951504514,295,-193765.433510832,-192406.908305965,1,0.9375,0.551282051282051,"specific_effect_common6_specific4",34,1000,100,4,6,4,0.25,40,0.96,30,90,3
"Eta centered path BIC + refit",4,NA,NA,NA,1.3794237576989,0.448641641280324,97983.8064591614,NA,TRUE,23,22,64,0.954545454545455,0.551282051282051,0.328125,0.488372093023256,NA,NA,NA,NA,0.00174421550391261,149.922444213427,3.50488350043269,59.3966770048733,259,-194178.504301066,-192985.765222896,1,0.9375,0.551282051282051,"specific_effect_common6_specific4",34,1000,100,4,6,4,0.25,40,0.96,30,90,3
"Rossi path BIC",4,22.3819099464223,NA,NA,NA,0.372391907210473,97999.0572639839,97654.4336875351,TRUE,2,22,100,1,1,0.22,0.360655737704918,0.975,0.713888888888889,0.131756756756757,0.232142857142857,0.00114908434120287,83.7528157467157,2.2120174311206,60.7862229995454,299,-193932.695699552,-192555.749813942,1,1,1,"specific_effect_common6_specific4",35,1000,100,4,6,4,0.25,40,0.96,30,90,3
"Rossi path BIC + refit",4,22.3819099464223,NA,NA,NA,0.355043193529384,98025.6885179601,NA,TRUE,18,22,100,1,1,0.22,0.360655737704918,NA,NA,NA,NA,0.00154127400416184,96.0116783607874,2.86095704620065,60.9679891198319,403,-193267.55165849,-191411.668073537,1,1,1,"specific_effect_common6_specific4",35,1000,100,4,6,4,0.25,40,0.96,30,90,3
"Separate 2D path/grid BIC",4,NA,37.5639145504093,1.24986549527042,NA,0.42589220877052,97944.8416254127,97181.3041485094,TRUE,2,22,94,1,0.923076923076923,0.234042553191489,0.379310344827586,1,0.475,0.18957345971564,0.318725099601594,0.000154626014567553,1.68194683292492,0.305357521928081,56.317493386868,214,-194411.423621123,-193425.917201322,1,1,0.923076923076923,"specific_effect_common6_specific4",35,1000,100,4,6,4,0.25,40,0.96,30,90,3
"Separate 2D path/grid BIC + refit",4,NA,37.5639145504093,1.24986549527042,NA,0.365306075096983,98017.9180239116,NA,TRUE,27,22,94,1,0.923076923076923,0.234042553191489,0.379310344827586,NA,NA,NA,NA,0.000494716019087187,3.61754220976327,0.882273369993882,58.8381022734283,379,-193417.796797089,-191672.437296599,1,1,0.923076923076923,"specific_effect_common6_specific4",35,1000,100,4,6,4,0.25,40,0.96,30,90,3
"Eta centered path BIC",4,NA,NA,NA,2.01065855665996,0.317465226191131,97688.3311154443,97454.085994246,TRUE,20,22,14,0.590909090909091,0.0128205128205128,0.928571428571429,0.722222222222222,NA,NA,NA,NA,0.000525203475491509,390.064047298321,4.04569940442387,66.0105124163493,145,-194375.037715436,-193707.288038468,1,0.4375,0.0128205128205128,"specific_effect_common6_specific4",35,1000,100,4,6,4,0.25,40,0.96,30,90,3
"Eta centered path BIC + refit",4,NA,NA,NA,2.01065855665996,0.383914263499227,97755.4179765647,NA,TRUE,39,22,14,0.590909090909091,0.0128205128205128,0.928571428571429,0.722222222222222,NA,NA,NA,NA,0.000418041104118624,92.8300857883271,1.45384341728381,64.2089406043963,59,-195103.278391669,-194831.573350696,1,0.4375,0.0128205128205128,"specific_effect_common6_specific4",35,1000,100,4,6,4,0.25,40,0.96,30,90,3
"Rossi path BIC",4,30.4100443373813,NA,NA,NA,0.40310206923253,97742.5948591625,97320.9541197473,TRUE,2,22,97,1,0.961538461538462,0.22680412371134,0.369747899159664,1,0.652777777777778,0.145454545454545,0.253968253968254,0.000246156532211207,21.436109642377,0.658278310523948,61.643288222046,278,-193564.833750768,-192284.596439063,1,1,0.961538461538462,"specific_effect_common6_specific4",36,1000,100,4,6,4,0.25,40,0.96,30,90,3
"Rossi path BIC + refit",4,30.4100443373813,NA,NA,NA,0.367616258458333,97781.090680492,NA,TRUE,33,22,97,1,0.961538461538462,0.22680412371134,0.369747899159664,NA,NA,NA,NA,0.000519788343541667,22.6307134204959,1.3233153916218,61.6198160624256,391,-192861.249046902,-191060.627504181,1,1,0.961538461538462,"specific_effect_common6_specific4",36,1000,100,4,6,4,0.25,40,0.96,30,90,3
"Separate 2D path/grid BIC",4,NA,25.2869478209138,2.79294677831111,NA,0.361709411923062,97664.6691795035,96771.4746427983,FALSE,100,22,99,1,0.987179487179487,0.222222222222222,0.363636363636364,0.975,0.588888888888889,0.155378486055777,0.268041237113402,0.000426137950763784,60.9995957454641,0.510349482274462,49.8408035612935,254,-193574.768518146,-192405.055290905,1,1,0.987179487179487,"specific_effect_common6_specific4",36,1000,100,4,6,4,0.25,40,0.96,30,90,3
"Separate 2D path/grid BIC + refit",4,NA,25.2869478209138,2.79294677831111,NA,0.332440991292222,97777.530279753,NA,TRUE,66,22,99,1,0.987179487179487,0.222222222222222,0.363636363636364,NA,NA,NA,NA,0.000553163343557472,8.33552641082228,1.12490637205063,59.4394783634036,399,-192798.866203192,-190961.403298983,1,1,0.987179487179487,"specific_effect_common6_specific4",36,1000,100,4,6,4,0.25,40,0.96,30,90,3
"Eta centered path BIC",4,NA,NA,NA,1.17498499173626,0.399762671379136,97609.2305983175,97414.3028746385,TRUE,12,22,37,0.909090909090909,0.217948717948718,0.540540540540541,0.677966101694915,NA,NA,NA,NA,0.000243777970326188,32.9166448356234,0.584992374687441,61.0866488673269,214,-193740.201566933,-192754.695147131,1,0.875,0.217948717948718,"specific_effect_common6_specific4",36,1000,100,4,6,4,0.25,40,0.96,30,90,3
"Eta centered path BIC + refit",4,NA,NA,NA,1.17498499173626,0.424353770003243,97660.8752711766,NA,TRUE,51,22,37,0.909090909090909,0.217948717948718,0.540540540540541,0.677966101694915,NA,NA,NA,NA,0.000272054019384649,9.94158622772104,0.626628642306763,59.9446550527029,151,-194278.679495227,-193583.298797143,1,0.875,0.217948717948718,"specific_effect_common6_specific4",36,1000,100,4,6,4,0.25,40,0.96,30,90,3
"Rossi path BIC",4,36.1903307732753,NA,NA,NA,0.380717427149492,98223.770131613,97737.3293959609,TRUE,2,22,99,1,0.987179487179487,0.222222222222222,0.363636363636364,1,0.591666666666667,0.158102766798419,0.273037542662116,0.000208959168009735,21.1517031705733,0.546738500247797,61.8012053443,256,-194679.154911807,-193500.231344194,1,1,0.987179487179487,"specific_effect_common6_specific4",37,1000,100,4,6,4,0.25,40,0.96,30,90,3
"Rossi path BIC + refit",4,36.1903307732753,NA,NA,NA,0.3262943704696,98278.6720325517,NA,TRUE,42,22,99,1,0.987179487179487,0.222222222222222,0.363636363636364,NA,NA,NA,NA,0.000485560970232666,21.3673828933569,1.21439288926013,61.8265692686655,399,-193801.149708789,-191963.68680458,1,1,0.987179487179487,"specific_effect_common6_specific4",37,1000,100,4,6,4,0.25,40,0.96,30,90,3
"Separate 2D path/grid BIC",4,NA,38.2746265899242,0,NA,0.38081919086112,98218.5981953254,97709.5116172463,TRUE,2,22,98,1,0.974358974358974,0.224489795918367,0.366666666666667,1,0.566666666666667,0.163934426229508,0.28169014084507,0.00020003188804401,20.5167645439715,0.522613958857919,61.7264104856598,247,-194730.980836742,-193593.503800803,1,1,0.974358974358974,"specific_effect_common6_specific4",37,1000,100,4,6,4,0.25,40,0.96,30,90,3
"Separate 2D path/grid BIC + refit",4,NA,38.2746265899242,0,NA,0.331481999542556,98278.1514191574,NA,TRUE,42,22,98,1,0.974358974358974,0.224489795918367,0.366666666666667,NA,NA,NA,NA,0.000484652675662923,21.2569291794941,1.21241579537861,61.829954502074,395,-193827.739503117,-192008.697279652,1,1,0.974358974358974,"specific_effect_common6_specific4",37,1000,100,4,6,4,0.25,40,0.96,30,90,3
"Eta centered path BIC",4,NA,NA,NA,1.34257878405108,0.341873009081984,98032.1028539274,97846.7361323668,TRUE,34,22,30,0.772727272727273,0.166666666666667,0.566666666666667,0.653846153846154,NA,NA,NA,NA,0.000369894478636052,157.195879666837,1.59055065486205,65.5944476174439,193,-194731.008939011,-193842.211093116,1,0.6875,0.166666666666667,"specific_effect_common6_specific4",37,1000,100,4,6,4,0.25,40,0.96,30,90,3
"Eta centered path BIC + refit",4,NA,NA,NA,1.34257878405108,0.375294057787816,98095.158335652,NA,TRUE,19,22,30,0.772727272727273,0.166666666666667,0.566666666666667,0.653846153846154,NA,NA,NA,NA,0.000438297571160495,117.858448502042,1.74472861292622,65.1877873335002,123,-195340.662771989,-194774.226839113,1,0.6875,0.166666666666667,"specific_effect_common6_specific4",37,1000,100,4,6,4,0.25,40,0.96,30,90,3
"Rossi path BIC",4,15.4681592794288,NA,NA,NA,0.39184886707027,98114.6457428589,97878.05270244,TRUE,2,22,100,1,1,0.22,0.360655737704918,1,0.825,0.118694362017804,0.212201591511936,0.000381915118584711,23.1655772102349,0.936370744122219,62.1491777803817,340,-193880.654690864,-192314.896827628,1,1,1,"specific_effect_common6_specific4",38,1000,100,4,6,4,0.25,40,0.96,30,90,3
"Rossi path BIC + refit",4,15.4681592794288,NA,NA,NA,0.392732515544579,98129.0244448801,NA,TRUE,78,22,100,1,1,0.22,0.360655737704918,NA,NA,NA,NA,0.000708951020299804,32.5099745624498,1.70506732138843,62.6576338838933,403,-193474.22351233,-191618.339927377,1,1,1,"specific_effect_common6_specific4",38,1000,100,4,6,4,0.25,40,0.96,30,90,3
"Separate 2D path/grid BIC",4,NA,77.0001082883307,0,NA,0.475257795602426,97979.1933309754,97087.9166278938,TRUE,2,22,79,1,0.730769230769231,0.278481012658228,0.435643564356436,1,0.25,0.307692307692308,0.470588235294118,9.75981433045439e-05,10.4121223188261,0.213067984689509,60.2454463047244,133,-195039.655209846,-194427.16757511,1,1,0.730769230769231,"specific_effect_common6_specific4",38,1000,100,4,6,4,0.25,40,0.96,30,90,3
"Separate 2D path/grid BIC + refit",4,NA,77.0001082883307,0,NA,0.409090923188417,98096.2197319382,NA,TRUE,41,22,79,1,0.730769230769231,0.278481012658228,0.435643564356436,NA,NA,NA,NA,0.000422692334511067,13.4083834205453,0.95556965290756,60.7731132044721,319,-193988.865529881,-192519.816240551,1,1,0.730769230769231,"specific_effect_common6_specific4",38,1000,100,4,6,4,0.25,40,0.96,30,90,3
"Eta centered path BIC",4,NA,NA,NA,1.53935838657509,0.414684219992633,97942.4009250961,97632.5232022868,TRUE,12,22,41,0.909090909090909,0.269230769230769,0.48780487804878,0.634920634920635,NA,NA,NA,NA,0.000516329788643396,65.9372019892456,1.21908396667746,63.0742238932017,226,-194323.649157142,-193282.880695109,1,0.875,0.269230769230769,"specific_effect_common6_specific4",38,1000,100,4,6,4,0.25,40,0.96,30,90,3
"Eta centered path BIC + refit",4,NA,NA,NA,1.53935838657509,0.439417801732651,97997.8075169487,NA,TRUE,18,22,41,0.909090909090909,0.269230769230769,0.48780487804878,0.634920634920635,NA,NA,NA,NA,0.000708888072285541,63.993123109679,1.81860630697907,63.5968508816691,167,-194842.019902307,-194072.956481247,1,0.875,0.269230769230769,"specific_effect_common6_specific4",38,1000,100,4,6,4,0.25,40,0.96,30,90,3
"Rossi path BIC",4,20.8839499082082,NA,NA,NA,0.392048025524495,97979.9427623324,97669.4628879577,TRUE,2,22,100,1,1,0.22,0.360655737704918,1,0.730555555555556,0.132013201320132,0.233236151603499,0.000347159069295042,9.23256349579035,0.738741137559647,60.2909099080224,306,-193846.112409296,-192436.930332384,1,1,1,"specific_effect_common6_specific4",39,1000,100,4,6,4,0.25,40,0.96,30,90,3
"Rossi path BIC + refit",4,20.8839499082082,NA,NA,NA,0.366746490334147,98001.7507276055,NA,TRUE,29,22,100,1,1,0.22,0.360655737704918,NA,NA,NA,NA,0.000561940590452567,9.35183293768327,1.14021423131405,60.1287640056925,403,-193219.676077781,-191363.792492828,1,1,1,"specific_effect_common6_specific4",39,1000,100,4,6,4,0.25,40,0.96,30,90,3
"Separate 2D path/grid BIC",4,NA,31.5539227318744,3.09636869018397,NA,0.394043758072232,97890.4024090903,96826.6349943216,TRUE,3,22,98,1,0.974358974358974,0.224489795918367,0.366666666666667,1,0.527777777777778,0.173913043478261,0.296296296296296,0.000274523195855859,43.5978551435998,0.40508593397441,51.4776918374545,233,-194171.297838178,-193098.293184842,1,1,0.974358974358974,"specific_effect_common6_specific4",39,1000,100,4,6,4,0.25,40,0.96,30,90,3
"Separate 2D path/grid BIC + refit",4,NA,31.5539227318744,3.09636869018397,NA,0.369785536288385,97999.8039867344,NA,TRUE,41,22,98,1,0.974358974358974,0.224489795918367,0.366666666666667,NA,NA,NA,NA,0.000564742708621713,8.23291432570233,1.11834183893547,59.8496707588899,395,-193271.044638271,-191452.002414805,1,1,0.974358974358974,"specific_effect_common6_specific4",39,1000,100,4,6,4,0.25,40,0.96,30,90,3
"Eta centered path BIC",4,NA,NA,NA,1.379940784142,0.437478447822997,97796.2855004072,97583.9036357719,TRUE,46,22,25,0.954545454545455,0.0512820512820513,0.84,0.893617021276596,NA,NA,NA,NA,0.000243860822890831,21.5806237982609,0.514934827610717,59.4901352069396,178,-194362.990561156,-193543.27026805,1,0.9375,0.0512820512820513,"specific_effect_common6_specific4",39,1000,100,4,6,4,0.25,40,0.96,30,90,3
"Eta centered path BIC + refit",4,NA,NA,NA,1.379940784142,0.435844453624347,97835.4036714012,NA,TRUE,54,22,25,0.954545454545455,0.0512820512820513,0.84,0.893617021276596,NA,NA,NA,NA,0.000244139289371132,2.34818170773749,0.457300347852047,58.1385843006236,103,-194959.308549067,-194484.976019911,1,0.9375,0.0512820512820513,"specific_effect_common6_specific4",39,1000,100,4,6,4,0.25,40,0.96,30,90,3
"Rossi path BIC",4,34.9638215548217,NA,NA,NA,0.382245208057982,98001.4280803671,97519.8613271423,TRUE,17,22,99,1,0.987179487179487,0.222222222222222,0.363636363636364,1,0.616666666666667,0.152671755725191,0.264900662251656,0.000248650422149774,29.5475433117374,0.775185860252206,61.9095859485152,265,-194172.301011804,-192951.930912517,1,1,0.987179487179487,"specific_effect_common6_specific4",40,1000,100,4,6,4,0.25,40,0.96,30,90,3
"Rossi path BIC + refit",4,34.9638215548217,NA,NA,NA,0.396324932953874,98049.4311049765,NA,TRUE,60,22,99,1,0.987179487179487,0.222222222222222,0.363636363636364,NA,NA,NA,NA,0.000504838313171949,57.5755600440335,1.72322158828005,63.9213400554107,399,-193342.667853639,-191505.20494943,1,1,0.987179487179487,"specific_effect_common6_specific4",40,1000,100,4,6,4,0.25,40,0.96,30,90,3
"Separate 2D path/grid BIC",4,NA,77.9143018855098,0,NA,0.41261199166896,97889.8990425641,96995.9912704186,TRUE,12,22,73,0.909090909090909,0.67948717948718,0.273972602739726,0.421052631578947,0.95,0.230555555555556,0.31404958677686,0.472049689440994,0.000219648762571798,7.19697119338123,0.365598060619002,57.3978960720957,124,-194923.236430534,-194352.195327472,1,0.875,0.67948717948718,"specific_effect_common6_specific4",40,1000,100,4,6,4,0.25,40,0.96,30,90,3
"Separate 2D path/grid BIC + refit",4,NA,77.9143018855098,0,NA,0.364188508709115,98003.0711400935,NA,TRUE,31,22,73,0.909090909090909,0.67948717948718,0.273972602739726,0.421052631578947,NA,NA,NA,NA,0.000537102966737002,5.85959158864051,0.983180925806641,58.4985062231822,295,-193968.354472887,-192609.829268021,1,0.875,0.67948717948718,"specific_effect_common6_specific4",40,1000,100,4,6,4,0.25,40,0.96,30,90,3
"Eta centered path BIC",4,NA,NA,NA,1.52680014092447,0.351972875416398,97763.9395923892,97564.1941451161,TRUE,57,22,19,0.727272727272727,0.0384615384615385,0.842105263157895,0.780487804878049,NA,NA,NA,NA,0.000340009706984705,356.629099268312,3.61418155819548,64.1986752278938,160,-194422.638340141,-193685.811110383,1,0.625,0.0384615384615385,"specific_effect_common6_specific4",40,1000,100,4,6,4,0.25,40,0.96,30,90,3
"Eta centered path BIC + refit",4,NA,NA,NA,1.52680014092447,0.41741003848877,97811.0467198735,NA,TRUE,44,22,19,0.727272727272727,0.0384615384615385,0.842105263157895,0.780487804878049,NA,NA,NA,NA,0.000394699050978169,134.665850110014,1.87744957054709,63.6476236886443,79,-195076.380772707,-194712.572328014,1,0.625,0.0384615384615385,"specific_effect_common6_specific4",40,1000,100,4,6,4,0.25,40,0.96,30,90,3
"Rossi path BIC",4,25.5442515525847,NA,NA,NA,0.428738033069964,98464.6163261735,98077.7979013513,TRUE,2,22,100,1,1,0.22,0.360655737704918,1,0.719444444444444,0.133779264214047,0.23598820058997,0.000564577641089852,20.4942253128014,1.06478332043689,57.838610195177,302,-194843.090558094,-193452.329161926,1,1,1,"specific_effect_common6_specific4",41,1000,100,4,6,4,0.25,40,0.96,30,90,3
"Rossi path BIC + refit",4,25.5442515525847,NA,NA,NA,0.406236178877474,98497.0469958383,NA,TRUE,25,22,100,1,1,0.22,0.360655737704918,NA,NA,NA,NA,0.000888001583783254,21.6249801178669,1.51226750090955,57.1885455936415,403,-194210.268614247,-192354.385029294,1,1,1,"specific_effect_common6_specific4",41,1000,100,4,6,4,0.25,40,0.96,30,90,3
"Separate 2D path/grid BIC",4,NA,42.7711660922677,0.892076577796125,NA,0.434156405415598,98400.4464033864,97632.8695305422,TRUE,2,22,97,1,0.961538461538462,0.22680412371134,0.369747899159664,0.95,0.513888888888889,0.170403587443946,0.288973384030418,0.000588054926986137,22.5415480346763,1.07680351323115,55.7873044955818,226,-195239.740113723,-194198.971651689,1,1,0.961538461538462,"specific_effect_common6_specific4",41,1000,100,4,6,4,0.25,40,0.96,30,90,3
"Separate 2D path/grid BIC + refit",4,NA,42.7711660922677,0.892076577796125,NA,0.406543788054348,98497.8430162594,NA,TRUE,26,22,97,1,0.961538461538462,0.22680412371134,0.369747899159664,NA,NA,NA,NA,0.00145757951197328,9.27187525008179,2.47112796989113,57.9877703523367,391,-194294.753718437,-192494.132175715,1,1,0.961538461538462,"specific_effect_common6_specific4",41,1000,100,4,6,4,0.25,40,0.96,30,90,3
"Eta centered path BIC",4,NA,NA,NA,1.01580638697972,0.452785233210482,98310.873923551,98150.6543949317,TRUE,11,22,39,0.954545454545455,0.230769230769231,0.538461538461538,0.688524590163934,NA,NA,NA,NA,0.000235036305932541,8.95947601686274,0.399580449312752,57.3035116368017,220,-195102.041685726,-194088.904244808,1,0.9375,0.230769230769231,"specific_effect_common6_specific4",41,1000,100,4,6,4,0.25,40,0.96,30,90,3
"Eta centered path BIC + refit",4,NA,NA,NA,1.01580638697972,0.451414321722897,98344.3863972249,NA,FALSE,100,22,39,0.954545454545455,0.230769230769231,0.538461538461538,0.688524590163934,NA,NA,NA,NA,0.00039277351309045,5.89899223477115,0.775716048779959,59.1989699658137,159,-195590.439705092,-194858.21764552,1,0.9375,0.230769230769231,"specific_effect_common6_specific4",41,1000,100,4,6,4,0.25,40,0.96,30,90,3
"Rossi path BIC",4,18.2994833489866,NA,NA,NA,0.323662290233088,97710.7826992508,97430.5706872654,TRUE,2,22,100,1,1,0.22,0.360655737704918,0.975,0.772222222222222,0.123028391167192,0.218487394957983,0.000585750060749028,24.6040654006133,1.43064234827349,61.7995332351687,320,-193211.083709227,-191737.429249711,1,1,1,"specific_effect_common6_specific4",42,1000,100,4,6,4,0.25,40,0.96,30,90,3
"Rossi path BIC + refit",4,18.2994833489866,NA,NA,NA,0.32408007904095,97730.3498686182,NA,TRUE,28,22,100,1,1,0.22,0.360655737704918,NA,NA,NA,NA,0.000920095823014033,22.2039070023221,2.14508637845978,61.2339101840633,403,-192676.874359807,-190820.990774853,1,1,1,"specific_effect_common6_specific4",42,1000,100,4,6,4,0.25,40,0.96,30,90,3
"Separate 2D path/grid BIC",4,NA,50.45935889663,0,NA,0.372108576204436,97639.2507742403,97008.8794306346,TRUE,2,22,88,1,0.846153846153846,0.25,0.4,1,0.413888888888889,0.211640211640212,0.349344978165939,0.000175325870809509,21.2994225275459,0.487161600192549,61.665771265334,192,-193952.212534916,-193068.019859206,1,1,0.846153846153846,"specific_effect_common6_specific4",42,1000,100,4,6,4,0.25,40,0.96,30,90,3
"Separate 2D path/grid BIC + refit",4,NA,50.45935889663,0,NA,0.336089640162318,97715.957051918,NA,TRUE,27,22,88,1,0.846153846153846,0.25,0.4,NA,NA,NA,NA,0.000428904204530955,34.6491644308429,1.30185215335248,62.6627679782118,355,-192979.660979797,-191344.825563772,1,1,0.846153846153846,"specific_effect_common6_specific4",42,1000,100,4,6,4,0.25,40,0.96,30,90,3
"Eta centered path BIC",4,NA,NA,NA,1.81988443626226,0.306956202660675,97458.9784991769,97180.4640294398,TRUE,8,22,35,0.681818181818182,0.256410256410256,0.428571428571429,0.526315789473684,NA,NA,NA,NA,0.000773075486811206,71.2924134493031,2.07467260095124,58.2256225198969,208,-193481.143900326,-192523.26850164,1,0.5625,0.256410256410256,"specific_effect_common6_specific4",42,1000,100,4,6,4,0.25,40,0.96,30,90,3
"Eta centered path BIC + refit",4,NA,NA,NA,1.81988443626226,0.356479674198378,97524.0823267629,NA,TRUE,40,22,35,0.681818181818182,0.256410256410256,0.428571428571429,0.526315789473684,NA,NA,NA,NA,0.00119943873057542,48.2964236621524,2.74899798062144,59.6307827593637,143,-194060.355648631,-193401.816312035,1,0.5625,0.256410256410256,"specific_effect_common6_specific4",42,1000,100,4,6,4,0.25,40,0.96,30,90,3
"Rossi path BIC",4,32.553338114276,NA,NA,NA,0.369788835324911,97808.5115474693,97368.6449310088,TRUE,2,22,98,1,0.974358974358974,0.224489795918367,0.366666666666667,0.975,0.583333333333333,0.156626506024096,0.269896193771626,0.000296799668506845,3.92501294979039,0.579280215411312,59.2810451416473,252,-193876.268764635,-192715.765877766,1,1,0.974358974358974,"specific_effect_common6_specific4",43,1000,100,4,6,4,0.25,40,0.96,30,90,3
"Rossi path BIC + refit",4,32.553338114276,NA,NA,NA,0.349794551324487,97855.7122666776,NA,TRUE,51,22,98,1,0.974358974358974,0.224489795918367,0.366666666666667,NA,NA,NA,NA,0.000665230951982983,3.94088332239751,1.09957929280718,58.3014240013617,395,-192982.861198157,-191163.818974692,1,1,0.974358974358974,"specific_effect_common6_specific4",43,1000,100,4,6,4,0.25,40,0.96,30,90,3
"Separate 2D path/grid BIC",4,NA,42.3245765912339,0,NA,0.377346826384368,97770.2297495275,97241.9892973751,FALSE,100,22,96,1,0.948717948717949,0.229166666666667,0.372881355932203,0.95,0.452777777777778,0.189054726368159,0.315352697095436,0.000272733273157632,2.1800081556136,0.477505526615219,57.8825560171403,204,-194131.277422143,-193191.822704201,1,1,0.948717948717949,"specific_effect_common6_specific4",43,1000,100,4,6,4,0.25,40,0.96,30,90,3
"Separate 2D path/grid BIC + refit",4,NA,42.3245765912339,0,NA,0.350356306903933,97864.3283756327,NA,TRUE,81,22,96,1,0.948717948717949,0.229166666666667,0.372881355932203,NA,NA,NA,NA,0.00146521461244904,12.6799303418972,1.71203359524243,57.5644264035308,387,-193055.355458299,-191273.154596322,1,1,0.948717948717949,"specific_effect_common6_specific4",43,1000,100,4,6,4,0.25,40,0.96,30,90,3
"Eta centered path BIC",4,NA,NA,NA,2.01845720666554,0.322567245023034,97582.6402267102,97213.8781915514,TRUE,2,22,40,0.818181818181818,0.282051282051282,0.45,0.580645161290323,NA,NA,NA,NA,0.000952095648863996,133.491441410234,2.78967119772025,62.9909279333685,223,-193624.851026207,-192597.898074732,1,0.75,0.282051282051282,"specific_effect_common6_specific4",43,1000,100,4,6,4,0.25,40,0.96,30,90,3
"Eta centered path BIC + refit",4,NA,NA,NA,2.01845720666554,0.407191177080841,97729.4955519511,NA,TRUE,30,22,40,0.818181818181818,0.282051282051282,0.45,0.580645161290323,NA,NA,NA,NA,0.00122177022006587,131.628111385791,3.77467523241815,63.8945132776934,163,-194333.026993428,-193582.384253112,1,0.75,0.282051282051282,"specific_effect_common6_specific4",43,1000,100,4,6,4,0.25,40,0.96,30,90,3
"Rossi path BIC",4,34.7449637998531,NA,NA,NA,0.429091109090649,97479.0632028684,96995.8107525519,TRUE,2,22,100,1,1,0.22,0.360655737704918,0.975,0.644444444444444,0.143911439114391,0.2508038585209,0.000349807258140587,36.463862388577,1.07007911056289,61.4563428436736,274,-193065.401459296,-191803.584828335,1,1,1,"specific_effect_common6_specific4",44,1000,100,4,6,4,0.25,40,0.96,30,90,3
"Rossi path BIC + refit",4,34.7449637998531,NA,NA,NA,0.380308107050164,97535.1234837425,NA,FALSE,100,22,100,1,1,0.22,0.360655737704918,NA,NA,NA,NA,0.000681225229571121,33.9153800405092,2.0537093687166,60.63321585642,403,-192286.421590055,-190430.538005102,1,1,1,"specific_effect_common6_specific4",44,1000,100,4,6,4,0.25,40,0.96,30,90,3
"Separate 2D path/grid BIC",4,NA,83.9670749527828,0,NA,0.428447872105426,97357.6926602758,96403.5843682067,TRUE,2,22,69,1,0.602564102564103,0.318840579710145,0.483516483516483,1,0.169444444444444,0.396039603960396,0.567375886524823,0.00012517491564932,2.04112863994938,0.250322029438454,57.9798215584054,104,-193996.978771538,-193518.041072195,1,1,0.602564102564103,"specific_effect_common6_specific4",44,1000,100,4,6,4,0.25,40,0.96,30,90,3
"Separate 2D path/grid BIC + refit",4,NA,83.9670749527828,0,NA,0.41251600306816,97487.0754084346,NA,TRUE,33,22,69,1,0.602564102564103,0.318840579710145,0.483516483516483,NA,NA,NA,NA,0.000365674457277134,9.33424392760059,0.931864494260657,59.236485693572,279,-193046.887094033,-191762.044612143,1,1,0.602564102564103,"specific_effect_common6_specific4",44,1000,100,4,6,4,0.25,40,0.96,30,90,3
"Eta centered path BIC",4,NA,NA,NA,1.23076769088602,0.39060691369126,97364.4123639466,97135.9378922182,TRUE,28,22,49,0.954545454545455,0.358974358974359,0.428571428571429,0.591549295774648,NA,NA,NA,NA,0.000363570583130672,51.8157383152986,1.04440938667478,59.9338374787708,250,-193001.885908148,-191850.593361651,1,0.9375,0.358974358974359,"specific_effect_common6_specific4",44,1000,100,4,6,4,0.25,40,0.96,30,90,3
"Eta centered path BIC + refit",4,NA,NA,NA,1.23076769088602,0.400854021671581,97441.1771304024,NA,TRUE,23,22,49,0.954545454545455,0.358974358974359,0.428571428571429,0.591549295774648,NA,NA,NA,NA,0.000708310733687078,46.5143648229447,1.90390552011661,61.1725494561013,199,-193507.710960287,-192591.282093276,1,0.9375,0.358974358974359,"specific_effect_common6_specific4",44,1000,100,4,6,4,0.25,40,0.96,30,90,3
"Rossi path BIC",4,31.7167520454089,NA,NA,NA,0.391923669363197,98195.817424977,97751.6800728197,TRUE,2,22,98,1,0.974358974358974,0.224489795918367,0.366666666666667,1,0.630555555555556,0.149812734082397,0.260586319218241,0.000290185962700703,10.4739239608907,0.684801489640655,60.2161441382776,270,-194526.540924629,-193283.144974412,1,1,0.974358974358974,"specific_effect_common6_specific4",45,1000,100,4,6,4,0.25,40,0.96,30,90,3
"Rossi path BIC + refit",4,31.7167520454089,NA,NA,NA,0.377610212409332,98242.0892831056,NA,TRUE,23,22,98,1,0.974358974358974,0.224489795918367,0.366666666666667,NA,NA,NA,NA,0.000594065551757734,7.2153790823898,1.26588552069576,59.9432471489082,395,-193755.615231013,-191936.573007548,1,1,0.974358974358974,"specific_effect_common6_specific4",45,1000,100,4,6,4,0.25,40,0.96,30,90,3
"Separate 2D path/grid BIC",4,NA,28.6595405759382,0,NA,0.390718677255997,98204.2414335033,97794.8898183592,TRUE,2,22,99,1,0.987179487179487,0.222222222222222,0.363636363636364,1,0.663888888888889,0.14336917562724,0.250783699059561,0.000317927618318092,10.682678511266,0.742692916990356,60.2664971874842,282,-194460.495878334,-193161.837885885,1,1,0.987179487179487,"specific_effect_common6_specific4",45,1000,100,4,6,4,0.25,40,0.96,30,90,3
"Separate 2D path/grid BIC + refit",4,NA,28.6595405759382,0,NA,0.38068872555151,98242.4645609144,NA,TRUE,23,22,99,1,0.987179487179487,0.222222222222222,0.363636363636364,NA,NA,NA,NA,0.000596931568615355,7.24799520213768,1.27202715917079,59.9401706260242,399,-193728.734765515,-191891.271861306,1,1,0.987179487179487,"specific_effect_common6_specific4",45,1000,100,4,6,4,0.25,40,0.96,30,90,3
"Eta centered path BIC",4,NA,NA,NA,2.03091835909593,0.301477859398725,97912.7701078381,97620.2363144012,TRUE,7,22,23,0.727272727272727,0.0897435897435897,0.695652173913043,0.711111111111111,NA,NA,NA,NA,0.000493137121419872,490.759541708693,4.58062413482415,67.583309351245,172,-194637.406307691,-193845.317035701,1,0.625,0.0897435897435897,"specific_effect_common6_specific4",45,1000,100,4,6,4,0.25,40,0.96,30,90,3
"Eta centered path BIC + refit",4,NA,NA,NA,2.03091835909593,0.410336800736366,98039.130199041,NA,TRUE,52,22,23,0.727272727272727,0.0897435897435897,0.695652173913043,0.711111111111111,NA,NA,NA,NA,0.000498932189123669,77.9052384920843,1.73054466124321,64.662522615372,95,-195422.023646579,-194984.53247891,1,0.625,0.0897435897435897,"specific_effect_common6_specific4",45,1000,100,4,6,4,0.25,40,0.96,30,90,3
"Rossi path BIC",4,29.7994430354689,NA,NA,NA,0.355240651058509,97523.2329261373,97098.9266019964,TRUE,2,22,100,1,1,0.22,0.360655737704918,1,0.644444444444444,0.147058823529412,0.256410256410256,0.000545198229049066,33.4613850596215,1.19499025414988,58.0455796727148,275,-193146.833150555,-191880.411349408,1,1,1,"specific_effect_common6_specific4",46,1000,100,4,6,4,0.25,40,0.96,30,90,3
"Rossi path BIC + refit",4,29.7994430354689,NA,NA,NA,0.340410428849196,97572.487056453,NA,TRUE,51,22,100,1,1,0.22,0.360655737704918,NA,NA,NA,NA,0.00108885442833711,44.1211247475497,1.98507363736783,58.2316856741144,403,-192361.148735476,-190505.265150523,1,1,1,"specific_effect_common6_specific4",46,1000,100,4,6,4,0.25,40,0.96,30,90,3
"Separate 2D path/grid BIC",4,NA,37.8271544706556,0,NA,0.395734414557671,97485.3189368134,96996.4050287168,TRUE,2,22,96,1,0.948717948717949,0.229166666666667,0.372881355932203,0.975,0.483333333333333,0.183098591549296,0.308300395256917,0.000196507300487985,2.28935703551687,0.4540867317259,58.2430983918998,216,-193478.562733367,-192483.845973193,1,1,0.948717948717949,"specific_effect_common6_specific4",46,1000,100,4,6,4,0.25,40,0.96,30,90,3
"Separate 2D path/grid BIC + refit",4,NA,37.8271544706556,0,NA,0.355410318167097,97547.8972723935,NA,TRUE,43,22,96,1,0.948717948717949,0.229166666666667,0.372881355932203,NA,NA,NA,NA,0.000501547733534482,2.82092437451198,1.02469354719514,58.0720374505308,387,-192422.493251821,-190640.292389843,1,1,0.948717948717949,"specific_effect_common6_specific4",46,1000,100,4,6,4,0.25,40,0.96,30,90,3
"Eta centered path BIC",4,NA,NA,NA,1.02026412883803,0.408243909366802,97404.1924154036,97232.0839514495,TRUE,55,22,44,0.863636363636364,0.320512820512821,0.431818181818182,0.575757575757576,NA,NA,NA,NA,0.000466861342547239,9.28397936569728,0.876269993033944,57.8961671786398,235,-193185.062340246,-192102.847346539,1,0.8125,0.320512820512821,"specific_effect_common6_specific4",46,1000,100,4,6,4,0.25,40,0.96,30,90,3
"Eta centered path BIC + refit",4,NA,NA,NA,1.02026412883803,0.391694692839731,97441.3712637256,NA,TRUE,23,22,44,0.863636363636364,0.320512820512821,0.431818181818182,0.575757575757576,NA,NA,NA,NA,0.000723614822656524,4.51992619900105,1.38105780359835,58.6529647838994,179,-193646.254332513,-192821.928869222,1,0.8125,0.320512820512821,"specific_effect_common6_specific4",46,1000,100,4,6,4,0.25,40,0.96,30,90,3
"Rossi path BIC",4,21.2620813492721,NA,NA,NA,0.404557522687793,98012.1773871741,97698.9867793995,TRUE,2,22,100,1,1,0.22,0.360655737704918,1,0.744444444444444,0.12987012987013,0.229885057471264,0.000410694529950959,3.17696406530854,0.843635636251654,58.9772883127557,311,-193876.042882585,-192443.834954742,1,1,1,"specific_effect_common6_specific4",47,1000,100,4,6,4,0.25,40,0.96,30,90,3
"Rossi path BIC + refit",4,21.2620813492721,NA,NA,NA,0.391727304084224,98037.3157802811,NA,TRUE,23,22,100,1,1,0.22,0.360655737704918,NA,NA,NA,NA,0.000645503663381201,3.01390558665411,1.28043579969304,58.486877447115,403,-193290.806183132,-191434.922598179,1,1,1,"specific_effect_common6_specific4",47,1000,100,4,6,4,0.25,40,0.96,30,90,3
"Separate 2D path/grid BIC",4,NA,30.2809075114248,0,NA,0.414654669426595,97990.2119035019,97570.1372714777,TRUE,2,22,100,1,1,0.22,0.360655737704918,1,0.638888888888889,0.148148148148148,0.258064516129032,0.000332173473143566,4.48851704368813,0.701460011604954,59.3373789167473,273,-194094.606615842,-192837.395155067,1,1,1,"specific_effect_common6_specific4",47,1000,100,4,6,4,0.25,40,0.96,30,90,3
"Separate 2D path/grid BIC + refit",4,NA,30.2809075114248,0,NA,0.391727304084224,98037.3189008723,NA,TRUE,27,22,100,1,1,0.22,0.360655737704918,NA,NA,NA,NA,0.000646127722526733,3.04268733533146,1.28249187552947,58.4940327113829,403,-193290.812424315,-191434.928839362,1,1,1,"specific_effect_common6_specific4",47,1000,100,4,6,4,0.25,40,0.96,30,90,3
"Eta centered path BIC",4,NA,NA,NA,1.90680991636798,0.380448495973504,97778.6802067132,97481.6183703006,TRUE,57,22,28,0.772727272727273,0.141025641025641,0.607142857142857,0.68,NA,NA,NA,NA,0.000528650923662907,60.5965986059865,1.39384121175965,60.5725035453641,187,-194265.610176257,-193404.443351477,1,0.6875,0.141025641025641,"specific_effect_common6_specific4",47,1000,100,4,6,4,0.25,40,0.96,30,90,3
"Eta centered path BIC + refit",4,NA,NA,NA,1.90680991636798,0.429684765229121,97858.3004472656,NA,TRUE,19,22,28,0.772727272727273,0.141025641025641,0.607142857142857,0.68,NA,NA,NA,NA,0.000862421377718991,35.9405170909617,1.88891353000964,60.8835265158527,115,-194922.209037448,-194392.61446606,1,0.6875,0.141025641025641,"specific_effect_common6_specific4",47,1000,100,4,6,4,0.25,40,0.96,30,90,3
"Rossi path BIC",4,31.2649840652871,NA,NA,NA,0.401730349224509,98040.1966445975,97615.302623015,TRUE,2,22,96,1,0.948717948717949,0.229166666666667,0.372881355932203,1,0.591666666666667,0.158102766798419,0.273037542662116,0.000226824967857219,11.8439794155723,0.598779150197514,59.5145962119422,256,-194312.007937776,-193133.084370163,1,1,0.948717948717949,"specific_effect_common6_specific4",48,1000,100,4,6,4,0.25,40,0.96,30,90,3
"Rossi path BIC + refit",4,31.2649840652871,NA,NA,NA,0.354482968222228,98090.9797398542,NA,TRUE,45,22,96,1,0.948717948717949,0.229166666666667,0.372881355932203,NA,NA,NA,NA,0.000572909918518533,5.20447522237031,1.17641474129724,58.9361452597032,387,-193508.658186742,-191726.457324765,1,1,0.948717948717949,"specific_effect_common6_specific4",48,1000,100,4,6,4,0.25,40,0.96,30,90,3
"Separate 2D path/grid BIC",4,NA,57.2711691426803,0,NA,0.417042421300788,97976.4541780626,97283.1746771321,TRUE,4,22,88,1,0.846153846153846,0.25,0.4,1,0.35,0.240963855421687,0.388349514563107,0.000144685808587894,6.48820687272256,0.370388158758537,58.6782704634674,169,-194785.497713977,-194007.223952545,1,1,0.846153846153846,"specific_effect_common6_specific4",48,1000,100,4,6,4,0.25,40,0.96,30,90,3
"Separate 2D path/grid BIC + refit",4,NA,57.2711691426803,0,NA,0.368223841675167,98081.105860241,NA,TRUE,37,22,88,1,0.846153846153846,0.25,0.4,NA,NA,NA,NA,0.000559958257290999,3.70513767892508,1.00284399224381,57.6601527273287,355,-193709.958596443,-192075.123180418,1,1,0.846153846153846,"specific_effect_common6_specific4",48,1000,100,4,6,4,0.25,40,0.96,30,90,3
"Eta centered path BIC",4,NA,NA,NA,1.59113322641614,0.327554138637809,97823.4383919963,97618.3009290614,TRUE,45,22,19,0.727272727272727,0.0384615384615385,0.842105263157895,0.780487804878049,NA,NA,NA,NA,0.000373986470996755,97.1614431124224,1.42606757530212,62.1635049854926,160,-194541.635939355,-193804.808709597,1,0.625,0.0384615384615385,"specific_effect_common6_specific4",48,1000,100,4,6,4,0.25,40,0.96,30,90,3
"Eta centered path BIC + refit",4,NA,NA,NA,1.59113322641614,0.400675330925002,97865.3519494083,NA,TRUE,44,22,19,0.727272727272727,0.0384615384615385,0.842105263157895,0.780487804878049,NA,NA,NA,NA,0.000319858295427894,22.8304493102704,0.753305601894285,59.9383158692385,79,-195184.991231777,-194821.182787084,1,0.625,0.0384615384615385,"specific_effect_common6_specific4",48,1000,100,4,6,4,0.25,40,0.96,30,90,3
"Rossi path BIC",4,34.6063209325388,NA,NA,NA,0.395531902889154,98337.7612575374,97858.2071354786,TRUE,2,22,99,1,0.987179487179487,0.222222222222222,0.363636363636364,1,0.641666666666667,0.14760147601476,0.257234726688103,0.000278188042544414,25.3719827800545,0.635497966775602,62.2145256916473,274,-194782.797568634,-193520.980937673,1,1,0.987179487179487,"specific_effect_common6_specific4",49,1000,100,4,6,4,0.25,40,0.96,30,90,3
"Rossi path BIC + refit",4,34.6063209325388,NA,NA,NA,0.380802383328263,98383.6073890642,NA,TRUE,27,22,99,1,0.987179487179487,0.222222222222222,0.363636363636364,NA,NA,NA,NA,0.000501206960965341,21.1194148649763,1.14223179441929,61.8561730933322,399,-194011.020421814,-192173.557517605,1,1,0.987179487179487,"specific_effect_common6_specific4",49,1000,100,4,6,4,0.25,40,0.96,30,90,3
"Separate 2D path/grid BIC",4,NA,56.9802834303667,0,NA,0.401782065958167,98281.1244495938,97563.6192679411,TRUE,2,22,90,1,0.871794871794872,0.244444444444444,0.392857142857143,1,0.436111111111111,0.203045685279188,0.337552742616034,0.000204770702043026,21.1624774687811,0.431077235455442,61.7720509581179,200,-195180.697843391,-194259.663806194,1,1,0.871794871794872,"specific_effect_common6_specific4",49,1000,100,4,6,4,0.25,40,0.96,30,90,3
"Separate 2D path/grid BIC + refit",4,NA,56.9802834303667,0,NA,0.358948594734745,98376.3916443137,NA,TRUE,22,22,90,1,0.871794871794872,0.244444444444444,0.392857142857143,NA,NA,NA,NA,0.000478798981118626,24.0509341384756,1.12071998878023,62.1556841333209,363,-194245.268122357,-192573.591344843,1,1,0.871794871794872,"specific_effect_common6_specific4",49,1000,100,4,6,4,0.25,40,0.96,30,90,3
"Eta centered path BIC",4,NA,NA,NA,1.6350524425367,0.34203837792787,98148.7986942704,97904.4398593404,TRUE,31,22,29,0.863636363636364,0.128205128205128,0.655172413793103,0.745098039215686,NA,NA,NA,NA,0.000336623050204166,85.6755955056811,1.10597783379702,62.6188703213152,190,-194985.123885534,-194110.141550197,1,0.8125,0.128205128205128,"specific_effect_common6_specific4",49,1000,100,4,6,4,0.25,40,0.96,30,90,3
"Eta centered path BIC + refit",4,NA,NA,NA,1.6350524425367,0.400484153628859,98215.5069179446,NA,TRUE,23,22,29,0.863636363636364,0.128205128205128,0.655172413793103,0.745098039215686,NA,NA,NA,NA,0.00042620707826481,44.8565196363287,1.11117088779125,62.288276137239,119,-195608.99095769,-195060.975705558,1,0.8125,0.128205128205128,"specific_effect_common6_specific4",49,1000,100,4,6,4,0.25,40,0.96,30,90,3
"Rossi path BIC",4,34.6271137606349,NA,NA,NA,0.393797018182878,98108.1572599707,97622.8268587943,TRUE,2,22,98,1,0.974358974358974,0.224489795918367,0.366666666666667,1,0.602777777777778,0.155642023346304,0.269360269360269,0.000279677447482856,84.1792569153636,1.09145404914985,64.5820828187751,260,-194420.298147406,-193222.953899049,1,1,0.974358974358974,"specific_effect_common6_specific4",50,1000,100,4,6,4,0.25,40,0.96,30,90,3
"Rossi path BIC + refit",4,34.6271137606349,NA,NA,NA,0.391289429474132,98165.8614993822,NA,TRUE,78,22,98,1,0.974358974358974,0.224489795918367,0.366666666666667,NA,NA,NA,NA,0.00084095524324084,240.605580109177,3.86343874638703,67.4629439758164,395,-193603.159663566,-191784.117440101,1,1,0.974358974358974,"specific_effect_common6_specific4",50,1000,100,4,6,4,0.25,40,0.96,30,90,3
"Separate 2D path/grid BIC",4,NA,42.7154337672149,0,NA,0.399014621452937,98090.5857942529,97511.3373434062,TRUE,2,22,96,1,0.948717948717949,0.229166666666667,0.372881355932203,1,0.55,0.168067226890756,0.287769784172662,0.000251982856360448,108.030330335478,1.17618522317986,65.0233010607834,241,-194516.402566271,-193406.556551448,1,1,0.948717948717949,"specific_effect_common6_specific4",50,1000,100,4,6,4,0.25,40,0.96,30,90,3
"Separate 2D path/grid BIC + refit",4,NA,42.7154337672149,0,NA,0.387621992912943,98164.6346313179,NA,TRUE,54,22,96,1,0.948717948717949,0.229166666666667,0.372881355932203,NA,NA,NA,NA,0.000812756232040991,221.555456747954,3.62891902122067,67.1459463285742,387,-193655.96796967,-191873.767107692,1,1,0.948717948717949,"specific_effect_common6_specific4",50,1000,100,4,6,4,0.25,40,0.96,30,90,3
"Eta centered path BIC",4,NA,NA,NA,1.50138262325721,0.368374454795873,97896.4667337345,97687.3321655262,TRUE,12,22,23,0.818181818181818,0.0641025641025641,0.782608695652174,0.8,NA,NA,NA,NA,0.00031663644904467,148.131919072692,1.4119907468265,64.9052825478709,172,-194604.799559484,-193812.710287494,1,0.75,0.0641025641025641,"specific_effect_common6_specific4",50,1000,100,4,6,4,0.25,40,0.96,30,90,3
"Eta centered path BIC + refit",4,NA,NA,NA,1.50138262325721,0.422018987530419,97947.9941026405,NA,TRUE,32,22,23,0.818181818181818,0.0641025641025641,0.782608695652174,0.8,NA,NA,NA,NA,0.000296340225345867,70.3665431262107,0.955750833894252,63.4778606002603,95,-195239.751453778,-194802.260286109,1,0.75,0.0641025641025641,"specific_effect_common6_specific4",50,1000,100,4,6,4,0.25,40,0.96,30,90,3
"Rossi path BIC",4,15.3651604781905,NA,NA,NA,0.425966129003329,98276.6275917785,98047.9918855553,TRUE,2,22,100,1,1,0.22,0.360655737704918,1,0.786111111111111,0.123839009287926,0.220385674931129,0.000351964959965051,21.5728811753659,0.862256918783066,61.7938159230535,326,-194301.326962609,-192800.041481977,1,1,1,"specific_effect_common6_specific4",51,1000,100,4,6,4,0.25,40,0.96,30,90,3
"Rossi path BIC + refit",4,15.3651604781905,NA,NA,NA,0.406975150463448,98287.8983424235,NA,TRUE,16,22,100,1,1,0.22,0.360655737704918,NA,NA,NA,NA,0.000466997966034317,20.5219578724301,1.13983944279834,61.6895786899693,403,-193791.971307417,-191936.087722464,1,1,1,"specific_effect_common6_specific4",51,1000,100,4,6,4,0.25,40,0.96,30,90,3
"Separate 2D path/grid BIC",4,NA,89.5719791585188,0,NA,0.468704368126466,98126.2906496577,97116.9714495715,TRUE,2,22,63,0.954545454545455,0.538461538461538,0.333333333333333,0.494117647058824,0.975,0.163888888888889,0.397959183673469,0.565217391304348,0.000122740645352242,3.10567011145521,0.183324427505719,59.0910384729778,101,-195554.898016138,-195089.775827353,1,0.9375,0.538461538461538,"specific_effect_common6_specific4",51,1000,100,4,6,4,0.25,40,0.96,30,90,3
"Separate 2D path/grid BIC + refit",4,NA,89.5719791585188,0,NA,0.42500637289101,98235.0996131431,NA,TRUE,21,22,63,0.954545454545455,0.538461538461538,0.333333333333333,0.494117647058824,NA,NA,NA,NA,0.000371629652455146,7.89622648334612,0.745028085257646,60.2588340869216,255,-194708.721630146,-193534.403232719,1,0.9375,0.538461538461538,"specific_effect_common6_specific4",51,1000,100,4,6,4,0.25,40,0.96,30,90,3
"Eta centered path BIC",4,NA,NA,NA,1.39408968953402,0.429717339658799,98070.8091690772,97887.7395986328,FALSE,100,22,21,0.818181818181818,0.0384615384615385,0.857142857142857,0.837209302325581,NA,NA,NA,NA,0.000296693695635885,12.0376224475758,0.594952525801704,57.4034803244824,166,-194994.930961843,-194230.472710969,1,0.75,0.0384615384615385,"specific_effect_common6_specific4",51,1000,100,4,6,4,0.25,40,0.96,30,90,3
"Eta centered path BIC + refit",4,NA,NA,NA,1.39408968953402,0.428728236146752,98091.9091287636,NA,TRUE,45,22,21,0.818181818181818,0.0384615384615385,0.857142857142857,0.837209302325581,NA,NA,NA,NA,0.000318254448350907,2.62946131987231,0.513936196488781,57.9235038037801,87,-195582.843548256,-195182.193742075,1,0.75,0.0384615384615385,"specific_effect_common6_specific4",51,1000,100,4,6,4,0.25,40,0.96,30,90,3
"Rossi path BIC",4,17.9198251764503,NA,NA,NA,0.353535744546571,98050.2974984917,97775.5512915046,TRUE,2,22,100,1,1,0.22,0.360655737704918,1,0.85,0.115606936416185,0.207253886010363,0.000385744150932892,36.60734185713,1.27706441502032,62.1738680356124,349,-193689.788404619,-192082.584009709,1,1,1,"specific_effect_common6_specific4",52,1000,100,4,6,4,0.25,40,0.96,30,90,3
"Rossi path BIC + refit",4,17.9198251764503,NA,NA,NA,0.336035274203419,98065.404645997,NA,TRUE,19,22,100,1,1,0.22,0.360655737704918,NA,NA,NA,NA,0.000556394397389695,36.7771237454569,1.78779921138294,61.9434726152075,403,-193346.983914564,-191491.100329611,1,1,1,"specific_effect_common6_specific4",52,1000,100,4,6,4,0.25,40,0.96,30,90,3
"Separate 2D path/grid BIC",4,NA,38.3745200822274,0,NA,0.399392126291506,97986.4533852924,97491.2949395057,TRUE,2,22,97,1,0.961538461538462,0.22680412371134,0.369747899159664,1,0.538888888888889,0.170940170940171,0.291970802919708,0.000154102105127517,8.79654063333412,0.46394567260915,59.6914609644233,237,-194335.768769466,-193244.343435387,1,1,0.961538461538462,"specific_effect_common6_specific4",52,1000,100,4,6,4,0.25,40,0.96,30,90,3
"Separate 2D path/grid BIC + refit",4,NA,38.3745200822274,0,NA,0.330653553150224,98063.1924358541,NA,TRUE,50,22,97,1,0.961538461538462,0.22680412371134,0.369747899159664,NA,NA,NA,NA,0.000558430275236962,36.342201681557,1.81074088466294,61.8660456323706,391,-193425.452557626,-191624.831014905,1,1,0.961538461538462,"specific_effect_common6_specific4",52,1000,100,4,6,4,0.25,40,0.96,30,90,3
"Eta centered path BIC",4,NA,NA,NA,1.49826995815089,0.318157550569716,97810.3010923024,97598.0055323363,TRUE,13,22,29,0.863636363636364,0.128205128205128,0.655172413793103,0.745098039215686,NA,NA,NA,NA,0.000451764356598536,453.384203680981,4.6562539171883,65.1239447727463,190,-194308.128681598,-193433.14634626,1,0.8125,0.128205128205128,"specific_effect_common6_specific4",52,1000,100,4,6,4,0.25,40,0.96,30,90,3
"Eta centered path BIC + refit",4,NA,NA,NA,1.49826995815089,0.379279403182411,97878.5429537871,NA,FALSE,100,22,29,0.863636363636364,0.128205128205128,0.655172413793103,0.745098039215686,NA,NA,NA,NA,0.00039526619767544,98.723141427191,1.55507843563372,65.3258846429266,119,-194935.063029375,-194387.047777243,1,0.8125,0.128205128205128,"specific_effect_common6_specific4",52,1000,100,4,6,4,0.25,40,0.96,30,90,3
"Rossi path BIC",4,18.9094527255861,NA,NA,NA,0.415128382614255,97974.2470388223,97690.6903103966,TRUE,2,22,100,1,1,0.22,0.360655737704918,1,0.772222222222222,0.125786163522013,0.223463687150838,0.00037058538671247,21.407408384588,0.954784044091711,60.5516886769071,321,-193731.104633091,-192252.845003389,1,1,1,"specific_effect_common6_specific4",53,1000,100,4,6,4,0.25,40,0.96,30,90,3
"Rossi path BIC + refit",4,18.9094527255861,NA,NA,NA,0.402211324896953,97992.3565106552,NA,TRUE,38,22,100,1,1,0.22,0.360655737704918,NA,NA,NA,NA,0.000631150301720327,22.1313537558525,1.48085864614336,60.2661457143523,403,-193200.887643881,-191345.004058927,1,1,1,"specific_effect_common6_specific4",53,1000,100,4,6,4,0.25,40,0.96,30,90,3
"Separate 2D path/grid BIC",4,NA,20.0317469622205,0,NA,0.417761032300199,97972.5778386516,97673.9165293653,TRUE,2,22,100,1,1,0.22,0.360655737704918,1,0.761111111111111,0.127388535031847,0.225988700564972,0.000361529341728619,21.2493815404129,0.934422697912969,60.5454367288918,317,-193755.397253866,-192295.558304908,1,1,1,"specific_effect_common6_specific4",53,1000,100,4,6,4,0.25,40,0.96,30,90,3
"Separate 2D path/grid BIC + refit",4,NA,20.0317469622205,0,NA,0.401720125557042,97992.3533879905,NA,TRUE,38,22,100,1,1,0.22,0.360655737704918,NA,NA,NA,NA,0.000630808483904678,22.0892545937107,1.47976076772239,60.2632677269467,403,-193200.881398551,-191344.997813598,1,1,1,"specific_effect_common6_specific4",53,1000,100,4,6,4,0.25,40,0.96,30,90,3
"Eta centered path BIC",4,NA,NA,NA,1.65610491810027,0.319132077657756,97728.4116152619,97508.1917817001,TRUE,8,22,22,0.681818181818182,0.0897435897435897,0.681818181818182,0.681818181818182,NA,NA,NA,NA,0.000395467614766226,341.079194056568,3.6821372602253,64.4467784493116,169,-194289.412588376,-193511.138826944,1,0.5625,0.0897435897435897,"specific_effect_common6_specific4",53,1000,100,4,6,4,0.25,40,0.96,30,90,3
"Eta centered path BIC + refit",4,NA,NA,NA,1.65610491810027,0.384268988393481,97750.7148031265,NA,TRUE,26,22,22,0.681818181818182,0.0897435897435897,0.681818181818182,0.681818181818182,NA,NA,NA,NA,0.000440524443954349,84.546925395265,1.69407547999356,62.8824937144997,91,-194872.823875866,-194453.753388941,1,0.5625,0.0897435897435897,"specific_effect_common6_specific4",53,1000,100,4,6,4,0.25,40,0.96,30,90,3
"Rossi path BIC",4,46.2184419731296,NA,NA,NA,0.456375372391766,97788.1601651506,97192.7539034537,TRUE,92,22,95,1,0.935897435897436,0.231578947368421,0.376068376068376,1,0.458333333333333,0.195121951219512,0.326530612244898,0.000114895826878387,9.18857915704221,0.32177442812726,59.6555445421154,208,-194139.507232273,-193181.631833587,1,1,0.935897435897436,"specific_effect_common6_specific4",54,1000,100,4,6,4,0.25,40,0.96,30,90,3
"Rossi path BIC + refit",4,46.2184419731296,NA,NA,NA,0.40101343189147,97862.6641149234,NA,FALSE,100,22,95,1,0.935897435897436,0.231578947368421,0.376068376068376,NA,NA,NA,NA,0.000419229643067188,36.453130082791,1.20697793450408,61.0892533393094,383,-193079.657957997,-191315.877776763,1,1,0.935897435897436,"specific_effect_common6_specific4",54,1000,100,4,6,4,0.25,40,0.96,30,90,3
"Separate 2D path/grid BIC",4,NA,45.7437116020448,0,NA,0.395315490881026,97779.707224867,97183.464090102,TRUE,2,22,97,1,0.961538461538462,0.22680412371134,0.369747899159664,0.95,0.477777777777778,0.180952380952381,0.304,0.000498416589266818,60.9153237480115,1.53634661849977,62.6892142202882,213,-194088.062575311,-193107.161325695,1,1,0.961538461538462,"specific_effect_common6_specific4",54,1000,100,4,6,4,0.25,40,0.96,30,90,3
"Separate 2D path/grid BIC + refit",4,NA,45.7437116020448,0,NA,0.371408035278417,97862.5862455619,NA,TRUE,41,22,97,1,0.961538461538462,0.22680412371134,0.369747899159664,NA,NA,NA,NA,0.00094138115876891,93.9559687055277,2.88555539305656,63.5910816709035,391,-193024.240177042,-191223.618634321,1,1,0.961538461538462,"specific_effect_common6_specific4",54,1000,100,4,6,4,0.25,40,0.96,30,90,3
"Eta centered path BIC",4,NA,NA,NA,1.3155945959102,0.412681675131867,97682.0378565906,97464.868623508,TRUE,55,22,32,0.954545454545455,0.141025641025641,0.65625,0.777777777777778,NA,NA,NA,NA,0.000248213431703813,56.0636910108785,0.77309773836979,60.6450490944951,199,-193989.432412664,-193073.003545652,1,0.9375,0.141025641025641,"specific_effect_common6_specific4",54,1000,100,4,6,4,0.25,40,0.96,30,90,3
"Eta centered path BIC + refit",4,NA,NA,NA,1.3155945959102,0.409147875560205,97723.5210181433,NA,TRUE,25,22,32,0.954545454545455,0.141025641025641,0.65625,0.777777777777778,NA,NA,NA,NA,0.000299271631264452,18.5398638732681,0.755591789177614,59.8919788382642,131,-194542.12609474,-193938.848800376,1,0.9375,0.141025641025641,"specific_effect_common6_specific4",54,1000,100,4,6,4,0.25,40,0.96,30,90,3
"Rossi path BIC",4,29.657169066991,NA,NA,NA,0.318405199153175,97689.3165482454,97249.787425172,TRUE,2,22,100,1,1,0.22,0.360655737704918,0.975,0.708333333333333,0.13265306122449,0.233532934131737,0.000470733966704033,75.6497368078991,1.62895894838893,64.8235439219673,297,-193327.029778633,-191959.294233395,1,1,1,"specific_effect_common6_specific4",55,1000,100,4,6,4,0.25,40,0.96,30,90,3
"Rossi path BIC + refit",4,29.657169066991,NA,NA,NA,0.302206651206525,97724.1533061528,NA,TRUE,31,22,100,1,1,0.22,0.360655737704918,NA,NA,NA,NA,0.000715566898416496,159.588800272135,3.47463609908377,64.6164822723521,403,-192664.481234876,-190808.597649923,1,1,1,"specific_effect_common6_specific4",55,1000,100,4,6,4,0.25,40,0.96,30,90,3
"Separate 2D path/grid BIC",4,NA,49.6564530253999,0,NA,0.331401223074509,97644.0688473101,96984.8699625637,TRUE,2,22,96,1,0.948717948717949,0.229166666666667,0.372881355932203,0.975,0.538888888888889,0.167381974248927,0.285714285714286,0.000369079635982828,316.795142360834,3.24544472014336,68.0867412761316,236,-193657.90744878,-192571.087284887,1,1,0.948717948717949,"specific_effect_common6_specific4",55,1000,100,4,6,4,0.25,40,0.96,30,90,3
"Separate 2D path/grid BIC + refit",4,NA,49.6564530253999,0,NA,0.313165241012857,97712.7933318688,NA,TRUE,31,22,96,1,0.948717948717949,0.229166666666667,0.372881355932203,NA,NA,NA,NA,0.000583105930660887,333.846407739841,4.19938921205202,68.6472852049554,387,-192752.285370771,-190970.084508794,1,1,0.948717948717949,"specific_effect_common6_specific4",55,1000,100,4,6,4,0.25,40,0.96,30,90,3
"Eta centered path BIC",4,NA,NA,NA,0.803858622159823,0.363572078698255,97593.3049706951,97423.8997932302,FALSE,100,22,69,1,0.602564102564103,0.318840579710145,0.483516483516483,NA,NA,NA,NA,0.000358168587368146,101.770504070461,1.38612490295278,64.1097427528902,310,-193045.205804906,-191617.603047249,1,1,0.602564102564103,"specific_effect_common6_specific4",55,1000,100,4,6,4,0.25,40,0.96,30,90,3
"Eta centered path BIC + refit",4,NA,NA,NA,0.803858622159823,0.337174512422432,97655.6364974767,NA,TRUE,28,22,69,1,0.602564102564103,0.318840579710145,0.483516483516483,NA,NA,NA,NA,0.000603065158235973,128.654815248958,2.44847047461666,65.4413285894038,279,-193384.009272117,-192099.166790227,1,1,0.602564102564103,"specific_effect_common6_specific4",55,1000,100,4,6,4,0.25,40,0.96,30,90,3
"Rossi path BIC",4,24.66522430777,NA,NA,NA,0.416715267715691,98220.9613014989,97837.6818332178,TRUE,2,22,100,1,1,0.22,0.360655737704918,0.975,0.763888888888889,0.124203821656051,0.220338983050847,0.000989498463160645,70.5874814219301,1.93265329438116,59.0565341519104,317,-194252.164179561,-192792.325230602,1,1,1,"specific_effect_common6_specific4",56,1000,100,4,6,4,0.25,40,0.96,30,90,3
"Rossi path BIC + refit",4,24.66522430777,NA,NA,NA,0.390187304785264,98253.90523366,NA,TRUE,33,22,100,1,1,0.22,0.360655737704918,NA,NA,NA,NA,0.00153356077719939,79.1445838923262,2.71458322280389,59.0320822261985,403,-193723.98508989,-191868.101504937,1,1,1,"specific_effect_common6_specific4",56,1000,100,4,6,4,0.25,40,0.96,30,90,3
"Separate 2D path/grid BIC",4,NA,41.3571505919108,0.911154211606663,NA,0.429189706253563,98134.7366836226,97411.8600875054,TRUE,3,22,99,1,0.987179487179487,0.222222222222222,0.363636363636364,1,0.486111111111111,0.186046511627907,0.313725490196078,0.000268297327812266,10.9069030130023,0.456236358430401,55.4107468496559,218,-194763.582716427,-193759.655615882,1,1,0.987179487179487,"specific_effect_common6_specific4",56,1000,100,4,6,4,0.25,40,0.96,30,90,3
"Separate 2D path/grid BIC + refit",4,NA,41.3571505919108,0.911154211606663,NA,0.374798123703978,98244.3848172238,NA,TRUE,75,22,99,1,0.987179487179487,0.222222222222222,0.363636363636364,NA,NA,NA,NA,0.0010564854552851,24.5485671526212,1.62330400919126,57.304796234937,399,-193732.575278134,-191895.112373924,1,1,0.987179487179487,"specific_effect_common6_specific4",56,1000,100,4,6,4,0.25,40,0.96,30,90,3
"Eta centered path BIC",4,NA,NA,NA,1.67914642543177,0.36617078282618,97941.999331504,97724.9323766808,TRUE,43,22,20,0.681818181818182,0.0641025641025641,0.75,0.714285714285714,NA,NA,NA,NA,0.000439134190831652,179.049709894298,2.08994590684578,64.4727353023121,163,-194758.034552534,-194007.391812218,1,0.5625,0.0641025641025641,"specific_effect_common6_specific4",56,1000,100,4,6,4,0.25,40,0.96,30,90,3
"Eta centered path BIC + refit",4,NA,NA,NA,1.67914642543177,0.43693826753629,98014.9431996884,NA,TRUE,35,22,20,0.681818181818182,0.0641025641025641,0.75,0.714285714285714,NA,NA,NA,NA,0.000485840309904713,146.356741044201,2.14693340513637,64.3624604363693,83,-195456.542711221,-195074.313585784,1,0.5625,0.0641025641025641,"specific_effect_common6_specific4",56,1000,100,4,6,4,0.25,40,0.96,30,90,3
"Rossi path BIC",4,34.807061061424,NA,NA,NA,0.37601001656655,97940.2041642605,97501.756170608,TRUE,63,22,98,1,0.974358974358974,0.224489795918367,0.366666666666667,0.875,0.558333333333333,0.148305084745763,0.253623188405797,0.00105063873938354,9.62793548059914,1.76636870567128,59.2068596417448,239,-194229.454816844,-193128.819142393,1,1,0.974358974358974,"specific_effect_common6_specific4",57,1000,100,4,6,4,0.25,40,0.96,30,90,3
"Rossi path BIC + refit",4,34.807061061424,NA,NA,NA,0.367287867812282,98046.4393277449,NA,TRUE,60,22,98,1,0.974358974358974,0.224489795918367,0.366666666666667,NA,NA,NA,NA,0.00198279780285269,241.02437110401,4.75241643202795,62.7737294849567,395,-193364.315320292,-191545.273096827,1,1,0.974358974358974,"specific_effect_common6_specific4",57,1000,100,4,6,4,0.25,40,0.96,30,90,3
"Separate 2D path/grid BIC",4,NA,41.0906523535543,0,NA,0.391634093287464,97974.8859538899,97435.7371984418,TRUE,2,22,97,1,0.961538461538462,0.22680412371134,0.369747899159664,1,0.536111111111111,0.171673819742489,0.293040293040293,0.000201873159809339,11.3244006097804,0.443196997593974,60.6215072750844,236,-194319.54166194,-193232.721498047,1,1,0.961538461538462,"specific_effect_common6_specific4",57,1000,100,4,6,4,0.25,40,0.96,30,90,3
"Separate 2D path/grid BIC + refit",4,NA,41.0906523535543,0,NA,0.359371926630219,98048.3892852464,NA,TRUE,29,22,97,1,0.961538461538462,0.22680412371134,0.369747899159664,NA,NA,NA,NA,0.000516543103255232,8.0942517833539,1.15316745904354,59.8488793828701,391,-193395.846256411,-191595.22471369,1,1,0.961538461538462,"specific_effect_common6_specific4",57,1000,100,4,6,4,0.25,40,0.96,30,90,3
"Eta centered path BIC",4,NA,NA,NA,3.15124242906747,0.267216004474542,97554.5514541977,97107.7938770597,FALSE,100,22,26,0.545454545454545,0.179487179487179,0.461538461538462,0.5,NA,NA,NA,NA,0.000804810233784491,720.48713761933,9.59559424501664,64.2187944749797,181,-193858.7992029,-193025.263399236,1,0.375,0.179487179487179,"specific_effect_common6_specific4",57,1000,100,4,6,4,0.25,40,0.96,30,90,3
"Eta centered path BIC + refit",4,NA,NA,NA,3.15124242906747,0.357881072837782,97765.889471898,NA,TRUE,35,22,26,0.545454545454545,0.179487179487179,0.461538461538462,0.5,NA,NA,NA,NA,0.00131279303985957,415.150955061152,5.80486085275012,64.0015519608563,107,-194792.649128945,-194299.895919044,1,0.375,0.179487179487179,"specific_effect_common6_specific4",57,1000,100,4,6,4,0.25,40,0.96,30,90,3
"Rossi path BIC",4,27.680815683426,NA,NA,NA,0.414073712823047,98019.644418714,97623.9973164455,TRUE,5,22,99,1,0.987179487179487,0.222222222222222,0.363636363636364,0.95,0.608333333333333,0.147859922178988,0.255892255892256,0.00165538163180585,64.5918723308741,3.87558359811841,63.0481647933496,260,-194243.272464893,-193045.928216536,1,1,0.987179487179487,"specific_effect_common6_specific4",58,1000,100,4,6,4,0.25,40,0.96,30,90,3
"Rossi path BIC + refit",4,27.680815683426,NA,NA,NA,0.393425293352513,98074.9740661987,NA,TRUE,11,22,99,1,0.987179487179487,0.222222222222222,0.363636363636364,NA,NA,NA,NA,0.00220241012701224,147.186934454599,6.21631101459999,65.2094992976641,399,-193393.753776083,-191556.290871874,1,1,0.987179487179487,"specific_effect_common6_specific4",58,1000,100,4,6,4,0.25,40,0.96,30,90,3
"Separate 2D path/grid BIC",4,NA,22.6604027384713,0,NA,0.3327121623252,98064.117173964,97732.3195315193,TRUE,2,22,99,1,0.987179487179487,0.222222222222222,0.363636363636364,0.95,0.783333333333333,0.11875,0.211111111111111,0.000449587700403677,732.557601718913,6.7285519252873,73.2353043234552,323,-193897.029392817,-192409.559422743,1,1,0.987179487179487,"specific_effect_common6_specific4",58,1000,100,4,6,4,0.25,40,0.96,30,90,3
"Separate 2D path/grid BIC + refit",4,NA,22.6604027384713,0,NA,0.314116038921476,98080.9931226032,NA,TRUE,31,22,99,1,0.987179487179487,0.222222222222222,0.363636363636364,NA,NA,NA,NA,0.000574429969242872,792.395700822393,7.52837111761449,74.3849907259147,399,-193405.791888893,-191568.328984683,1,1,0.987179487179487,"specific_effect_common6_specific4",58,1000,100,4,6,4,0.25,40,0.96,30,90,3
"Eta centered path BIC",4,NA,NA,NA,2.39126217549128,0.323220058972412,97717.4314186226,97381.8355233746,FALSE,100,22,22,0.772727272727273,0.0641025641025641,0.772727272727273,0.772727272727273,NA,NA,NA,NA,0.000516710677918716,133.238678732679,2.02390015379486,62.1679954194404,169,-194267.452195097,-193489.178433665,1,0.6875,0.0641025641025641,"specific_effect_common6_specific4",58,1000,100,4,6,4,0.25,40,0.96,30,90,3
"Eta centered path BIC + refit",4,NA,NA,NA,2.39126217549128,0.430405595965807,97865.8461981126,NA,TRUE,33,22,22,0.772727272727273,0.0641025641025641,0.772727272727273,0.772727272727273,NA,NA,NA,NA,0.000606803549706482,54.2211559305141,1.68368881594448,61.9777038449332,91,-195103.086665838,-194684.016178913,1,0.6875,0.0641025641025641,"specific_effect_common6_specific4",58,1000,100,4,6,4,0.25,40,0.96,30,90,3
"Rossi path BIC",4,40.4030318555092,NA,NA,NA,0.413789069446798,97894.1858753236,97359.8738653722,TRUE,2,22,98,1,0.974358974358974,0.224489795918367,0.366666666666667,1,0.527777777777778,0.173913043478261,0.296296296296296,0.000200228906664282,35.2418051398714,0.612396361794996,62.4212731580997,233,-194178.864770644,-193105.860117309,1,1,0.974358974358974,"specific_effect_common6_specific4",59,1000,100,4,6,4,0.25,40,0.96,30,90,3
"Rossi path BIC + refit",4,40.4030318555092,NA,NA,NA,0.414146791429785,97973.5012679218,NA,FALSE,100,22,98,1,0.974358974358974,0.224489795918367,0.366666666666667,NA,NA,NA,NA,0.000895019977501551,162.259682541804,3.40090695308444,64.7064336787401,395,-193218.439200646,-191399.39697718,1,1,0.974358974358974,"specific_effect_common6_specific4",59,1000,100,4,6,4,0.25,40,0.96,30,90,3
"Separate 2D path/grid BIC",4,NA,33.7593429846467,0,NA,0.40892114418405,97919.3369678686,97448.3874350035,TRUE,2,22,99,1,0.987179487179487,0.222222222222222,0.363636363636364,1,0.611111111111111,0.153846153846154,0.266666666666667,0.000266426934157306,53.2617864385827,0.910576697630051,63.0673424129413,263,-194021.934297365,-192810.77453845,1,1,0.987179487179487,"specific_effect_common6_specific4",59,1000,100,4,6,4,0.25,40,0.96,30,90,3
"Separate 2D path/grid BIC + refit",4,NA,33.7593429846467,0,NA,0.408700425507239,97973.4667639504,NA,FALSE,100,22,99,1,0.987179487179487,0.222222222222222,0.363636363636364,NA,NA,NA,NA,0.000844997510549166,160.330008231975,3.28921469523159,64.6617337111595,399,-193190.739171587,-191353.276267378,1,1,0.987179487179487,"specific_effect_common6_specific4",59,1000,100,4,6,4,0.25,40,0.96,30,90,3
"Eta centered path BIC",4,NA,NA,NA,2.2645703413257,0.326118928222565,97628.6979676682,97284.9586136432,TRUE,5,22,29,0.772727272727273,0.153846153846154,0.586206896551724,0.666666666666667,NA,NA,NA,NA,0.000741299007988599,150.270910863271,2.64274247320744,61.4041768783857,190,-193944.92243233,-193069.940096992,1,0.6875,0.153846153846154,"specific_effect_common6_specific4",59,1000,100,4,6,4,0.25,40,0.96,30,90,3
"Eta centered path BIC + refit",4,NA,NA,NA,2.2645703413257,0.395891760880231,97767.5181755531,NA,TRUE,40,22,29,0.772727272727273,0.153846153846154,0.586206896551724,0.666666666666667,NA,NA,NA,NA,0.000821506850452387,120.343180715059,2.7527727340592,62.5444052424387,119,-194713.013472907,-194164.998220775,1,0.6875,0.153846153846154,"specific_effect_common6_specific4",59,1000,100,4,6,4,0.25,40,0.96,30,90,3
"Rossi path BIC",4,31.8240121604714,NA,NA,NA,0.388782053802993,97833.983068184,97384.7822491774,TRUE,2,22,98,1,0.974358974358974,0.224489795918367,0.366666666666667,1,0.622222222222222,0.151515151515152,0.263157894736842,0.000292161547553274,20.7035997394004,0.892356470954184,59.2539483139301,267,-193823.59547688,-192594.015037221,1,1,0.974358974358974,"specific_effect_common6_specific4",60,1000,100,4,6,4,0.25,40,0.96,30,90,3
"Rossi path BIC + refit",4,31.8240121604714,NA,NA,NA,0.357408120983629,97878.2481510338,NA,TRUE,56,22,98,1,0.974358974358974,0.224489795918367,0.366666666666667,NA,NA,NA,NA,0.000619106847448049,18.8535230683429,1.50093433591549,57.9504263803788,395,-193027.93296687,-191208.890743404,1,1,0.974358974358974,"specific_effect_common6_specific4",60,1000,100,4,6,4,0.25,40,0.96,30,90,3
"Separate 2D path/grid BIC",4,NA,57.5666720518879,0,NA,0.403089428316052,97753.9935857098,97055.9086380134,TRUE,3,22,83,1,0.782051282051282,0.265060240963855,0.419047619047619,1,0.344444444444444,0.24390243902439,0.392156862745098,0.000122769846202244,7.30920171361178,0.356935742392869,58.8952720290709,167,-194354.392039829,-193585.328618769,1,1,0.782051282051282,"specific_effect_common6_specific4",60,1000,100,4,6,4,0.25,40,0.96,30,90,3
"Separate 2D path/grid BIC + refit",4,NA,57.5666720518879,0,NA,0.390234450971223,97856.0456338858,NA,TRUE,26,22,83,1,0.782051282051282,0.265060240963855,0.419047619047619,NA,NA,NA,NA,0.000462198905373346,7.84931909401009,1.06038166434234,59.0313730103894,335,-193397.993249313,-191855.261237007,1,1,0.782051282051282,"specific_effect_common6_specific4",60,1000,100,4,6,4,0.25,40,0.96,30,90,3
"Eta centered path BIC",4,NA,NA,NA,1.18063824444075,0.391187893824153,97666.7275730648,97493.2875800727,TRUE,18,22,28,0.909090909090909,0.102564102564103,0.714285714285714,0.8,NA,NA,NA,NA,0.000281758321411036,59.7642983680566,0.971727293077467,60.4913389663649,187,-194041.70490896,-193180.53808418,1,0.875,0.102564102564103,"specific_effect_common6_specific4",60,1000,100,4,6,4,0.25,40,0.96,30,90,3
"Eta centered path BIC + refit",4,NA,NA,NA,1.18063824444075,0.400370712146964,97702.1813254029,NA,TRUE,39,22,28,0.909090909090909,0.102564102564103,0.714285714285714,0.8,NA,NA,NA,NA,0.000295733977920311,11.5400156614238,0.730612509031643,58.4295327951587,115,-194609.970793723,-194080.376222334,1,0.875,0.102564102564103,"specific_effect_common6_specific4",60,1000,100,4,6,4,0.25,40,0.96,30,90,3
"Rossi path BIC",4,73.8009900373571,NA,NA,NA,0.399815086968158,97761.9039057473,96918.8832809023,TRUE,2,22,79,1,0.730769230769231,0.278481012658228,0.435643564356436,0.975,0.241666666666667,0.30952380952381,0.469879518072289,0.000133035124012999,1.08842875917296,0.250856235831675,56.7323075272435,129,-194632.707380506,-194038.640426513,1,1,0.730769230769231,"specific_effect_common6_specific4",61,1000,100,4,6,4,0.25,40,0.96,30,90,3
"Rossi path BIC + refit",4,73.8009900373571,NA,NA,NA,0.29442444163458,97893.4757872738,NA,TRUE,73,22,79,1,0.730769230769231,0.278481012658228,0.435643564356436,NA,NA,NA,NA,0.00070692915504431,17.9625814466152,1.27558862094607,56.1383759194122,319,-193583.377640552,-192114.328351222,1,1,0.730769230769231,"specific_effect_common6_specific4",61,1000,100,4,6,4,0.25,40,0.96,30,90,3
"Separate 2D path/grid BIC",4,NA,30.449082328768,1.60899032506678,NA,0.31995934158833,97819.5209113951,97092.6586476096,FALSE,100,22,97,1,0.961538461538462,0.22680412371134,0.369747899159664,0.975,0.541666666666667,0.166666666666667,0.284671532846715,0.000535688734210515,55.9996007269949,0.771676907281187,50.6208797277712,237,-194001.903821671,-192910.478487592,1,1,0.961538461538462,"specific_effect_common6_specific4",61,1000,100,4,6,4,0.25,40,0.96,30,90,3
"Separate 2D path/grid BIC + refit",4,NA,30.449082328768,1.60899032506678,NA,0.32457151306776,97926.8628027657,NA,FALSE,100,22,97,1,0.961538461538462,0.22680412371134,0.369747899159664,NA,NA,NA,NA,0.00141635577634177,7.46155690232268,2.50633860792017,57.3349865130861,391,-193152.793291449,-191352.171748728,1,1,0.961538461538462,"specific_effect_common6_specific4",61,1000,100,4,6,4,0.25,40,0.96,30,90,3
"Eta centered path BIC",4,NA,NA,NA,1.25416567036309,0.345862821890073,97719.2588437096,97547.5121104331,TRUE,16,22,25,0.909090909090909,0.0641025641025641,0.8,0.851063829787234,NA,NA,NA,NA,0.000280713701518478,78.9758375906765,1.05169867095745,53.2630192713142,178,-194208.93724776,-193389.216954655,1,0.875,0.0641025641025641,"specific_effect_common6_specific4",61,1000,100,4,6,4,0.25,40,0.96,30,90,3
"Eta centered path BIC + refit",4,NA,NA,NA,1.25416567036309,0.361720866730723,97755.1001887217,NA,TRUE,76,22,25,0.909090909090909,0.0641025641025641,0.8,0.851063829787234,NA,NA,NA,NA,0.000494937938057474,5.91995894694279,0.874973438198148,56.0258007079243,103,-194798.701583708,-194324.369054551,1,0.875,0.0641025641025641,"specific_effect_common6_specific4",61,1000,100,4,6,4,0.25,40,0.96,30,90,3
"Rossi path BIC",4,44.9210493929178,NA,NA,NA,0.399074947229751,97338.9526424891,96763.7152740697,TRUE,2,22,94,1,0.923076923076923,0.234042553191489,0.379310344827586,1,0.433333333333333,0.204081632653061,0.338983050847458,0.000156411036184478,5.18435234072083,0.374506178248004,59.3903196015933,199,-193303.261984461,-192386.833117449,1,1,0.923076923076923,"specific_effect_common6_specific4",62,1000,100,4,6,4,0.25,40,0.96,30,90,3
"Rossi path BIC + refit",4,44.9210493929178,NA,NA,NA,0.314427656119926,97415.8429888028,NA,TRUE,76,22,94,1,0.923076923076923,0.234042553191489,0.379310344827586,NA,NA,NA,NA,0.00051626305789126,10.6844887832415,1.11408708154342,59.5053281862192,379,-192213.646726871,-190468.287226382,1,1,0.923076923076923,"specific_effect_common6_specific4",62,1000,100,4,6,4,0.25,40,0.96,30,90,3
"Separate 2D path/grid BIC",4,NA,48.7529249500404,0,NA,0.397780620412074,97327.7238763005,96715.2903268067,TRUE,2,22,93,1,0.91025641025641,0.236559139784946,0.382608695652174,1,0.391666666666667,0.220994475138122,0.361990950226244,0.000144714470082762,4.10988204508898,0.337691227090094,59.0774765368422,184,-193384.420781268,-192537.069467046,1,1,0.91025641025641,"specific_effect_common6_specific4",62,1000,100,4,6,4,0.25,40,0.96,30,90,3
"Separate 2D path/grid BIC + refit",4,NA,48.7529249500404,0,NA,0.313468576939822,97415.4777635987,NA,TRUE,60,22,93,1,0.91025641025641,0.236559139784946,0.382608695652174,NA,NA,NA,NA,0.000511380509151429,10.2348332811897,1.09777046839801,59.4738038969252,375,-192240.547297579,-190513.608477834,1,1,0.91025641025641,"specific_effect_common6_specific4",62,1000,100,4,6,4,0.25,40,0.96,30,90,3
"Eta centered path BIC",4,NA,NA,NA,1.55340444766623,0.34260734010871,97221.3980176906,96846.4151364137,TRUE,25,22,51,0.818181818181818,0.423076923076923,0.352941176470588,0.493150684931507,NA,NA,NA,NA,0.000869249449264341,233.855567939641,3.33996478990974,66.2631021018541,256,-192674.410683962,-191495.487116349,1,0.75,0.423076923076923,"specific_effect_common6_specific4",62,1000,100,4,6,4,0.25,40,0.96,30,90,3
"Eta centered path BIC + refit",4,NA,NA,NA,1.55340444766623,0.33618152746941,97306.5347707021,NA,TRUE,38,22,51,0.818181818181818,0.423076923076923,0.352941176470588,0.493150684931507,NA,NA,NA,NA,0.00104819274283855,281.347645660577,4.59129295768754,68.0948165392393,207,-193183.164198655,-192229.893970155,1,0.75,0.423076923076923,"specific_effect_common6_specific4",62,1000,100,4,6,4,0.25,40,0.96,30,90,3
"Rossi path BIC",4,27.2400099122613,NA,NA,NA,0.3864545117114,98000.5998558098,97597.685084021,TRUE,5,22,98,1,0.974358974358974,0.224489795918367,0.366666666666667,0.975,0.686111111111111,0.136363636363636,0.239263803680982,0.000582060401551528,25.8881354773487,1.30525873974112,61.7192750656645,289,-194004.858435994,-192673.964252243,1,1,0.974358974358974,"specific_effect_common6_specific4",63,1000,100,4,6,4,0.25,40,0.96,30,90,3
"Rossi path BIC + refit",4,27.2400099122613,NA,NA,NA,0.359372788581407,98036.2725020054,NA,TRUE,37,22,98,1,0.974358974358974,0.224489795918367,0.366666666666667,NA,NA,NA,NA,0.00106417458222596,33.8485736790198,2.38558061399051,61.7791085973507,395,-193343.981668813,-191524.939445348,1,1,0.974358974358974,"specific_effect_common6_specific4",63,1000,100,4,6,4,0.25,40,0.96,30,90,3
"Separate 2D path/grid BIC",4,NA,39.1241948552568,0,NA,0.396321756038799,97962.0775209549,97445.9050695745,TRUE,2,22,94,1,0.923076923076923,0.234042553191489,0.379310344827586,1,0.555555555555556,0.166666666666667,0.285714285714286,0.000271617452311491,65.4025748538174,0.870342343775063,64.217825137234,243,-194245.570509117,-193126.514153922,1,1,0.923076923076923,"specific_effect_common6_specific4",63,1000,100,4,6,4,0.25,40,0.96,30,90,3
"Separate 2D path/grid BIC + refit",4,NA,39.1241948552568,0,NA,0.354962221152516,98013.7240574,NA,TRUE,55,22,94,1,0.923076923076923,0.234042553191489,0.379310344827586,NA,NA,NA,NA,0.000530946874161577,102.128359601022,1.91848971972415,65.1947697984571,379,-193409.408864066,-191664.049363576,1,1,0.923076923076923,"specific_effect_common6_specific4",63,1000,100,4,6,4,0.25,40,0.96,30,90,3
"Eta centered path BIC",4,NA,NA,NA,1.76023139484903,0.32729844023434,97765.6941470983,97535.8863067994,FALSE,100,22,21,0.863636363636364,0.0256410256410256,0.904761904761905,0.883720930232558,NA,NA,NA,NA,0.000385283759266513,416.903155247344,3.96654703412869,66.8371874311464,166,-194384.700917886,-193620.242667012,1,0.8125,0.0256410256410256,"specific_effect_common6_specific4",63,1000,100,4,6,4,0.25,40,0.96,30,90,3
"Eta centered path BIC + refit",4,NA,NA,NA,1.76023139484903,0.397964992164183,97831.7796646366,NA,TRUE,45,22,21,0.863636363636364,0.0256410256410256,0.904761904761905,0.883720930232558,NA,NA,NA,NA,0.000333028712942143,68.8942970876272,1.01536823490753,63.9553548718429,87,-195062.584620002,-194661.934813821,1,0.8125,0.0256410256410256,"specific_effect_common6_specific4",63,1000,100,4,6,4,0.25,40,0.96,30,90,3
"Rossi path BIC",4,23.2466598882954,NA,NA,NA,0.411860593170639,97587.8777878877,97267.2321320021,TRUE,2,22,100,1,1,0.22,0.360655737704918,1,0.677777777777778,0.140845070422535,0.246913580246914,0.000223445790308283,1.22896983763899,0.478585388892883,58.3943115461107,287,-193193.229810707,-191871.545967329,1,1,1,"specific_effect_common6_specific4",64,1000,100,4,6,4,0.25,40,0.96,30,90,3
"Rossi path BIC + refit",4,23.2466598882954,NA,NA,NA,0.35534560470902,97622.8500586061,NA,TRUE,55,22,100,1,1,0.22,0.360655737704918,NA,NA,NA,NA,0.000534214955472459,2.45341627732184,0.94935304381145,57.6189580040921,403,-192461.874739782,-190605.991154829,1,1,1,"specific_effect_common6_specific4",64,1000,100,4,6,4,0.25,40,0.96,30,90,3
"Separate 2D path/grid BIC",4,NA,63.1269197212486,0,NA,0.379675523460284,97503.8153945428,96771.1570796917,TRUE,4,22,86,1,0.82051282051282,0.255813953488372,0.407407407407407,0.975,0.297222222222222,0.267123287671233,0.419354838709677,0.000180556021470852,2.74320436953362,0.277556786073364,57.3474924728846,149,-193978.375252517,-193292.204894805,1,1,0.82051282051282,"specific_effect_common6_specific4",64,1000,100,4,6,4,0.25,40,0.96,30,90,3
"Separate 2D path/grid BIC + refit",4,NA,63.1269197212486,0,NA,0.367787122322876,97605.6677124041,NA,TRUE,71,22,86,1,0.82051282051282,0.255813953488372,0.407407407407407,NA,NA,NA,NA,0.000489313532347262,2.21758846453149,0.866235439752859,57.5018232424877,347,-192814.344343001,-191216.350288463,1,1,0.82051282051282,"specific_effect_common6_specific4",64,1000,100,4,6,4,0.25,40,0.96,30,90,3
"Eta centered path BIC",4,NA,NA,NA,1.03265477822008,0.395953303929414,97489.4595212091,97283.2232615852,FALSE,100,22,49,0.909090909090909,0.371794871794872,0.408163265306122,0.563380281690141,NA,NA,NA,NA,0.000446433820706859,83.2435031948801,1.34477296925981,63.1541042038572,250,-193251.980222673,-192100.687676176,1,0.875,0.371794871794872,"specific_effect_common6_specific4",64,1000,100,4,6,4,0.25,40,0.96,30,90,3
"Eta centered path BIC + refit",4,NA,NA,NA,1.03265477822008,0.398337164959392,97539.9490427868,NA,TRUE,21,22,49,0.909090909090909,0.371794871794872,0.408163265306122,0.563380281690141,NA,NA,NA,NA,0.000688465787423535,99.2824465862837,2.24720278122356,63.7993355846318,199,-193705.254785056,-192788.825918044,1,0.875,0.371794871794872,"specific_effect_common6_specific4",64,1000,100,4,6,4,0.25,40,0.96,30,90,3
"Rossi path BIC",4,23.7239963316858,NA,NA,NA,0.402228315633017,98009.4707167908,97665.9255964222,TRUE,2,22,100,1,1,0.22,0.360655737704918,1,0.747222222222222,0.129449838187702,0.229226361031519,0.000275557303540851,21.1330627181351,0.742669134865048,61.3754720386736,312,-193863.721786539,-192426.908688511,1,1,1,"specific_effect_common6_specific4",65,1000,100,4,6,4,0.25,40,0.96,30,90,3
"Rossi path BIC + refit",4,23.7239963316858,NA,NA,NA,0.379453941561465,98043.7630509402,NA,TRUE,47,22,100,1,1,0.22,0.360655737704918,NA,NA,NA,NA,0.000714449519661393,43.8333264612241,1.89648390626766,62.1252482773917,403,-193303.700724451,-191447.817139497,1,1,1,"specific_effect_common6_specific4",65,1000,100,4,6,4,0.25,40,0.96,30,90,3
"Separate 2D path/grid BIC",4,NA,43.7866933825496,0,NA,0.430767000663509,97951.0467953884,97396.9047041336,TRUE,2,22,92,1,0.897435897435897,0.239130434782609,0.385964912280702,1,0.480555555555556,0.187793427230047,0.316205533596838,0.000113647174035112,10.2146103034317,0.316479185616531,60.2367203624354,216,-194410.018450517,-193415.301690343,1,1,0.897435897435897,"specific_effect_common6_specific4",65,1000,100,4,6,4,0.25,40,0.96,30,90,3
"Separate 2D path/grid BIC + refit",4,NA,43.7866933825496,0,NA,0.390123029859385,98033.2012554069,NA,TRUE,89,22,92,1,0.897435897435897,0.239130434782609,0.385964912280702,NA,NA,NA,NA,0.000645501719856061,34.6700109852157,1.66271305023135,61.7352730318645,371,-193503.625302311,-191795.10716331,1,1,0.897435897435897,"specific_effect_common6_specific4",65,1000,100,4,6,4,0.25,40,0.96,30,90,3
"Eta centered path BIC",4,NA,NA,NA,1.28733660850642,0.39443876601586,97828.4742678436,97634.0929053066,TRUE,63,22,33,0.954545454545455,0.153846153846154,0.636363636363636,0.763636363636364,NA,NA,NA,NA,0.000296396093765751,69.8183163612249,0.970824808085221,62.6639292975076,202,-194261.581969333,-193331.337591763,1,0.9375,0.153846153846154,"specific_effect_common6_specific4",65,1000,100,4,6,4,0.25,40,0.96,30,90,3
"Eta centered path BIC + refit",4,NA,NA,NA,1.28733660850642,0.408352989577327,97895.254933886,NA,TRUE,61,22,33,0.954545454545455,0.153846153846154,0.636363636363636,0.763636363636364,NA,NA,NA,NA,0.000196100746869036,5.77243004132252,0.448573674441655,59.2764833243794,135,-194857.962905109,-194236.264930001,1,0.9375,0.153846153846154,"specific_effect_common6_specific4",65,1000,100,4,6,4,0.25,40,0.96,30,90,3
"Rossi path BIC",4,28.5380981500638,NA,NA,NA,0.410974350908335,97556.6422383546,97168.0584186869,TRUE,2,22,99,1,0.987179487179487,0.222222222222222,0.363636363636364,1,0.602777777777778,0.155642023346304,0.269360269360269,0.000205416837534548,18.1413312641723,0.553640978364889,61.295104964923,260,-193317.268104174,-192119.923855817,1,1,0.987179487179487,"specific_effect_common6_specific4",66,1000,100,4,6,4,0.25,40,0.96,30,90,3
"Rossi path BIC + refit",4,28.5380981500638,NA,NA,NA,0.343949511802246,97595.019839858,NA,TRUE,86,22,99,1,0.987179487179487,0.222222222222222,0.363636363636364,NA,NA,NA,NA,0.00052925492877892,8.56631158783179,1.12345200274611,59.0621032886722,399,-192433.845323402,-190596.382419193,1,1,0.987179487179487,"specific_effect_common6_specific4",66,1000,100,4,6,4,0.25,40,0.96,30,90,3
"Separate 2D path/grid BIC",4,NA,31.0285819097505,0,NA,0.410983411309754,97551.8923267654,97134.3451703146,TRUE,2,22,99,1,0.987179487179487,0.222222222222222,0.363636363636364,1,0.588888888888889,0.158730158730159,0.273972602739726,0.000193820102230427,18.6090157385751,0.528445914608088,61.328524331859,255,-193342.30705739,-192167.988659963,1,1,0.987179487179487,"specific_effect_common6_specific4",66,1000,100,4,6,4,0.25,40,0.96,30,90,3
"Separate 2D path/grid BIC + refit",4,NA,31.0285819097505,0,NA,0.343392300979601,97595.0021354819,NA,TRUE,87,22,99,1,0.987179487179487,0.222222222222222,0.363636363636364,NA,NA,NA,NA,0.000529955791917512,8.51189615508542,1.12513867849712,59.0698401859013,399,-192433.80991465,-190596.347010441,1,1,0.987179487179487,"specific_effect_common6_specific4",66,1000,100,4,6,4,0.25,40,0.96,30,90,3
"Eta centered path BIC",4,NA,NA,NA,1.1252082357459,0.387068199671932,97437.1907656091,97220.8133596398,FALSE,100,22,48,0.909090909090909,0.358974358974359,0.416666666666667,0.571428571428572,NA,NA,NA,NA,0.000484915653341891,400.272727343036,4.39756837570798,66.578482324651,247,-193168.16597731,-192030.688941371,1,0.875,0.358974358974359,"specific_effect_common6_specific4",66,1000,100,4,6,4,0.25,40,0.96,30,90,3
"Eta centered path BIC + refit",4,NA,NA,NA,1.1252082357459,0.381239002059059,97484.3725273422,NA,TRUE,28,22,48,0.909090909090909,0.358974358974359,0.416666666666667,0.571428571428572,NA,NA,NA,NA,0.000576494113679663,141.31905137317,2.6444386120626,66.2016498569309,195,-193621.732775283,-192723.724589015,1,0.875,0.358974358974359,"specific_effect_common6_specific4",66,1000,100,4,6,4,0.25,40,0.96,30,90,3
"Rossi path BIC",4,12.0356142440552,NA,NA,NA,0.340181893609906,97831.0730518247,97642.5313334313,TRUE,2,22,100,1,1,0.22,0.360655737704918,1,0.863888888888889,0.113960113960114,0.20460358056266,0.000382702631041873,40.9832708713588,1.18163298524738,63.0598852491558,354,-193216.80073489,-191586.57048905,1,1,1,"specific_effect_common6_specific4",67,1000,100,4,6,4,0.25,40,0.96,30,90,3
"Rossi path BIC + refit",4,12.0356142440552,NA,NA,NA,0.326551020069527,97837.7124725826,NA,TRUE,18,22,100,1,1,0.22,0.360655737704918,NA,NA,NA,NA,0.000485194284473167,41.6476652546587,1.49276427465003,62.9442004163007,403,-192891.599567735,-191035.715982782,1,1,1,"specific_effect_common6_specific4",67,1000,100,4,6,4,0.25,40,0.96,30,90,3
"Separate 2D path/grid BIC",4,NA,46.8068176954657,0,NA,0.392510894749149,97758.757884284,97157.0727412212,TRUE,2,22,96,1,0.948717948717949,0.229166666666667,0.372881355932203,1,0.45,0.198019801980198,0.330578512396694,0.000139944339865421,7.36811822273134,0.393318989471957,59.7631373774426,205,-194101.425936377,-193157.366048249,1,1,0.948717948717949,"specific_effect_common6_specific4",67,1000,100,4,6,4,0.25,40,0.96,30,90,3
"Separate 2D path/grid BIC + refit",4,NA,46.8068176954657,0,NA,0.347385686270836,97833.5718644503,NA,TRUE,61,22,96,1,0.948717948717949,0.229166666666667,0.372881355932203,NA,NA,NA,NA,0.000474285972951688,12.3139275282039,1.18760491320108,60.0795157899449,387,-192993.842435935,-191211.641573957,1,1,0.948717948717949,"specific_effect_common6_specific4",67,1000,100,4,6,4,0.25,40,0.96,30,90,3
"Eta centered path BIC",4,NA,NA,NA,1.549174470321,0.354657391016048,97600.9840305343,97366.6427484491,TRUE,53,22,27,0.863636363636364,0.102564102564103,0.703703703703704,0.775510204081633,NA,NA,NA,NA,0.000380386047475802,81.2733827686044,1.33438002121002,61.8488980024911,184,-193930.941089736,-193083.589775514,1,0.8125,0.102564102564103,"specific_effect_common6_specific4",67,1000,100,4,6,4,0.25,40,0.96,30,90,3
"Eta centered path BIC + refit",4,NA,NA,NA,1.549174470321,0.420977337875583,97661.9247040171,NA,TRUE,85,22,27,0.863636363636364,0.102564102564103,0.703703703703704,0.775510204081633,NA,NA,NA,NA,0.000254754870066574,4.95795644814218,0.543589038632723,58.5894865438015,111,-194557.088572067,-194045.914681423,1,0.8125,0.102564102564103,"specific_effect_common6_specific4",67,1000,100,4,6,4,0.25,40,0.96,30,90,3
"Rossi path BIC",4,19.4274929435686,NA,NA,NA,0.440719017070347,97790.9199545054,97482.0353248677,TRUE,2,22,100,1,1,0.22,0.360655737704918,1,0.777777777777778,0.125,0.222222222222222,0.000612619369835026,3.78626150733254,1.11879859966858,57.0177355210537,323,-193350.6349539,-191863.164983825,1,1,1,"specific_effect_common6_specific4",68,1000,100,4,6,4,0.25,40,0.96,30,90,3
"Rossi path BIC + refit",4,19.4274929435686,NA,NA,NA,0.397874090826763,97813.1490250834,NA,TRUE,32,22,100,1,1,0.22,0.360655737704918,NA,NA,NA,NA,0.000977278450476853,9.39675754998704,1.70289843473355,55.9606422765165,403,-192842.472672737,-190986.589087784,1,1,1,"specific_effect_common6_specific4",68,1000,100,4,6,4,0.25,40,0.96,30,90,3
"Separate 2D path/grid BIC",4,NA,38.4951397015584,0,NA,0.452949978644799,97737.8982681381,97217.6782531188,TRUE,2,22,98,1,0.974358974358974,0.224489795918367,0.366666666666667,1,0.55,0.168067226890756,0.287769784172662,0.000218581434639389,37.054097685982,0.816515975484139,60.9801098635456,241,-193811.027514042,-192701.181499218,1,1,0.974358974358974,"specific_effect_common6_specific4",68,1000,100,4,6,4,0.25,40,0.96,30,90,3
"Separate 2D path/grid BIC + refit",4,NA,38.4951397015584,0,NA,0.407665611278628,97799.7606646741,NA,TRUE,85,22,98,1,0.974358974358974,0.224489795918367,0.366666666666667,NA,NA,NA,NA,0.000709779978737284,21.661734126993,1.70819103290287,58.6681248534123,395,-192870.95799415,-191051.915770685,1,1,0.974358974358974,"specific_effect_common6_specific4",68,1000,100,4,6,4,0.25,40,0.96,30,90,3
"Eta centered path BIC",4,NA,NA,NA,1.89480223092231,0.373914940084284,97522.6357663604,97205.7042434879,TRUE,65,22,34,0.863636363636364,0.192307692307692,0.558823529411765,0.678571428571429,NA,NA,NA,NA,0.000638974523155348,109.015042104707,2.15248016790773,59.9424503844043,205,-193629.18170053,-192685.121812402,1,0.8125,0.192307692307692,"specific_effect_common6_specific4",68,1000,100,4,6,4,0.25,40,0.96,30,90,3
"Eta centered path BIC + refit",4,NA,NA,NA,1.89480223092231,0.484833578528294,97649.4274191431,NA,TRUE,25,22,34,0.863636363636364,0.192307692307692,0.558823529411765,0.678571428571429,NA,NA,NA,NA,0.000880464699930311,84.0923905483819,2.60107786896109,61.2352723036805,139,-194338.676854508,-193698.558198655,1,0.8125,0.192307692307692,"specific_effect_common6_specific4",68,1000,100,4,6,4,0.25,40,0.96,30,90,3
"Rossi path BIC",4,28.0671725269389,NA,NA,NA,0.406860831705971,97449.3818047333,97053.9058224203,TRUE,2,22,100,1,1,0.22,0.360655737704918,0.925,0.636111111111111,0.139097744360902,0.241830065359477,0.000891217892223901,127.605546500632,2.43645143228176,60.4381280397119,269,-193040.57743942,-191801.78665939,1,1,1,"specific_effect_common6_specific4",69,1000,100,4,6,4,0.25,40,0.96,30,90,3
"Rossi path BIC + refit",4,28.0671725269389,NA,NA,NA,0.400177681980173,97516.197210433,NA,TRUE,51,22,100,1,1,0.22,0.360655737704918,NA,NA,NA,NA,0.00218412916732396,316.531189330252,6.0026614714529,62.8326749248159,403,-192248.569043436,-190392.685458483,1,1,1,"specific_effect_common6_specific4",69,1000,100,4,6,4,0.25,40,0.96,30,90,3
"Separate 2D path/grid BIC",4,NA,63.6858135256782,0,NA,0.43074245593805,97358.802002665,96608.0900724067,TRUE,3,22,81,1,0.756410256410256,0.271604938271605,0.427184466019418,0.975,0.277777777777778,0.280575539568345,0.435754189944134,0.000207199517246146,3.9713086823875,0.405166186545162,58.8493526064774,142,-193736.702755715,-193082.768589304,1,1,0.756410256410256,"specific_effect_common6_specific4",69,1000,100,4,6,4,0.25,40,0.96,30,90,3
"Separate 2D path/grid BIC + refit",4,NA,63.6858135256782,0,NA,0.39287427735735,97467.577856275,NA,FALSE,100,22,81,1,0.756410256410256,0.271604938271605,0.427184466019418,NA,NA,NA,NA,0.000825506695620214,24.4554135143106,1.9236021816226,59.8079047246482,327,-192676.319736323,-191170.429085505,1,1,0.756410256410256,"specific_effect_common6_specific4",69,1000,100,4,6,4,0.25,40,0.96,30,90,3
"Eta centered path BIC",4,NA,NA,NA,1.95889585409226,0.328672957524208,97228.1912212682,96825.0011992858,TRUE,87,22,43,0.863636363636364,0.307692307692308,0.441860465116279,0.584615384615385,NA,NA,NA,NA,0.000624597926396471,603.725184211141,5.87180830043238,67.8764431820444,232,-192853.783217813,-191785.383734663,1,0.8125,0.307692307692308,"specific_effect_common6_specific4",69,1000,100,4,6,4,0.25,40,0.96,30,90,3
"Eta centered path BIC + refit",4,NA,NA,NA,1.95889585409226,0.402429925215549,97361.4787171354,NA,TRUE,27,22,43,0.863636363636364,0.307692307692308,0.441860465116279,0.584615384615385,NA,NA,NA,NA,0.000835458076641904,555.698902933272,6.39087595546109,66.6620512502661,175,-193514.100260449,-192708.195477901,1,0.8125,0.307692307692308,"specific_effect_common6_specific4",69,1000,100,4,6,4,0.25,40,0.96,30,90,3
"Rossi path BIC",4,38.7266270369193,NA,NA,NA,0.415026601702857,97656.7261020553,97156.7596456146,TRUE,2,22,97,1,0.961538461538462,0.22680412371134,0.369747899159664,1,0.494444444444444,0.18348623853211,0.310077519379845,0.000138779550822509,3.19903857986362,0.303465690190774,58.1223411167176,221,-193786.838287455,-192769.095676352,1,1,0.961538461538462,"specific_effect_common6_specific4",70,1000,100,4,6,4,0.25,40,0.96,30,90,3
"Rossi path BIC + refit",4,38.7266270369193,NA,NA,NA,0.357356056860841,97732.9119938876,NA,TRUE,49,22,97,1,0.961538461538462,0.22680412371134,0.369747899159664,NA,NA,NA,NA,0.00068269655220012,8.57022741379144,1.04020348017613,57.44970852356,391,-192764.891673693,-190964.270130972,1,1,0.961538461538462,"specific_effect_common6_specific4",70,1000,100,4,6,4,0.25,40,0.96,30,90,3
"Separate 2D path/grid BIC",4,NA,59.0215772864183,0,NA,0.403790132909994,97605.863872258,96909.6171335791,TRUE,2,22,88,1,0.846153846153846,0.25,0.4,1,0.302777777777778,0.268456375838926,0.423280423280423,0.00012238160525763,6.63278625731836,0.26062907044659,57.1961004282503,152,-194161.748942111,-193461.76307384,1,1,0.846153846153846,"specific_effect_common6_specific4",70,1000,100,4,6,4,0.25,40,0.96,30,90,3
"Separate 2D path/grid BIC + refit",4,NA,59.0215772864183,0,NA,0.354951700039628,97719.820521626,NA,TRUE,29,22,88,1,0.846153846153846,0.25,0.4,NA,NA,NA,NA,0.00060953495252078,7.0454519106928,0.929481347347192,57.4248554635152,355,-192987.387919213,-191352.552503188,1,1,0.846153846153846,"specific_effect_common6_specific4",70,1000,100,4,6,4,0.25,40,0.96,30,90,3
"Eta centered path BIC",4,NA,NA,NA,2.171696936188,0.300434554074685,97360.9339139668,97106.533348824,TRUE,98,22,20,0.681818181818182,0.0641025641025641,0.75,0.714285714285714,NA,NA,NA,NA,0.000545315079663913,456.552492161552,4.70861574735291,65.7600941613913,163,-193595.903717459,-192845.260977143,1,0.5625,0.0641025641025641,"specific_effect_common6_specific4",70,1000,100,4,6,4,0.25,40,0.96,30,90,3
"Eta centered path BIC + refit",4,NA,NA,NA,2.171696936188,0.408369175176108,97509.164733834,NA,TRUE,52,22,20,0.681818181818182,0.0641025641025641,0.75,0.714285714285714,NA,NA,NA,NA,0.0006166721115218,422.118266151916,4.63084778878375,64.6329846740197,83,-194444.985779513,-194062.756654076,1,0.5625,0.0641025641025641,"specific_effect_common6_specific4",70,1000,100,4,6,4,0.25,40,0.96,30,90,3
"Rossi path BIC",4,41.8820651750791,NA,NA,NA,0.391214733154901,97354.3619228775,96813.1449058075,TRUE,19,22,95,1,0.935897435897436,0.231578947368421,0.376068376068376,1,0.472222222222222,0.19047619047619,0.32,0.000172465374009304,2.12504673750609,0.358884165507899,58.5304320773312,213,-193237.371971332,-192256.470721716,1,1,0.935897435897436,"specific_effect_common6_specific4",71,1000,100,4,6,4,0.25,40,0.96,30,90,3
"Rossi path BIC + refit",4,41.8820651750791,NA,NA,NA,0.395839300397237,97432.4722275006,NA,FALSE,100,22,95,1,0.935897435897436,0.231578947368421,0.376068376068376,NA,NA,NA,NA,0.00062333043724796,14.6835500240375,1.43652841226744,60.2590086289052,383,-192219.274183151,-190455.494001918,1,1,0.935897435897436,"specific_effect_common6_specific4",71,1000,100,4,6,4,0.25,40,0.96,30,90,3
"Separate 2D path/grid BIC",4,NA,64.4775691319912,0,NA,0.389324569480145,97317.3290596106,96516.6677480707,TRUE,6,22,87,1,0.833333333333333,0.252873563218391,0.403669724770642,0.925,0.391666666666667,0.207865168539326,0.339449541284404,0.000327243833205388,979.584107292939,8.62908217749256,72.9176901245276,181,-193384.354413725,-192550.818610062,1,1,0.833333333333333,"specific_effect_common6_specific4",71,1000,100,4,6,4,0.25,40,0.96,30,90,3
"Separate 2D path/grid BIC + refit",4,NA,64.4775691319912,0,NA,0.334176853383959,97421.6742797749,NA,FALSE,100,22,87,1,0.833333333333333,0.252873563218391,0.403669724770642,NA,NA,NA,NA,0.000566305490871623,788.981632938643,7.88591931636952,72.1254594802499,351,-192418.726456627,-190802.311721345,1,1,0.833333333333333,"specific_effect_common6_specific4",71,1000,100,4,6,4,0.25,40,0.96,30,90,3
"Eta centered path BIC",4,NA,NA,NA,1.79940947390305,0.322928634890076,97158.445963659,96914.4230044864,TRUE,37,22,23,0.727272727272727,0.0897435897435897,0.695652173913043,0.711111111111111,NA,NA,NA,NA,0.000465879857872056,225.481463169635,2.43302358579027,66.4131208483272,172,-193128.758019333,-192336.668747343,1,0.625,0.0897435897435897,"specific_effect_common6_specific4",71,1000,100,4,6,4,0.25,40,0.96,30,90,3
"Eta centered path BIC + refit",4,NA,NA,NA,1.79940947390305,0.371361278993351,97228.5673538048,NA,TRUE,23,22,23,0.727272727272727,0.0897435897435897,0.695652173913043,0.711111111111111,NA,NA,NA,NA,0.000504058101277111,176.941790599575,2.55048633314416,65.3527562593598,95,-193800.897956106,-193363.406788437,1,0.625,0.0897435897435897,"specific_effect_common6_specific4",71,1000,100,4,6,4,0.25,40,0.96,30,90,3
"Rossi path BIC",4,24.3688858429447,NA,NA,NA,0.425913366753382,97727.2042851266,97383.2139568008,TRUE,2,22,99,1,0.987179487179487,0.222222222222222,0.363636363636364,1,0.686111111111111,0.139372822299652,0.244648318042813,0.000248092865669641,7.38107486489853,0.685156875356644,59.7304658342966,290,-193451.159539348,-192115.660185412,1,1,0.987179487179487,"specific_effect_common6_specific4",72,1000,100,4,6,4,0.25,40,0.96,30,90,3
"Rossi path BIC + refit",4,24.3688858429447,NA,NA,NA,0.36716372488603,97762.9333916099,NA,TRUE,37,22,99,1,0.987179487179487,0.222222222222222,0.363636363636364,NA,NA,NA,NA,0.00057394133681716,1.4089284915232,1.28413133995302,57.6554426642283,399,-192769.672426906,-190932.209522697,1,1,0.987179487179487,"specific_effect_common6_specific4",72,1000,100,4,6,4,0.25,40,0.96,30,90,3
"Separate 2D path/grid BIC",4,NA,43.8223491193993,0,NA,0.417821267688722,97686.958919461,97121.391686945,TRUE,2,22,93,1,0.91025641025641,0.236559139784946,0.382608695652174,1,0.497222222222222,0.182648401826484,0.308880308880309,0.000160651540089921,8.21050533882762,0.445615660962417,59.6567779947908,222,-193840.396166988,-192818.048385699,1,1,0.91025641025641,"specific_effect_common6_specific4",72,1000,100,4,6,4,0.25,40,0.96,30,90,3
"Separate 2D path/grid BIC + refit",4,NA,43.8223491193993,0,NA,0.362216628718518,97757.613621813,NA,TRUE,50,22,93,1,0.91025641025641,0.236559139784946,0.382608695652174,NA,NA,NA,NA,0.000595644321942605,0.155106372088673,1.22984649180165,57.5667121277906,375,-192924.819014008,-191197.880194262,1,1,0.91025641025641,"specific_effect_common6_specific4",72,1000,100,4,6,4,0.25,40,0.96,30,90,3
"Eta centered path BIC",4,NA,NA,NA,2.32410403449762,0.32171481063725,97440.9074884593,97036.7598579415,TRUE,96,22,28,0.636363636363636,0.179487179487179,0.5,0.56,NA,NA,NA,NA,0.00066831626017869,216.515268163974,2.80815197931495,66.8420285294955,187,-193590.064739749,-192728.897914969,1,0.5,0.179487179487179,"specific_effect_common6_specific4",72,1000,100,4,6,4,0.25,40,0.96,30,90,3
"Eta centered path BIC + refit",4,NA,NA,NA,2.32410403449762,0.364308377488152,97533.914285337,NA,TRUE,31,22,28,0.636363636363636,0.179487179487179,0.5,0.56,NA,NA,NA,NA,0.000895832631817762,204.42005426287,3.67388012924326,66.4129835399666,115,-194273.436713591,-193743.842142203,1,0.5,0.179487179487179,"specific_effect_common6_specific4",72,1000,100,4,6,4,0.25,40,0.96,30,90,3
"Rossi path BIC",4,35.1066701439715,NA,NA,NA,0.38581613965568,97487.9294136243,97020.0622698688,TRUE,6,22,99,1,0.987179487179487,0.222222222222222,0.363636363636364,1,0.547222222222222,0.168776371308017,0.288808664259928,0.000202904387267503,12.0640328041842,0.50815512771028,60.055936679692,240,-193317.997560293,-192212.756715656,1,1,0.987179487179487,"specific_effect_common6_specific4",73,1000,100,4,6,4,0.25,40,0.96,30,90,3
"Rossi path BIC + refit",4,35.1066701439715,NA,NA,NA,0.310132010211694,97558.1997943121,NA,TRUE,54,22,99,1,0.987179487179487,0.222222222222222,0.363636363636364,NA,NA,NA,NA,0.000671400651648894,17.669433667945,1.66243786185829,59.4878613967927,399,-192360.20523231,-190522.742328101,1,1,0.987179487179487,"specific_effect_common6_specific4",73,1000,100,4,6,4,0.25,40,0.96,30,90,3
"Separate 2D path/grid BIC",4,NA,43.8051278603368,0,NA,0.363736136888843,97488.5829732438,96904.1412783048,TRUE,2,22,96,1,0.948717948717949,0.229166666666667,0.372881355932203,1,0.513888888888889,0.177777777777778,0.30188679245283,0.000333962449915757,74.328963488213,1.24212775789716,64.1480798055755,228,-193402.19774288,-192352.218940474,1,1,0.948717948717949,"specific_effect_common6_specific4",73,1000,100,4,6,4,0.25,40,0.96,30,90,3
"Separate 2D path/grid BIC + refit",4,NA,43.8051278603368,0,NA,0.333182714991218,97559.6658070054,NA,TRUE,63,22,96,1,0.948717948717949,0.229166666666667,0.372881355932203,NA,NA,NA,NA,0.000699272497156049,157.551810122884,3.18764895342355,67.0478582957215,387,-192446.030321045,-190663.829459067,1,1,0.948717948717949,"specific_effect_common6_specific4",73,1000,100,4,6,4,0.25,40,0.96,30,90,3
"Eta centered path BIC",4,NA,NA,NA,3.20431957908674,0.28000810263607,97076.5886275953,96533.8035745021,TRUE,61,22,29,0.681818181818182,0.179487179487179,0.517241379310345,0.588235294117647,NA,NA,NA,NA,0.000883001401335885,230.965037559063,3.62695278023649,66.6040024074974,190,-192840.703752184,-191965.721416846,1,0.5625,0.179487179487179,"specific_effect_common6_specific4",73,1000,100,4,6,4,0.25,40,0.96,30,90,3
"Eta centered path BIC + refit",4,NA,NA,NA,3.20431957908674,0.284642197167136,97300.1221497584,NA,TRUE,21,22,29,0.681818181818182,0.179487179487179,0.517241379310345,0.588235294117647,NA,NA,NA,NA,0.00123800915432908,178.452889567817,4.76560800932792,65.3592744270117,119,-193778.221421318,-193230.206169185,1,0.5625,0.179487179487179,"specific_effect_common6_specific4",73,1000,100,4,6,4,0.25,40,0.96,30,90,3
"Rossi path BIC",4,31.5471567078499,NA,NA,NA,0.349568201048665,97312.3804118562,96848.1305177435,TRUE,2,22,99,1,0.987179487179487,0.222222222222222,0.363636363636364,0.975,0.619444444444444,0.148854961832061,0.258278145695364,0.000785236073746374,80.6319533256564,1.81919996782342,59.4771720074783,265,-192794.205674782,-191573.835575495,1,1,0.987179487179487,"specific_effect_common6_specific4",74,1000,100,4,6,4,0.25,40,0.96,30,90,3
"Rossi path BIC + refit",4,31.5471567078499,NA,NA,NA,0.318645398814252,97370.3379875413,NA,TRUE,64,22,99,1,0.987179487179487,0.222222222222222,0.363636363636364,NA,NA,NA,NA,0.00141783130838952,80.7467289347263,2.66909504927109,58.9761177365493,399,-191984.481618769,-190147.018714559,1,1,0.987179487179487,"specific_effect_common6_specific4",74,1000,100,4,6,4,0.25,40,0.96,30,90,3
"Separate 2D path/grid BIC",4,NA,54.0492001620892,0,NA,0.375413511697636,97246.0457846097,96567.8762965473,TRUE,2,22,92,1,0.897435897435897,0.239130434782609,0.385964912280702,0.975,0.411111111111111,0.20855614973262,0.343612334801762,0.000177285141656484,5.58666099270347,0.388133402751273,57.890467246743,190,-193179.618066213,-192304.635730875,1,1,0.897435897435897,"specific_effect_common6_specific4",74,1000,100,4,6,4,0.25,40,0.96,30,90,3
"Separate 2D path/grid BIC + refit",4,NA,54.0492001620892,0,NA,0.325242032136193,97345.7763027149,NA,TRUE,55,22,92,1,0.897435897435897,0.239130434782609,0.385964912280702,NA,NA,NA,NA,0.000532540076806168,8.44752375102713,1.1684247413862,57.8517053596551,371,-192128.775396927,-190420.257257926,1,1,0.897435897435897,"specific_effect_common6_specific4",74,1000,100,4,6,4,0.25,40,0.96,30,90,3
"Eta centered path BIC",4,NA,NA,NA,1.0565936714418,0.36793911471281,97167.7781274681,97012.660795522,TRUE,22,22,38,0.863636363636364,0.243589743589744,0.5,0.633333333333333,NA,NA,NA,NA,0.000303828685961433,27.4858439762003,0.727121676019679,56.0709718421902,217,-192836.573359397,-191837.251429038,1,0.8125,0.243589743589744,"specific_effect_common6_specific4",74,1000,100,4,6,4,0.25,40,0.96,30,90,3
"Eta centered path BIC + refit",4,NA,NA,NA,1.0565936714418,0.361544244557672,97200.5254565316,NA,FALSE,100,22,38,0.863636363636364,0.243589743589744,0.5,0.633333333333333,NA,NA,NA,NA,0.000714233201758635,25.0037118841669,1.6090614404104,59.3811930719626,155,-193330.348844821,-192616.547465993,1,0.8125,0.243589743589744,"specific_effect_common6_specific4",74,1000,100,4,6,4,0.25,40,0.96,30,90,3
"Rossi path BIC",4,52.1072641207527,NA,NA,NA,0.421897159986385,97560.2695833982,96894.3748107225,TRUE,3,22,94,1,0.923076923076923,0.234042553191489,0.379310344827586,1,0.452777777777778,0.197044334975369,0.329218106995885,0.000144442589554618,12.6866181628879,0.373000078995827,60.2914594637532,206,-193697.541579326,-192748.876521013,1,1,0.923076923076923,"specific_effect_common6_specific4",75,1000,100,4,6,4,0.25,40,0.96,30,90,3
"Rossi path BIC + refit",4,52.1072641207527,NA,NA,NA,0.34175521256654,97655.4764189173,NA,TRUE,42,22,94,1,0.923076923076923,0.234042553191489,0.379310344827586,NA,NA,NA,NA,0.00048245711411125,17.8368938719144,1.28368850459337,61.0110460906973,379,-192692.9135871,-190947.554086611,1,1,0.923076923076923,"specific_effect_common6_specific4",75,1000,100,4,6,4,0.25,40,0.96,30,90,3
"Separate 2D path/grid BIC",4,NA,58.1759234688779,0,NA,0.416793168287681,97541.6174777199,96818.1078460051,TRUE,2,22,91,1,0.884615384615385,0.241758241758242,0.389380530973451,1,0.416666666666667,0.210526315789474,0.347826086956522,0.000124357715755887,10.2384238887336,0.305602870220142,59.9778758074942,193,-193750.038186596,-192861.240340701,1,1,0.884615384615385,"specific_effect_common6_specific4",75,1000,100,4,6,4,0.25,40,0.96,30,90,3
"Separate 2D path/grid BIC + refit",4,NA,58.1759234688779,0,NA,0.361452407064006,97648.8407368312,NA,TRUE,37,22,91,1,0.884615384615385,0.241758241758242,0.389380530973451,NA,NA,NA,NA,0.000453202854995632,18.0517149990448,1.20737612104255,60.980841185107,367,-192762.535286276,-191072.437828018,1,1,0.884615384615385,"specific_effect_common6_specific4",75,1000,100,4,6,4,0.25,40,0.96,30,90,3
"Eta centered path BIC",4,NA,NA,NA,1.95588233390906,0.317791590214747,97320.7128264308,97017.8318252706,TRUE,51,22,25,0.727272727272727,0.115384615384615,0.64,0.680851063829787,NA,NA,NA,NA,0.000476213321449272,636.934062182247,5.83591777486923,69.2195542730332,178,-193411.845213203,-192592.124920097,1,0.625,0.115384615384615,"specific_effect_common6_specific4",75,1000,100,4,6,4,0.25,40,0.96,30,90,3
"Eta centered path BIC + refit",4,NA,NA,NA,1.95588233390906,0.362100293433914,97421.0896303134,NA,FALSE,100,22,25,0.727272727272727,0.115384615384615,0.64,0.680851063829787,NA,NA,NA,NA,0.000570360693909783,360.806933698962,4.29216897177123,67.4928379865668,103,-194130.680466892,-193656.347937735,1,0.625,0.115384615384615,"specific_effect_common6_specific4",75,1000,100,4,6,4,0.25,40,0.96,30,90,3
"Rossi path BIC",4,37.1623350614041,NA,NA,NA,0.408519381225966,97911.3795462297,97401.9214003927,TRUE,2,22,98,1,0.974358974358974,0.224489795918367,0.366666666666667,0.975,0.577777777777778,0.157894736842105,0.271777003484321,0.000342170133636882,90.2383826392874,1.39631175584806,64.2308214928839,250,-194095.820272714,-192944.527726217,1,1,0.974358974358974,"specific_effect_common6_specific4",76,1000,100,4,6,4,0.25,40,0.96,30,90,3
"Rossi path BIC + refit",4,37.1623350614041,NA,NA,NA,0.359498983696138,97967.6552374975,NA,FALSE,100,22,98,1,0.974358974358974,0.224489795918367,0.366666666666667,NA,NA,NA,NA,0.00070482813542026,175.311603506794,3.23686075980293,66.2516210592746,395,-193206.747139797,-191387.704916332,1,1,0.974358974358974,"specific_effect_common6_specific4",76,1000,100,4,6,4,0.25,40,0.96,30,90,3
"Separate 2D path/grid BIC",4,NA,38.1970665445907,1.23061594833441,NA,0.405096862544862,97873.1675130085,97102.9698251714,TRUE,2,22,95,1,0.935897435897436,0.231578947368421,0.376068376068376,1,0.469444444444444,0.191387559808612,0.321285140562249,0.000167772240751221,6.83538207357643,0.353036965711407,55.3901925508734,212,-194281.890906873,-193305.594827443,1,1,0.935897435897436,"specific_effect_common6_specific4",76,1000,100,4,6,4,0.25,40,0.96,30,90,3
"Separate 2D path/grid BIC + refit",4,NA,38.1970665445907,1.23061594833441,NA,0.328600416369213,97951.4630804,NA,TRUE,73,22,95,1,0.935897435897436,0.231578947368421,0.376068376068376,NA,NA,NA,NA,0.000676586353881288,6.45056259328279,1.16288975824876,58.7976592069881,383,-193257.25588895,-191493.475707716,1,1,0.935897435897436,"specific_effect_common6_specific4",76,1000,100,4,6,4,0.25,40,0.96,30,90,3
"Eta centered path BIC",4,NA,NA,NA,1.92031583416644,0.328601385531831,97695.0329146997,97423.3134371496,TRUE,9,22,19,0.681818181818182,0.0512820512820513,0.789473684210526,0.731707317073171,NA,NA,NA,NA,0.000527395999392085,441.158844070615,4.48598081506351,66.5295814471058,160,-194284.824984762,-193547.997755004,1,0.5625,0.0512820512820513,"specific_effect_common6_specific4",76,1000,100,4,6,4,0.25,40,0.96,30,90,3
"Eta centered path BIC + refit",4,NA,NA,NA,1.92031583416644,0.40919169170965,97736.5205518175,NA,TRUE,39,22,19,0.681818181818182,0.0512820512820513,0.789473684210526,0.731707317073171,NA,NA,NA,NA,0.000583231231613053,259.808273378253,3.30645070299812,62.6155765679874,79,-194927.328436596,-194563.519991902,1,0.5625,0.0512820512820513,"specific_effect_common6_specific4",76,1000,100,4,6,4,0.25,40,0.96,30,90,3
"Rossi path BIC",4,33.4502536194836,NA,NA,NA,0.375398489033249,97759.1261722249,97293.1671786025,TRUE,2,22,96,1,0.948717948717949,0.229166666666667,0.372881355932203,1,0.622222222222222,0.151515151515152,0.263157894736842,0.000299727342856925,36.5975922190628,0.819245888383692,62.950931425321,267,-193673.881684962,-192444.301245303,1,1,0.948717948717949,"specific_effect_common6_specific4",77,1000,100,4,6,4,0.25,40,0.96,30,90,3
"Rossi path BIC + refit",4,33.4502536194836,NA,NA,NA,0.361320782720058,97804.386455361,NA,TRUE,60,22,96,1,0.948717948717949,0.229166666666667,0.372881355932203,NA,NA,NA,NA,0.00078138511308813,61.1505844807816,2.17973693856072,63.6744687440748,387,-192935.471617756,-191153.270755779,1,1,0.948717948717949,"specific_effect_common6_specific4",77,1000,100,4,6,4,0.25,40,0.96,30,90,3
"Separate 2D path/grid BIC",4,NA,40.5419257032887,0.997412328625014,NA,0.372863428580793,97709.0455920576,96968.9943196337,TRUE,3,22,98,1,0.974358974358974,0.224489795918367,0.366666666666667,1,0.483333333333333,0.186915887850467,0.31496062992126,0.000204583069124816,10.2745882116442,0.407150684018007,55.2751950800013,217,-193919.108288576,-192919.786358217,1,1,0.974358974358974,"specific_effect_common6_specific4",77,1000,100,4,6,4,0.25,40,0.96,30,90,3
"Separate 2D path/grid BIC + refit",4,NA,40.5419257032887,0.997412328625014,NA,0.358309277892409,97810.0952062322,NA,TRUE,93,22,98,1,0.974358974358974,0.224489795918367,0.366666666666667,NA,NA,NA,NA,0.00123626129256186,35.8436576985006,1.88712623749688,57.6157728086401,395,-192891.627077267,-191072.584853801,1,1,0.974358974358974,"specific_effect_common6_specific4",77,1000,100,4,6,4,0.25,40,0.96,30,90,3
"Eta centered path BIC",4,NA,NA,NA,2.27001587539636,0.270968315188664,98324.310474086,-21525388.9726194,TRUE,96,22,100,1,1,0.22,0.360655737704918,NA,NA,NA,NA,0.00507657352841197,499934190056.479,3351630320.2678,500027.395886809,403,-193864.795570742,-192008.911985789,1,1,1,"specific_effect_common6_specific4",77,1000,100,4,6,4,0.25,40,0.96,30,90,3
"Eta centered path BIC + refit",4,NA,NA,NA,2.27001587539636,0.294514529949728,98525.5744526303,NA,TRUE,16,22,100,1,1,0.22,0.360655737704918,NA,NA,NA,NA,0.00501646119192474,499945001593.663,3351743512.59271,500030.469137944,403,-194267.323527831,-192411.439942878,1,1,1,"specific_effect_common6_specific4",77,1000,100,4,6,4,0.25,40,0.96,30,90,3
"Rossi path BIC",4,27.09124917985,NA,NA,NA,0.395430733749058,97811.4691563941,97424.6506578157,TRUE,2,22,100,1,1,0.22,0.360655737704918,1,0.713888888888889,0.134680134680135,0.237388724035608,0.000311977793343826,17.2799595215777,0.870443498053759,60.686893868081,300,-193550.611729094,-192169.060673297,1,1,1,"specific_effect_common6_specific4",78,1000,100,4,6,4,0.25,40,0.96,30,90,3
"Rossi path BIC + refit",4,27.09124917985,NA,NA,NA,0.387426304805984,97845.1671312467,NA,TRUE,37,22,100,1,1,0.22,0.360655737704918,NA,NA,NA,NA,0.000509176374925051,13.4652194237775,1.26900816621645,59.9070913364297,403,-192906.508885064,-191050.62530011,1,1,1,"specific_effect_common6_specific4",78,1000,100,4,6,4,0.25,40,0.96,30,90,3
"Separate 2D path/grid BIC",4,NA,47.306000861115,0,NA,0.397397287000612,97766.1113814739,97150.7001554176,TRUE,2,22,95,1,0.935897435897436,0.231578947368421,0.376068376068376,1,0.486111111111111,0.186046511627907,0.313725490196078,0.000215490199114373,10.0594556192377,0.582747308910139,59.9807572076838,218,-194026.33211213,-193022.405011584,1,1,0.935897435897436,"specific_effect_common6_specific4",78,1000,100,4,6,4,0.25,40,0.96,30,90,3
"Separate 2D path/grid BIC + refit",4,NA,47.306000861115,0,NA,0.392747614360152,97842.0556109177,NA,TRUE,30,22,95,1,0.935897435897436,0.231578947368421,0.376068376068376,NA,NA,NA,NA,0.000514922238263691,7.02783221163244,1.1552249216945,59.3081227169068,383,-193038.440949985,-191274.660768752,1,1,0.935897435897436,"specific_effect_common6_specific4",78,1000,100,4,6,4,0.25,40,0.96,30,90,3
"Eta centered path BIC",4,NA,NA,NA,1.75439858612426,0.317422939104057,97508.8912526854,97310.7432592562,TRUE,43,22,17,0.727272727272727,0.0128205128205128,0.941176470588235,0.82051282051282,NA,NA,NA,NA,0.000372321185067226,342.513739789784,3.63335602482651,64.1348869190214,154,-193953.988192408,-193244.791983765,1,0.625,0.0128205128205128,"specific_effect_common6_specific4",78,1000,100,4,6,4,0.25,40,0.96,30,90,3
"Eta centered path BIC + refit",4,NA,NA,NA,1.75439858612426,0.424293753908326,97572.566619904,NA,TRUE,57,22,17,0.727272727272727,0.0128205128205128,0.941176470588235,0.82051282051282,NA,NA,NA,NA,0.000396392530225675,47.8443102573168,1.18243445106274,60.2197806586281,71,-194654.682615,-194327.715531795,1,0.625,0.0128205128205128,"specific_effect_common6_specific4",78,1000,100,4,6,4,0.25,40,0.96,30,90,3
"Rossi path BIC",4,24.5488184390381,NA,NA,NA,0.39341798366832,97618.0483593965,97267.4429983227,TRUE,2,22,99,1,0.987179487179487,0.222222222222222,0.363636363636364,1,0.7,0.136986301369863,0.240963855421687,0.000259962506212844,3.93640094038938,0.524629628885873,58.759669572854,295,-193198.308911493,-191839.783706627,1,1,0.987179487179487,"specific_effect_common6_specific4",79,1000,100,4,6,4,0.25,40,0.96,30,90,3
"Rossi path BIC + refit",4,24.5488184390381,NA,NA,NA,0.35572747605496,97652.1399810764,NA,TRUE,20,22,99,1,0.987179487179487,0.222222222222222,0.363636363636364,NA,NA,NA,NA,0.000576491308933042,5.038577325019,1.00455792513212,58.7955205328598,399,-192548.085605839,-190710.62270163,1,1,0.987179487179487,"specific_effect_common6_specific4",79,1000,100,4,6,4,0.25,40,0.96,30,90,3
"Separate 2D path/grid BIC",4,NA,38.3895137066236,0,NA,0.437703805557055,97577.589868113,97080.6172638781,TRUE,3,22,95,1,0.935897435897436,0.231578947368421,0.376068376068376,1,0.469444444444444,0.191387559808612,0.321285140562249,0.000146797826266176,3.82486666604544,0.357534549945644,58.3136832687184,212,-193690.735617082,-192714.439537652,1,1,0.935897435897436,"specific_effect_common6_specific4",79,1000,100,4,6,4,0.25,40,0.96,30,90,3
"Separate 2D path/grid BIC + refit",4,NA,38.3895137066236,0,NA,0.364692591448184,97649.6495337586,NA,TRUE,26,22,95,1,0.935897435897436,0.231578947368421,0.376068376068376,NA,NA,NA,NA,0.00056918394198961,4.4146846315797,0.978043318950185,58.6979941756344,383,-192653.628795667,-190889.848614434,1,1,0.935897435897436,"specific_effect_common6_specific4",79,1000,100,4,6,4,0.25,40,0.96,30,90,3
"Eta centered path BIC",4,NA,NA,NA,1.93983991693158,0.387109030553677,97368.3973537912,97012.6868992481,TRUE,47,22,34,0.772727272727273,0.217948717948718,0.5,0.607142857142857,NA,NA,NA,NA,0.000684412927308937,197.767609735846,2.57144429917293,66.5181562497572,205,-193320.704875391,-192376.644987263,1,0.6875,0.217948717948718,"specific_effect_common6_specific4",79,1000,100,4,6,4,0.25,40,0.96,30,90,3
"Eta centered path BIC + refit",4,NA,NA,NA,1.93983991693158,0.41663047052181,97479.0823583481,NA,TRUE,18,22,34,0.772727272727273,0.217948717948718,0.5,0.607142857142857,NA,NA,NA,NA,0.000947770187646,195.973718797716,3.63928502654722,66.0842855289353,139,-193997.986732918,-193357.868077065,1,0.6875,0.217948717948718,"specific_effect_common6_specific4",79,1000,100,4,6,4,0.25,40,0.96,30,90,3
"Rossi path BIC",4,28.3128451541116,NA,NA,NA,0.348253199072475,98066.7538631004,97666.3752802213,TRUE,6,22,100,1,1,0.22,0.360655737704918,0.95,0.655555555555556,0.138686131386861,0.24203821656051,0.000815412146055945,31.860448339687,1.30351572573229,58.4507941293589,277,-194220.059513923,-192944.427372404,1,1,1,"specific_effect_common6_specific4",80,1000,100,4,6,4,0.25,40,0.96,30,90,3
"Rossi path BIC + refit",4,28.3128451541116,NA,NA,NA,0.333510777422867,98132.1401367219,NA,TRUE,25,22,100,1,1,0.22,0.360655737704918,NA,NA,NA,NA,0.00165437940939432,54.8518114882459,2.52943355117719,60.2238069928282,403,-193480.454896014,-191624.571311061,1,1,1,"specific_effect_common6_specific4",80,1000,100,4,6,4,0.25,40,0.96,30,90,3
"Separate 2D path/grid BIC",4,NA,36.6986394572881,0.753252285781851,NA,0.3792535539272,98036.2877162474,97397.4860886949,TRUE,2,22,98,1,0.974358974358974,0.224489795918367,0.366666666666667,0.975,0.5,0.178082191780822,0.301158301158301,0.000182049673321688,16.2138562901837,0.532786778281971,56.7708279165436,222,-194539.053760561,-193516.705979271,1,1,0.974358974358974,"specific_effect_common6_specific4",80,1000,100,4,6,4,0.25,40,0.96,30,90,3
"Separate 2D path/grid BIC + refit",4,NA,36.6986394572881,0.753252285781851,NA,0.331638786117765,98120.57180675,NA,TRUE,76,22,98,1,0.974358974358974,0.224489795918367,0.366666666666667,NA,NA,NA,NA,0.000668843313536746,12.4909270218607,1.33947099360997,59.7901323368813,395,-193512.580278302,-191693.538054837,1,1,0.974358974358974,"specific_effect_common6_specific4",80,1000,100,4,6,4,0.25,40,0.96,30,90,3
"Eta centered path BIC",4,NA,NA,NA,1.91893612913031,0.366270116399716,97843.3837193789,97555.5203637906,FALSE,100,22,26,0.772727272727273,0.115384615384615,0.653846153846154,0.708333333333333,NA,NA,NA,NA,0.00056534087553379,95.5969743727217,1.69545093538607,62.4132358653542,181,-194436.463733262,-193602.927929598,1,0.6875,0.115384615384615,"specific_effect_common6_specific4",80,1000,100,4,6,4,0.25,40,0.96,30,90,3
"Eta centered path BIC + refit",4,NA,NA,NA,1.91893612913031,0.39896244608536,97935.1312120105,NA,TRUE,22,22,26,0.772727272727273,0.115384615384615,0.653846153846154,0.708333333333333,NA,NA,NA,NA,0.000803214828376315,92.0507069430551,2.16198646491022,64.6673953355315,107,-195131.13260917,-194638.379399269,1,0.6875,0.115384615384615,"specific_effect_common6_specific4",80,1000,100,4,6,4,0.25,40,0.96,30,90,3
"Rossi path BIC",4,16.6725584935278,NA,NA,NA,0.367578234927302,97956.2453761834,97690.1619471493,TRUE,2,22,100,1,1,0.22,0.360655737704918,1,0.813888888888889,0.12012012012012,0.214477211796247,0.00051781786057666,20.3851828115083,1.12627785138559,60.1439879884285,336,-193591.484978629,-192044.147796137,1,1,1,"specific_effect_common6_specific4",81,1000,100,4,6,4,0.25,40,0.96,30,90,3
"Rossi path BIC + refit",4,16.6725584935278,NA,NA,NA,0.350867193549797,97968.0252126518,NA,TRUE,19,22,100,1,1,0.22,0.360655737704918,NA,NA,NA,NA,0.000683267201598914,20.2373987147602,1.43346104651119,59.7542134121123,403,-193152.225047874,-191296.341462921,1,1,1,"specific_effect_common6_specific4",81,1000,100,4,6,4,0.25,40,0.96,30,90,3
"Separate 2D path/grid BIC",4,NA,36.217031141254,0,NA,0.378015174754183,97912.1925859292,97395.102185995,TRUE,2,22,97,1,0.961538461538462,0.22680412371134,0.369747899159664,1,0.608333333333333,0.154440154440154,0.267558528428094,0.000328819059251408,17.1534312200416,0.750022477767551,60.401880494443,262,-194014.553288765,-192807.998700036,1,1,0.961538461538462,"specific_effect_common6_specific4",81,1000,100,4,6,4,0.25,40,0.96,30,90,3
"Separate 2D path/grid BIC + refit",4,NA,36.217031141254,0,NA,0.35714247922184,97965.6484732282,NA,TRUE,24,22,97,1,0.961538461538462,0.22680412371134,0.369747899159664,NA,NA,NA,NA,0.000668833856989621,19.0903376525477,1.40818589038448,59.8095081852348,391,-193230.364632374,-191429.743089653,1,1,0.961538461538462,"specific_effect_common6_specific4",81,1000,100,4,6,4,0.25,40,0.96,30,90,3
"Eta centered path BIC",4,NA,NA,NA,1.00222830956806,0.41428633500448,97817.4053508581,97610.1586885897,FALSE,100,22,54,1,0.41025641025641,0.407407407407407,0.578947368421053,NA,NA,NA,NA,0.000271632623482733,48.8788994189021,0.696689240288305,62.2471789129913,265,-193804.255552786,-192583.885453499,1,1,0.41025641025641,"specific_effect_common6_specific4",81,1000,100,4,6,4,0.25,40,0.96,30,90,3
"Eta centered path BIC + refit",4,NA,NA,NA,1.00222830956806,0.39877695073491,97864.3997194328,NA,TRUE,29,22,54,1,0.41025641025641,0.407407407407407,0.578947368421053,NA,NA,NA,NA,0.000525389179838932,22.1787037783346,1.24283571505663,61.2650282384896,219,-194216.001032769,-193207.468762037,1,1,0.41025641025641,"specific_effect_common6_specific4",81,1000,100,4,6,4,0.25,40,0.96,30,90,3
"Rossi path BIC",4,25.8362166198572,NA,NA,NA,0.328851796223481,97796.2903476668,97415.9690793357,TRUE,2,22,100,1,1,0.22,0.360655737704918,1,0.641666666666667,0.14760147601476,0.257234726688103,0.000492729754253531,20.5701335680557,1.04431189685596,56.2169145520924,274,-193699.855748892,-192438.039117932,1,1,1,"specific_effect_common6_specific4",82,1000,100,4,6,4,0.25,40,0.96,30,90,3
"Rossi path BIC + refit",4,25.8362166198572,NA,NA,NA,0.314760302890076,97837.9533079346,NA,TRUE,36,22,100,1,1,0.22,0.360655737704918,NA,NA,NA,NA,0.000935476847003216,21.4445224028693,1.64618695049454,55.6521782693553,403,-192892.081238439,-191036.197653486,1,1,1,"specific_effect_common6_specific4",82,1000,100,4,6,4,0.25,40,0.96,30,90,3
"Separate 2D path/grid BIC",4,NA,68.9209340957763,0,NA,0.417859766005283,97686.5249193468,96878.8583201192,TRUE,2,22,86,1,0.82051282051282,0.255813953488372,0.407407407407407,1,0.266666666666667,0.294117647058824,0.454545454545455,0.000190024937565514,0.516111034582174,0.427378376769075,57.2012531146422,139,-194412.871854915,-193772.753199063,1,1,0.82051282051282,"specific_effect_common6_specific4",82,1000,100,4,6,4,0.25,40,0.96,30,90,3
"Separate 2D path/grid BIC + refit",4,NA,68.9209340957763,0,NA,0.349793361638883,97821.6174614251,NA,TRUE,76,22,86,1,0.82051282051282,0.255813953488372,0.407407407407407,NA,NA,NA,NA,0.000868748657779806,7.86412847986522,1.79697444565751,58.2669660439198,347,-193246.243841043,-191648.249786506,1,1,0.82051282051282,"specific_effect_common6_specific4",82,1000,100,4,6,4,0.25,40,0.96,30,90,3
"Eta centered path BIC",4,NA,NA,NA,1.76359735626575,0.342823760090792,97545.4789935085,97329.9777492779,TRUE,2,22,20,0.727272727272727,0.0512820512820513,0.8,0.761904761904762,NA,NA,NA,NA,0.000440312941344231,64.0657150070592,1.31927477418212,57.2037699626795,163,-193964.993876543,-193214.351136227,1,0.625,0.0512820512820513,"specific_effect_common6_specific4",82,1000,100,4,6,4,0.25,40,0.96,30,90,3
"Eta centered path BIC + refit",4,NA,NA,NA,1.76359735626575,0.403854715156801,97601.0430914827,NA,TRUE,36,22,20,0.727272727272727,0.0512820512820513,0.8,0.761904761904762,NA,NA,NA,NA,0.000463467387438797,4.41960373194719,0.79916298707097,57.4957204663247,83,-194628.74249481,-194246.513369373,1,0.625,0.0512820512820513,"specific_effect_common6_specific4",82,1000,100,4,6,4,0.25,40,0.96,30,90,3
"Rossi path BIC",4,36.0966827640457,NA,NA,NA,0.38486373447829,97974.911708675,97485.7011965004,TRUE,2,22,100,1,1,0.22,0.360655737704918,0.975,0.563888888888889,0.161157024793388,0.276595744680851,0.000388472238386424,17.4521129594722,0.866619236262207,57.9547956202256,245,-194257.423373999,-193129.156678432,1,1,1,"specific_effect_common6_specific4",83,1000,100,4,6,4,0.25,40,0.96,30,90,3
"Rossi path BIC + refit",4,36.0966827640457,NA,NA,NA,0.356377885497314,98046.4859834609,NA,TRUE,44,22,100,1,1,0.22,0.360655737704918,NA,NA,NA,NA,0.00105867559998381,19.7782349600878,1.92019941483498,56.6851656881804,403,-193309.146589492,-191453.263004539,1,1,1,"specific_effect_common6_specific4",83,1000,100,4,6,4,0.25,40,0.96,30,90,3
"Separate 2D path/grid BIC",4,NA,34.4462410545995,2.04233793745404,NA,0.353156394864335,97949.5310501835,97059.089098178,TRUE,2,22,100,1,1,0.22,0.360655737704918,0.975,0.530555555555556,0.169565217391304,0.288888888888889,0.000529744466376976,69.3314060931784,1.13855132827495,52.1651453414175,233,-194289.555120364,-193216.550467029,1,1,1,"specific_effect_common6_specific4",83,1000,100,4,6,4,0.25,40,0.96,30,90,3
"Separate 2D path/grid BIC + refit",4,NA,34.4462410545995,2.04233793745404,NA,0.357643487564097,98046.5692093664,NA,TRUE,23,22,100,1,1,0.22,0.360655737704918,NA,NA,NA,NA,0.00108299769200831,19.8142278760293,1.9456573127309,56.6030579466389,403,-193309.313041303,-191453.42945635,1,1,1,"specific_effect_common6_specific4",83,1000,100,4,6,4,0.25,40,0.96,30,90,3
"Eta centered path BIC",4,NA,NA,NA,1.28909568299577,0.390283104381618,97826.0230925092,97639.4753507756,TRUE,2,22,26,0.863636363636364,0.0897435897435897,0.730769230769231,0.791666666666667,NA,NA,NA,NA,0.000386604113752437,31.9849809597843,0.8633622131684,55.1754485007869,181,-194401.742479523,-193568.206675859,1,0.8125,0.0897435897435897,"specific_effect_common6_specific4",83,1000,100,4,6,4,0.25,40,0.96,30,90,3
"Eta centered path BIC + refit",4,NA,NA,NA,1.28909568299577,0.376154895842999,97848.7822741826,NA,TRUE,30,22,26,0.863636363636364,0.0897435897435897,0.730769230769231,0.791666666666667,NA,NA,NA,NA,0.000654950292128727,18.4844395489602,1.19573437472282,56.6271189858301,107,-194958.434733514,-194465.681523613,1,0.8125,0.0897435897435897,"specific_effect_common6_specific4",83,1000,100,4,6,4,0.25,40,0.96,30,90,3
"Rossi path BIC",4,24.9229203999833,NA,NA,NA,0.359805510457817,97888.9106960771,97515.2630843056,TRUE,41,22,100,1,1,0.22,0.360655737704918,1,0.747222222222222,0.129449838187702,0.229226361031519,0.00045930216845548,19.1530913830757,1.02779800944789,60.9761884594891,312,-193622.601745112,-192185.788647083,1,1,1,"specific_effect_common6_specific4",84,1000,100,4,6,4,0.25,40,0.96,30,90,3
"Rossi path BIC + refit",4,24.9229203999833,NA,NA,NA,0.344802654877242,97928.2155213069,NA,FALSE,100,22,100,1,1,0.22,0.360655737704918,NA,NA,NA,NA,0.00120489298074056,14.5865935612852,2.38633031554362,58.606197700222,403,-193072.605665184,-191216.722080231,1,1,1,"specific_effect_common6_specific4",84,1000,100,4,6,4,0.25,40,0.96,30,90,3
"Separate 2D path/grid BIC",4,NA,69.1046509422127,0,NA,0.409568740818747,97769.1270277226,96948.2690357232,TRUE,2,22,86,1,0.82051282051282,0.255813953488372,0.407407407407407,1,0.305555555555556,0.266666666666667,0.421052631578947,0.00014784985933953,4.07039362280073,0.25271326959224,59.2096015962151,153,-194481.367497761,-193776.776459305,1,1,0.82051282051282,"specific_effect_common6_specific4",84,1000,100,4,6,4,0.25,40,0.96,30,90,3
"Separate 2D path/grid BIC + refit",4,NA,69.1046509422127,0,NA,0.384195303767988,97908.37173627,NA,TRUE,82,22,86,1,0.82051282051282,0.255813953488372,0.407407407407407,NA,NA,NA,NA,0.000892009181003774,93.871589712247,2.7001740803155,62.8240523403811,347,-193419.752390733,-191821.758336195,1,1,0.82051282051282,"specific_effect_common6_specific4",84,1000,100,4,6,4,0.25,40,0.96,30,90,3
"Eta centered path BIC",4,NA,NA,NA,1.50770879597905,0.333635669618835,97741.6943380853,97389.8294102521,TRUE,10,22,55,0.909090909090909,0.448717948717949,0.363636363636364,0.51948051948052,NA,NA,NA,NA,0.00071053036290923,177.69557937325,2.86982434308981,63.3330809520122,268,-193632.110261403,-192397.924651559,1,0.875,0.448717948717949,"specific_effect_common6_specific4",84,1000,100,4,6,4,0.25,40,0.96,30,90,3
"Eta centered path BIC + refit",4,NA,NA,NA,1.50770879597905,0.363864574451195,97821.3303188909,NA,TRUE,43,22,55,0.909090909090909,0.448717948717949,0.363636363636364,0.51948051948052,NA,NA,NA,NA,0.000971944628925816,189.238307778578,3.86515567811298,64.8520743963569,223,-194102.231210569,-193075.278259093,1,0.875,0.448717948717949,"specific_effect_common6_specific4",84,1000,100,4,6,4,0.25,40,0.96,30,90,3
"Rossi path BIC",4,21.8885011472812,NA,NA,NA,0.389597307956474,97940.9972627393,97606.4012124554,TRUE,2,22,99,1,0.987179487179487,0.222222222222222,0.363636363636364,1,0.747222222222222,0.129449838187702,0.229226361031519,0.000380039884074696,9.95702906171771,0.916312475825595,60.0707087132685,312,-193726.774878436,-192289.961780408,1,1,0.987179487179487,"specific_effect_common6_specific4",85,1000,100,4,6,4,0.25,40,0.96,30,90,3
"Rossi path BIC + refit",4,21.8885011472812,NA,NA,NA,0.364355841377245,97965.9159773485,NA,TRUE,35,22,99,1,0.987179487179487,0.222222222222222,0.363636363636364,NA,NA,NA,NA,0.000672671609788041,8.83370699051208,1.49287888989455,59.1317844751174,399,-193175.637598383,-191338.174694174,1,1,0.987179487179487,"specific_effect_common6_specific4",85,1000,100,4,6,4,0.25,40,0.96,30,90,3
"Separate 2D path/grid BIC",4,NA,44.468832796224,0,NA,0.402157397206864,97874.1464998958,97289.8168480124,TRUE,2,22,98,1,0.974358974358974,0.224489795918367,0.366666666666667,1,0.516666666666667,0.176991150442478,0.300751879699248,0.000196653759894939,16.1860595930694,0.513006821324771,61.1764578564551,229,-194166.417040905,-193111.833068313,1,1,0.974358974358974,"specific_effect_common6_specific4",85,1000,100,4,6,4,0.25,40,0.96,30,90,3
"Separate 2D path/grid BIC + refit",4,NA,44.468832796224,0,NA,0.37846048742921,97961.0018051392,NA,TRUE,55,22,98,1,0.974358974358974,0.224489795918367,0.366666666666667,NA,NA,NA,NA,0.000580426776534914,19.8206026633597,1.51335186111899,60.3500766095901,395,-193193.44027508,-191374.398051615,1,1,0.974358974358974,"specific_effect_common6_specific4",85,1000,100,4,6,4,0.25,40,0.96,30,90,3
"Eta centered path BIC",4,NA,NA,NA,2.20871141759043,0.311162873294253,97594.9110467418,97262.6731610458,TRUE,26,22,26,0.727272727272727,0.128205128205128,0.615384615384615,0.666666666666667,NA,NA,NA,NA,0.000647201714385363,411.654727822424,4.47410340016398,65.2879461745479,181,-193939.518387988,-193105.982584324,1,0.625,0.128205128205128,"specific_effect_common6_specific4",85,1000,100,4,6,4,0.25,40,0.96,30,90,3
"Eta centered path BIC + refit",4,NA,NA,NA,2.20871141759043,0.419850508908993,97740.1165427201,NA,TRUE,32,22,26,0.727272727272727,0.128205128205128,0.615384615384615,0.666666666666667,NA,NA,NA,NA,0.000786743458330374,185.97613855363,3.34110736193665,64.8897528970969,107,-194741.103270589,-194248.350060688,1,0.625,0.128205128205128,"specific_effect_common6_specific4",85,1000,100,4,6,4,0.25,40,0.96,30,90,3
"Rossi path BIC",4,11.1957293984468,NA,NA,NA,0.360677549783898,97522.6394075662,97329.1738218386,TRUE,2,22,100,1,1,0.22,0.360655737704918,0.975,0.905555555555556,0.106849315068493,0.192592592592593,0.00107170906740271,45.903968165302,2.68035747974001,62.8637722027216,368,-192503.224872467,-190808.522244023,1,1,1,"specific_effect_common6_specific4",86,1000,100,4,6,4,0.25,40,0.96,30,90,3
"Rossi path BIC + refit",4,11.1957293984468,NA,NA,NA,0.357899376489825,97530.444818717,NA,TRUE,22,22,100,1,1,0.22,0.360655737704918,NA,NA,NA,NA,0.00136136435133963,42.1689807068586,3.25409632135169,62.7220000969334,403,-192277.064260004,-190421.180675051,1,1,1,"specific_effect_common6_specific4",86,1000,100,4,6,4,0.25,40,0.96,30,90,3
"Separate 2D path/grid BIC",4,NA,59.9870329477487,0,NA,0.408130964013593,97396.8309998563,96662.838774552,TRUE,2,22,89,1,0.858974358974359,0.247191011235955,0.396396396396396,1,0.383333333333333,0.224719101123595,0.36697247706422,0.000129755266543246,7.39074966859158,0.342695850328911,59.6677642003327,181,-193543.358294217,-192709.822490553,1,1,0.858974358974359,"specific_effect_common6_specific4",86,1000,100,4,6,4,0.25,40,0.96,30,90,3
"Separate 2D path/grid BIC + refit",4,NA,59.9870329477487,0,NA,0.344060225712758,97503.090844697,NA,TRUE,26,22,89,1,0.858974358974359,0.247191011235955,0.396396396396396,NA,NA,NA,NA,0.000449274628687186,8.15917688557843,1.0983267212923,60.1149134293216,359,-192526.297544239,-190873.04144747,1,1,0.858974358974359,"specific_effect_common6_specific4",86,1000,100,4,6,4,0.25,40,0.96,30,90,3
"Eta centered path BIC",4,NA,NA,NA,1.80099810137603,0.368715405100738,97239.893327367,96966.8264475218,TRUE,35,22,26,0.772727272727273,0.115384615384615,0.653846153846154,0.708333333333333,NA,NA,NA,NA,0.000402082595146661,107.985118365776,1.58796572586088,61.7889016697781,181,-193229.482949238,-192395.947145574,1,0.6875,0.115384615384615,"specific_effect_common6_specific4",86,1000,100,4,6,4,0.25,40,0.96,30,90,3
"Eta centered path BIC + refit",4,NA,NA,NA,1.80099810137603,0.40543012092766,97309.9730810457,NA,TRUE,22,22,26,0.772727272727273,0.115384615384615,0.653846153846154,0.708333333333333,NA,NA,NA,NA,0.000534995479838244,57.5706593881428,1.55159484053066,61.0763678757847,107,-193880.81634724,-193388.06313734,1,0.6875,0.115384615384615,"specific_effect_common6_specific4",86,1000,100,4,6,4,0.25,40,0.96,30,90,3
"Rossi path BIC",4,22.8433217631506,NA,NA,NA,0.409849223842191,98403.6688144293,98048.7936879772,TRUE,2,22,100,1,1,0.22,0.360655737704918,0.975,0.780555555555556,0.121875,0.216666666666667,0.000648120793785382,568.007332044315,6.11559178565373,67.8238194531625,323,-194576.132673747,-193088.662703673,1,1,1,"specific_effect_common6_specific4",87,1000,100,4,6,4,0.25,40,0.96,30,90,3
"Rossi path BIC + refit",4,22.8433217631506,NA,NA,NA,0.40534497784639,98426.8271813419,NA,TRUE,24,22,100,1,1,0.22,0.360655737704918,NA,NA,NA,NA,0.000968505541576872,606.31954673846,7.13670941173273,67.8936494906457,403,-194069.828985254,-192213.945400301,1,1,1,"specific_effect_common6_specific4",87,1000,100,4,6,4,0.25,40,0.96,30,90,3
"Separate 2D path/grid BIC",4,NA,59.9764801780904,0,NA,0.469159795957175,98281.0734782427,97559.8097844894,TRUE,2,22,83,1,0.782051282051282,0.265060240963855,0.419047619047619,1,0.319444444444444,0.258064516129032,0.41025641025641,8.29934498163945e-05,8.15853079747855,0.244542091136528,59.9728678659008,158,-195470.721622406,-194743.10473302,1,1,0.782051282051282,"specific_effect_common6_specific4",87,1000,100,4,6,4,0.25,40,0.96,30,90,3
"Separate 2D path/grid BIC + refit",4,NA,59.9764801780904,0,NA,0.436720508521733,98382.4627676917,NA,TRUE,68,22,83,1,0.782051282051282,0.265060240963855,0.419047619047619,NA,NA,NA,NA,0.000412061925063767,61.1795864921089,1.34536774955494,63.4006498362994,335,-194450.827516924,-192908.095504618,1,1,0.782051282051282,"specific_effect_common6_specific4",87,1000,100,4,6,4,0.25,40,0.96,30,90,3
"Eta centered path BIC",4,NA,NA,NA,1.54790746915667,0.437267414876774,98161.4258544394,97965.1308703634,TRUE,36,22,16,0.727272727272727,0,1,0.842105263157895,NA,NA,NA,NA,0.000268994640306976,130.474085677448,1.68843064323054,59.5871728503271,151,-195279.780661752,-194584.399963668,1,0.625,0,"specific_effect_common6_specific4",87,1000,100,4,6,4,0.25,40,0.96,30,90,3
"Eta centered path BIC + refit",4,NA,NA,NA,1.54790746915667,0.44725091537094,98150.4332831996,NA,TRUE,46,22,16,0.727272727272727,0,1,0.842105263157895,NA,NA,NA,NA,0.000250461804362405,23.4982090537507,0.498865290920303,61.8982547428804,67,-195838.046962707,-195529.500560246,1,0.625,0,"specific_effect_common6_specific4",87,1000,100,4,6,4,0.25,40,0.96,30,90,3
"Rossi path BIC",4,13.4574622604809,NA,NA,NA,0.345338254896976,97530.7096454555,97322.8341645992,TRUE,2,22,100,1,1,0.22,0.360655737704918,1,0.827777777777778,0.118343195266272,0.211640211640212,0.000391444489300128,27.4083988390963,1.00759369355212,61.3766076686987,341,-192705.874740778,-191135.511707356,1,1,1,"specific_effect_common6_specific4",88,1000,100,4,6,4,0.25,40,0.96,30,90,3
"Rossi path BIC + refit",4,13.4574622604809,NA,NA,NA,0.321034588275451,97541.5565630289,NA,TRUE,30,22,100,1,1,0.22,0.360655737704918,NA,NA,NA,NA,0.000575496715530719,24.5385854480921,1.29740089245334,60.686419581007,403,-192299.287748628,-190443.404163675,1,1,1,"specific_effect_common6_specific4",88,1000,100,4,6,4,0.25,40,0.96,30,90,3
"Separate 2D path/grid BIC",4,NA,35.0563772028832,0,NA,0.378880299717628,97488.8188924455,97009.7392201458,TRUE,2,22,99,1,0.987179487179487,0.222222222222222,0.363636363636364,1,0.577777777777778,0.161290322580645,0.277777777777778,0.000206819345236019,24.5046400101426,0.59273382221086,61.535984572927,251,-193243.791209866,-192087.893493183,1,1,0.987179487179487,"specific_effect_common6_specific4",88,1000,100,4,6,4,0.25,40,0.96,30,90,3
"Separate 2D path/grid BIC + refit",4,NA,35.0563772028832,0,NA,0.322864849091816,97541.4182977566,NA,TRUE,42,22,99,1,0.987179487179487,0.222222222222222,0.363636363636364,NA,NA,NA,NA,0.000573663708227974,24.1869376903658,1.2950989178609,60.6714642699981,399,-192326.642239199,-190489.17933499,1,1,0.987179487179487,"specific_effect_common6_specific4",88,1000,100,4,6,4,0.25,40,0.96,30,90,3
"Eta centered path BIC",4,NA,NA,NA,2.53059059403898,0.317901406750805,97204.8568384293,96792.9949496673,TRUE,15,22,24,0.727272727272727,0.102564102564103,0.666666666666667,0.695652173913043,NA,NA,NA,NA,0.000475523962176103,314.51059695112,2.81272319769604,68.9881103784356,175,-193200.856503037,-192394.951720489,1,0.625,0.102564102564103,"specific_effect_common6_specific4",88,1000,100,4,6,4,0.25,40,0.96,30,90,3
"Eta centered path BIC + refit",4,NA,NA,NA,2.53059059403898,0.394548150968743,97313.3008412723,NA,TRUE,29,22,24,0.727272727272727,0.102564102564103,0.666666666666667,0.695652173913043,NA,NA,NA,NA,0.000585597733018453,257.229224294207,3.18766244619553,67.0498375030794,99,-193942.733909925,-193486.822061513,1,0.625,0.102564102564103,"specific_effect_common6_specific4",88,1000,100,4,6,4,0.25,40,0.96,30,90,3
"Rossi path BIC",4,17.0057133247341,NA,NA,NA,0.34940111903294,97333.04282251,97056.9456508314,TRUE,2,22,100,1,1,0.22,0.360655737704918,1,0.788888888888889,0.123456790123457,0.21978021978022,0.00124966089786013,59.0300373564777,1.96153968508413,56.6287012803091,327,-192407.249668793,-190901.359017975,1,1,1,"specific_effect_common6_specific4",89,1000,100,4,6,4,0.25,40,0.96,30,90,3
"Rossi path BIC + refit",4,17.0057133247341,NA,NA,NA,0.334151746272111,97355.8543193969,NA,TRUE,44,22,100,1,1,0.22,0.360655737704918,NA,NA,NA,NA,0.00181491768384316,94.7577762149498,2.90378140397355,56.4416501017371,403,-191927.883261364,-190071.999676411,1,1,1,"specific_effect_common6_specific4",89,1000,100,4,6,4,0.25,40,0.96,30,90,3
"Separate 2D path/grid BIC",4,NA,17.4075348927955,0,NA,0.322148834810776,97338.3287115306,97072.4127959015,TRUE,2,22,99,1,0.987179487179487,0.222222222222222,0.363636363636364,1,0.788888888888889,0.123456790123457,0.21978021978022,0.000346404745897024,18.295609994789,0.989110912077725,60.9989712231773,327,-192417.821446834,-190911.930796016,1,1,0.987179487179487,"specific_effect_common6_specific4",89,1000,100,4,6,4,0.25,40,0.96,30,90,3
"Separate 2D path/grid BIC + refit",4,NA,17.4075348927955,0,NA,0.33050283615848,97359.3622223835,NA,FALSE,100,22,99,1,0.987179487179487,0.222222222222222,0.363636363636364,NA,NA,NA,NA,0.000623096939366707,41.5494676136775,2.0451683052621,62.4812745236506,399,-191962.530088453,-190125.067184244,1,1,0.987179487179487,"specific_effect_common6_specific4",89,1000,100,4,6,4,0.25,40,0.96,30,90,3
"Eta centered path BIC",4,NA,NA,NA,1.16568128716944,0.398733005551789,97190.3048797818,96963.3690488582,TRUE,13,22,55,0.863636363636364,0.461538461538462,0.345454545454545,0.493506493506494,NA,NA,NA,NA,0.000505961610423231,29.2835520563222,1.12035825861536,58.9719114076198,268,-192529.331344796,-191295.145734952,1,0.8125,0.461538461538462,"specific_effect_common6_specific4",89,1000,100,4,6,4,0.25,40,0.96,30,90,3
"Eta centered path BIC + refit",4,NA,NA,NA,1.16568128716944,0.37188263498396,97258.8465960475,NA,TRUE,24,22,55,0.863636363636364,0.461538461538462,0.345454545454545,0.493506493506494,NA,NA,NA,NA,0.000938938863716413,33.9918967801063,2.20729932110015,60.0664804448823,223,-192977.263764882,-191950.310813407,1,0.8125,0.461538461538462,"specific_effect_common6_specific4",89,1000,100,4,6,4,0.25,40,0.96,30,90,3
"Rossi path BIC",4,28.732812413713,NA,NA,NA,0.405692295664078,98238.7378384385,97831.4495294376,TRUE,2,22,100,1,1,0.22,0.360655737704918,0.95,0.661111111111111,0.13768115942029,0.240506329113924,0.000443085485570532,259.142362758497,3.20257357961449,63.1445226943994,279,-194550.211954041,-193265.36947215,1,1,1,"specific_effect_common6_specific4",90,1000,100,4,6,4,0.25,40,0.96,30,90,3
"Rossi path BIC + refit",4,28.732812413713,NA,NA,NA,0.38415490164971,98278.204110336,NA,TRUE,43,22,100,1,1,0.22,0.360655737704918,NA,NA,NA,NA,0.000824782601414039,304.363391458375,4.23706769302902,63.9032878010875,403,-193772.582843242,-191916.699258289,1,1,1,"specific_effect_common6_specific4",90,1000,100,4,6,4,0.25,40,0.96,30,90,3
"Separate 2D path/grid BIC",4,NA,52.279045453258,0,NA,0.414546206775762,98188.3678142149,97529.2578052481,TRUE,2,22,96,1,0.948717948717949,0.229166666666667,0.372881355932203,0.95,0.438888888888889,0.193877551020408,0.322033898305085,0.000329193933016619,507.921487360177,5.10768430022548,65.9535133354657,199,-195002.092327912,-194085.663460901,1,1,0.948717948717949,"specific_effect_common6_specific4",90,1000,100,4,6,4,0.25,40,0.96,30,90,3
"Separate 2D path/grid BIC + refit",4,NA,52.279045453258,0,NA,0.391660278857527,98277.1027689016,NA,TRUE,57,22,96,1,0.948717948717949,0.229166666666667,0.372881355932203,NA,NA,NA,NA,0.000837409958190709,548.333471309602,6.42572766167158,66.6524343253583,387,-193880.904244837,-192098.70338286,1,1,0.948717948717949,"specific_effect_common6_specific4",90,1000,100,4,6,4,0.25,40,0.96,30,90,3
"Eta centered path BIC",4,NA,NA,NA,2.03983930678881,0.339077104380456,98003.8442688148,97659.1548276148,TRUE,2,22,28,0.772727272727273,0.141025641025641,0.607142857142857,0.68,NA,NA,NA,NA,0.000494372069043247,549.714118094881,5.13986330031785,68.1137666613398,187,-194715.93830046,-193854.77147568,1,0.6875,0.141025641025641,"specific_effect_common6_specific4",90,1000,100,4,6,4,0.25,40,0.96,30,90,3
"Eta centered path BIC + refit",4,NA,NA,NA,2.03983930678881,0.422304271151259,98109.8679012121,NA,TRUE,26,22,28,0.772727272727273,0.141025641025641,0.607142857142857,0.68,NA,NA,NA,NA,0.000582142973390788,593.125390847707,6.2011053721479,66.5178591686327,115,-195425.343945341,-194895.749373953,1,0.6875,0.141025641025641,"specific_effect_common6_specific4",90,1000,100,4,6,4,0.25,40,0.96,30,90,3
"Rossi path BIC",4,39.0346364844083,NA,NA,NA,0.403389153696064,98377.1843191119,97836.0090090211,TRUE,2,22,97,1,0.961538461538462,0.22680412371134,0.369747899159664,0.975,0.605555555555556,0.151750972762646,0.262626262626263,0.000425733904296385,111.00044940175,1.79633083936523,66.4124412208015,260,-194958.352265688,-193761.008017332,1,1,0.961538461538462,"specific_effect_common6_specific4",91,1000,100,4,6,4,0.25,40,0.96,30,90,3
"Rossi path BIC + refit",4,39.0346364844083,NA,NA,NA,0.382016820053791,98430.5338559296,NA,TRUE,35,22,97,1,0.961538461538462,0.22680412371134,0.369747899159664,NA,NA,NA,NA,0.000669586479677641,95.4768443894871,2.58073402377229,65.9335929919305,391,-194160.135397777,-192359.513855056,1,1,0.961538461538462,"specific_effect_common6_specific4",91,1000,100,4,6,4,0.25,40,0.96,30,90,3
"Separate 2D path/grid BIC",4,NA,26.1717582078675,2.48420204791479,NA,0.378726277923786,98345.9578555363,97441.3997502434,TRUE,9,22,99,1,0.987179487179487,0.222222222222222,0.363636363636364,0.95,0.638888888888889,0.141791044776119,0.246753246753247,0.000544795112823388,53.4164631237127,1.03852080580466,52.4285578481532,271,-194819.914030469,-193571.912910066,1,1,0.987179487179487,"specific_effect_common6_specific4",91,1000,100,4,6,4,0.25,40,0.96,30,90,3
"Separate 2D path/grid BIC + refit",4,NA,26.1717582078675,2.48420204791479,NA,0.381211124789709,98428.2320309987,NA,TRUE,48,22,99,1,0.987179487179487,0.222222222222222,0.363636363636364,NA,NA,NA,NA,0.000985998180295713,14.943813345795,1.92250186339474,59.3645399438382,399,-194100.269705684,-192262.806801474,1,1,0.987179487179487,"specific_effect_common6_specific4",91,1000,100,4,6,4,0.25,40,0.96,30,90,3
"Eta centered path BIC",4,NA,NA,NA,1.43484198308739,0.342067606256763,98165.9251416732,97973.8581618942,FALSE,100,22,24,0.818181818181818,0.0769230769230769,0.75,0.782608695652174,NA,NA,NA,NA,0.000332381103637917,194.607597737747,1.79874518095537,66.1871619906067,175,-195122.993109525,-194317.088326977,1,0.75,0.0769230769230769,"specific_effect_common6_specific4",91,1000,100,4,6,4,0.25,40,0.96,30,90,3
"Eta centered path BIC + refit",4,NA,NA,NA,1.43484198308739,0.455762890014886,98210.9837712228,NA,TRUE,60,22,24,0.818181818181818,0.0769230769230769,0.75,0.782608695652174,NA,NA,NA,NA,0.0005079807332996,445.601457199352,4.59788348209366,69.2455758450621,99,-195738.099769826,-195282.187921414,1,0.75,0.0769230769230769,"specific_effect_common6_specific4",91,1000,100,4,6,4,0.25,40,0.96,30,90,3
"Rossi path BIC",4,53.5663837946414,NA,NA,NA,0.382313511717344,97626.6460224187,96984.9383441812,TRUE,2,22,92,1,0.897435897435897,0.239130434782609,0.385964912280702,0.925,0.347222222222222,0.228395061728395,0.366336633663366,0.00022979926704685,37.3280023776722,0.658766626215636,62.7264906363685,165,-194113.512423805,-193353.659343117,1,1,0.897435897435897,"specific_effect_common6_specific4",92,1000,100,4,6,4,0.25,40,0.96,30,90,3
"Rossi path BIC + refit",4,53.5663837946414,NA,NA,NA,0.323409975122636,97742.3887680097,NA,TRUE,76,22,92,1,0.897435897435897,0.239130434782609,0.385964912280702,NA,NA,NA,NA,0.00111088014333,93.2272069598042,3.25095616255525,65.3977447066703,371,-192922.000327517,-191213.482188515,1,1,0.897435897435897,"specific_effect_common6_specific4",92,1000,100,4,6,4,0.25,40,0.96,30,90,3
"Separate 2D path/grid BIC",4,NA,51.0847945794357,0,NA,0.368225077281271,97649.8054313148,97016.0551477958,TRUE,2,22,95,1,0.935897435897436,0.231578947368421,0.376068376068376,0.9,0.436111111111111,0.186528497409326,0.309012875536481,0.000333710483315271,503.192019107138,4.45395256883849,70.6537577293704,196,-193945.690827949,-193043.077471495,1,1,0.935897435897436,"specific_effect_common6_specific4",92,1000,100,4,6,4,0.25,40,0.96,30,90,3
"Separate 2D path/grid BIC + refit",4,NA,51.0847945794357,0,NA,0.306333944686827,97738.3638512958,NA,TRUE,48,22,95,1,0.935897435897436,0.231578947368421,0.376068376068376,NA,NA,NA,NA,0.000674257253437776,755.405253226042,7.40559531952967,74.7236512157514,383,-192831.057430741,-191067.277249508,1,1,0.935897435897436,"specific_effect_common6_specific4",92,1000,100,4,6,4,0.25,40,0.96,30,90,3
"Eta centered path BIC",4,NA,NA,NA,1.54924191473364,0.330715611862233,97498.4258908793,97269.5905486438,TRUE,12,22,25,0.772727272727273,0.102564102564103,0.68,0.723404255319149,NA,NA,NA,NA,0.000375697865644552,405.308588101962,3.97192754960636,66.1389215795799,178,-193767.2713421,-192947.551048994,1,0.6875,0.102564102564103,"specific_effect_common6_specific4",92,1000,100,4,6,4,0.25,40,0.96,30,90,3
"Eta centered path BIC + refit",4,NA,NA,NA,1.54924191473364,0.353493632595815,97555.6469595299,NA,TRUE,60,22,25,0.772727272727273,0.102564102564103,0.68,0.723404255319149,NA,NA,NA,NA,0.000422981384423875,354.2885641073,3.97527501179551,65.0145683805412,103,-194399.795125325,-193925.462596168,1,0.6875,0.102564102564103,"specific_effect_common6_specific4",92,1000,100,4,6,4,0.25,40,0.96,30,90,3
"Rossi path BIC",4,30.4268484547759,NA,NA,NA,0.440624279539383,97597.7158066782,97187.3451057403,TRUE,2,22,98,1,0.974358974358974,0.224489795918367,0.366666666666667,1,0.611111111111111,0.153846153846154,0.266666666666667,0.000290815225760695,10.4992097071881,0.649034981497059,60.2707390243273,263,-193378.691974984,-192167.532216069,1,1,0.974358974358974,"specific_effect_common6_specific4",93,1000,100,4,6,4,0.25,40,0.96,30,90,3
"Rossi path BIC + refit",4,30.4268484547759,NA,NA,NA,0.423782900560472,97651.3559183127,NA,FALSE,100,22,98,1,0.974358974358974,0.224489795918367,0.366666666666667,NA,NA,NA,NA,0.000943026985227051,71.8119437738671,2.58701102489443,63.0425183996122,395,-192574.148501427,-190755.106277962,1,1,0.974358974358974,"specific_effect_common6_specific4",93,1000,100,4,6,4,0.25,40,0.96,30,90,3
"Separate 2D path/grid BIC",4,NA,37.913137048348,0,NA,0.448946847576589,97576.3302194254,97089.0758866527,TRUE,2,22,96,1,0.948717948717949,0.229166666666667,0.372881355932203,1,0.494444444444444,0.18348623853211,0.310077519379845,0.000232165843005974,9.9423975579921,0.520332368730627,60.1986373888581,221,-193626.046522196,-192608.303911092,1,1,0.948717948717949,"specific_effect_common6_specific4",93,1000,100,4,6,4,0.25,40,0.96,30,90,3
"Separate 2D path/grid BIC + refit",4,NA,37.913137048348,0,NA,0.425056267879877,97649.0061223537,NA,FALSE,100,22,96,1,0.948717948717949,0.229166666666667,0.372881355932203,NA,NA,NA,NA,0.000902856526522487,51.184852138706,2.2909869273349,62.2804908400598,387,-192624.710951741,-190842.510089764,1,1,0.948717948717949,"specific_effect_common6_specific4",93,1000,100,4,6,4,0.25,40,0.96,30,90,3
"Eta centered path BIC",4,NA,NA,NA,1.84856718296368,0.417569632201488,97400.7424138664,97109.1230428528,TRUE,43,22,25,0.727272727272727,0.115384615384615,0.64,0.680851063829787,NA,NA,NA,NA,0.000601892398161484,303.394907225409,3.54057702780401,62.5134338962485,178,-193571.904388074,-192752.184094968,1,0.625,0.115384615384615,"specific_effect_common6_specific4",93,1000,100,4,6,4,0.25,40,0.96,30,90,3
"Eta centered path BIC + refit",4,NA,NA,NA,1.84856718296368,0.452545298618663,97465.6733235337,NA,TRUE,19,22,25,0.727272727272727,0.115384615384615,0.64,0.680851063829787,NA,NA,NA,NA,0.00072558134810981,120.226353541343,2.53220780889571,63.5849668351544,103,-194219.847853332,-193745.515324175,1,0.625,0.115384615384615,"specific_effect_common6_specific4",93,1000,100,4,6,4,0.25,40,0.96,30,90,3
"Rossi path BIC",4,40.444937436496,NA,NA,NA,0.371316878158132,97752.329142228,97203.124286435,TRUE,2,22,94,1,0.923076923076923,0.234042553191489,0.379310344827586,1,0.544444444444444,0.169491525423729,0.289855072463768,0.000405136419730265,136.877766322946,1.81006967792724,65.4228663999268,239,-193853.704772779,-192753.069098328,1,1,0.923076923076923,"specific_effect_common6_specific4",94,1000,100,4,6,4,0.25,40,0.96,30,90,3
"Rossi path BIC + refit",4,40.444937436496,NA,NA,NA,0.345781045500136,97809.8941888879,NA,TRUE,49,22,94,1,0.923076923076923,0.234042553191489,0.379310344827586,NA,NA,NA,NA,0.000846411796674061,213.427186303171,3.7461739155694,66.5729585174128,379,-193001.749127042,-191256.389626552,1,1,0.923076923076923,"specific_effect_common6_specific4",94,1000,100,4,6,4,0.25,40,0.96,30,90,3
"Separate 2D path/grid BIC",4,NA,27.8867731026871,1.72335711504269,NA,0.286283701573844,97697.7851043951,96980.4748118656,TRUE,2,22,99,1,0.987179487179487,0.222222222222222,0.363636363636364,1,0.530555555555556,0.173160173160173,0.29520295202952,0.000467476277249831,78.0889368740789,0.925158766066906,49.3406236344889,234,-193779.155473508,-192701.545649987,1,1,0.987179487179487,"specific_effect_common6_specific4",94,1000,100,4,6,4,0.25,40,0.96,30,90,3
"Separate 2D path/grid BIC + refit",4,NA,27.8867731026871,1.72335711504269,NA,0.327540130263706,97787.094224377,NA,FALSE,100,22,99,1,0.987179487179487,0.222222222222222,0.363636363636364,NA,NA,NA,NA,0.000643384356471408,7.86427925587825,1.20014652923357,56.7861215867219,399,-192817.99409244,-190980.531188231,1,1,0.987179487179487,"specific_effect_common6_specific4",94,1000,100,4,6,4,0.25,40,0.96,30,90,3
"Eta centered path BIC",4,NA,NA,NA,1.38417496516232,0.340687789377752,97559.4431192649,97407.1048605525,TRUE,95,22,20,0.863636363636364,0.0128205128205128,0.95,0.904761904761905,NA,NA,NA,NA,0.00029900559355206,37.1657897254681,0.912918882527038,55.3838081239565,163,-193992.922128056,-193242.27938774,1,0.8125,0.0128205128205128,"specific_effect_common6_specific4",94,1000,100,4,6,4,0.25,40,0.96,30,90,3
"Eta centered path BIC + refit",4,NA,NA,NA,1.38417496516232,0.396882255984385,97589.2325393707,NA,TRUE,80,22,20,0.863636363636364,0.0128205128205128,0.95,0.904761904761905,NA,NA,NA,NA,0.000162510480370972,1.86988756637856,0.351784050998769,57.4518747250225,83,-194605.121390586,-194222.892265149,1,0.8125,0.0128205128205128,"specific_effect_common6_specific4",94,1000,100,4,6,4,0.25,40,0.96,30,90,3
"Rossi path BIC",4,56.8281106855698,NA,NA,NA,0.461604849772165,97654.20751428,96953.3070479713,TRUE,2,22,88,1,0.846153846153846,0.25,0.4,1,0.377777777777778,0.227272727272727,0.37037037037037,0.000154157800367931,16.2632133825145,0.457088704122701,60.3009941489995,179,-194071.926833622,-193247.60137033,1,1,0.846153846153846,"specific_effect_common6_specific4",95,1000,100,4,6,4,0.25,40,0.96,30,90,3
"Rossi path BIC + refit",4,56.8281106855698,NA,NA,NA,0.399944454083838,97766.7411261566,NA,TRUE,28,22,88,1,0.846153846153846,0.25,0.4,NA,NA,NA,NA,0.000502481352469653,27.4987249549067,1.37730271650378,61.6811657559321,355,-193081.229128275,-191446.393712249,1,1,0.846153846153846,"specific_effect_common6_specific4",95,1000,100,4,6,4,0.25,40,0.96,30,90,3
"Separate 2D path/grid BIC",4,NA,59.428733578362,0,NA,0.466566938997253,97646.1937199716,96921.5932101354,TRUE,2,22,87,1,0.833333333333333,0.252873563218391,0.403669724770642,1,0.341666666666667,0.245398773006135,0.394088669950739,0.000144066308536032,13.7388719293327,0.419738672742194,59.9996810928302,166,-194145.700063632,-193381.241812758,1,1,0.833333333333333,"specific_effect_common6_specific4",95,1000,100,4,6,4,0.25,40,0.96,30,90,3
"Separate 2D path/grid BIC + refit",4,NA,59.428733578362,0,NA,0.405516036175532,97765.0041589053,NA,TRUE,44,22,87,1,0.833333333333333,0.252873563218391,0.403669724770642,NA,NA,NA,NA,0.000516755681658258,27.123741662749,1.40236685018186,61.662040003569,351,-193105.386214888,-191488.971479606,1,1,0.833333333333333,"specific_effect_common6_specific4",95,1000,100,4,6,4,0.25,40,0.96,30,90,3
"Eta centered path BIC",4,NA,NA,NA,2.81255005200749,0.294884908788764,97292.1528893778,96793.6137307825,FALSE,100,22,26,0.681818181818182,0.141025641025641,0.576923076923077,0.625,NA,NA,NA,NA,0.000656245245886033,814.617123795592,6.38496188810596,76.3052770185777,181,-193334.00207326,-192500.466269596,1,0.5625,0.141025641025641,"specific_effect_common6_specific4",95,1000,100,4,6,4,0.25,40,0.96,30,90,3
"Eta centered path BIC + refit",4,NA,NA,NA,2.81255005200749,0.400448484362857,97517.0090863907,NA,TRUE,47,22,26,0.681818181818182,0.141025641025641,0.576923076923077,0.625,NA,NA,NA,NA,0.00060977766034859,798.062133165061,7.89599884982325,72.4052763372788,107,-194294.88835793,-193802.13514803,1,0.5625,0.141025641025641,"specific_effect_common6_specific4",95,1000,100,4,6,4,0.25,40,0.96,30,90,3
"Rossi path BIC",4,24.1836674391535,NA,NA,NA,0.434176327194951,97786.9008181321,97437.4626921288,TRUE,2,22,99,1,0.987179487179487,0.222222222222222,0.363636363636364,1,0.738888888888889,0.130718954248366,0.23121387283237,0.000225928752795476,21.5455414872219,0.593430620075201,61.6213268705434,309,-193439.305255059,-192016.307667588,1,1,0.987179487179487,"specific_effect_common6_specific4",96,1000,100,4,6,4,0.25,40,0.96,30,90,3
"Rossi path BIC + refit",4,24.1836674391535,NA,NA,NA,0.411196931499361,97809.3551144373,NA,TRUE,16,22,99,1,0.987179487179487,0.222222222222222,0.363636363636364,NA,NA,NA,NA,0.000376970249726955,21.6534291027476,0.947222466910121,61.639322470851,399,-192862.515872561,-191025.052968352,1,1,0.987179487179487,"specific_effect_common6_specific4",96,1000,100,4,6,4,0.25,40,0.96,30,90,3
"Separate 2D path/grid BIC",4,NA,62.2327950728961,0,NA,0.491134829673644,97689.525714423,96942.9281171412,TRUE,2,22,89,1,0.858974358974359,0.247191011235955,0.396396396396396,1,0.325,0.254777070063694,0.406091370558376,0.000101572482665116,7.19614668705895,0.241794156055597,59.2361346766228,160,-194273.810584209,-193536.983354451,1,1,0.858974358974359,"specific_effect_common6_specific4",96,1000,100,4,6,4,0.25,40,0.96,30,90,3
"Separate 2D path/grid BIC + refit",4,NA,62.2327950728961,0,NA,0.43682925635419,97797.9677323667,NA,TRUE,37,22,89,1,0.858974358974359,0.247191011235955,0.396396396396396,NA,NA,NA,NA,0.000382041553205557,7.46368413207601,0.772048435227557,59.8087145026639,359,-193116.051319579,-191462.795222809,1,1,0.858974358974359,"specific_effect_common6_specific4",96,1000,100,4,6,4,0.25,40,0.96,30,90,3
"Eta centered path BIC",4,NA,NA,NA,1.72294863879132,0.412995333835829,97627.7156931443,97191.6557015183,TRUE,19,22,56,0.954545454545455,0.448717948717949,0.375,0.538461538461538,NA,NA,NA,NA,0.000887774172438777,74.471189242971,1.9730101689855,62.3093359122066,271,-193383.429705685,-192135.428585282,1,0.9375,0.448717948717949,"specific_effect_common6_specific4",96,1000,100,4,6,4,0.25,40,0.96,30,90,3
"Eta centered path BIC + refit",4,NA,NA,NA,1.72294863879132,0.39699956848862,97736.880983591,NA,TRUE,24,22,56,0.954545454545455,0.448717948717949,0.375,0.538461538461538,NA,NA,NA,NA,0.00129467687111005,110.201726119506,3.58467760418255,63.7312932003312,227,-193905.701518853,-192860.327886634,1,0.9375,0.448717948717949,"specific_effect_common6_specific4",96,1000,100,4,6,4,0.25,40,0.96,30,90,3
"Rossi path BIC",4,19.7166564538261,NA,NA,NA,0.390165746149957,97607.2897721168,97294.9442845588,TRUE,2,22,100,1,1,0.22,0.360655737704918,0.975,0.791666666666667,0.12037037037037,0.214285714285714,0.00111637373032733,148.321290294683,3.01817343410479,61.373899565467,327,-192955.743568006,-191449.852917188,1,1,1,"specific_effect_common6_specific4",97,1000,100,4,6,4,0.25,40,0.96,30,90,3
"Rossi path BIC + refit",4,19.7166564538261,NA,NA,NA,0.384937187216549,97632.1796584621,NA,TRUE,12,22,100,1,1,0.22,0.360655737704918,NA,NA,NA,NA,0.00162521851892192,189.767038413327,4.16410320474945,62.2293295471862,403,-192480.533939494,-190624.650354541,1,1,1,"specific_effect_common6_specific4",97,1000,100,4,6,4,0.25,40,0.96,30,90,3
"Separate 2D path/grid BIC",4,NA,49.2436430347783,0,NA,0.398358623437238,97556.4955425838,96915.3601120965,TRUE,2,22,94,1,0.923076923076923,0.234042553191489,0.379310344827586,1,0.511111111111111,0.178571428571429,0.303030303030303,0.000252655785225145,98.7559462355343,1.14132433843126,64.8142661674569,227,-193544.930636839,-192499.557004619,1,1,0.923076923076923,"specific_effect_common6_specific4",97,1000,100,4,6,4,0.25,40,0.96,30,90,3
"Separate 2D path/grid BIC + refit",4,NA,49.2436430347783,0,NA,0.379210695136501,97640.3524286088,NA,FALSE,100,22,94,1,0.923076923076923,0.234042553191489,0.379310344827586,NA,NA,NA,NA,0.00068175141245958,125.645024034094,2.54652687057393,65.1770223474191,379,-192662.665606483,-190917.306105994,1,1,0.923076923076923,"specific_effect_common6_specific4",97,1000,100,4,6,4,0.25,40,0.96,30,90,3
"Eta centered path BIC",4,NA,NA,NA,1.50682486875107,0.352431390832397,97431.2989170024,97186.0593554949,TRUE,6,22,33,0.818181818181818,0.192307692307692,0.545454545454545,0.654545454545455,NA,NA,NA,NA,0.000350865141684224,141.954515174691,1.6252756536278,64.6973779469303,202,-193467.23126765,-192536.986890081,1,0.75,0.192307692307692,"specific_effect_common6_specific4",97,1000,100,4,6,4,0.25,40,0.96,30,90,3
"Eta centered path BIC + refit",4,NA,NA,NA,1.50682486875107,0.398277759349822,97482.6649875337,NA,TRUE,20,22,33,0.818181818181818,0.192307692307692,0.545454545454545,0.654545454545455,NA,NA,NA,NA,0.000429625927015645,111.869572429216,1.81731672367544,64.0782823237444,135,-194032.783012405,-193411.085037296,1,0.75,0.192307692307692,"specific_effect_common6_specific4",97,1000,100,4,6,4,0.25,40,0.96,30,90,3
"Rossi path BIC",4,8.65471939967296,NA,NA,NA,0.377554093486682,97703.7926678378,97555.7183422238,TRUE,2,22,100,1,1,0.22,0.360655737704918,0.975,0.911111111111111,0.106267029972752,0.191646191646192,0.00126248326275508,25.4995309349945,1.57305776514855,57.5022749329984,370,-192851.715882452,-191147.802913637,1,1,1,"specific_effect_common6_specific4",98,1000,100,4,6,4,0.25,40,0.96,30,90,3
"Rossi path BIC + refit",4,8.65471939967296,NA,NA,NA,0.377372422118157,97710.5507667932,NA,TRUE,33,22,100,1,1,0.22,0.360655737704918,NA,NA,NA,NA,0.00166714820692627,32.6339609801155,2.02203275368487,57.4414449816558,403,-192637.276156157,-190781.392571203,1,1,1,"specific_effect_common6_specific4",98,1000,100,4,6,4,0.25,40,0.96,30,90,3
"Separate 2D path/grid BIC",4,NA,59.3735358433663,0.60208923095118,NA,0.409106392589339,97571.1610991178,96729.6538238551,TRUE,9,22,92,1,0.897435897435897,0.239130434782609,0.385964912280702,0.975,0.358333333333333,0.232142857142857,0.375,0.000253686712883476,13.4990940431042,0.467531795077877,56.0581332347613,171,-193961.09604553,-193173.611943726,1,1,0.897435897435897,"specific_effect_common6_specific4",98,1000,100,4,6,4,0.25,40,0.96,30,90,3
"Separate 2D path/grid BIC + refit",4,NA,59.3735358433663,0.60208923095118,NA,0.377564888509041,97696.3795849008,NA,TRUE,35,22,92,1,0.897435897435897,0.239130434782609,0.385964912280702,NA,NA,NA,NA,0.00070034402212176,12.1317921530288,1.07655021906241,57.6996538953478,371,-192829.981961299,-191121.463822298,1,1,0.897435897435897,"specific_effect_common6_specific4",98,1000,100,4,6,4,0.25,40,0.96,30,90,3
"Eta centered path BIC",4,NA,NA,NA,2.22516280518375,0.359311167845573,97407.0351363853,96841.1429251573,TRUE,26,22,55,0.863636363636364,0.461538461538462,0.345454545454545,0.493506493506494,NA,NA,NA,NA,0.00113563357642723,151.3129904063,3.20290224956571,63.2682274554727,268,-192962.791858003,-191728.606248159,1,0.8125,0.461538461538462,"specific_effect_common6_specific4",98,1000,100,4,6,4,0.25,40,0.96,30,90,3
"Eta centered path BIC + refit",4,NA,NA,NA,2.22516280518375,0.376530348275008,97614.1426299262,NA,TRUE,22,22,55,0.863636363636364,0.461538461538462,0.345454545454545,0.493506493506494,NA,NA,NA,NA,0.00144181173457628,207.376820474806,4.98590994924364,65.648277354029,223,-193687.855832639,-192660.902881164,1,0.8125,0.461538461538462,"specific_effect_common6_specific4",98,1000,100,4,6,4,0.25,40,0.96,30,90,3
"Rossi path BIC",4,8.97984049452839,NA,NA,NA,0.378624265655935,97695.1795265073,97537.2261479681,TRUE,2,22,100,1,1,0.22,0.360655737704918,1,0.9,0.10989010989011,0.198019801980198,0.00150556023842848,335.636787192591,5.29465272647532,64.5575080228059,367,-192855.212865628,-191165.115407371,1,1,1,"specific_effect_common6_specific4",99,1000,100,4,6,4,0.25,40,0.96,30,90,3
"Rossi path BIC + refit",4,8.97984049452839,NA,NA,NA,0.368407160767857,97699.5520364182,NA,TRUE,12,22,100,1,1,0.22,0.360655737704918,NA,NA,NA,NA,0.00166914622892969,343.277285370279,5.66642339742599,64.4944504389692,403,-192615.278695407,-190759.395110453,1,1,1,"specific_effect_common6_specific4",99,1000,100,4,6,4,0.25,40,0.96,30,90,3
"Separate 2D path/grid BIC",4,NA,47.2804926872049,0,NA,0.418653876882503,97587.7925164044,96999.1696947936,TRUE,3,22,95,1,0.935897435897436,0.231578947368421,0.376068376068376,0.975,0.441666666666667,0.196969696969697,0.327731092436975,0.000125341917601457,5.21911466806716,0.321581246799574,58.8236952909015,201,-193787.126221733,-192861.48701435,1,1,0.935897435897436,"specific_effect_common6_specific4",99,1000,100,4,6,4,0.25,40,0.96,30,90,3
"Separate 2D path/grid BIC + refit",4,NA,47.2804926872049,0,NA,0.365279864475687,97686.5170140817,NA,TRUE,54,22,95,1,0.935897435897436,0.231578947368421,0.376068376068376,NA,NA,NA,NA,0.000839314330567669,6.65263157594535,1.15350298486546,57.9519720878003,383,-192727.363756313,-190963.58357508,1,1,0.935897435897436,"specific_effect_common6_specific4",99,1000,100,4,6,4,0.25,40,0.96,30,90,3
"Eta centered path BIC",4,NA,NA,NA,1.37876906503667,0.363345430140523,97469.5269763356,97281.0581036175,FALSE,100,22,25,0.818181818181818,0.0897435897435897,0.72,0.765957446808511,NA,NA,NA,NA,0.00033069614390576,42.0546240495109,0.938249565851882,55.3867896599734,178,-193709.473513012,-192889.753219907,1,0.75,0.0897435897435897,"specific_effect_common6_specific4",99,1000,100,4,6,4,0.25,40,0.96,30,90,3
"Eta centered path BIC + refit",4,NA,NA,NA,1.37876906503667,0.382498100252478,97491.7301830554,NA,TRUE,28,22,25,0.818181818181818,0.0897435897435897,0.72,0.765957446808511,NA,NA,NA,NA,0.000612811917011173,20.5847727690371,1.16242924057143,57.0231295982554,103,-194271.961572376,-193797.629043219,1,0.75,0.0897435897435897,"specific_effect_common6_specific4",99,1000,100,4,6,4,0.25,40,0.96,30,90,3
"Rossi path BIC",4,32.763298247483,NA,NA,NA,0.374533537006998,97824.6556014644,97371.7782716443,TRUE,2,22,97,1,0.961538461538462,0.22680412371134,0.369747899159664,1,0.594444444444444,0.15748031496063,0.272108843537415,0.000300267737826267,11.7449830691939,0.801528333383324,59.9078067447473,257,-193874.01809623,-192690.489358432,1,1,0.961538461538462,"specific_effect_common6_specific4",100,1000,100,4,6,4,0.25,40,0.96,30,90,3
"Rossi path BIC + refit",4,32.763298247483,NA,NA,NA,0.384571853795061,97882.2263034465,NA,TRUE,61,22,97,1,0.961538461538462,0.22680412371134,0.369747899159664,NA,NA,NA,NA,0.000812729613846811,32.2565293061511,1.98494141348684,60.1053868299376,391,-193063.520292811,-191262.89875009,1,1,0.961538461538462,"specific_effect_common6_specific4",100,1000,100,4,6,4,0.25,40,0.96,30,90,3
"Separate 2D path/grid BIC",4,NA,39.3814931817338,0,NA,0.385883187202203,97809.1080922738,97281.7323916041,TRUE,2,22,96,1,0.948717948717949,0.229166666666667,0.372881355932203,1,0.541666666666667,0.170212765957447,0.290909090909091,0.000261124096850959,11.3460364543573,0.703253691417818,59.9103148124591,238,-193974.17042815,-192878.139923885,1,1,0.948717948717949,"specific_effect_common6_specific4",100,1000,100,4,6,4,0.25,40,0.96,30,90,3
"Separate 2D path/grid BIC + refit",4,NA,39.3814931817338,0,NA,0.386742682681271,97881.762152674,NA,TRUE,59,22,96,1,0.948717948717949,0.229166666666667,0.372881355932203,NA,NA,NA,NA,0.000812194589236615,34.4076644670955,2.00802291780681,60.2001304683751,387,-193090.223012382,-191308.022150405,1,1,0.948717948717949,"specific_effect_common6_specific4",100,1000,100,4,6,4,0.25,40,0.96,30,90,3
"Eta centered path BIC",4,NA,NA,NA,1.39583398132687,0.384471395432301,97664.3420447264,97466.616109562,TRUE,64,22,24,0.863636363636364,0.0641025641025641,0.791666666666667,0.826086956521739,NA,NA,NA,NA,0.000315616815248745,22.1575215075231,0.588421989244351,54.5829185342214,175,-194119.826915631,-193313.922133083,1,0.8125,0.0641025641025641,"specific_effect_common6_specific4",100,1000,100,4,6,4,0.25,40,0.96,30,90,3
"Eta centered path BIC + refit",4,NA,NA,NA,1.39583398132687,0.39480781851181,97693.360420579,NA,TRUE,88,22,24,0.863636363636364,0.0641025641025641,0.791666666666667,0.826086956521739,NA,NA,NA,NA,0.00072498308330902,31.0652388475857,1.10800916962327,55.8545384789201,99,-194702.853068539,-194246.941220126,1,0.8125,0.0641025641025641,"specific_effect_common6_specific4",100,1000,100,4,6,4,0.25,40,0.96,30,90,3
