"method","K_fit","beta","lambda_mu","lambda_kappa","lambda_eta","ARI","loglik","pen_loglik","converged","iter","true_union_q","selected_q","TPR","FPR","Precision","F1","entry_TPR","entry_FPR","entry_Precision","entry_F1","MSE_mu","MSE_kappa","MSE_centered_eta","kappa_hat_mean","df","BIC","EBIC","common_selection_rate","specific_selection_rate","noise_selection_rate","scenario","rep","n","d","K_true","common_q","specific_q_per_component","specific_weight","true_entry_q","mu_pairwise_cos_mean","kappa_true_min","kappa_true_max","kappa_true_ratio"
"Rossi path BIC",4,35.2216005540977,NA,NA,NA,0.537870426635305,96670.2107658928,96172.381088363,TRUE,2,22,97,1,0.961538461538462,0.22680412371134,0.369747899159664,1,0.611111111111111,0.153846153846154,0.266666666666667,0.000122274683562574,1.50471748760571,0.313426389117255,55.3414576133505,263,-191523.681893413,-190312.522134498,1,1,0.961538461538462,"specific_effect_common6_specific4",1,1000,100,4,6,4,0.5,40,0.857142857142857,40,70,1.75
"Rossi path BIC + refit",4,35.2216005540977,NA,NA,NA,0.516382904770463,96710.2386174876,NA,TRUE,18,22,97,1,0.961538461538462,0.22680412371134,0.369747899159664,NA,NA,NA,NA,0.000273221098826947,2.60578159901733,0.685062359767219,55.6278435076021,391,-190719.544920893,-188918.923378172,1,1,0.961538461538462,"specific_effect_common6_specific4",1,1000,100,4,6,4,0.5,40,0.857142857142857,40,70,1.75
"Separate 2D path/grid BIC",4,NA,66.5498146746227,4.62231408946574,NA,0.51689749255215,96551.4056953461,94786.2689877756,TRUE,2,22,84,1,0.794871794871795,0.261904761904762,0.415094339622642,1,0.275,0.287769784172662,0.446927374301676,6.16207451079405e-05,30.8193748935018,0.17950664193562,49.5408646910427,142,-192121.910141077,-191467.975974667,1,1,0.794871794871795,"specific_effect_common6_specific4",1,1000,100,4,6,4,0.5,40,0.857142857142857,40,70,1.75
"Separate 2D path/grid BIC + refit",4,NA,66.5498146746227,4.62231408946574,NA,0.523621151127381,96692.8843133314,NA,TRUE,29,22,84,1,0.794871794871795,0.261904761904762,0.415094339622642,NA,NA,NA,NA,0.000242483869968635,2.08039404360884,0.605646654015476,55.4087115681432,339,-191044.039587088,-189482.886894038,1,1,0.794871794871795,"specific_effect_common6_specific4",1,1000,100,4,6,4,0.5,40,0.857142857142857,40,70,1.75
"Eta centered path BIC",4,NA,NA,NA,1.52378883729327,0.532508353756497,96511.7221573353,96279.8282255499,TRUE,10,22,25,1,0.0384615384615385,0.88,0.936170212765957,NA,NA,NA,NA,0.000159925985074591,6.66995301312647,0.338144456634729,53.8738802966215,178,-191793.863875012,-190974.143581906,1,1,0.0384615384615385,"specific_effect_common6_specific4",1,1000,100,4,6,4,0.5,40,0.857142857142857,40,70,1.75
"Eta centered path BIC + refit",4,NA,NA,NA,1.52378883729327,0.545852363756214,96557.1624018802,NA,TRUE,13,22,25,1,0.0384615384615385,0.88,0.936170212765957,NA,NA,NA,NA,7.55122334293712e-05,1.27473695790112,0.198363055558106,54.8933760882503,103,-192402.826010025,-191928.493480869,1,1,0.0384615384615385,"specific_effect_common6_specific4",1,1000,100,4,6,4,0.5,40,0.857142857142857,40,70,1.75
"Rossi path BIC",4,16.100504969202,NA,NA,NA,0.497746163909982,96510.9423779041,96262.0836863118,TRUE,2,22,100,1,1,0.22,0.360655737704918,1,0.797222222222222,0.122324159021407,0.217983651226158,0.000218681800891097,3.031101394556,0.492339471408174,54.171341252223,330,-190742.325513744,-189222.619352368,1,1,1,"specific_effect_common6_specific4",2,1000,100,4,6,4,0.5,40,0.857142857142857,40,70,1.75
"Rossi path BIC + refit",4,16.100504969202,NA,NA,NA,0.472935297575296,96522.898739626,NA,TRUE,17,22,100,1,1,0.22,0.360655737704918,NA,NA,NA,NA,0.000350526840065777,3.91881485353156,0.765768033318722,54.1010515429674,403,-190261.972101822,-188406.088516869,1,1,1,"specific_effect_common6_specific4",2,1000,100,4,6,4,0.5,40,0.857142857142857,40,70,1.75
"Separate 2D path/grid BIC",4,NA,32.2663721803865,3.47049309963996,NA,0.48784937456214,96450.0359856498,95303.8053383503,TRUE,2,22,98,1,0.974358974358974,0.224489795918367,0.366666666666667,1,0.55,0.168067226890756,0.287769784172662,0.000153595630339921,27.8044725397839,0.290814690228611,49.7990239471541,241,-191235.302949065,-190125.456934242,1,1,0.974358974358974,"specific_effect_common6_specific4",2,1000,100,4,6,4,0.5,40,0.857142857142857,40,70,1.75
"Separate 2D path/grid BIC + refit",4,NA,32.2663721803865,3.47049309963996,NA,0.466704380433399,96521.9241623719,NA,TRUE,22,22,98,1,0.974358974358974,0.224489795918367,0.366666666666667,NA,NA,NA,NA,0.000355902677099115,4.04137545455409,0.759683839057268,53.9244628564084,395,-190315.284989546,-188496.24276608,1,1,0.974358974358974,"specific_effect_common6_specific4",2,1000,100,4,6,4,0.5,40,0.857142857142857,40,70,1.75
"Eta centered path BIC",4,NA,NA,NA,1.71532955589312,0.5206635092612,96306.203993821,96066.2974179161,TRUE,28,22,22,1,0,1,1,NA,NA,NA,NA,0.000181349552468872,18.2828401655988,0.4580221555054,51.9318507426211,169,-191444.997345494,-190666.723584062,1,1,0,"specific_effect_common6_specific4",2,1000,100,4,6,4,0.5,40,0.857142857142857,40,70,1.75
"Eta centered path BIC + refit",4,NA,NA,NA,1.71532955589312,0.526645228085972,96363.0213523906,NA,TRUE,18,22,22,1,0,1,1,NA,NA,NA,NA,6.51323909204632e-05,5.34972441277937,0.139141309324773,52.9391772162213,91,-192097.436974394,-191678.366487469,1,1,0,"specific_effect_common6_specific4",2,1000,100,4,6,4,0.5,40,0.857142857142857,40,70,1.75
"Rossi path BIC",4,26.2795510532611,NA,NA,NA,0.563896263691573,96984.4360099487,96603.3490973817,TRUE,2,22,97,1,0.961538461538462,0.22680412371134,0.369747899159664,1,0.702777777777778,0.136518771331058,0.24024024024024,0.000140562633924756,4.20916020286467,0.316962600142692,56.6328458976155,296,-191924.176457319,-190561.046082266,1,1,0.961538461538462,"specific_effect_common6_specific4",3,1000,100,4,6,4,0.5,40,0.857142857142857,40,70,1.75
"Rossi path BIC + refit",4,26.2795510532611,NA,NA,NA,0.539372355165649,97008.4783119752,NA,TRUE,11,22,97,1,0.961538461538462,0.22680412371134,0.369747899159664,NA,NA,NA,NA,0.000267567277212747,5.43878983167689,0.604866989221812,56.7887343589428,391,-191316.024309868,-189515.402767147,1,1,0.961538461538462,"specific_effect_common6_specific4",3,1000,100,4,6,4,0.5,40,0.857142857142857,40,70,1.75
"Separate 2D path/grid BIC",4,NA,60.7235653004179,0,NA,0.565435599682189,96921.2965386505,96133.06869193,TRUE,2,22,82,1,0.769230769230769,0.268292682926829,0.423076923076923,1,0.338888888888889,0.246913580246914,0.396039603960396,6.59808021012618e-05,2.55486926286273,0.153175586488643,56.2329449859795,165,-192702.813456269,-191942.960375581,1,1,0.769230769230769,"specific_effect_common6_specific4",3,1000,100,4,6,4,0.5,40,0.857142857142857,40,70,1.75
"Separate 2D path/grid BIC + refit",4,NA,60.7235653004179,0,NA,0.541999668784968,96995.405174446,NA,TRUE,11,22,82,1,0.769230769230769,0.268292682926829,0.423076923076923,NA,NA,NA,NA,0.000237628460678179,4.95258449316268,0.530645473541174,56.7131200366251,331,-191704.343351549,-190180.032019987,1,1,0.769230769230769,"specific_effect_common6_specific4",3,1000,100,4,6,4,0.5,40,0.857142857142857,40,70,1.75
"Eta centered path BIC",4,NA,NA,NA,1.68322856936623,0.548731107097284,96827.2736916212,96560.2122519486,TRUE,13,22,23,1,0.0128205128205128,0.956521739130435,0.977777777777778,NA,NA,NA,NA,0.000177881735814259,5.69144944368256,0.292071081754583,55.326379646809,172,-192466.413475258,-191674.324203268,1,1,0.0128205128205128,"specific_effect_common6_specific4",3,1000,100,4,6,4,0.5,40,0.857142857142857,40,70,1.75
"Eta centered path BIC + refit",4,NA,NA,NA,1.68322856936623,0.566925913490498,96868.5237593037,NA,TRUE,12,22,23,1,0.0128205128205128,0.956521739130435,0.977777777777778,NA,NA,NA,NA,7.94880069448971e-05,2.39849360067708,0.170124317123465,56.1479321648765,95,-193080.810767104,-192643.319599435,1,1,0.0128205128205128,"specific_effect_common6_specific4",3,1000,100,4,6,4,0.5,40,0.857142857142857,40,70,1.75
"Rossi path BIC",4,41.8504651799715,NA,NA,NA,0.565148895249632,96736.3831382836,96166.0933590814,TRUE,2,22,94,1,0.923076923076923,0.234042553191489,0.379310344827586,1,0.516666666666667,0.176991150442478,0.300751879699248,7.95623965706193e-05,3.08474895238087,0.205172345922193,55.4537846035199,229,-191890.89031768,-190836.306345089,1,1,0.923076923076923,"specific_effect_common6_specific4",4,1000,100,4,6,4,0.5,40,0.857142857142857,40,70,1.75
"Rossi path BIC + refit",4,41.8504651799715,NA,NA,NA,0.527324176316026,96787.458662033,NA,TRUE,16,22,94,1,0.923076923076923,0.234042553191489,0.379310344827586,NA,NA,NA,NA,0.000263272529202956,2.32116694332204,0.559842090074727,55.4530682684568,379,-190956.878073332,-189211.518572842,1,1,0.923076923076923,"specific_effect_common6_specific4",4,1000,100,4,6,4,0.5,40,0.857142857142857,40,70,1.75
"Separate 2D path/grid BIC",4,NA,73.4545108092515,0,NA,0.57724531082792,96678.5354303181,95753.7621460305,TRUE,2,22,77,1,0.705128205128205,0.285714285714286,0.444444444444444,1,0.247222222222222,0.310077519379845,0.473372781065089,3.79646578951614e-05,3.12397334024327,0.118941555286694,55.1891653912097,132,-192445.247163811,-191837.36469926,1,1,0.705128205128205,"specific_effect_common6_specific4",4,1000,100,4,6,4,0.5,40,0.857142857142857,40,70,1.75
"Separate 2D path/grid BIC + refit",4,NA,73.4545108092515,0,NA,0.521846554782125,96769.170036618,NA,TRUE,15,22,77,1,0.705128205128205,0.285714285714286,0.444444444444444,NA,NA,NA,NA,0.000225439393034987,2.52045453080745,0.486308131250893,55.3436278776971,311,-191390.028181473,-189957.82025363,1,1,0.705128205128205,"specific_effect_common6_specific4",4,1000,100,4,6,4,0.5,40,0.857142857142857,40,70,1.75
"Eta centered path BIC",4,NA,NA,NA,1.5177422353518,0.57008428817093,96620.6646428074,96376.5906463011,TRUE,13,22,24,1,0.0256410256410256,0.916666666666667,0.956521739130435,NA,NA,NA,NA,0.000137434838119712,1.30391284621087,0.242749410905101,54.2811020348112,175,-192032.472111793,-191226.567329245,1,1,0.0256410256410256,"specific_effect_common6_specific4",4,1000,100,4,6,4,0.5,40,0.857142857142857,40,70,1.75
"Eta centered path BIC + refit",4,NA,NA,NA,1.5177422353518,0.556118400733352,96652.886231277,NA,TRUE,17,22,24,1,0.0256410256410256,0.916666666666667,0.956521739130435,NA,NA,NA,NA,5.42433866608402e-05,2.93393746261546,0.166428249337842,54.9850901380172,99,-192621.904689935,-192165.992841522,1,1,0.0256410256410256,"specific_effect_common6_specific4",4,1000,100,4,6,4,0.5,40,0.857142857142857,40,70,1.75
"Rossi path BIC",4,24.0599187287209,NA,NA,NA,0.572413820440592,97065.3870299655,96712.117251555,TRUE,2,22,100,1,1,0.22,0.360655737704918,1,0.705555555555556,0.136054421768707,0.239520958083832,0.00013677502810149,2.82824255660512,0.324409078642307,56.6115062245979,297,-192079.170742073,-190711.435196835,1,1,1,"specific_effect_common6_specific4",5,1000,100,4,6,4,0.5,40,0.857142857142857,40,70,1.75
"Rossi path BIC + refit",4,24.0599187287209,NA,NA,NA,0.537140375543774,97084.4961079408,NA,TRUE,10,22,100,1,1,0.22,0.360655737704918,NA,NA,NA,NA,0.000242491400819718,2.90077937732644,0.563305078627149,56.6241074192115,403,-191385.166838452,-189529.283253499,1,1,1,"specific_effect_common6_specific4",5,1000,100,4,6,4,0.5,40,0.857142857142857,40,70,1.75
"Separate 2D path/grid BIC",4,NA,77.6653462723817,4.56281818312687,NA,0.572273424771298,96919.4953517055,95012.9762577459,TRUE,2,22,69,1,0.602564102564103,0.318840579710145,0.483516483516483,1,0.197222222222222,0.36036036036036,0.529801324503311,3.64527328700351e-05,16.2239572625239,0.110911836224216,51.0680475469494,114,-193051.506601607,-192526.517200404,1,1,0.602564102564103,"specific_effect_common6_specific4",5,1000,100,4,6,4,0.5,40,0.857142857142857,40,70,1.75
"Separate 2D path/grid BIC + refit",4,NA,77.6653462723817,4.56281818312687,NA,0.546324900711278,97054.8947626063,NA,TRUE,14,22,69,1,0.602564102564103,0.318840579710145,0.483516483516483,NA,NA,NA,NA,0.000203050737842907,2.14606946792737,0.472427451275094,56.4344007855897,279,-192182.525802377,-190897.683320486,1,1,0.602564102564103,"specific_effect_common6_specific4",5,1000,100,4,6,4,0.5,40,0.857142857142857,40,70,1.75
"Eta centered path BIC",4,NA,NA,NA,1.7415963579369,0.575618126310318,96889.197337851,96624.1051001964,TRUE,9,22,22,1,0,1,1,NA,NA,NA,NA,0.000149118487697789,7.48140016655983,0.312104926315302,54.7639169903389,169,-192610.984033554,-191832.710272122,1,1,0,"specific_effect_common6_specific4",5,1000,100,4,6,4,0.5,40,0.857142857142857,40,70,1.75
"Eta centered path BIC + refit",4,NA,NA,NA,1.7415963579369,0.586572556550454,96931.5729327468,NA,TRUE,13,22,22,1,0,1,1,NA,NA,NA,NA,5.29755528139774e-05,0.794357937265272,0.115067188520346,55.8704650754548,91,-193234.540135106,-192815.469648181,1,1,0,"specific_effect_common6_specific4",5,1000,100,4,6,4,0.5,40,0.857142857142857,40,70,1.75
"Rossi path BIC",4,13.6219219724175,NA,NA,NA,0.568953011429906,96898.0468039868,96691.9376782698,TRUE,2,22,100,1,1,0.22,0.360655737704918,1,0.822222222222222,0.119047619047619,0.212765957446808,0.000172524475137606,0.704898682356356,0.352553697866135,55.4880980586342,339,-191454.364568399,-189893.211875349,1,1,1,"specific_effect_common6_specific4",6,1000,100,4,6,4,0.5,40,0.857142857142857,40,70,1.75
"Rossi path BIC + refit",4,13.6219219724175,NA,NA,NA,0.553110551078689,96905.5691678574,NA,TRUE,12,22,100,1,1,0.22,0.360655737704918,NA,NA,NA,NA,0.00025283509372538,0.773177874457673,0.500703791007944,55.4321156342683,403,-191027.312958285,-189171.429373332,1,1,1,"specific_effect_common6_specific4",6,1000,100,4,6,4,0.5,40,0.857142857142857,40,70,1.75
"Separate 2D path/grid BIC",4,NA,43.2855640577426,6.69709403053029,NA,0.517798440215397,96740.726700316,94891.1337868004,TRUE,2,22,92,1,0.897435897435897,0.239130434782609,0.385964912280702,1,0.391666666666667,0.220994475138122,0.361990950226244,0.000124389365096424,56.5091699642398,0.250739102278985,47.5230784433978,184,-192210.426429299,-191363.075115077,1,1,0.897435897435897,"specific_effect_common6_specific4",6,1000,100,4,6,4,0.5,40,0.857142857142857,40,70,1.75
"Separate 2D path/grid BIC + refit",4,NA,43.2855640577426,6.69709403053029,NA,0.556977606624705,96901.2847614503,NA,TRUE,15,22,92,1,0.897435897435897,0.239130434782609,0.385964912280702,NA,NA,NA,NA,0.000247813964137601,0.692799444063621,0.489776483887059,55.3025090397983,371,-191239.792314398,-189531.274175397,1,1,0.897435897435897,"specific_effect_common6_specific4",6,1000,100,4,6,4,0.5,40,0.857142857142857,40,70,1.75
"Eta centered path BIC",4,NA,NA,NA,1.51841867420431,0.600391971271612,96745.6723745512,96507.377742981,TRUE,13,22,25,1,0.0384615384615385,0.88,0.936170212765957,NA,NA,NA,NA,0.000139748230109282,4.17733918464464,0.253546949197411,54.0625012088306,178,-192261.764309444,-191442.044016338,1,1,0.0384615384615385,"specific_effect_common6_specific4",6,1000,100,4,6,4,0.5,40,0.857142857142857,40,70,1.75
"Eta centered path BIC + refit",4,NA,NA,NA,1.51841867420431,0.60590753498199,96783.9962238663,NA,TRUE,14,22,25,1,0.0384615384615385,0.88,0.936170212765957,NA,NA,NA,NA,8.28254032555004e-05,0.411557473029319,0.160178063115601,54.9770773309168,103,-192856.493653998,-192382.161124841,1,1,0.0384615384615385,"specific_effect_common6_specific4",6,1000,100,4,6,4,0.5,40,0.857142857142857,40,70,1.75
"Rossi path BIC",4,49.9558134951903,NA,NA,NA,0.59723570065646,97049.5277706795,96366.8949288601,TRUE,2,22,93,1,0.91025641025641,0.236559139784946,0.382608695652174,1,0.480555555555556,0.187793427230047,0.316205533596838,9.43321331233631e-05,2.44406563827086,0.222127728711571,56.0721998438205,216,-192606.980401099,-191612.263640925,1,1,0.91025641025641,"specific_effect_common6_specific4",7,1000,100,4,6,4,0.5,40,0.857142857142857,40,70,1.75
"Rossi path BIC + refit",4,49.9558134951903,NA,NA,NA,0.544958748736242,97112.578315298,NA,TRUE,11,22,93,1,0.91025641025641,0.236559139784946,0.382608695652174,NA,NA,NA,NA,0.000278015711995404,3.35508042027955,0.626028949633936,56.5275361300045,375,-191634.748400978,-189907.809581232,1,1,0.91025641025641,"specific_effect_common6_specific4",7,1000,100,4,6,4,0.5,40,0.857142857142857,40,70,1.75
"Separate 2D path/grid BIC",4,NA,87.4198959334823,0,NA,0.600547844619349,96977.3925633773,95878.6001339601,TRUE,2,22,71,1,0.628205128205128,0.309859154929577,0.473118279569892,1,0.219444444444444,0.336134453781513,0.50314465408805,5.12804024380238e-05,1.85208623322388,0.122655159418821,55.585288071541,122,-193112.038982719,-192550.208220028,1,1,0.628205128205128,"specific_effect_common6_specific4",7,1000,100,4,6,4,0.5,40,0.857142857142857,40,70,1.75
"Separate 2D path/grid BIC + refit",4,NA,87.4198959334823,0,NA,0.549054725974283,97083.4678436913,NA,TRUE,11,22,71,1,0.628205128205128,0.309859154929577,0.473118279569892,NA,NA,NA,NA,0.000241203982235454,2.42825459981289,0.551542852545907,56.2410230914854,287,-192184.409922315,-190862.726078936,1,1,0.628205128205128,"specific_effect_common6_specific4",7,1000,100,4,6,4,0.5,40,0.857142857142857,40,70,1.75
"Eta centered path BIC",4,NA,NA,NA,1.88514016636758,0.571822415322903,96886.8549089898,96612.2476532382,TRUE,10,22,23,1,0.0128205128205128,0.956521739130435,0.977777777777778,NA,NA,NA,NA,0.000195438261946276,8.67796016820522,0.38914631621625,54.5210477089953,172,-192585.575909995,-191793.486638005,1,1,0.0128205128205128,"specific_effect_common6_specific4",7,1000,100,4,6,4,0.5,40,0.857142857142857,40,70,1.75
"Eta centered path BIC + refit",4,NA,NA,NA,1.88514016636758,0.584385723160057,96943.562446829,NA,TRUE,17,22,23,1,0.0128205128205128,0.956521739130435,0.977777777777778,NA,NA,NA,NA,5.87353969730851e-05,1.6012473537558,0.149516942362035,55.545439475487,95,-193230.888142155,-192793.396974486,1,1,0.0128205128205128,"specific_effect_common6_specific4",7,1000,100,4,6,4,0.5,40,0.857142857142857,40,70,1.75
"Rossi path BIC",4,44.6544029224044,NA,NA,NA,0.575656148717696,96528.241361902,95912.4338336728,TRUE,2,22,98,1,0.974358974358974,0.224489795918367,0.366666666666667,1,0.530555555555556,0.173160173160173,0.29520295202952,0.000104316541540417,2.91179397807193,0.272372197755024,55.6779399631788,234,-191440.067988522,-190362.458165001,1,1,0.974358974358974,"specific_effect_common6_specific4",8,1000,100,4,6,4,0.5,40,0.857142857142857,40,70,1.75
"Rossi path BIC + refit",4,44.6544029224044,NA,NA,NA,0.519164417801095,96585.553278868,NA,TRUE,15,22,98,1,0.974358974358974,0.224489795918367,0.366666666666667,NA,NA,NA,NA,0.000283025272020805,4.38493203727507,0.702667466059545,55.7390590866118,395,-190442.543222538,-188623.500999073,1,1,0.974358974358974,"specific_effect_common6_specific4",8,1000,100,4,6,4,0.5,40,0.857142857142857,40,70,1.75
"Separate 2D path/grid BIC",4,NA,74.7174582894048,4.7366817655822,NA,0.572687905543265,96414.8830989032,94515.6227668853,TRUE,2,22,71,1,0.628205128205128,0.309859154929577,0.473118279569892,1,0.211111111111111,0.344827586206897,0.512820512820513,6.10077840075471e-05,24.9717233001165,0.188071990339764,50.3733580967227,119,-192007.743319607,-191459.728067475,1,1,0.628205128205128,"specific_effect_common6_specific4",8,1000,100,4,6,4,0.5,40,0.857142857142857,40,70,1.75
"Separate 2D path/grid BIC + refit",4,NA,74.7174582894048,4.7366817655822,NA,0.545762544980142,96552.6793784766,NA,TRUE,12,22,71,1,0.628205128205128,0.309859154929577,0.473118279569892,NA,NA,NA,NA,0.000233504592829002,3.21178989901005,0.576385785933748,55.5225471035145,287,-191122.832991885,-189801.149148507,1,1,0.628205128205128,"specific_effect_common6_specific4",8,1000,100,4,6,4,0.5,40,0.857142857142857,40,70,1.75
"Eta centered path BIC",4,NA,NA,NA,1.54980777741555,0.564871222732164,96393.2880880202,96148.657528413,TRUE,10,22,27,1,0.0641025641025641,0.814814814814815,0.897959183673469,NA,NA,NA,NA,0.000149206045148902,8.11957203028149,0.327389944607028,54.2377823439251,184,-191515.549204708,-190668.197890486,1,1,0.0641025641025641,"specific_effect_common6_specific4",8,1000,100,4,6,4,0.5,40,0.857142857142857,40,70,1.75
"Eta centered path BIC + refit",4,NA,NA,NA,1.54980777741555,0.568702272268207,96446.1196531935,NA,TRUE,11,22,27,1,0.0641025641025641,0.814814814814815,0.897959183673469,NA,NA,NA,NA,0.000105561482834003,1.77920440700281,0.274843013248263,55.4473871552562,111,-192125.47847042,-191614.304579775,1,1,0.0641025641025641,"specific_effect_common6_specific4",8,1000,100,4,6,4,0.5,40,0.857142857142857,40,70,1.75
"Rossi path BIC",4,20.2891637266898,NA,NA,NA,0.48437611104466,96803.7360711016,96496.9353461444,TRUE,2,22,98,1,0.974358974358974,0.224489795918367,0.366666666666667,1,0.725,0.132890365448505,0.234604105571848,0.000182128412543672,1.70254843002916,0.459792197085758,55.6287562998453,304,-191507.514537393,-190107.542800852,1,1,0.974358974358974,"specific_effect_common6_specific4",9,1000,100,4,6,4,0.5,40,0.857142857142857,40,70,1.75
"Rossi path BIC + refit",4,20.2891637266898,NA,NA,NA,0.470215302220573,96820.0590619133,NA,TRUE,17,22,98,1,0.974358974358974,0.224489795918367,0.366666666666667,NA,NA,NA,NA,0.000304261194495604,2.37675306311393,0.736089657683098,55.4627872323884,395,-190911.554788629,-189092.512565163,1,1,0.974358974358974,"specific_effect_common6_specific4",9,1000,100,4,6,4,0.5,40,0.857142857142857,40,70,1.75
"Separate 2D path/grid BIC",4,NA,95.0661780362154,4.42790374160806,NA,0.495186141954678,96623.5569572145,94560.3761903666,TRUE,2,22,63,1,0.525641025641026,0.349206349206349,0.517647058823529,1,0.158333333333333,0.412371134020619,0.583941605839416,5.60105305711303e-05,24.5453068725462,0.199316729154466,50.1625028883631,100,-192556.338386531,-192095.821367932,1,1,0.525641025641026,"specific_effect_common6_specific4",9,1000,100,4,6,4,0.5,40,0.857142857142857,40,70,1.75
"Separate 2D path/grid BIC + refit",4,NA,95.0661780362154,4.42790374160806,NA,0.494359953719942,96774.2932798447,NA,TRUE,14,22,63,1,0.525641025641026,0.349206349206349,0.517647058823529,NA,NA,NA,NA,0.000209062686982145,1.76050135038177,0.526706658079018,55.3676932164648,255,-191787.108963549,-190612.790566122,1,1,0.525641025641026,"specific_effect_common6_specific4",9,1000,100,4,6,4,0.5,40,0.857142857142857,40,70,1.75
"Eta centered path BIC",4,NA,NA,NA,1.5237366298578,0.494883301978466,96623.6499286745,96402.0251488329,TRUE,6,22,25,1,0.0384615384615385,0.88,0.936170212765957,NA,NA,NA,NA,0.00021838134813109,11.07486557205,0.4571842086241,54.5937436272314,178,-192017.71941769,-191197.999124584,1,1,0.0384615384615385,"specific_effect_common6_specific4",9,1000,100,4,6,4,0.5,40,0.857142857142857,40,70,1.75
"Eta centered path BIC + refit",4,NA,NA,NA,1.5237366298578,0.547354414793305,96657.3035745542,NA,TRUE,21,22,25,1,0.0384615384615385,0.88,0.936170212765957,NA,NA,NA,NA,7.57944094913498e-05,1.47691134892777,0.217000067523125,55.0897459984504,103,-192603.108355373,-192128.775826217,1,1,0.0384615384615385,"specific_effect_common6_specific4",9,1000,100,4,6,4,0.5,40,0.857142857142857,40,70,1.75
"Rossi path BIC",4,51.076348326017,NA,NA,NA,0.558588492586681,96523.7734646848,95830.4853858935,TRUE,2,22,93,1,0.91025641025641,0.236559139784946,0.382608695652174,1,0.458333333333333,0.195121951219512,0.326530612244898,8.71287095473359e-05,2.55537619715784,0.209819520892358,54.9358426500047,208,-191610.733831341,-190652.858432656,1,1,0.91025641025641,"specific_effect_common6_specific4",10,1000,100,4,6,4,0.5,40,0.857142857142857,40,70,1.75
"Rossi path BIC + refit",4,51.076348326017,NA,NA,NA,0.53914502340581,96592.0283773375,NA,TRUE,11,22,93,1,0.91025641025641,0.236559139784946,0.382608695652174,NA,NA,NA,NA,0.000272835593247712,3.83651215573106,0.630040618556707,55.5236821808506,375,-190593.648525057,-188866.709705311,1,1,0.91025641025641,"specific_effect_common6_specific4",10,1000,100,4,6,4,0.5,40,0.857142857142857,40,70,1.75
"Separate 2D path/grid BIC",4,NA,87.9046391920254,0,NA,0.578099262152108,96456.0159002903,95352.4282340056,TRUE,2,22,70,1,0.615384615384615,0.314285714285714,0.478260869565217,1,0.191666666666667,0.36697247706422,0.536912751677852,4.82366077454418e-05,2.90447091633415,0.128918777879427,54.3776200432659,112,-192138.363209334,-191622.584148504,1,1,0.615384615384615,"specific_effect_common6_specific4",10,1000,100,4,6,4,0.5,40,0.857142857142857,40,70,1.75
"Separate 2D path/grid BIC + refit",4,NA,87.9046391920254,0,NA,0.54673714548341,96558.8344938307,NA,TRUE,11,22,70,1,0.615384615384615,0.314285714285714,0.478260869565217,NA,NA,NA,NA,0.00022503414664064,3.29601252978901,0.518044543479178,55.201356013042,283,-191162.774243709,-189859.511081075,1,1,0.615384615384615,"specific_effect_common6_specific4",10,1000,100,4,6,4,0.5,40,0.857142857142857,40,70,1.75
"Eta centered path BIC",4,NA,NA,NA,1.44992489189649,0.560456581270823,96417.2165879532,96184.45504711,TRUE,7,22,25,1,0.0384615384615385,0.88,0.936170212765957,NA,NA,NA,NA,0.000155186041671708,6.03426591559753,0.278690807595307,53.881372263726,178,-191604.852736248,-190785.132443142,1,1,0.0384615384615385,"specific_effect_common6_specific4",10,1000,100,4,6,4,0.5,40,0.857142857142857,40,70,1.75
"Eta centered path BIC + refit",4,NA,NA,NA,1.44992489189649,0.550962299454867,96442.9158973954,NA,TRUE,12,22,25,1,0.0384615384615385,0.88,0.936170212765957,NA,NA,NA,NA,8.49490921379814e-05,2.69379225673975,0.205668693445488,54.689636618689,103,-192174.333001056,-191700.000471899,1,1,0.0384615384615385,"specific_effect_common6_specific4",10,1000,100,4,6,4,0.5,40,0.857142857142857,40,70,1.75
"Rossi path BIC",4,35.8001688641409,NA,NA,NA,0.522233999765722,96612.1176869223,96101.9161754754,TRUE,2,22,98,1,0.974358974358974,0.224489795918367,0.366666666666667,1,0.580555555555556,0.160642570281124,0.27681660899654,0.000129708100810986,1.42430862405796,0.304186118777162,55.294891474058,252,-191483.481043541,-190322.978156672,1,1,0.974358974358974,"specific_effect_common6_specific4",11,1000,100,4,6,4,0.5,40,0.857142857142857,40,70,1.75
"Rossi path BIC + refit",4,35.8001688641409,NA,NA,NA,0.479977309180739,96652.9390113523,NA,TRUE,17,22,98,1,0.974358974358974,0.224489795918367,0.366666666666667,NA,NA,NA,NA,0.000301605359625224,2.98916958259191,0.711561216919237,55.41825016903,395,-190577.314687507,-188758.272464041,1,1,0.974358974358974,"specific_effect_common6_specific4",11,1000,100,4,6,4,0.5,40,0.857142857142857,40,70,1.75
"Separate 2D path/grid BIC",4,NA,68.8568156261252,4.61132409156494,NA,0.507254742241504,96498.5341157168,94687.0315684192,TRUE,2,22,76,1,0.692307692307692,0.289473684210526,0.448979591836735,1,0.247222222222222,0.310077519379845,0.473372781065089,7.11954779782366e-05,25.5888393836059,0.183267636916152,50.0467767757196,132,-192085.244534608,-191477.362070058,1,1,0.692307692307692,"specific_effect_common6_specific4",11,1000,100,4,6,4,0.5,40,0.857142857142857,40,70,1.75
"Separate 2D path/grid BIC + refit",4,NA,68.8568156261252,4.61132409156494,NA,0.499600450485671,96632.9401015239,NA,TRUE,16,22,76,1,0.692307692307692,0.289473684210526,0.448979591836735,NA,NA,NA,NA,0.000267044598864614,2.09013404434002,0.62032652771211,55.135803592849,307,-191145.1993324,-189731.412085302,1,1,0.692307692307692,"specific_effect_common6_specific4",11,1000,100,4,6,4,0.5,40,0.857142857142857,40,70,1.75
"Eta centered path BIC",4,NA,NA,NA,1.75265708374487,0.517129698530158,96435.130151795,96181.1482863393,TRUE,10,22,23,1,0.0128205128205128,0.956521739130435,0.977777777777778,NA,NA,NA,NA,0.000192397863853375,11.4422304145417,0.4251743641659,53.6928260393734,172,-191682.126395605,-190890.037123615,1,1,0.0128205128205128,"specific_effect_common6_specific4",11,1000,100,4,6,4,0.5,40,0.857142857142857,40,70,1.75
"Eta centered path BIC + refit",4,NA,NA,NA,1.75265708374487,0.534464014410272,96479.9225630789,NA,TRUE,14,22,23,1,0.0128205128205128,0.956521739130435,0.977777777777778,NA,NA,NA,NA,6.45065790586404e-05,0.759602990297797,0.163755562148181,54.8386100310538,95,-192303.608374654,-191866.117206986,1,1,0.0128205128205128,"specific_effect_common6_specific4",11,1000,100,4,6,4,0.5,40,0.857142857142857,40,70,1.75
"Rossi path BIC",4,19.1563948552113,NA,NA,NA,0.552675936180515,97077.4044892381,96784.7288578388,TRUE,2,22,100,1,1,0.22,0.360655737704918,1,0.802777777777778,0.121580547112462,0.21680216802168,0.000187361273487863,2.95448897269061,0.44918847384333,56.5479743747446,332,-191861.434225854,-190332.517724106,1,1,1,"specific_effect_common6_specific4",12,1000,100,4,6,4,0.5,40,0.857142857142857,40,70,1.75
"Rossi path BIC + refit",4,19.1563948552113,NA,NA,NA,0.521256538725138,97091.0183042212,NA,TRUE,11,22,100,1,1,0.22,0.360655737704918,NA,NA,NA,NA,0.000295681655204176,2.93578773261632,0.705604582447254,56.5409527178466,403,-191398.211231013,-189542.327646059,1,1,1,"specific_effect_common6_specific4",12,1000,100,4,6,4,0.5,40,0.857142857142857,40,70,1.75
"Separate 2D path/grid BIC",4,NA,49.9367157972683,4.48244863684906,NA,0.550734400461307,96956.6892290238,95390.2710456592,TRUE,2,22,92,1,0.897435897435897,0.239130434782609,0.385964912280702,1,0.411111111111111,0.212765957446809,0.350877192982456,7.65781849263708e-05,20.1281211760959,0.19521927250869,50.5368397584373,191,-192593.997199762,-191714.409694238,1,1,0.897435897435897,"specific_effect_common6_specific4",12,1000,100,4,6,4,0.5,40,0.857142857142857,40,70,1.75
"Separate 2D path/grid BIC + refit",4,NA,49.9367157972683,4.48244863684906,NA,0.519737742724301,97086.5608073012,NA,TRUE,26,22,92,1,0.897435897435897,0.239130434782609,0.385964912280702,NA,NA,NA,NA,0.00028739249153779,2.42633285557939,0.688282073524281,56.3938609227889,371,-191610.3444061,-189901.826267099,1,1,0.897435897435897,"specific_effect_common6_specific4",12,1000,100,4,6,4,0.5,40,0.857142857142857,40,70,1.75
"Eta centered path BIC",4,NA,NA,NA,1.60875766751108,0.574448029098579,96886.6334084584,96649.6369673712,TRUE,4,22,22,1,0,1,1,NA,NA,NA,NA,0.00020162514013884,5.05127508714387,0.420903974290824,54.5658134197587,169,-192605.856174769,-191827.582413337,1,1,0,"specific_effect_common6_specific4",12,1000,100,4,6,4,0.5,40,0.857142857142857,40,70,1.75
"Eta centered path BIC + refit",4,NA,NA,NA,1.60875766751108,0.605679694956052,96929.1602303854,NA,TRUE,10,22,22,1,0,1,1,NA,NA,NA,NA,6.06580168644201e-05,1.30874884892829,0.146618063285,55.8300742257962,91,-193229.714730383,-192810.644243458,1,1,0,"specific_effect_common6_specific4",12,1000,100,4,6,4,0.5,40,0.857142857142857,40,70,1.75
"Rossi path BIC",4,21.9893270399118,NA,NA,NA,0.516548825701034,96719.045076788,96388.5065231906,TRUE,2,22,100,1,1,0.22,0.360655737704918,1,0.747222222222222,0.129449838187702,0.229226361031519,0.00018421100189461,6.43234541428435,0.456614026810615,56.9523455516623,312,-191282.870506534,-189846.057408505,1,1,1,"specific_effect_common6_specific4",13,1000,100,4,6,4,0.5,40,0.857142857142857,40,70,1.75
"Rossi path BIC + refit",4,21.9893270399118,NA,NA,NA,0.503937066706273,96736.4694009239,NA,TRUE,20,22,100,1,1,0.22,0.360655737704918,NA,NA,NA,NA,0.000300185143535082,7.94113128892044,0.723168028132334,57.060908323988,403,-190689.113424418,-188833.229839465,1,1,1,"specific_effect_common6_specific4",13,1000,100,4,6,4,0.5,40,0.857142857142857,40,70,1.75
"Separate 2D path/grid BIC",4,NA,38.5493053045832,0,NA,0.530953310596832,96690.3793395983,96148.011137792,TRUE,2,22,99,1,0.987179487179487,0.222222222222222,0.363636363636364,1,0.575,0.161943319838057,0.278745644599303,0.000127623206128849,5.11568754118071,0.321658178334432,56.730041262894,250,-191653.819859451,-190502.527312954,1,1,0.987179487179487,"specific_effect_common6_specific4",13,1000,100,4,6,4,0.5,40,0.857142857142857,40,70,1.75
"Separate 2D path/grid BIC + refit",4,NA,38.5493053045832,0,NA,0.499591718425108,96736.0889671047,NA,TRUE,24,22,99,1,0.987179487179487,0.222222222222222,0.363636363636364,NA,NA,NA,NA,0.00029928450197095,7.82672445372901,0.719556448417487,57.0549955841722,399,-190715.983577896,-188878.520673686,1,1,0.987179487179487,"specific_effect_common6_specific4",13,1000,100,4,6,4,0.5,40,0.857142857142857,40,70,1.75
"Eta centered path BIC",4,NA,NA,NA,1.59348382061813,0.543656742505132,96534.7127591418,96284.8158459389,TRUE,8,22,23,1,0.0128205128205128,0.956521739130435,0.977777777777778,NA,NA,NA,NA,0.000195860576727446,2.32279820691819,0.345811400902801,55.2050916125952,172,-191881.291610299,-191089.202338309,1,1,0.0128205128205128,"specific_effect_common6_specific4",13,1000,100,4,6,4,0.5,40,0.857142857142857,40,70,1.75
"Eta centered path BIC + refit",4,NA,NA,NA,1.59348382061813,0.539568200346645,96581.600417253,NA,TRUE,24,22,23,1,0.0128205128205128,0.956521739130435,0.977777777777778,NA,NA,NA,NA,8.4600024180118e-05,3.23758845253413,0.192636753482028,56.0199817353803,95,-192506.964083003,-192069.472915334,1,1,0.0128205128205128,"specific_effect_common6_specific4",13,1000,100,4,6,4,0.5,40,0.857142857142857,40,70,1.75
"Rossi path BIC",4,34.5596866732199,NA,NA,NA,0.566767219117288,96933.4954919197,96443.9274418657,TRUE,2,22,98,1,0.974358974358974,0.224489795918367,0.366666666666667,1,0.591666666666667,0.158102766798419,0.273037542662116,0.000106935740308209,3.90634149116757,0.276168881781944,56.8146291120613,256,-192098.60563242,-190919.682064807,1,1,0.974358974358974,"specific_effect_common6_specific4",14,1000,100,4,6,4,0.5,40,0.857142857142857,40,70,1.75
"Rossi path BIC + refit",4,34.5596866732199,NA,NA,NA,0.529093662301853,96968.4737054129,NA,TRUE,20,22,98,1,0.974358974358974,0.224489795918367,0.366666666666667,NA,NA,NA,NA,0.000248725029648489,6.17626122038374,0.629662678804609,57.3912277942785,395,-191208.384075628,-189389.341852163,1,1,0.974358974358974,"specific_effect_common6_specific4",14,1000,100,4,6,4,0.5,40,0.857142857142857,40,70,1.75
"Separate 2D path/grid BIC",4,NA,75.0230145603468,4.96322724965337,NA,0.566671176552105,96796.6076094261,94846.1009587763,TRUE,2,22,76,1,0.692307692307692,0.289473684210526,0.448979591836735,1,0.230555555555556,0.32520325203252,0.49079754601227,5.00181907754331e-05,19.6168883049849,0.151488776049466,50.6427870651888,126,-192722.8380537,-192142.586610266,1,1,0.692307692307692,"specific_effect_common6_specific4",14,1000,100,4,6,4,0.5,40,0.857142857142857,40,70,1.75
"Separate 2D path/grid BIC + refit",4,NA,75.0230145603468,4.96322724965337,NA,0.558380739809961,96943.3204431568,NA,TRUE,22,22,76,1,0.692307692307692,0.289473684210526,0.448979591836735,NA,NA,NA,NA,0.000203387349286851,4.13029170025253,0.512183177776151,56.8932054251745,307,-191765.960015666,-190352.172768568,1,1,0.692307692307692,"specific_effect_common6_specific4",14,1000,100,4,6,4,0.5,40,0.857142857142857,40,70,1.75
"Eta centered path BIC",4,NA,NA,NA,1.64822061756291,0.561567659430213,96772.5632775981,96518.7075681017,TRUE,21,22,23,1,0.0128205128205128,0.956521739130435,0.977777777777778,NA,NA,NA,NA,0.00017242904883499,3.98869569466618,0.30730226820034,55.4858868691583,172,-192356.992647211,-191564.903375221,1,1,0.0128205128205128,"specific_effect_common6_specific4",14,1000,100,4,6,4,0.5,40,0.857142857142857,40,70,1.75
"Eta centered path BIC + refit",4,NA,NA,NA,1.64822061756291,0.582566578980535,96815.5173631185,NA,TRUE,21,22,23,1,0.0128205128205128,0.956521739130435,0.977777777777778,NA,NA,NA,NA,5.05722793064881e-05,2.32239218729396,0.141038277623712,56.1850060445914,95,-192974.797974734,-192537.306807065,1,1,0.0128205128205128,"specific_effect_common6_specific4",14,1000,100,4,6,4,0.5,40,0.857142857142857,40,70,1.75
"Rossi path BIC",4,26.1934014584045,NA,NA,NA,0.538106352225336,96810.9285918361,96426.1288218734,TRUE,2,22,99,1,0.987179487179487,0.222222222222222,0.363636363636364,1,0.663888888888889,0.14336917562724,0.250783699059561,0.000161955848049913,1.874485813158,0.378923606262693,55.731821014621,282,-191673.870194999,-190375.212202551,1,1,0.987179487179487,"specific_effect_common6_specific4",15,1000,100,4,6,4,0.5,40,0.857142857142857,40,70,1.75
"Rossi path BIC + refit",4,26.1934014584045,NA,NA,NA,0.516699253861641,96834.5610637269,NA,TRUE,12,22,99,1,0.987179487179487,0.222222222222222,0.363636363636364,NA,NA,NA,NA,0.000292792815593435,1.84149042401048,0.663883801641037,55.7864625885093,399,-190912.92777114,-189075.464866931,1,1,0.987179487179487,"specific_effect_common6_specific4",15,1000,100,4,6,4,0.5,40,0.857142857142857,40,70,1.75
"Separate 2D path/grid BIC",4,NA,47.3336657835756,4.07437002363747,NA,0.51050583117398,96726.3882590246,95263.8532075263,TRUE,2,22,95,1,0.935897435897436,0.231578947368421,0.376068376068376,1,0.405555555555556,0.21505376344086,0.353982300884956,0.000108675194065786,20.529881653312,0.249310545948833,50.6625373758632,189,-192147.210770322,-191276.83360517,1,1,0.935897435897436,"specific_effect_common6_specific4",15,1000,100,4,6,4,0.5,40,0.857142857142857,40,70,1.75
"Separate 2D path/grid BIC + refit",4,NA,47.3336657835756,4.07437002363747,NA,0.521468570961193,96832.785761277,NA,TRUE,24,22,95,1,0.935897435897436,0.231578947368421,0.376068376068376,NA,NA,NA,NA,0.000291374125047716,1.80634985108014,0.657583795922355,55.7263595340296,383,-191019.901250704,-189256.12106947,1,1,0.935897435897436,"specific_effect_common6_specific4",15,1000,100,4,6,4,0.5,40,0.857142857142857,40,70,1.75
"Eta centered path BIC",4,NA,NA,NA,1.44819712667047,0.569247579342021,96660.6889291252,96436.4291885687,TRUE,9,22,27,1,0.0641025641025641,0.814814814814815,0.897959183673469,NA,NA,NA,NA,0.000181630823362627,4.31101533617285,0.349103646977264,54.4238055522892,184,-192050.350886918,-191202.999572696,1,1,0.0641025641025641,"specific_effect_common6_specific4",15,1000,100,4,6,4,0.5,40,0.857142857142857,40,70,1.75
"Eta centered path BIC + refit",4,NA,NA,NA,1.44819712667047,0.562782538967022,96694.7003394145,NA,TRUE,20,22,27,1,0.0641025641025641,0.814814814814815,0.897959183673469,NA,NA,NA,NA,9.80108968802047e-05,1.15505388935233,0.25749140847107,55.1767079276656,111,-192622.639842862,-192111.465952217,1,1,0.0641025641025641,"specific_effect_common6_specific4",15,1000,100,4,6,4,0.5,40,0.857142857142857,40,70,1.75
"Rossi path BIC",4,23.8458302353325,NA,NA,NA,0.567716606123516,96947.0763456856,96596.9070443997,TRUE,2,22,100,1,1,0.22,0.360655737704918,1,0.727777777777778,0.132450331125828,0.233918128654971,0.000141989677126915,2.35857788364301,0.378709190311537,56.4614028917239,305,-191787.287331282,-190382.710424555,1,1,1,"specific_effect_common6_specific4",16,1000,100,4,6,4,0.5,40,0.857142857142857,40,70,1.75
"Rossi path BIC + refit",4,23.8458302353325,NA,NA,NA,0.540182239175246,96966.8598989881,NA,TRUE,54,22,100,1,1,0.22,0.360655737704918,NA,NA,NA,NA,0.000279273670649543,2.20188510607514,0.676841704310235,56.2413357473431,403,-191149.894420546,-189294.010835593,1,1,1,"specific_effect_common6_specific4",16,1000,100,4,6,4,0.5,40,0.857142857142857,40,70,1.75
"Separate 2D path/grid BIC",4,NA,62.5142833825913,0,NA,0.60366489114076,96877.2691701328,96067.2325096651,TRUE,2,22,83,1,0.782051282051282,0.265060240963855,0.419047619047619,1,0.333333333333333,0.25,0.4,6.27425162849298e-05,1.11069721814598,0.165902711768633,56.0177191052517,163,-192628.574229791,-191877.931489475,1,1,0.782051282051282,"specific_effect_common6_specific4",16,1000,100,4,6,4,0.5,40,0.857142857142857,40,70,1.75
"Separate 2D path/grid BIC + refit",4,NA,62.5142833825913,0,NA,0.536035443532325,96957.2317794817,NA,TRUE,29,22,83,1,0.782051282051282,0.265060240963855,0.419047619047619,NA,NA,NA,NA,0.000246858410634653,2.13246939462223,0.61754659420438,56.3167414099498,335,-191600.365540504,-190057.633528198,1,1,0.782051282051282,"specific_effect_common6_specific4",16,1000,100,4,6,4,0.5,40,0.857142857142857,40,70,1.75
"Eta centered path BIC",4,NA,NA,NA,1.48270238149288,0.592090125655358,96787.9091917982,96558.7269522535,TRUE,9,22,25,1,0.0384615384615385,0.88,0.936170212765957,NA,NA,NA,NA,0.000153990132568422,5.9696748275241,0.32716854803057,54.663369282137,178,-192346.237943938,-191526.517650832,1,1,0.0384615384615385,"specific_effect_common6_specific4",16,1000,100,4,6,4,0.5,40,0.857142857142857,40,70,1.75
"Eta centered path BIC + refit",4,NA,NA,NA,1.48270238149288,0.591332608297909,96831.8579297418,NA,TRUE,17,22,25,1,0.0384615384615385,0.88,0.936170212765957,NA,NA,NA,NA,7.47837284254994e-05,0.605340452505659,0.204430755730404,55.7600568257662,103,-192952.217065748,-192477.884536592,1,1,0.0384615384615385,"specific_effect_common6_specific4",16,1000,100,4,6,4,0.5,40,0.857142857142857,40,70,1.75
"Rossi path BIC",4,16.6128714065293,NA,NA,NA,0.610501365292679,96933.4933315054,96675.5810019626,TRUE,2,22,100,1,1,0.22,0.360655737704918,1,0.830555555555556,0.117994100294985,0.211081794195251,0.000186874802711002,2.66364075591336,0.460912527268688,56.0477637418458,342,-191504.534357599,-189929.566153991,1,1,1,"specific_effect_common6_specific4",17,1000,100,4,6,4,0.5,40,0.857142857142857,40,70,1.75
"Rossi path BIC + refit",4,16.6128714065293,NA,NA,NA,0.600739497223545,96943.806792406,NA,TRUE,13,22,100,1,1,0.22,0.360655737704918,NA,NA,NA,NA,0.000277222352539921,2.29945893813636,0.655255311384678,55.9673672224284,403,-191103.788207382,-189247.904622429,1,1,1,"specific_effect_common6_specific4",17,1000,100,4,6,4,0.5,40,0.857142857142857,40,70,1.75
"Separate 2D path/grid BIC",4,NA,48.0396287773695,3.96584083501138,NA,0.596537767934328,96839.3021998126,95367.9752826584,TRUE,2,22,91,1,0.884615384615385,0.241758241758242,0.389380530973451,1,0.438888888888889,0.202020202020202,0.336134453781513,0.000104522062542003,14.7027697045359,0.233805264482116,51.367825922778,201,-192290.14558855,-191364.506381166,1,1,0.884615384615385,"specific_effect_common6_specific4",17,1000,100,4,6,4,0.5,40,0.857142857142857,40,70,1.75
"Separate 2D path/grid BIC + refit",4,NA,48.0396287773695,3.96584083501138,NA,0.591346348340858,96939.4333814736,NA,TRUE,14,22,91,1,0.884615384615385,0.241758241758242,0.389380530973451,NA,NA,NA,NA,0.000276102135816014,2.22573117213724,0.641740238537907,55.8410934361223,367,-191343.720575561,-189653.623117303,1,1,0.884615384615385,"specific_effect_common6_specific4",17,1000,100,4,6,4,0.5,40,0.857142857142857,40,70,1.75
"Eta centered path BIC",4,NA,NA,NA,1.63291022536816,0.644829155548446,96737.062449905,96487.4647284884,TRUE,10,22,25,1,0.0384615384615385,0.88,0.936170212765957,NA,NA,NA,NA,0.000136955933024606,8.77327846576904,0.322162187361396,54.0706841924941,178,-192244.544460151,-191424.824167045,1,1,0.0384615384615385,"specific_effect_common6_specific4",17,1000,100,4,6,4,0.5,40,0.857142857142857,40,70,1.75
"Eta centered path BIC + refit",4,NA,NA,NA,1.63291022536816,0.619822443818707,96779.9318472652,NA,TRUE,15,22,25,1,0.0384615384615385,0.88,0.936170212765957,NA,NA,NA,NA,8.17752257885908e-05,2.05299650990591,0.201089730684993,55.1583100305292,103,-192848.364900795,-192374.032371639,1,1,0.0384615384615385,"specific_effect_common6_specific4",17,1000,100,4,6,4,0.5,40,0.857142857142857,40,70,1.75
"Rossi path BIC",4,57.7611868087091,NA,NA,NA,0.58531650426977,96756.7794859322,95981.4933237417,TRUE,2,22,94,1,0.923076923076923,0.234042553191489,0.379310344827586,1,0.413888888888889,0.211640211640212,0.349344978165939,8.87040384639274e-05,3.00818476043999,0.243346312319365,55.876279474502,192,-192187.2699583,-191303.07728259,1,1,0.923076923076923,"specific_effect_common6_specific4",18,1000,100,4,6,4,0.5,40,0.857142857142857,40,70,1.75
"Rossi path BIC + refit",4,57.7611868087091,NA,NA,NA,0.552678769873166,96840.1517206623,NA,TRUE,12,22,94,1,0.923076923076923,0.234042553191489,0.379310344827586,NA,NA,NA,NA,0.000297649257429498,3.8131267183643,0.779266666911668,56.4040051611176,379,-191062.26419059,-189316.904690101,1,1,0.923076923076923,"specific_effect_common6_specific4",18,1000,100,4,6,4,0.5,40,0.857142857142857,40,70,1.75
"Separate 2D path/grid BIC",4,NA,115.829004165421,0,NA,0.584654121614464,96663.3203337693,95243.2611662557,TRUE,2,22,54,1,0.41025641025641,0.407407407407407,0.578947368421053,1,0.116666666666667,0.48780487804878,0.655737704918033,4.95280224621159e-05,2.53643690568388,0.133833603026672,55.3149706126909,85,-192739.481468825,-192348.042003016,1,1,0.41025641025641,"specific_effect_common6_specific4",18,1000,100,4,6,4,0.5,40,0.857142857142857,40,70,1.75
"Separate 2D path/grid BIC + refit",4,NA,115.829004165421,0,NA,0.561778543946312,96767.9571083648,NA,TRUE,11,22,54,1,0.41025641025641,0.407407407407407,0.578947368421053,NA,NA,NA,NA,0.000200048187987944,3.41114262153684,0.540555395916137,55.9947748164904,219,-192023.115810633,-191014.583539901,1,1,0.41025641025641,"specific_effect_common6_specific4",18,1000,100,4,6,4,0.5,40,0.857142857142857,40,70,1.75
"Eta centered path BIC",4,NA,NA,NA,1.63989183959642,0.558546937216267,96620.0544208034,96359.5557299758,TRUE,4,22,25,1,0.0384615384615385,0.88,0.936170212765957,NA,NA,NA,NA,0.000164380544707866,4.4062984500152,0.30391831642367,54.6961083552118,178,-192010.528401948,-191190.808108842,1,1,0.0384615384615385,"specific_effect_common6_specific4",18,1000,100,4,6,4,0.5,40,0.857142857142857,40,70,1.75
"Eta centered path BIC + refit",4,NA,NA,NA,1.63989183959642,0.59417972484293,96675.6878146106,NA,TRUE,20,22,25,1,0.0384615384615385,0.88,0.936170212765957,NA,NA,NA,NA,9.04456844555798e-05,1.75225675842304,0.23808570055353,55.6306371799592,103,-192639.876835486,-192165.544306329,1,1,0.0384615384615385,"specific_effect_common6_specific4",18,1000,100,4,6,4,0.5,40,0.857142857142857,40,70,1.75
"Rossi path BIC",4,52.7501565628655,NA,NA,NA,0.555791985961337,96706.3860724656,96000.603977205,TRUE,2,22,96,1,0.948717948717949,0.229166666666667,0.372881355932203,1,0.405555555555556,0.21505376344086,0.353982300884956,6.69530373265393e-05,0.308753039427165,0.155250384241264,55.360233069282,189,-192107.206397204,-191236.829232052,1,1,0.948717948717949,"specific_effect_common6_specific4",19,1000,100,4,6,4,0.5,40,0.857142857142857,40,70,1.75
"Rossi path BIC + refit",4,52.7501565628655,NA,NA,NA,0.529495154398801,96777.7064304522,NA,TRUE,19,22,96,1,0.948717948717949,0.229166666666667,0.372881355932203,NA,NA,NA,NA,0.00026838735554532,0.91667700248681,0.584197985500139,55.3668220472967,387,-190882.111567938,-189099.910705961,1,1,0.948717948717949,"specific_effect_common6_specific4",19,1000,100,4,6,4,0.5,40,0.857142857142857,40,70,1.75
"Separate 2D path/grid BIC",4,NA,88.8839123450626,0,NA,0.587469662354785,96648.143224467,95535.0483590436,TRUE,2,22,62,1,0.512820512820513,0.354838709677419,0.523809523809524,1,0.172222222222222,0.392156862745098,0.563380281690141,3.42391029305927e-05,0.144765884840782,0.0762401711285867,55.1311034462258,105,-192570.972144641,-192087.429275112,1,1,0.512820512820513,"specific_effect_common6_specific4",19,1000,100,4,6,4,0.5,40,0.857142857142857,40,70,1.75
"Separate 2D path/grid BIC + refit",4,NA,88.8839123450626,0,NA,0.548853524481936,96737.9025189576,NA,TRUE,13,22,62,1,0.512820512820513,0.354838709677419,0.523809523809524,NA,NA,NA,NA,0.000199341303929723,0.482735254093311,0.451073911977023,55.2618370005023,251,-191741.958462891,-190586.060746208,1,1,0.512820512820513,"specific_effect_common6_specific4",19,1000,100,4,6,4,0.5,40,0.857142857142857,40,70,1.75
"Eta centered path BIC",4,NA,NA,NA,1.71185736249115,0.564131327465167,96566.2319365676,96313.7806631184,TRUE,7,22,25,1,0.0384615384615385,0.88,0.936170212765957,NA,NA,NA,NA,0.000147981706987509,9.57812554611131,0.34043237708614,53.6155068649563,178,-191902.883433476,-191083.16314037,1,1,0.0384615384615385,"specific_effect_common6_specific4",19,1000,100,4,6,4,0.5,40,0.857142857142857,40,70,1.75
"Eta centered path BIC + refit",4,NA,NA,NA,1.71185736249115,0.564559304862371,96634.2245839601,NA,TRUE,15,22,25,1,0.0384615384615385,0.88,0.936170212765957,NA,NA,NA,NA,6.57662410333295e-05,0.212756936238062,0.154271841576247,54.8573853994027,103,-192556.950374185,-192082.617845028,1,1,0.0384615384615385,"specific_effect_common6_specific4",19,1000,100,4,6,4,0.5,40,0.857142857142857,40,70,1.75
"Rossi path BIC",4,46.384863674559,NA,NA,NA,0.586348400260319,96944.1344631086,96306.7225493765,TRUE,2,22,95,1,0.935897435897436,0.231578947368421,0.376068376068376,1,0.488888888888889,0.185185185185185,0.3125,8.8959622639336e-05,3.23656756598995,0.211501066281099,56.651248684758,219,-192375.47052012,-191366.938249389,1,1,0.935897435897436,"specific_effect_common6_specific4",20,1000,100,4,6,4,0.5,40,0.857142857142857,40,70,1.75
"Rossi path BIC + refit",4,46.384863674559,NA,NA,NA,0.548858293733529,96999.3267768392,NA,TRUE,8,22,95,1,0.935897435897436,0.231578947368421,0.376068376068376,NA,NA,NA,NA,0.000250634468479949,5.22174315486761,0.614765325407996,57.1471091507859,383,-191352.983281828,-189589.203100595,1,1,0.935897435897436,"specific_effect_common6_specific4",20,1000,100,4,6,4,0.5,40,0.857142857142857,40,70,1.75
"Separate 2D path/grid BIC",4,NA,70.5199633407304,4.92311459326235,NA,0.560458159601023,96826.6851281333,94934.0011163387,TRUE,2,22,70,1,0.615384615384615,0.314285714285714,0.478260869565217,1,0.225,0.330578512396694,0.496894409937888,5.13660425419449e-05,18.5112994641158,0.133616867888717,50.8610467652883,124,-192796.808601673,-192225.76749861,1,1,0.615384615384615,"specific_effect_common6_specific4",20,1000,100,4,6,4,0.5,40,0.857142857142857,40,70,1.75
"Separate 2D path/grid BIC + refit",4,NA,70.5199633407304,4.92311459326235,NA,0.551407281765863,96970.3292250682,NA,TRUE,14,22,70,1,0.615384615384615,0.314285714285714,0.478260869565217,NA,NA,NA,NA,0.000217493206668035,4.25139368821526,0.535298792066926,56.7950802715751,283,-191985.763706185,-190682.50054355,1,1,0.615384615384615,"specific_effect_common6_specific4",20,1000,100,4,6,4,0.5,40,0.857142857142857,40,70,1.75
"Eta centered path BIC",4,NA,NA,NA,1.43603483010614,0.575493424664736,96829.0163968866,96598.110282414,TRUE,11,22,25,1,0.0384615384615385,0.88,0.936170212765957,NA,NA,NA,NA,0.000134307094469212,6.26984870758068,0.27021642494423,55.4416642508979,178,-192428.452354114,-191608.732061008,1,1,0.0384615384615385,"specific_effect_common6_specific4",20,1000,100,4,6,4,0.5,40,0.857142857142857,40,70,1.75
"Eta centered path BIC + refit",4,NA,NA,NA,1.43603483010614,0.587604607021922,96857.7602663018,NA,TRUE,11,22,25,1,0.0384615384615385,0.88,0.936170212765957,NA,NA,NA,NA,7.50942786288572e-05,2.39863954479234,0.198052858782579,56.4373725318201,103,-193004.021738868,-192529.689209712,1,1,0.0384615384615385,"specific_effect_common6_specific4",20,1000,100,4,6,4,0.5,40,0.857142857142857,40,70,1.75
"Rossi path BIC",4,42.387274146205,NA,NA,NA,0.542083702144851,96948.6214355172,96359.654514342,TRUE,2,22,95,1,0.935897435897436,0.231578947368421,0.376068376068376,1,0.569444444444444,0.163265306122449,0.280701754385965,0.0001089750589511,5.14601195612247,0.276352122228156,56.4675407408312,248,-192184.119561847,-191042.037355722,1,1,0.935897435897436,"specific_effect_common6_specific4",21,1000,100,4,6,4,0.5,40,0.857142857142857,40,70,1.75
"Rossi path BIC + refit",4,42.387274146205,NA,NA,NA,0.485266722550295,97000.4958390962,NA,TRUE,14,22,95,1,0.935897435897436,0.231578947368421,0.376068376068376,NA,NA,NA,NA,0.000279881232330552,8.21450104846377,0.685877962026536,56.8064208909869,383,-191355.321406342,-189591.541225109,1,1,0.935897435897436,"specific_effect_common6_specific4",21,1000,100,4,6,4,0.5,40,0.857142857142857,40,70,1.75
"Separate 2D path/grid BIC",4,NA,64.3839217542102,0,NA,0.544340395289122,96902.3089691279,96065.0274230067,TRUE,2,22,87,1,0.833333333333333,0.252873563218391,0.403669724770642,1,0.336111111111111,0.248447204968944,0.398009950248756,6.91262332466129e-05,3.71764689584822,0.174430513877806,56.1279499545231,164,-192671.746072503,-191916.498162001,1,1,0.833333333333333,"specific_effect_common6_specific4",21,1000,100,4,6,4,0.5,40,0.857142857142857,40,70,1.75
"Separate 2D path/grid BIC + refit",4,NA,64.3839217542102,0,NA,0.483920895924382,96991.9984870059,NA,TRUE,17,22,87,1,0.833333333333333,0.252873563218391,0.403669724770642,NA,NA,NA,NA,0.000268615972270371,8.28414773855548,0.658063792239143,56.7520035357751,351,-191559.374871089,-189942.960135807,1,1,0.833333333333333,"specific_effect_common6_specific4",21,1000,100,4,6,4,0.5,40,0.857142857142857,40,70,1.75
"Eta centered path BIC",4,NA,NA,NA,1.66766881868219,0.541976631457846,96800.2821448228,96556.7018784341,TRUE,14,22,23,1,0.0128205128205128,0.956521739130435,0.977777777777778,NA,NA,NA,NA,0.00019928850121065,10.5189391069599,0.413636459822236,54.8985820435924,172,-192412.430381661,-191620.341109671,1,1,0.0128205128205128,"specific_effect_common6_specific4",21,1000,100,4,6,4,0.5,40,0.857142857142857,40,70,1.75
"Eta centered path BIC + refit",4,NA,NA,NA,1.66766881868219,0.546383072889674,96846.4417660971,NA,TRUE,15,22,23,1,0.0128205128205128,0.956521739130435,0.977777777777778,NA,NA,NA,NA,7.19398307980274e-05,3.98411304520782,0.186356236571209,55.8271760797461,95,-193036.646780691,-192599.155613022,1,1,0.0128205128205128,"specific_effect_common6_specific4",21,1000,100,4,6,4,0.5,40,0.857142857142857,40,70,1.75
"Rossi path BIC",4,9.52748133573852,NA,NA,NA,0.558800292597558,96715.2459657539,96564.9060791933,TRUE,2,22,100,1,1,0.22,0.360655737704918,1,0.883333333333333,0.111731843575419,0.201005025125628,0.000236976669086441,0.124149453468203,0.506274825385024,55.0347690790648,361,-190936.792275795,-189274.325838654,1,1,1,"specific_effect_common6_specific4",22,1000,100,4,6,4,0.5,40,0.857142857142857,40,70,1.75
"Rossi path BIC + refit",4,9.52748133573852,NA,NA,NA,0.549279634782581,96719.3515758627,NA,TRUE,11,22,100,1,1,0.22,0.360655737704918,NA,NA,NA,NA,0.000300719871850857,0.0906686849366188,0.635487071770714,54.9075497567839,403,-190654.877774296,-188798.994189342,1,1,1,"specific_effect_common6_specific4",22,1000,100,4,6,4,0.5,40,0.857142857142857,40,70,1.75
"Separate 2D path/grid BIC",4,NA,69.1188237301511,3.93951312741098,NA,0.578319519695188,96571.1850726118,94904.1293255124,TRUE,2,22,75,1,0.67948717948718,0.293333333333333,0.45360824742268,1,0.255555555555556,0.303030303030303,0.465116279069767,8.11871231212692e-05,22.0591658151481,0.200373722864623,50.3296644799384,135,-192209.823182561,-191588.125207453,1,1,0.67948717948718,"specific_effect_common6_specific4",22,1000,100,4,6,4,0.5,40,0.857142857142857,40,70,1.75
"Separate 2D path/grid BIC + refit",4,NA,69.1188237301511,3.93951312741098,NA,0.535592306042644,96692.9562106408,NA,TRUE,17,22,75,1,0.67948717948718,0.293333333333333,0.45360824742268,NA,NA,NA,NA,0.00024813925913441,0.170977433609012,0.529661545497102,54.8340771237058,303,-191292.86257175,-189897.496005396,1,1,0.67948717948718,"specific_effect_common6_specific4",22,1000,100,4,6,4,0.5,40,0.857142857142857,40,70,1.75
"Eta centered path BIC",4,NA,NA,NA,1.70964837782882,0.549309309116123,96511.1646593465,96264.8791520892,TRUE,24,22,23,1,0.0128205128205128,0.956521739130435,0.977777777777778,NA,NA,NA,NA,0.000221298305659029,7.25172355398185,0.417656853618913,53.7029529858836,172,-191834.195410708,-191042.106138718,1,1,0.0128205128205128,"specific_effect_common6_specific4",22,1000,100,4,6,4,0.5,40,0.857142857142857,40,70,1.75
"Eta centered path BIC + refit",4,NA,NA,NA,1.70964837782882,0.606884913288997,96561.2090968735,NA,TRUE,23,22,23,1,0.0128205128205128,0.956521739130435,0.977777777777778,NA,NA,NA,NA,6.46951523682152e-05,0.709219495369978,0.147013389670939,54.4095821788778,95,-192466.181442244,-192028.690274575,1,1,0.0128205128205128,"specific_effect_common6_specific4",22,1000,100,4,6,4,0.5,40,0.857142857142857,40,70,1.75
"Rossi path BIC",4,35.4499902101458,NA,NA,NA,0.611943074104054,96763.8040755688,96264.1787328168,TRUE,2,22,97,1,0.961538461538462,0.22680412371134,0.369747899159664,1,0.627777777777778,0.150375939849624,0.261437908496732,0.000109351859632206,2.09864088185679,0.253902323078884,55.7493482111034,269,-191669.421981091,-190430.631201061,1,1,0.961538461538462,"specific_effect_common6_specific4",23,1000,100,4,6,4,0.5,40,0.857142857142857,40,70,1.75
"Rossi path BIC + refit",4,35.4499902101458,NA,NA,NA,0.541821535166143,96805.1143759663,NA,TRUE,16,22,97,1,0.961538461538462,0.22680412371134,0.369747899159664,NA,NA,NA,NA,0.000278460713537336,3.16393164471128,0.628252027809658,55.8969709516111,391,-190909.296437851,-189108.674895129,1,1,0.961538461538462,"specific_effect_common6_specific4",23,1000,100,4,6,4,0.5,40,0.857142857142857,40,70,1.75
"Separate 2D path/grid BIC",4,NA,61.933822333737,0,NA,0.618980597542777,96710.0608537048,95907.5271570965,TRUE,2,22,91,1,0.884615384615385,0.241758241758242,0.389380530973451,1,0.355555555555556,0.238095238095238,0.384615384615385,5.90571742981695e-05,1.63247364370525,0.140527835463871,55.3897457214556,171,-192238.895554704,-191451.4114529,1,1,0.884615384615385,"specific_effect_common6_specific4",23,1000,100,4,6,4,0.5,40,0.857142857142857,40,70,1.75
"Separate 2D path/grid BIC + refit",4,NA,61.933822333737,0,NA,0.558187523660048,96800.8950954299,NA,TRUE,16,22,91,1,0.884615384615385,0.241758241758242,0.389380530973451,NA,NA,NA,NA,0.000266391189848812,2.90938575811094,0.601128453338101,55.8695138950761,367,-191066.644003473,-189376.546545216,1,1,0.884615384615385,"specific_effect_common6_specific4",23,1000,100,4,6,4,0.5,40,0.857142857142857,40,70,1.75
"Eta centered path BIC",4,NA,NA,NA,1.7592718729825,0.587375088943506,96590.1222810369,96323.437401446,TRUE,8,22,22,1,0,1,1,NA,NA,NA,NA,0.000181081410533478,5.39860812833522,0.311234214915845,54.403107437319,169,-192012.833919926,-191234.560158494,1,1,0,"specific_effect_common6_specific4",23,1000,100,4,6,4,0.5,40,0.857142857142857,40,70,1.75
"Eta centered path BIC + refit",4,NA,NA,NA,1.7592718729825,0.603086081590029,96644.0356924661,NA,TRUE,15,22,22,1,0,1,1,NA,NA,NA,NA,4.43684259768891e-05,1.01414414913658,0.0958665991224334,55.2982864835061,91,-192659.465654545,-192240.39516762,1,1,0,"specific_effect_common6_specific4",23,1000,100,4,6,4,0.5,40,0.857142857142857,40,70,1.75
"Rossi path BIC",4,31.8089642690694,NA,NA,NA,0.561163420271237,96817.8281321457,96366.5820922069,TRUE,2,22,99,1,0.987179487179487,0.222222222222222,0.363636363636364,1,0.633333333333333,0.149253731343284,0.25974025974026,0.000107685483886212,1.98192546054871,0.280871569762426,56.0274468577739,271,-191763.654583687,-190515.653463285,1,1,0.987179487179487,"specific_effect_common6_specific4",24,1000,100,4,6,4,0.5,40,0.857142857142857,40,70,1.75
"Rossi path BIC + refit",4,31.8089642690694,NA,NA,NA,0.521750807859861,96851.2494109775,NA,TRUE,12,22,99,1,0.987179487179487,0.222222222222222,0.363636363636364,NA,NA,NA,NA,0.000243606799307344,2.05761011555831,0.601537596175034,56.1335189769786,399,-190946.304465641,-189108.841561432,1,1,0.987179487179487,"specific_effect_common6_specific4",24,1000,100,4,6,4,0.5,40,0.857142857142857,40,70,1.75
"Separate 2D path/grid BIC",4,NA,153.035447868632,4.542317380943,NA,0.571579504109415,96626.4960291391,93876.0534712692,TRUE,2,22,31,1,0.115384615384615,0.709677419354839,0.830188679245283,1,0.0361111111111111,0.754716981132076,0.860215053763441,3.63151188758696e-05,21.2424159396048,0.136951940701272,50.4324801371059,56,-192866.157762655,-192608.26823224,1,1,0.115384615384615,"specific_effect_common6_specific4",24,1000,100,4,6,4,0.5,40,0.857142857142857,40,70,1.75
"Separate 2D path/grid BIC + refit",4,NA,153.035447868632,4.542317380943,NA,0.587217461543851,96735.2323270701,NA,TRUE,12,22,31,1,0.115384615384615,0.709677419354839,0.830188679245283,NA,NA,NA,NA,8.25199437818606e-05,1.2314418442253,0.221533341161056,55.6036551897072,127,-192593.179733709,-192008.323120089,1,1,0.115384615384615,"specific_effect_common6_specific4",24,1000,100,4,6,4,0.5,40,0.857142857142857,40,70,1.75
"Eta centered path BIC",4,NA,NA,NA,1.44712476540329,0.564263686503286,96682.2411233677,96444.5136513751,TRUE,7,22,26,1,0.0512820512820513,0.846153846153846,0.916666666666667,NA,NA,NA,NA,0.000133421416286525,2.24444359223521,0.233359413491053,54.8590172720596,181,-192114.17854124,-191280.642737576,1,1,0.0512820512820513,"specific_effect_common6_specific4",24,1000,100,4,6,4,0.5,40,0.857142857142857,40,70,1.75
"Eta centered path BIC + refit",4,NA,NA,NA,1.44712476540329,0.581950036392658,96720.0052156919,NA,TRUE,13,22,26,1,0.0512820512820513,0.846153846153846,0.916666666666667,NA,NA,NA,NA,6.80470084955275e-05,1.0492783928112,0.179975411203339,55.7449070793534,107,-192700.880616533,-192208.127406632,1,1,0.0512820512820513,"specific_effect_common6_specific4",24,1000,100,4,6,4,0.5,40,0.857142857142857,40,70,1.75
"Rossi path BIC",4,59.101636233178,NA,NA,NA,0.57887211123326,96847.2332115566,96055.3233251386,TRUE,2,22,93,1,0.91025641025641,0.236559139784946,0.382608695652174,1,0.411111111111111,0.212765957446809,0.350877192982456,8.07111679598203e-05,0.183098601079479,0.169399074667114,55.2466971523725,191,-192375.085164828,-191495.497659304,1,1,0.91025641025641,"specific_effect_common6_specific4",25,1000,100,4,6,4,0.5,40,0.857142857142857,40,70,1.75
"Rossi path BIC + refit",4,59.101636233178,NA,NA,NA,0.528093678787236,96933.4353517938,NA,TRUE,13,22,93,1,0.91025641025641,0.236559139784946,0.382608695652174,NA,NA,NA,NA,0.000317912061136442,1.15396716122525,0.6575770621181,55.3652624568936,375,-191276.462473969,-189549.523654224,1,1,0.91025641025641,"specific_effect_common6_specific4",25,1000,100,4,6,4,0.5,40,0.857142857142857,40,70,1.75
"Separate 2D path/grid BIC",4,NA,105.78991399121,0,NA,0.592773418456167,96762.7478616903,95460.3505768187,TRUE,2,22,57,1,0.448717948717949,0.385964912280702,0.556962025316456,1,0.141666666666667,0.43956043956044,0.610687022900763,4.25584000099281e-05,0.0411996126672551,0.0854575258549916,54.9195531954232,94,-192876.166727156,-192443.280729673,1,1,0.448717948717949,"specific_effect_common6_specific4",25,1000,100,4,6,4,0.5,40,0.857142857142857,40,70,1.75
"Separate 2D path/grid BIC + refit",4,NA,105.78991399121,0,NA,0.530650229353149,96872.9867239014,NA,TRUE,14,22,57,1,0.448717948717949,0.385964912280702,0.556962025316456,NA,NA,NA,NA,0.00022795759759156,0.788098001149416,0.482042854805217,55.0594734900231,231,-192150.281978358,-191086.487665395,1,1,0.448717948717949,"specific_effect_common6_specific4",25,1000,100,4,6,4,0.5,40,0.857142857142857,40,70,1.75
"Eta centered path BIC",4,NA,NA,NA,1.46600710957697,0.577173394201836,96754.0232189995,96524.5054125671,TRUE,9,22,24,1,0.0256410256410256,0.916666666666667,0.956521739130435,NA,NA,NA,NA,0.000145812200426285,7.92021310233779,0.303640891683436,53.9093121838046,175,-192299.189264177,-191493.284481629,1,1,0.0256410256410256,"specific_effect_common6_specific4",25,1000,100,4,6,4,0.5,40,0.857142857142857,40,70,1.75
"Eta centered path BIC + refit",4,NA,NA,NA,1.46600710957697,0.566101096013138,96767.3324320963,NA,TRUE,12,22,24,1,0.0256410256410256,0.916666666666667,0.956521739130435,NA,NA,NA,NA,9.47461030704742e-05,0.47577212352474,0.200149358146628,54.7789144057995,99,-192850.797091573,-192394.88524316,1,1,0.0256410256410256,"specific_effect_common6_specific4",25,1000,100,4,6,4,0.5,40,0.857142857142857,40,70,1.75
"Rossi path BIC",4,24.2412317646198,NA,NA,NA,0.550890572297793,96810.5336732015,96452.6173351833,TRUE,2,22,100,1,1,0.22,0.360655737704918,1,0.713888888888889,0.134680134680135,0.237388724035608,0.000151326565857626,4.03889243796857,0.397113506742729,56.8081181466091,300,-191548.740762708,-190167.189706912,1,1,1,"specific_effect_common6_specific4",26,1000,100,4,6,4,0.5,40,0.857142857142857,40,70,1.75
"Rossi path BIC + refit",4,24.2412317646198,NA,NA,NA,0.537035004377063,96830.0922305433,NA,TRUE,10,22,100,1,1,0.22,0.360655737704918,NA,NA,NA,NA,0.000256040114241015,4.35716997219763,0.667110128227122,56.9104281316182,403,-190876.359083657,-189020.475498704,1,1,1,"specific_effect_common6_specific4",26,1000,100,4,6,4,0.5,40,0.857142857142857,40,70,1.75
"Separate 2D path/grid BIC",4,NA,84.819068850102,0,NA,0.59744822194589,96704.5053261831,95638.4477232669,TRUE,2,22,57,1,0.448717948717949,0.385964912280702,0.556962025316456,1,0.180555555555556,0.380952380952381,0.551724137931034,4.49279762444375e-05,1.88824474659153,0.119550588389602,56.0338461226971,108,-192662.973082236,-192165.614702149,1,1,0.448717948717949,"specific_effect_common6_specific4",26,1000,100,4,6,4,0.5,40,0.857142857142857,40,70,1.75
"Separate 2D path/grid BIC + refit",4,NA,84.819068850102,0,NA,0.530096437554661,96785.1057133431,NA,TRUE,12,22,57,1,0.448717948717949,0.385964912280702,0.556962025316456,NA,NA,NA,NA,0.000190549123465229,3.93518754125186,0.500482593506997,56.675497336681,231,-191974.519957241,-190910.725644278,1,1,0.448717948717949,"specific_effect_common6_specific4",26,1000,100,4,6,4,0.5,40,0.857142857142857,40,70,1.75
"Eta centered path BIC",4,NA,NA,NA,1.89536842587471,0.573527306769278,96601.7931917983,96319.3280455035,TRUE,7,22,23,1,0.0128205128205128,0.956521739130435,0.977777777777778,NA,NA,NA,NA,0.000184986883257461,5.83910098617885,0.380571144380158,55.1084242325866,172,-192015.452475612,-191223.363203622,1,1,0.0128205128205128,"specific_effect_common6_specific4",26,1000,100,4,6,4,0.5,40,0.857142857142857,40,70,1.75
"Eta centered path BIC + refit",4,NA,NA,NA,1.89536842587471,0.571315790859084,96681.8215214751,NA,TRUE,16,22,23,1,0.0128205128205128,0.956521739130435,0.977777777777778,NA,NA,NA,NA,6.35659245150157e-05,3.52312516196338,0.175363909237656,56.2542594123108,95,-192707.406291447,-192269.915123778,1,1,0.0128205128205128,"specific_effect_common6_specific4",26,1000,100,4,6,4,0.5,40,0.857142857142857,40,70,1.75
"Rossi path BIC",4,35.8569732633927,NA,NA,NA,0.592329125478493,96794.8362186545,96284.7656670592,TRUE,2,22,98,1,0.974358974358974,0.224489795918367,0.366666666666667,1,0.619444444444444,0.152091254752852,0.264026402640264,0.000122829349973615,3.06505759495054,0.285939844069403,56.1093338643898,266,-191752.2095331,-190527.234263627,1,1,0.974358974358974,"specific_effect_common6_specific4",27,1000,100,4,6,4,0.5,40,0.857142857142857,40,70,1.75
"Rossi path BIC + refit",4,35.8569732633927,NA,NA,NA,0.534759085667588,96836.6105541595,NA,TRUE,25,22,98,1,0.974358974358974,0.224489795918367,0.366666666666667,NA,NA,NA,NA,0.000321563795066649,2.68893633809528,0.685216114163064,55.9615263063893,395,-190944.657773121,-189125.615549656,1,1,0.974358974358974,"specific_effect_common6_specific4",27,1000,100,4,6,4,0.5,40,0.857142857142857,40,70,1.75
"Separate 2D path/grid BIC",4,NA,73.2003640029053,0,NA,0.616140683833171,96717.6630796741,95784.81303232,TRUE,2,22,77,1,0.705128205128205,0.285714285714286,0.444444444444444,1,0.277777777777778,0.285714285714286,0.444444444444444,5.23291497102276e-05,2.78734722529924,0.126119070991689,55.8524540352041,143,-192447.517154454,-191788.977817857,1,1,0.705128205128205,"specific_effect_common6_specific4",27,1000,100,4,6,4,0.5,40,0.857142857142857,40,70,1.75
"Separate 2D path/grid BIC + refit",4,NA,73.2003640029053,0,NA,0.580662490568041,96816.2320544835,NA,TRUE,11,22,77,1,0.705128205128205,0.285714285714286,0.444444444444444,NA,NA,NA,NA,0.000256032345581902,2.58905601938577,0.573673812610951,56.108693064218,311,-191484.152217204,-190051.944289361,1,1,0.705128205128205,"specific_effect_common6_specific4",27,1000,100,4,6,4,0.5,40,0.857142857142857,40,70,1.75
"Eta centered path BIC",4,NA,NA,NA,1.65304411403677,0.558908440511804,96628.3632567213,96374.1261401695,TRUE,16,22,24,1,0.0256410256410256,0.916666666666667,0.956521739130435,NA,NA,NA,NA,0.000178153744110816,3.65928079084897,0.316793644943546,54.7892307991693,175,-192047.869339621,-191241.964557073,1,1,0.0256410256410256,"specific_effect_common6_specific4",27,1000,100,4,6,4,0.5,40,0.857142857142857,40,70,1.75
"Eta centered path BIC + refit",4,NA,NA,NA,1.65304411403677,0.612305806015167,96680.1065313375,NA,TRUE,20,22,24,1,0.0256410256410256,0.916666666666667,0.956521739130435,NA,NA,NA,NA,6.88669599996576e-05,1.72264436188166,0.168012320908168,55.5251115693451,99,-192676.345290056,-192220.433441643,1,1,0.0256410256410256,"specific_effect_common6_specific4",27,1000,100,4,6,4,0.5,40,0.857142857142857,40,70,1.75
"Rossi path BIC",4,30.2377562453709,NA,NA,NA,0.562282904625907,96898.8006119954,96467.4843862418,TRUE,2,22,98,1,0.974358974358974,0.224489795918367,0.366666666666667,1,0.627777777777778,0.150375939849624,0.261437908496732,0.000110170950331393,2.82442398250937,0.277489141583464,56.395312658222,269,-191939.415053945,-190700.624273914,1,1,0.974358974358974,"specific_effect_common6_specific4",28,1000,100,4,6,4,0.5,40,0.857142857142857,40,70,1.75
"Rossi path BIC + refit",4,30.2377562453709,NA,NA,NA,0.548232934463683,96926.259040692,NA,TRUE,12,22,98,1,0.974358974358974,0.224489795918367,0.366666666666667,NA,NA,NA,NA,0.000229558205963439,3.2923046242889,0.558296596410029,56.4367606453574,395,-191123.954746186,-189304.912522721,1,1,0.974358974358974,"specific_effect_common6_specific4",28,1000,100,4,6,4,0.5,40,0.857142857142857,40,70,1.75
"Separate 2D path/grid BIC",4,NA,68.9990740233157,0,NA,0.572333396564895,96828.0299629057,95947.3095193453,TRUE,2,22,79,1,0.730769230769231,0.278481012658228,0.435643564356436,1,0.288888888888889,0.277777777777778,0.434782608695652,4.66170567103102e-05,1.65833151784083,0.112592661107412,55.9810953544931,147,-192640.619899801,-191963.659882461,1,1,0.730769230769231,"specific_effect_common6_specific4",28,1000,100,4,6,4,0.5,40,0.857142857142857,40,70,1.75
"Separate 2D path/grid BIC + refit",4,NA,68.9990740233157,0,NA,0.551657132986449,96911.9608274574,NA,TRUE,11,22,79,1,0.730769230769231,0.278481012658228,0.435643564356436,NA,NA,NA,NA,0.000200403953171023,2.85241262728775,0.490511517405492,56.3549694913704,319,-191620.34772092,-190151.298431589,1,1,0.730769230769231,"specific_effect_common6_specific4",28,1000,100,4,6,4,0.5,40,0.857142857142857,40,70,1.75
"Eta centered path BIC",4,NA,NA,NA,1.84070632403206,0.572353343331044,96709.979953147,96443.8364939406,TRUE,8,22,22,1,0,1,1,NA,NA,NA,NA,0.000169708942079626,8.30983283206005,0.373319964651269,54.5925617379304,169,-192252.549264146,-191474.275502714,1,1,0,"specific_effect_common6_specific4",28,1000,100,4,6,4,0.5,40,0.857142857142857,40,70,1.75
"Eta centered path BIC + refit",4,NA,NA,NA,1.84070632403206,0.57798815228532,96780.3430433574,NA,TRUE,15,22,22,1,0,1,1,NA,NA,NA,NA,4.12131291130025e-05,1.5377716620769,0.0937266656604144,55.8577715969609,91,-192932.080356327,-192513.009869402,1,1,0,"specific_effect_common6_specific4",28,1000,100,4,6,4,0.5,40,0.857142857142857,40,70,1.75
"Rossi path BIC",4,33.8319949174383,NA,NA,NA,0.59497809117934,96947.9358103938,96477.835079615,TRUE,2,22,97,1,0.961538461538462,0.22680412371134,0.369747899159664,1,0.561111111111111,0.165289256198347,0.283687943262411,9.74264708891809e-05,3.22063823639897,0.25299628149192,56.5648560020632,245,-192203.471577437,-191075.20488187,1,1,0.961538461538462,"specific_effect_common6_specific4",29,1000,100,4,6,4,0.5,40,0.857142857142857,40,70,1.75
"Rossi path BIC + refit",4,33.8319949174383,NA,NA,NA,0.511457878322632,96987.261494246,NA,TRUE,34,22,97,1,0.961538461538462,0.22680412371134,0.369747899159664,NA,NA,NA,NA,0.000271759290135488,6.00017813273285,0.702172001033938,56.9297279956916,391,-191273.59067441,-189472.969131689,1,1,0.961538461538462,"specific_effect_common6_specific4",29,1000,100,4,6,4,0.5,40,0.857142857142857,40,70,1.75
"Separate 2D path/grid BIC",4,NA,133.119627018178,0,NA,0.607486761664618,96823.3622809885,95227.0898114393,TRUE,2,22,40,1,0.230769230769231,0.55,0.709677419354839,1,0.0611111111111111,0.645161290322581,0.784313725490196,4.83014046637637e-05,1.84125462430629,0.0949427786312056,56.195567374136,65,-193197.720468843,-192898.384406754,1,1,0.230769230769231,"specific_effect_common6_specific4",29,1000,100,4,6,4,0.5,40,0.857142857142857,40,70,1.75
"Separate 2D path/grid BIC + refit",4,NA,133.119627018178,0,NA,0.607623047969374,96897.8925254159,NA,TRUE,12,22,40,1,0.230769230769231,0.55,0.709677419354839,NA,NA,NA,NA,0.000105599751312868,2.38055257663182,0.274015940911411,56.2124406153852,163,-192669.820940358,-191919.178200042,1,1,0.230769230769231,"specific_effect_common6_specific4",29,1000,100,4,6,4,0.5,40,0.857142857142857,40,70,1.75
"Eta centered path BIC",4,NA,NA,NA,1.50551294685004,0.587833821553383,96812.4543070827,96586.839317393,TRUE,8,22,23,1,0.0128205128205128,0.956521739130435,0.977777777777778,NA,NA,NA,NA,0.000159860985347658,8.16168026051394,0.359840817011509,55.17921490076,172,-192436.774706181,-191644.685434191,1,1,0.0128205128205128,"specific_effect_common6_specific4",29,1000,100,4,6,4,0.5,40,0.857142857142857,40,70,1.75
"Eta centered path BIC + refit",4,NA,NA,NA,1.50551294685004,0.612632746812067,96846.5540648696,NA,TRUE,12,22,23,1,0.0128205128205128,0.956521739130435,0.977777777777778,NA,NA,NA,NA,5.70335969672237e-05,1.94330757695554,0.154039943401903,56.0993962828505,95,-193036.871378236,-192599.380210567,1,1,0.0128205128205128,"specific_effect_common6_specific4",29,1000,100,4,6,4,0.5,40,0.857142857142857,40,70,1.75
"Rossi path BIC",4,24.1774854550012,NA,NA,NA,0.476210850541147,96491.0129127779,96132.1392393043,TRUE,2,22,100,1,1,0.22,0.360655737704918,1,0.763888888888889,0.126984126984127,0.225352112676056,0.000178267743792872,2.02623295446308,0.426073013353395,55.8131981756061,318,-190785.359646839,-189320.915527695,1,1,1,"specific_effect_common6_specific4",30,1000,100,4,6,4,0.5,40,0.857142857142857,40,70,1.75
"Rossi path BIC + refit",4,24.1774854550012,NA,NA,NA,0.426718081572682,96516.5661205004,NA,TRUE,20,22,100,1,1,0.22,0.360655737704918,NA,NA,NA,NA,0.000347251714007308,4.80944298479902,0.865624184373195,56.2931547439873,403,-190249.306863571,-188393.423278618,1,1,1,"specific_effect_common6_specific4",30,1000,100,4,6,4,0.5,40,0.857142857142857,40,70,1.75
"Separate 2D path/grid BIC",4,NA,86.7295722956056,4.05198324250487,NA,0.549239278529931,96335.1781184616,94462.1940015271,TRUE,2,22,58,1,0.461538461538462,0.379310344827586,0.55,1,0.130555555555556,0.459770114942529,0.62992125984252,5.81466623049423e-05,26.7932108811443,0.19673251671173,49.8965317545265,90,-192048.658261815,-191634.192945076,1,1,0.461538461538462,"specific_effect_common6_specific4",30,1000,100,4,6,4,0.5,40,0.857142857142857,40,70,1.75
"Separate 2D path/grid BIC + refit",4,NA,86.7295722956056,4.05198324250487,NA,0.509774395204796,96450.2413849614,NA,TRUE,38,22,58,1,0.461538461538462,0.379310344827586,0.55,NA,NA,NA,NA,0.000185689377748703,0.934178535710859,0.455041208208786,55.1059041801582,235,-191277.160279362,-190194.945285655,1,1,0.461538461538462,"specific_effect_common6_specific4",30,1000,100,4,6,4,0.5,40,0.857142857142857,40,70,1.75
"Eta centered path BIC",4,NA,NA,NA,1.42461212304255,0.489210223090583,96329.7361929351,96117.5671567949,TRUE,10,22,27,1,0.0641025641025641,0.814814814814815,0.897959183673469,NA,NA,NA,NA,0.00021368941893943,6.86834505233028,0.425100370088783,54.3704913470855,184,-191388.445414538,-190541.094100316,1,1,0.0641025641025641,"specific_effect_common6_specific4",30,1000,100,4,6,4,0.5,40,0.857142857142857,40,70,1.75
"Eta centered path BIC + refit",4,NA,NA,NA,1.42461212304255,0.521135329095431,96375.6561049746,NA,TRUE,22,22,27,1,0.0641025641025641,0.814814814814815,0.897959183673469,NA,NA,NA,NA,9.34819407666761e-05,0.955170866400923,0.236449172961094,55.2376264675027,111,-191984.551373982,-191473.377483338,1,1,0.0641025641025641,"specific_effect_common6_specific4",30,1000,100,4,6,4,0.5,40,0.857142857142857,40,70,1.75
"Rossi path BIC",4,47.5261867554384,NA,NA,NA,0.619604831591463,96706.7934831597,96061.4002193714,TRUE,2,22,95,1,0.935897435897436,0.231578947368421,0.376068376068376,1,0.444444444444444,0.2,0.333333333333333,9.00284128999514e-05,1.79799069073037,0.230599272303484,56.2427570289526,203,-192011.312644686,-191076.46309693,1,1,0.935897435897436,"specific_effect_common6_specific4",31,1000,100,4,6,4,0.5,40,0.857142857142857,40,70,1.75
"Rossi path BIC + refit",4,47.5261867554384,NA,NA,NA,0.574233515901058,96761.2080905187,NA,TRUE,20,22,95,1,0.935897435897436,0.231578947368421,0.376068376068376,NA,NA,NA,NA,0.000246726235536874,2.58531733431736,0.606964648007358,56.5592688051212,383,-190876.745909187,-189112.965727954,1,1,0.935897435897436,"specific_effect_common6_specific4",31,1000,100,4,6,4,0.5,40,0.857142857142857,40,70,1.75
"Separate 2D path/grid BIC",4,NA,65.041789254738,3.66955381403823,NA,0.608911739127437,96640.1670732304,95038.8955635516,TRUE,2,22,81,1,0.756410256410256,0.271604938271605,0.427184466019418,1,0.3,0.27027027027027,0.425531914893617,6.3466259965658e-05,10.6298405117224,0.149542366207902,51.793491682282,151,-192237.263099335,-191541.88240125,1,1,0.756410256410256,"specific_effect_common6_specific4",31,1000,100,4,6,4,0.5,40,0.857142857142857,40,70,1.75
"Separate 2D path/grid BIC + refit",4,NA,65.041789254738,3.66955381403823,NA,0.581266088842272,96748.2295049493,NA,TRUE,27,22,81,1,0.756410256410256,0.271604938271605,0.427184466019418,NA,NA,NA,NA,0.000224527549622038,1.76122457229933,0.546984471222966,56.247659772212,327,-191237.623033671,-189731.732382853,1,1,0.756410256410256,"specific_effect_common6_specific4",31,1000,100,4,6,4,0.5,40,0.857142857142857,40,70,1.75
"Eta centered path BIC",4,NA,NA,NA,1.55690630344112,0.598732257493601,96585.6710621115,96340.457111612,TRUE,15,22,25,1,0.0384615384615385,0.88,0.936170212765957,NA,NA,NA,NA,0.000166478336856439,4.16620288267852,0.338299819769989,54.5219552480614,178,-191941.761684564,-191122.041391458,1,1,0.0384615384615385,"specific_effect_common6_specific4",31,1000,100,4,6,4,0.5,40,0.857142857142857,40,70,1.75
"Eta centered path BIC + refit",4,NA,NA,NA,1.55690630344112,0.633550806366995,96631.2638681098,NA,TRUE,17,22,25,1,0.0384615384615385,0.88,0.936170212765957,NA,NA,NA,NA,9.04462381336837e-05,0.405993243507829,0.23090821820799,55.5041689632075,103,-192551.028942484,-192076.696413328,1,1,0.0384615384615385,"specific_effect_common6_specific4",31,1000,100,4,6,4,0.5,40,0.857142857142857,40,70,1.75
"Rossi path BIC",4,50.0540818783701,NA,NA,NA,0.578100133867437,96935.8538949075,96264.4075007442,TRUE,2,22,92,1,0.897435897435897,0.239130434782609,0.385964912280702,1,0.455555555555556,0.196078431372549,0.327868852459016,7.36274839039009e-05,2.3003878024661,0.195593214100927,56.1932883441491,207,-192441.802447066,-191488.532218566,1,1,0.897435897435897,"specific_effect_common6_specific4",32,1000,100,4,6,4,0.5,40,0.857142857142857,40,70,1.75
"Rossi path BIC + refit",4,50.0540818783701,NA,NA,NA,0.524024078722972,96997.7115714246,NA,TRUE,15,22,92,1,0.897435897435897,0.239130434782609,0.385964912280702,NA,NA,NA,NA,0.000260857702427093,2.99345442066379,0.631397531002946,56.2774711046662,371,-191432.645934347,-189724.127795345,1,1,0.897435897435897,"specific_effect_common6_specific4",32,1000,100,4,6,4,0.5,40,0.857142857142857,40,70,1.75
"Separate 2D path/grid BIC",4,NA,74.2691003302347,0,NA,0.574121728976865,96895.1019626763,95948.9002940522,TRUE,2,22,77,1,0.705128205128205,0.285714285714286,0.444444444444444,1,0.241666666666667,0.31496062992126,0.479041916167665,4.58563255381774e-05,1.95996607198601,0.124461028077861,56.0156413804609,130,-192892.195739085,-192293.523614906,1,1,0.705128205128205,"specific_effect_common6_specific4",32,1000,100,4,6,4,0.5,40,0.857142857142857,40,70,1.75
"Separate 2D path/grid BIC + refit",4,NA,74.2691003302347,0,NA,0.530686057366026,96983.8836941638,NA,TRUE,13,22,77,1,0.705128205128205,0.285714285714286,0.444444444444444,NA,NA,NA,NA,0.00023065084517349,2.54331720801331,0.557829659278335,56.1841011726958,311,-191819.455496564,-190387.247568722,1,1,0.705128205128205,"specific_effect_common6_specific4",32,1000,100,4,6,4,0.5,40,0.857142857142857,40,70,1.75
"Eta centered path BIC",4,NA,NA,NA,1.55173231535997,0.570514869319021,96822.0956771634,96581.2488056841,TRUE,9,22,27,1,0.0641025641025641,0.814814814814815,0.897959183673469,NA,NA,NA,NA,0.000133249511903581,8.8140706955359,0.320999966190302,54.5523267108187,184,-192373.164382994,-191525.813068772,1,1,0.0641025641025641,"specific_effect_common6_specific4",32,1000,100,4,6,4,0.5,40,0.857142857142857,40,70,1.75
"Eta centered path BIC + refit",4,NA,NA,NA,1.55173231535997,0.552780202114701,96875.4604588128,NA,TRUE,12,22,27,1,0.0641025641025641,0.814814814814815,0.897959183673469,NA,NA,NA,NA,8.26327297856108e-05,1.71777541582521,0.224685090412844,55.7528031732339,111,-192984.160081659,-192472.986191014,1,1,0.0641025641025641,"specific_effect_common6_specific4",32,1000,100,4,6,4,0.5,40,0.857142857142857,40,70,1.75
"Rossi path BIC",4,34.0361282309716,NA,NA,NA,0.531996807822771,97027.4429411241,96535.2738652288,TRUE,2,22,100,1,1,0.22,0.360655737704918,1,0.616666666666667,0.152671755725191,0.264900662251656,0.000156746539859551,6.72872160714971,0.360791105867432,56.5771171845895,265,-192224.330733318,-191003.960634031,1,1,1,"specific_effect_common6_specific4",33,1000,100,4,6,4,0.5,40,0.857142857142857,40,70,1.75
"Rossi path BIC + refit",4,34.0361282309716,NA,NA,NA,0.495084998156539,97065.9511201025,NA,TRUE,13,22,100,1,1,0.22,0.360655737704918,NA,NA,NA,NA,0.000338970386334042,6.527726186428,0.76920318850502,56.5598241958344,403,-191348.076862775,-189492.193277822,1,1,1,"specific_effect_common6_specific4",33,1000,100,4,6,4,0.5,40,0.857142857142857,40,70,1.75
"Separate 2D path/grid BIC",4,NA,53.3854594751122,4.15566511884316,NA,0.527683644656339,96923.3812257133,95377.5446408081,TRUE,2,22,84,1,0.794871794871795,0.261904761904762,0.415094339622642,1,0.358333333333333,0.236686390532544,0.382775119617225,8.58443632613622e-05,26.3380748340668,0.267331968693963,50.4644118717224,172,-192658.628543442,-191866.539271452,1,1,0.794871794871795,"specific_effect_common6_specific4",33,1000,100,4,6,4,0.5,40,0.857142857142857,40,70,1.75
"Separate 2D path/grid BIC + refit",4,NA,53.3854594751122,4.15566511884316,NA,0.506321838386484,97053.4632573477,NA,TRUE,22,22,84,1,0.794871794871795,0.261904761904762,0.415094339622642,NA,NA,NA,NA,0.000314946460641986,5.40933359111584,0.704732905028235,56.2748799017613,339,-191765.19747512,-190204.04478207,1,1,0.794871794871795,"specific_effect_common6_specific4",33,1000,100,4,6,4,0.5,40,0.857142857142857,40,70,1.75
"Eta centered path BIC",4,NA,NA,NA,1.60671120856927,0.555237919434243,96865.8615700706,96623.9981775318,TRUE,9,22,23,1,0.0128205128205128,0.956521739130435,0.977777777777778,NA,NA,NA,NA,0.000211876678763495,3.82887479466542,0.371698257459675,54.8191073151365,172,-192543.589232156,-191751.499960166,1,1,0.0128205128205128,"specific_effect_common6_specific4",33,1000,100,4,6,4,0.5,40,0.857142857142857,40,70,1.75
"Eta centered path BIC + refit",4,NA,NA,NA,1.60671120856927,0.56003717021984,96895.8708759476,NA,TRUE,17,22,23,1,0.0128205128205128,0.956521739130435,0.977777777777778,NA,NA,NA,NA,7.72216703187155e-05,3.41817626918098,0.188282634193762,55.4777912579292,95,-193135.505000392,-192698.013832723,1,1,0.0128205128205128,"specific_effect_common6_specific4",33,1000,100,4,6,4,0.5,40,0.857142857142857,40,70,1.75
"Rossi path BIC",4,37.8207725899574,NA,NA,NA,0.586282372756262,96813.4058879512,96287.5825275631,TRUE,2,22,99,1,0.987179487179487,0.222222222222222,0.363636363636364,1,0.552777777777778,0.167364016736402,0.28673835125448,9.16564618907013e-05,1.8171107522331,0.226433588734095,55.6762842308326,242,-191955.134998389,-190840.68381338,1,1,0.987179487179487,"specific_effect_common6_specific4",34,1000,100,4,6,4,0.5,40,0.857142857142857,40,70,1.75
"Rossi path BIC + refit",4,37.8207725899574,NA,NA,NA,0.577409475098878,96853.5386669322,NA,TRUE,9,22,99,1,0.987179487179487,0.222222222222222,0.363636363636364,NA,NA,NA,NA,0.000224504895482503,2.59433468928548,0.527342388198506,55.8550508921292,399,-190950.88297755,-189113.420073341,1,1,0.987179487179487,"specific_effect_common6_specific4",34,1000,100,4,6,4,0.5,40,0.857142857142857,40,70,1.75
"Separate 2D path/grid BIC",4,NA,90.4012629866337,4.64815860091393,NA,0.593727973400566,96671.8791048486,94626.5197377323,TRUE,2,22,58,1,0.461538461538462,0.379310344827586,0.55,1,0.130555555555556,0.459770114942529,0.62992125984252,4.14410101158672e-05,25.0461174979963,0.139916093769031,50.158042414376,90,-192722.060234589,-192307.59491785,1,1,0.461538461538462,"specific_effect_common6_specific4",34,1000,100,4,6,4,0.5,40,0.857142857142857,40,70,1.75
"Separate 2D path/grid BIC + refit",4,NA,90.4012629866337,4.64815860091393,NA,0.588327750438626,96798.3530301701,NA,TRUE,14,22,58,1,0.461538461538462,0.379310344827586,0.55,NA,NA,NA,NA,0.000150441811859679,1.35522538758196,0.345115685018903,55.3119145214893,235,-191973.383569779,-190891.168576072,1,1,0.461538461538462,"specific_effect_common6_specific4",34,1000,100,4,6,4,0.5,40,0.857142857142857,40,70,1.75
"Eta centered path BIC",4,NA,NA,NA,1.62402730152001,0.622191308622443,96667.6781959617,96424.1729268976,TRUE,9,22,22,1,0,1,1,NA,NA,NA,NA,0.000121902060838297,13.595124843865,0.314594602705522,53.7561004310502,169,-192167.945749775,-191389.671988343,1,1,0,"specific_effect_common6_specific4",34,1000,100,4,6,4,0.5,40,0.857142857142857,40,70,1.75
"Eta centered path BIC + refit",4,NA,NA,NA,1.62402730152001,0.61352482665557,96702.6225048198,NA,TRUE,14,22,22,1,0,1,1,NA,NA,NA,NA,4.21182679290533e-05,1.20895883415403,0.100840681241337,54.7697001846214,91,-192776.639279252,-192357.568792327,1,1,0,"specific_effect_common6_specific4",34,1000,100,4,6,4,0.5,40,0.857142857142857,40,70,1.75
"Rossi path BIC",4,22.5006710858245,NA,NA,NA,0.544125153423823,96977.5166055675,96640.2611332565,TRUE,2,22,100,1,1,0.22,0.360655737704918,1,0.733333333333333,0.131578947368421,0.232558139534884,0.000183669864151557,5.89557401862775,0.446877627514619,57.1315898099912,307,-191834.352340487,-190420.565093389,1,1,1,"specific_effect_common6_specific4",35,1000,100,4,6,4,0.5,40,0.857142857142857,40,70,1.75
"Rossi path BIC + refit",4,22.5006710858245,NA,NA,NA,0.495235858888169,96996.7137112152,NA,TRUE,13,22,100,1,1,0.22,0.360655737704918,NA,NA,NA,NA,0.000312175836332239,6.82454061925664,0.756109434577547,57.2539446780356,403,-191209.602045001,-189353.718460047,1,1,1,"specific_effect_common6_specific4",35,1000,100,4,6,4,0.5,40,0.857142857142857,40,70,1.75
"Separate 2D path/grid BIC",4,NA,41.2487132220193,0,NA,0.553619171535193,96945.0906296049,96369.7505432804,TRUE,2,22,97,1,0.961538461538462,0.22680412371134,0.369747899159664,1,0.511111111111111,0.178571428571429,0.303030303030303,0.000119364191283046,4.68629133324158,0.290666942939388,56.8911408571326,227,-192322.120810881,-191276.747178662,1,1,0.961538461538462,"specific_effect_common6_specific4",35,1000,100,4,6,4,0.5,40,0.857142857142857,40,70,1.75
"Separate 2D path/grid BIC + refit",4,NA,41.2487132220193,0,NA,0.491289737843332,96995.3987155359,NA,TRUE,15,22,97,1,0.961538461538462,0.22680412371134,0.369747899159664,NA,NA,NA,NA,0.000306957137048462,6.62365910337445,0.743652728162222,57.2305539055935,391,-191289.86511699,-189489.243574268,1,1,0.961538461538462,"specific_effect_common6_specific4",35,1000,100,4,6,4,0.5,40,0.857142857142857,40,70,1.75
"Eta centered path BIC",4,NA,NA,NA,1.30760430557703,0.554051586823338,96835.5427864441,96619.6816436682,TRUE,9,22,30,1,0.102564102564103,0.733333333333333,0.846153846153846,NA,NA,NA,NA,0.00017339625608894,4.013893448837,0.300343794651054,55.4811268460123,193,-192337.888804045,-191449.090958149,1,1,0.102564102564103,"specific_effect_common6_specific4",35,1000,100,4,6,4,0.5,40,0.857142857142857,40,70,1.75
"Eta centered path BIC + refit",4,NA,NA,NA,1.30760430557703,0.561691204341101,96864.5405994798,NA,TRUE,15,22,30,1,0.102564102564103,0.733333333333333,0.846153846153846,NA,NA,NA,NA,0.000113631756159122,3.38503647013464,0.309946305629812,56.4531091137071,123,-192879.427299645,-192312.991366768,1,1,0.102564102564103,"specific_effect_common6_specific4",35,1000,100,4,6,4,0.5,40,0.857142857142857,40,70,1.75
"Rossi path BIC",4,40.452737467189,NA,NA,NA,0.602396992418791,96584.4498295965,96014.5555113031,TRUE,2,22,99,1,0.987179487179487,0.222222222222222,0.363636363636364,1,0.566666666666667,0.163934426229508,0.28169014084507,0.000119348045067553,3.57241906228863,0.295731459913316,55.1869069698116,247,-191462.684105284,-190325.207069345,1,1,0.987179487179487,"specific_effect_common6_specific4",36,1000,100,4,6,4,0.5,40,0.857142857142857,40,70,1.75
"Rossi path BIC + refit",4,40.452737467189,NA,NA,NA,0.550312174737263,96632.8006332768,NA,TRUE,14,22,99,1,0.987179487179487,0.222222222222222,0.363636363636364,NA,NA,NA,NA,0.000296103744716185,2.96897928194247,0.644599218494954,55.3282466616305,399,-190509.40691024,-188671.94400603,1,1,0.987179487179487,"specific_effect_common6_specific4",36,1000,100,4,6,4,0.5,40,0.857142857142857,40,70,1.75
"Separate 2D path/grid BIC",4,NA,77.1536649024537,0,NA,0.632353702895055,96509.5729442444,95524.7962361297,TRUE,2,22,82,1,0.769230769230769,0.268292682926829,0.423076923076923,1,0.288888888888889,0.277777777777778,0.434782608695652,6.1059404515748e-05,3.61647652901461,0.163569471545114,54.8088725691781,147,-192003.705862478,-191326.745845138,1,1,0.769230769230769,"specific_effect_common6_specific4",36,1000,100,4,6,4,0.5,40,0.857142857142857,40,70,1.75
"Separate 2D path/grid BIC + refit",4,NA,77.1536649024537,0,NA,0.563987861891166,96620.5250349671,NA,TRUE,15,22,82,1,0.769230769230769,0.268292682926829,0.423076923076923,NA,NA,NA,NA,0.000275657095354223,2.90188197229029,0.606374737610044,55.2938479128964,331,-190954.583072591,-189430.271741029,1,1,0.769230769230769,"specific_effect_common6_specific4",36,1000,100,4,6,4,0.5,40,0.857142857142857,40,70,1.75
"Eta centered path BIC",4,NA,NA,NA,1.66155261283209,0.592173000369836,96438.3460948036,96187.8594984781,TRUE,10,22,23,1,0.0128205128205128,0.956521739130435,0.977777777777778,NA,NA,NA,NA,0.000214535900822604,8.45267044251734,0.419810901092865,53.810978075055,172,-191688.558281622,-190896.469009632,1,1,0.0128205128205128,"specific_effect_common6_specific4",36,1000,100,4,6,4,0.5,40,0.857142857142857,40,70,1.75
"Eta centered path BIC + refit",4,NA,NA,NA,1.66155261283209,0.613794268932277,96473.7651772601,NA,TRUE,14,22,23,1,0.0128205128205128,0.956521739130435,0.977777777777778,NA,NA,NA,NA,8.53014202213063e-05,3.52706538941492,0.203303212400844,54.6026286237524,95,-192291.293603017,-191853.802435348,1,1,0.0128205128205128,"specific_effect_common6_specific4",36,1000,100,4,6,4,0.5,40,0.857142857142857,40,70,1.75
"Rossi path BIC",4,53.1395511291928,NA,NA,NA,0.575558533958494,96870.0103744215,96160.2348945165,TRUE,2,22,95,1,0.935897435897436,0.231578947368421,0.376068376068376,1,0.444444444444444,0.2,0.333333333333333,9.43658321289971e-05,1.78913184333829,0.211708537035251,55.2490590561538,203,-192337.74642721,-191402.896879454,1,1,0.935897435897436,"specific_effect_common6_specific4",37,1000,100,4,6,4,0.5,40,0.857142857142857,40,70,1.75
"Rossi path BIC + refit",4,53.1395511291928,NA,NA,NA,0.556215880652966,96940.0653222153,NA,TRUE,9,22,95,1,0.935897435897436,0.231578947368421,0.376068376068376,NA,NA,NA,NA,0.000275734267157396,2.23277359252982,0.612009455453063,55.5969600377704,383,-191234.46037258,-189470.680191347,1,1,0.935897435897436,"specific_effect_common6_specific4",37,1000,100,4,6,4,0.5,40,0.857142857142857,40,70,1.75
"Separate 2D path/grid BIC",4,NA,100.730383702032,3.61666597759524,NA,0.596374198153181,96760.972364076,94791.1656142222,TRUE,2,22,54,1,0.41025641025641,0.407407407407407,0.578947368421053,1,0.111111111111111,0.5,0.666666666666667,7.32245595230356e-05,18.5821890930312,0.17952877197021,51.0092615881149,83,-192948.601039997,-192566.37191456,1,1,0.41025641025641,"specific_effect_common6_specific4",37,1000,100,4,6,4,0.5,40,0.857142857142857,40,70,1.75
"Separate 2D path/grid BIC + refit",4,NA,100.730383702032,3.61666597759524,NA,0.576196379031797,96868.8931147527,NA,TRUE,11,22,54,1,0.41025641025641,0.407407407407407,0.578947368421053,NA,NA,NA,NA,0.000174205070923398,1.81956519386481,0.393493556205882,55.1140113042985,219,-192224.987823408,-191216.455552677,1,1,0.41025641025641,"specific_effect_common6_specific4",37,1000,100,4,6,4,0.5,40,0.857142857142857,40,70,1.75
"Eta centered path BIC",4,NA,NA,NA,1.62105229282893,0.567052654648592,96745.0306770542,96500.7974491652,TRUE,14,22,24,1,0.0256410256410256,0.916666666666667,0.956521739130435,NA,NA,NA,NA,0.000161025355655189,10.5934456585649,0.357881051102862,53.889117983674,175,-192281.204180287,-191475.299397739,1,1,0.0256410256410256,"specific_effect_common6_specific4",37,1000,100,4,6,4,0.5,40,0.857142857142857,40,70,1.75
"Eta centered path BIC + refit",4,NA,NA,NA,1.62105229282893,0.586824026288441,96788.0061749869,NA,TRUE,14,22,24,1,0.0256410256410256,0.916666666666667,0.956521739130435,NA,NA,NA,NA,8.84980516392732e-05,1.92684032946659,0.187682902570263,54.7493944838324,99,-192892.144577355,-192436.232728942,1,1,0.0256410256410256,"specific_effect_common6_specific4",37,1000,100,4,6,4,0.5,40,0.857142857142857,40,70,1.75
"Rossi path BIC",4,33.6689477596385,NA,NA,NA,0.603334974503898,97083.4160706112,96603.5183924633,TRUE,2,22,100,1,1,0.22,0.360655737704918,1,0.644444444444444,0.147058823529412,0.256410256410256,0.000140946186175406,4.66944020907817,0.33754374954661,56.659859336901,275,-192267.199439502,-191000.777638356,1,1,1,"specific_effect_common6_specific4",38,1000,100,4,6,4,0.5,40,0.857142857142857,40,70,1.75
"Rossi path BIC + refit",4,33.6689477596385,NA,NA,NA,0.566599593771417,97118.3647075675,NA,TRUE,10,22,100,1,1,0.22,0.360655737704918,NA,NA,NA,NA,0.000277958683330099,5.52398694474721,0.676808885341402,56.7187653404042,403,-191452.904037705,-189597.020452752,1,1,1,"specific_effect_common6_specific4",38,1000,100,4,6,4,0.5,40,0.857142857142857,40,70,1.75
"Separate 2D path/grid BIC",4,NA,69.0399433383497,4.4699781637506,NA,0.584434232842844,96967.480458965,95163.4136373077,TRUE,2,22,77,1,0.705128205128205,0.285714285714286,0.444444444444444,1,0.277777777777778,0.285714285714286,0.444444444444444,7.93518650190074e-05,13.859321210334,0.173253652156898,51.6229902673776,143,-192947.151913036,-192288.612576439,1,1,0.705128205128205,"specific_effect_common6_specific4",38,1000,100,4,6,4,0.5,40,0.857142857142857,40,70,1.75
"Separate 2D path/grid BIC + refit",4,NA,69.0399433383497,4.4699781637506,NA,0.567975588286655,97096.824373433,NA,TRUE,13,22,77,1,0.705128205128205,0.285714285714286,0.444444444444444,NA,NA,NA,NA,0.000247353105241562,4.33066938731872,0.597841989720985,56.5139365592314,311,-192045.336855103,-190613.12892726,1,1,0.705128205128205,"specific_effect_common6_specific4",38,1000,100,4,6,4,0.5,40,0.857142857142857,40,70,1.75
"Eta centered path BIC",4,NA,NA,NA,1.8400323269138,0.599120594487654,96891.1177185673,96624.2442221574,TRUE,11,22,22,1,0,1,1,NA,NA,NA,NA,0.00018738037001158,14.2721447966007,0.436923728241529,54.8653525749104,169,-192614.824794987,-191836.551033555,1,1,0,"specific_effect_common6_specific4",38,1000,100,4,6,4,0.5,40,0.857142857142857,40,70,1.75
"Eta centered path BIC + refit",4,NA,NA,NA,1.8400323269138,0.603659606737293,96955.4264015338,NA,TRUE,14,22,22,1,0,1,1,NA,NA,NA,NA,6.77849085149021e-05,3.52651348858146,0.151161192321449,55.995089759824,91,-193282.24707268,-192863.176585755,1,1,0,"specific_effect_common6_specific4",38,1000,100,4,6,4,0.5,40,0.857142857142857,40,70,1.75
"Rossi path BIC",4,41.538975930611,NA,NA,NA,0.530715715228713,96812.8232864684,96237.9388909317,TRUE,2,22,95,1,0.935897435897436,0.231578947368421,0.376068376068376,1,0.516666666666667,0.176991150442478,0.300751879699248,0.000120411648817104,2.54419700484652,0.297467998339363,56.0610840907483,229,-192043.77061405,-190989.186641459,1,1,0.935897435897436,"specific_effect_common6_specific4",39,1000,100,4,6,4,0.5,40,0.857142857142857,40,70,1.75
"Rossi path BIC + refit",4,41.538975930611,NA,NA,NA,0.477853274412484,96862.1203995846,NA,TRUE,12,22,95,1,0.935897435897436,0.231578947368421,0.376068376068376,NA,NA,NA,NA,0.000285551091543612,3.3076062881684,0.694059167461385,56.2643615790446,383,-191078.570527319,-189314.790346086,1,1,0.935897435897436,"specific_effect_common6_specific4",39,1000,100,4,6,4,0.5,40,0.857142857142857,40,70,1.75
"Separate 2D path/grid BIC",4,NA,69.2115949832389,0,NA,0.552560949496868,96763.0828213955,95869.46696198,TRUE,2,22,83,1,0.782051282051282,0.265060240963855,0.419047619047619,1,0.288888888888889,0.277777777777778,0.434782608695652,8.1736170948587e-05,1.79678983254306,0.19021455810105,55.8131452330208,147,-192510.725616781,-191833.76559944,1,1,0.782051282051282,"specific_effect_common6_specific4",39,1000,100,4,6,4,0.5,40,0.857142857142857,40,70,1.75
"Separate 2D path/grid BIC + refit",4,NA,69.2115949832389,0,NA,0.488766803004651,96851.2134225556,NA,TRUE,17,22,83,1,0.782051282051282,0.265060240963855,0.419047619047619,NA,NA,NA,NA,0.000270756896552554,2.9654451384736,0.656825215950602,56.1304250372853,335,-191388.328826652,-189845.596814346,1,1,0.782051282051282,"specific_effect_common6_specific4",39,1000,100,4,6,4,0.5,40,0.857142857142857,40,70,1.75
"Eta centered path BIC",4,NA,NA,NA,1.70683943171637,0.543797662077134,96657.1014036276,96406.5597016922,TRUE,7,22,24,1,0.0256410256410256,0.916666666666667,0.956521739130435,NA,NA,NA,NA,0.000195612491669848,8.62683288134379,0.42340788834252,54.0184715224093,175,-192105.345633433,-191299.440850885,1,1,0.0256410256410256,"specific_effect_common6_specific4",39,1000,100,4,6,4,0.5,40,0.857142857142857,40,70,1.75
"Eta centered path BIC + refit",4,NA,NA,NA,1.70683943171637,0.550058258099287,96709.9111297054,NA,TRUE,11,22,24,1,0.0256410256410256,0.916666666666667,0.956521739130435,NA,NA,NA,NA,9.13569817608643e-05,0.773011151601402,0.211541298459746,55.1829986348807,99,-192735.954486792,-192280.042638379,1,1,0.0256410256410256,"specific_effect_common6_specific4",39,1000,100,4,6,4,0.5,40,0.857142857142857,40,70,1.75
"Rossi path BIC",4,42.1811642997933,NA,NA,NA,0.58818169835557,96980.1505262858,96401.4780439606,TRUE,2,22,99,1,0.987179487179487,0.222222222222222,0.363636363636364,1,0.516666666666667,0.176991150442478,0.300751879699248,0.000102020965260179,3.83433415238642,0.259567048276136,56.1917258932349,229,-192378.425093685,-191323.841121093,1,1,0.987179487179487,"specific_effect_common6_specific4",40,1000,100,4,6,4,0.5,40,0.857142857142857,40,70,1.75
"Rossi path BIC + refit",4,42.1811642997933,NA,NA,NA,0.535186571888065,97028.6743967089,NA,TRUE,17,22,99,1,0.987179487179487,0.222222222222222,0.363636363636364,NA,NA,NA,NA,0.00026095036871625,4.0573303625295,0.618420365995733,56.0600952466883,399,-191301.154437104,-189463.691532895,1,1,0.987179487179487,"specific_effect_common6_specific4",40,1000,100,4,6,4,0.5,40,0.857142857142857,40,70,1.75
"Separate 2D path/grid BIC",4,NA,74.6935790933174,3.98809081702803,NA,0.586293787446738,96880.0462095344,95117.3855467583,TRUE,2,22,72,1,0.641025641025641,0.305555555555556,0.468085106382979,1,0.222222222222222,0.333333333333333,0.5,6.26139466100723e-05,13.1932533210942,0.153275562213584,51.5544870004079,123,-192910.438519754,-192344.002586878,1,1,0.641025641025641,"specific_effect_common6_specific4",40,1000,100,4,6,4,0.5,40,0.857142857142857,40,70,1.75
"Separate 2D path/grid BIC + refit",4,NA,74.6935790933174,3.98809081702803,NA,0.564723280829989,97002.6897390348,NA,TRUE,9,22,72,1,0.641025641025641,0.305555555555556,0.468085106382979,NA,NA,NA,NA,0.000227958670414738,3.78628925040512,0.531783743103791,55.7922168488831,291,-191995.222691886,-190655.118167763,1,1,0.641025641025641,"specific_effect_common6_specific4",40,1000,100,4,6,4,0.5,40,0.857142857142857,40,70,1.75
"Eta centered path BIC",4,NA,NA,NA,1.65212462546711,0.582253383590537,96839.0601221321,96578.7454561945,TRUE,5,22,22,1,0,1,1,NA,NA,NA,NA,0.000133682731003775,4.43303504100559,0.258940732854387,54.4660580539398,169,-192510.709602116,-191732.435840684,1,1,0,"specific_effect_common6_specific4",40,1000,100,4,6,4,0.5,40,0.857142857142857,40,70,1.75
"Eta centered path BIC + refit",4,NA,NA,NA,1.65212462546711,0.574555795096683,96873.1791461789,NA,TRUE,13,22,22,1,0,1,1,NA,NA,NA,NA,5.88777189657996e-05,1.82080498826189,0.139406989889071,55.4110673204274,91,-193117.75256197,-192698.682075045,1,1,0,"specific_effect_common6_specific4",40,1000,100,4,6,4,0.5,40,0.857142857142857,40,70,1.75
"Rossi path BIC",4,37.4294215918417,NA,NA,NA,0.587909847358456,97217.0341561161,96687.0624338847,TRUE,2,22,99,1,0.987179487179487,0.222222222222222,0.363636363636364,1,0.616666666666667,0.152671755725191,0.264900662251656,0.000113684531420007,1.18430761884493,0.249648306787821,55.7163851258221,265,-192603.513163302,-191383.143064015,1,1,0.987179487179487,"specific_effect_common6_specific4",41,1000,100,4,6,4,0.5,40,0.857142857142857,40,70,1.75
"Rossi path BIC + refit",4,37.4294215918417,NA,NA,NA,0.53380638536968,97268.3781749295,NA,TRUE,18,22,99,1,0.987179487179487,0.222222222222222,0.363636363636364,NA,NA,NA,NA,0.000345611079988524,1.3650537594374,0.6998070310958,55.6635289751849,399,-191780.561993545,-189943.099089336,1,1,0.987179487179487,"specific_effect_common6_specific4",41,1000,100,4,6,4,0.5,40,0.857142857142857,40,70,1.75
"Separate 2D path/grid BIC",4,NA,64.0535876711988,3.33408272269053,NA,0.575818876055451,97140.9449236866,95608.6150947339,TRUE,2,22,82,1,0.769230769230769,0.268292682926829,0.423076923076923,1,0.333333333333333,0.25,0.4,6.10408559723124e-05,8.99436829528808,0.123447358417383,52.0983888144811,163,-193155.925736899,-192405.282996583,1,1,0.769230769230769,"specific_effect_common6_specific4",41,1000,100,4,6,4,0.5,40,0.857142857142857,40,70,1.75
"Separate 2D path/grid BIC + refit",4,NA,64.0535876711988,3.33408272269053,NA,0.536954762739002,97250.6754032596,NA,TRUE,11,22,82,1,0.769230769230769,0.268292682926829,0.423076923076923,NA,NA,NA,NA,0.000292864979525611,1.1483681251563,0.582626472663557,55.5115894798673,331,-192214.883809176,-190690.572477614,1,1,0.769230769230769,"specific_effect_common6_specific4",41,1000,100,4,6,4,0.5,40,0.857142857142857,40,70,1.75
"Eta centered path BIC",4,NA,NA,NA,1.72891888092733,0.572217373041318,97057.6076609164,96797.0442983582,TRUE,10,22,22,1,0,1,1,NA,NA,NA,NA,0.000158503315017525,10.5445469117509,0.319978469478429,53.7762159199825,169,-192947.804679685,-192169.530918253,1,1,0,"specific_effect_common6_specific4",41,1000,100,4,6,4,0.5,40,0.857142857142857,40,70,1.75
"Eta centered path BIC + refit",4,NA,NA,NA,1.72891888092733,0.581657700269593,97092.3479947135,NA,TRUE,14,22,22,1,0,1,1,NA,NA,NA,NA,6.56494024431304e-05,0.644241216760337,0.108100026299725,54.9553903322815,91,-193556.09025904,-193137.019772115,1,1,0,"specific_effect_common6_specific4",41,1000,100,4,6,4,0.5,40,0.857142857142857,40,70,1.75
"Rossi path BIC",4,30.3381075882341,NA,NA,NA,0.556563894639188,96584.385625209,96147.6374889764,TRUE,2,22,98,1,0.974358974358974,0.224489795918367,0.366666666666667,1,0.661111111111111,0.143884892086331,0.251572327044025,0.000127673376753241,1.41910676430088,0.31307137181715,54.7918595469488,281,-191227.692017024,-189933.639194761,1,1,0.974358974358974,"specific_effect_common6_specific4",42,1000,100,4,6,4,0.5,40,0.857142857142857,40,70,1.75
"Rossi path BIC + refit",4,30.3381075882341,NA,NA,NA,0.539636271117407,96614.3940539869,NA,TRUE,12,22,98,1,0.974358974358974,0.224489795918367,0.366666666666667,NA,NA,NA,NA,0.000260576004755692,1.69099131095379,0.601303655311447,54.7596525342673,395,-190500.224772776,-188681.18254931,1,1,0.974358974358974,"specific_effect_common6_specific4",42,1000,100,4,6,4,0.5,40,0.857142857142857,40,70,1.75
"Separate 2D path/grid BIC",4,NA,63.5541407242885,0,NA,0.566815434927451,96521.7844606855,95695.0132550356,TRUE,2,22,84,1,0.794871794871795,0.261904761904762,0.415094339622642,1,0.333333333333333,0.25,0.4,5.65555329122946e-05,1.45698833075056,0.15336506018735,54.4764153875229,163,-191917.604810897,-191166.962070581,1,1,0.794871794871795,"specific_effect_common6_specific4",42,1000,100,4,6,4,0.5,40,0.857142857142857,40,70,1.75
"Separate 2D path/grid BIC + refit",4,NA,63.5541407242885,0,NA,0.528233555717225,96605.642232105,NA,TRUE,11,22,84,1,0.794871794871795,0.261904761904762,0.415094339622642,NA,NA,NA,NA,0.000247336459064841,1.75872709097625,0.577850002847052,54.7680257770796,339,-190869.555424635,-189308.402731585,1,1,0.794871794871795,"specific_effect_common6_specific4",42,1000,100,4,6,4,0.5,40,0.857142857142857,40,70,1.75
"Eta centered path BIC",4,NA,NA,NA,1.70209220491111,0.547051613474978,96419.1267798219,96168.3174668275,TRUE,12,22,22,1,0,1,1,NA,NA,NA,NA,0.000157029508640362,13.3456160557937,0.402543352644671,53.1071968272752,169,-191670.842917496,-190892.569156064,1,1,0,"specific_effect_common6_specific4",42,1000,100,4,6,4,0.5,40,0.857142857142857,40,70,1.75
"Eta centered path BIC + refit",4,NA,NA,NA,1.70209220491111,0.55964862031365,96467.7077956393,NA,TRUE,14,22,22,1,0,1,1,NA,NA,NA,NA,6.49028680992445e-05,1.48607759441589,0.164673726578272,54.3053950456238,91,-192306.809860891,-191887.739373966,1,1,0,"specific_effect_common6_specific4",42,1000,100,4,6,4,0.5,40,0.857142857142857,40,70,1.75
"Rossi path BIC",4,44.3416414454195,NA,NA,NA,0.579389395686565,96930.7492575365,96330.4153214299,TRUE,2,22,92,1,0.897435897435897,0.239130434782609,0.385964912280702,1,0.458333333333333,0.195121951219512,0.326530612244898,8.89262446317207e-05,2.04154069235553,0.208758451813707,56.3968218892219,208,-192424.685417045,-191466.810018359,1,1,0.897435897435897,"specific_effect_common6_specific4",43,1000,100,4,6,4,0.5,40,0.857142857142857,40,70,1.75
"Rossi path BIC + refit",4,44.3416414454195,NA,NA,NA,0.503317292616718,96982.6268346078,NA,TRUE,13,22,92,1,0.897435897435897,0.239130434782609,0.385964912280702,NA,NA,NA,NA,0.000248939341223072,3.82518230184316,0.586982137839637,56.8621002124931,371,-191402.476460713,-189693.958321712,1,1,0.897435897435897,"specific_effect_common6_specific4",43,1000,100,4,6,4,0.5,40,0.857142857142857,40,70,1.75
"Separate 2D path/grid BIC",4,NA,106.459870256996,0,NA,0.58459748939118,96841.0465256734,95541.5345070471,TRUE,2,22,49,1,0.346153846153846,0.448979591836735,0.619718309859155,1,0.102777777777778,0.519480519480519,0.683760683760684,4.77966824185175e-05,0.689413165231402,0.100418751463656,55.771676078144,80,-193129.472629028,-192761.059014149,1,1,0.346153846153846,"specific_effect_common6_specific4",43,1000,100,4,6,4,0.5,40,0.857142857142857,40,70,1.75
"Separate 2D path/grid BIC + refit",4,NA,106.459870256996,0,NA,0.558264573920943,96920.3332280867,NA,TRUE,11,22,49,1,0.346153846153846,0.448979591836735,0.619718309859155,NA,NA,NA,NA,0.000149677516398834,2.34172627968419,0.364231245732445,56.3926063163566,199,-192466.023155656,-191549.594288644,1,1,0.346153846153846,"specific_effect_common6_specific4",43,1000,100,4,6,4,0.5,40,0.857142857142857,40,70,1.75
"Eta centered path BIC",4,NA,NA,NA,1.51282432416219,0.568941115724109,96818.7511875581,96595.2639916193,TRUE,7,22,22,1,0,1,1,NA,NA,NA,NA,0.000183983472284098,7.33956107791268,0.391588793714267,54.8275560791194,169,-192470.091732968,-191691.817971536,1,1,0,"specific_effect_common6_specific4",43,1000,100,4,6,4,0.5,40,0.857142857142857,40,70,1.75
"Eta centered path BIC + refit",4,NA,NA,NA,1.51282432416219,0.578711936033486,96846.3082417574,NA,TRUE,6,22,22,1,0,1,1,NA,NA,NA,NA,6.97401105256544e-05,1.45623997327707,0.157977421299594,56.0225565649647,91,-193064.010753127,-192644.940266203,1,1,0,"specific_effect_common6_specific4",43,1000,100,4,6,4,0.5,40,0.857142857142857,40,70,1.75
"Rossi path BIC",4,33.787401343732,NA,NA,NA,0.584711536603035,96648.9711658938,96167.2894290563,TRUE,2,22,99,1,0.987179487179487,0.222222222222222,0.363636363636364,1,0.608333333333333,0.154440154440154,0.267558528428094,0.000112357381122352,1.33353209720265,0.260228652517379,55.5510651706249,262,-191488.110448694,-190281.555859965,1,1,0.987179487179487,"specific_effect_common6_specific4",44,1000,100,4,6,4,0.5,40,0.857142857142857,40,70,1.75
"Rossi path BIC + refit",4,33.787401343732,NA,NA,NA,0.545023755404279,96684.9437456214,NA,TRUE,13,22,99,1,0.987179487179487,0.222222222222222,0.363636363636364,NA,NA,NA,NA,0.000268224033442582,1.57688906557988,0.605777214484884,55.5429351776349,399,-190613.693134929,-188776.23023072,1,1,0.987179487179487,"specific_effect_common6_specific4",44,1000,100,4,6,4,0.5,40,0.857142857142857,40,70,1.75
"Separate 2D path/grid BIC",4,NA,79.4556965975256,0,NA,0.593456186555776,96560.1756997068,95559.7379149079,TRUE,2,22,76,1,0.692307692307692,0.289473684210526,0.448979591836735,1,0.238888888888889,0.317460317460317,0.481927710843373,3.66122596427207e-05,1.15717995074024,0.0912712436660022,55.2755252207102,129,-192229.250968425,-191635.184014433,1,1,0.692307692307692,"specific_effect_common6_specific4",44,1000,100,4,6,4,0.5,40,0.857142857142857,40,70,1.75
"Separate 2D path/grid BIC + refit",4,NA,79.4556965975256,0,NA,0.569896943326851,96658.1323830402,NA,TRUE,13,22,76,1,0.692307692307692,0.289473684210526,0.448979591836735,NA,NA,NA,NA,0.000206816673683162,1.18005374759194,0.467226303533992,55.6121887846519,307,-191195.583895433,-189781.796648334,1,1,0.692307692307692,"specific_effect_common6_specific4",44,1000,100,4,6,4,0.5,40,0.857142857142857,40,70,1.75
"Eta centered path BIC",4,NA,NA,NA,1.57943593404127,0.564432980007802,96496.9505425213,96257.0302388864,TRUE,22,22,24,1,0.0256410256410256,0.916666666666667,0.956521739130435,NA,NA,NA,NA,0.000176556290331795,8.27549041598428,0.331650309617515,54.4006540561134,175,-191785.043911221,-190979.139128673,1,1,0.0256410256410256,"specific_effect_common6_specific4",44,1000,100,4,6,4,0.5,40,0.857142857142857,40,70,1.75
"Eta centered path BIC + refit",4,NA,NA,NA,1.57943593404127,0.579013297403284,96538.1889399771,NA,TRUE,20,22,24,1,0.0256410256410256,0.916666666666667,0.956521739130435,NA,NA,NA,NA,7.00436413732564e-05,0.979012690687634,0.15309631969596,55.1672389691799,99,-192392.510107335,-191936.598258922,1,1,0.0256410256410256,"specific_effect_common6_specific4",44,1000,100,4,6,4,0.5,40,0.857142857142857,40,70,1.75
"Rossi path BIC",4,48.5217841054834,NA,NA,NA,0.591811560000909,97197.0383583353,96530.324129294,TRUE,2,22,98,1,0.974358974358974,0.224489795918367,0.366666666666667,1,0.511111111111111,0.178571428571429,0.303030303030303,0.000116515963535113,2.53254874245438,0.252584305086998,56.4961950620213,227,-192826.016268342,-191780.642636122,1,1,0.974358974358974,"specific_effect_common6_specific4",45,1000,100,4,6,4,0.5,40,0.857142857142857,40,70,1.75
"Rossi path BIC + refit",4,48.5217841054834,NA,NA,NA,0.520930218880063,97265.0225044766,NA,TRUE,14,22,98,1,0.974358974358974,0.224489795918367,0.366666666666667,NA,NA,NA,NA,0.000328705805894787,3.46136688685917,0.73455210462033,56.6270621933737,395,-191801.481673755,-189982.43945029,1,1,0.974358974358974,"specific_effect_common6_specific4",45,1000,100,4,6,4,0.5,40,0.857142857142857,40,70,1.75
"Separate 2D path/grid BIC",4,NA,88.4251700391405,0,NA,0.594021922992171,97113.9967248473,96011.1712326619,TRUE,2,22,64,1,0.538461538461538,0.34375,0.511627906976744,1,0.205555555555556,0.350877192982456,0.519480519480519,6.7681055085263e-05,1.74135900926957,0.141953901095158,56.1379903043541,117,-193419.786082054,-192880.981170293,1,1,0.538461538461538,"specific_effect_common6_specific4",45,1000,100,4,6,4,0.5,40,0.857142857142857,40,70,1.75
"Separate 2D path/grid BIC + refit",4,NA,88.4251700391405,0,NA,0.53112984950355,97221.0578432425,NA,TRUE,12,22,64,1,0.538461538461538,0.34375,0.511627906976744,NA,NA,NA,NA,0.00026292305352158,2.36661279626159,0.590474794448157,56.3322796307305,259,-192653.007069229,-191460.267991058,1,1,0.538461538461538,"specific_effect_common6_specific4",45,1000,100,4,6,4,0.5,40,0.857142857142857,40,70,1.75
"Eta centered path BIC",4,NA,NA,NA,1.81907576505473,0.565813614123586,97030.4556050005,96777.6550697163,TRUE,23,22,22,1,0,1,1,NA,NA,NA,NA,0.00021400853408007,10.3272373155687,0.48395155106281,54.6865525793876,169,-192893.500567853,-192115.226806421,1,1,0,"specific_effect_common6_specific4",45,1000,100,4,6,4,0.5,40,0.857142857142857,40,70,1.75
"Eta centered path BIC + refit",4,NA,NA,NA,1.81907576505473,0.57531356782581,97082.7287874257,NA,TRUE,18,22,22,1,0,1,1,NA,NA,NA,NA,8.2502235345303e-05,0.674436319478995,0.1629210623051,55.5852166773272,91,-193536.851844464,-193117.781357539,1,1,0,"specific_effect_common6_specific4",45,1000,100,4,6,4,0.5,40,0.857142857142857,40,70,1.75
"Rossi path BIC",4,34.9978825194988,NA,NA,NA,0.550864313682784,96713.5861526536,96220.7587511954,TRUE,2,22,97,1,0.961538461538462,0.22680412371134,0.369747899159664,1,0.611111111111111,0.153846153846154,0.266666666666667,9.51156940591689e-05,1.83006652180321,0.223586779802548,55.9342909670639,263,-191610.432666935,-190399.27290802,1,1,0.961538461538462,"specific_effect_common6_specific4",46,1000,100,4,6,4,0.5,40,0.857142857142857,40,70,1.75
"Rossi path BIC + refit",4,34.9978825194988,NA,NA,NA,0.512486540895051,96754.183235635,NA,TRUE,17,22,97,1,0.961538461538462,0.22680412371134,0.369747899159664,NA,NA,NA,NA,0.000253234831500529,1.842903286412,0.568999785873304,55.9103677340985,391,-190807.434157188,-189006.812614467,1,1,0.961538461538462,"specific_effect_common6_specific4",46,1000,100,4,6,4,0.5,40,0.857142857142857,40,70,1.75
"Separate 2D path/grid BIC",4,NA,74.099357293161,4.20032347186672,NA,0.543565903216005,96595.1342751332,94809.3645620752,TRUE,2,22,69,1,0.602564102564103,0.318840579710145,0.483516483516483,1,0.222222222222222,0.333333333333333,0.5,3.61021974413896e-05,18.9720620080792,0.130430816340305,50.9483208120346,123,-192340.614650952,-191774.178718075,1,1,0.602564102564103,"specific_effect_common6_specific4",46,1000,100,4,6,4,0.5,40,0.857142857142857,40,70,1.75
"Separate 2D path/grid BIC + refit",4,NA,74.099357293161,4.20032347186672,NA,0.551024033208024,96723.2468702526,NA,TRUE,13,22,69,1,0.602564102564103,0.318840579710145,0.483516483516483,NA,NA,NA,NA,0.000194512965979924,0.905756409692465,0.435149967448677,55.7363856065638,279,-191519.230017669,-190234.387535779,1,1,0.602564102564103,"specific_effect_common6_specific4",46,1000,100,4,6,4,0.5,40,0.857142857142857,40,70,1.75
"Eta centered path BIC",4,NA,NA,NA,1.61312456616493,0.514862189305068,96566.1983570002,96330.3432533196,TRUE,25,22,22,1,0,1,1,NA,NA,NA,NA,0.000172141635925121,10.2758213897681,0.387282573117233,54.690644886866,169,-191964.986071852,-191186.71231042,1,1,0,"specific_effect_common6_specific4",46,1000,100,4,6,4,0.5,40,0.857142857142857,40,70,1.75
"Eta centered path BIC + refit",4,NA,NA,NA,1.61312456616493,0.544418275554175,96605.6855258825,NA,TRUE,19,22,22,1,0,1,1,NA,NA,NA,NA,5.47541935550622e-05,1.06515886102846,0.125253643669034,55.2648450546338,91,-192582.765321378,-192163.694834453,1,1,0,"specific_effect_common6_specific4",46,1000,100,4,6,4,0.5,40,0.857142857142857,40,70,1.75
"Rossi path BIC",4,20.1191150146578,NA,NA,NA,0.543929872364595,97007.6284396096,96709.0451031801,TRUE,2,22,100,1,1,0.22,0.360655737704918,1,0.733333333333333,0.131578947368421,0.232558139534884,0.000146830588314553,5.41207645173895,0.355819556969447,57.105606532,307,-191894.576008572,-190480.788761473,1,1,1,"specific_effect_common6_specific4",47,1000,100,4,6,4,0.5,40,0.857142857142857,40,70,1.75
"Rossi path BIC + refit",4,20.1191150146578,NA,NA,NA,0.513051816604815,97022.8165262758,NA,TRUE,14,22,100,1,1,0.22,0.360655737704918,NA,NA,NA,NA,0.000251756120014334,5.55399690668439,0.613543288872994,57.0995265152329,403,-191261.807675122,-189405.924090169,1,1,1,"specific_effect_common6_specific4",47,1000,100,4,6,4,0.5,40,0.857142857142857,40,70,1.75
"Separate 2D path/grid BIC",4,NA,32.2247493434655,4.84381462433626,NA,0.554137804138148,96925.566111503,95492.501333741,TRUE,2,22,98,1,0.974358974358974,0.224489795918367,0.366666666666667,1,0.55,0.168067226890756,0.287769784172662,0.000105991607702759,19.1369303909799,0.254639169723095,50.8238569512225,241,-192186.363200771,-191076.517185948,1,1,0.974358974358974,"specific_effect_common6_specific4",47,1000,100,4,6,4,0.5,40,0.857142857142857,40,70,1.75
"Separate 2D path/grid BIC + refit",4,NA,32.2247493434655,4.84381462433626,NA,0.517304756706579,97021.8339148764,NA,TRUE,26,22,98,1,0.974358974358974,0.224489795918367,0.366666666666667,NA,NA,NA,NA,0.000250152351499146,5.019902844599,0.609568211886993,56.9239379485308,395,-191315.104494555,-189496.06227109,1,1,0.974358974358974,"specific_effect_common6_specific4",47,1000,100,4,6,4,0.5,40,0.857142857142857,40,70,1.75
"Eta centered path BIC",4,NA,NA,NA,1.58205891398911,0.53890927572892,96836.3879846575,96594.1091366271,TRUE,21,22,22,1,0,1,1,NA,NA,NA,NA,0.000179270272332757,3.33378473418629,0.305129379801951,55.7381809823402,169,-192505.365327167,-191727.091565735,1,1,0,"specific_effect_common6_specific4",47,1000,100,4,6,4,0.5,40,0.857142857142857,40,70,1.75
"Eta centered path BIC + refit",4,NA,NA,NA,1.58205891398911,0.574208658193061,96876.0815044073,NA,TRUE,18,22,22,1,0,1,1,NA,NA,NA,NA,4.65974785642816e-05,2.63225149282672,0.109169310173688,56.4573372847623,91,-193123.557278427,-192704.486791502,1,1,0,"specific_effect_common6_specific4",47,1000,100,4,6,4,0.5,40,0.857142857142857,40,70,1.75
"Rossi path BIC",4,35.9894361190216,NA,NA,NA,0.59612288300343,96923.7797699945,96414.054306601,TRUE,2,22,97,1,0.961538461538462,0.22680412371134,0.369747899159664,1,0.591666666666667,0.158102766798419,0.273037542662116,0.000119187095899586,3.54325949249614,0.296820662823859,56.053174199291,256,-192079.17418857,-190900.250620957,1,1,0.961538461538462,"specific_effect_common6_specific4",48,1000,100,4,6,4,0.5,40,0.857142857142857,40,70,1.75
"Rossi path BIC + refit",4,35.9894361190216,NA,NA,NA,0.525665440949718,96963.3455418947,NA,TRUE,14,22,97,1,0.961538461538462,0.22680412371134,0.369747899159664,NA,NA,NA,NA,0.000268385832559751,4.5065446055639,0.644896625276165,56.0488469729162,391,-191225.758769707,-189425.137226986,1,1,0.961538461538462,"specific_effect_common6_specific4",48,1000,100,4,6,4,0.5,40,0.857142857142857,40,70,1.75
"Separate 2D path/grid BIC",4,NA,66.6363847451836,0,NA,0.603118922870376,96864.6548376519,96000.5564521975,TRUE,2,22,86,1,0.82051282051282,0.255813953488372,0.407407407407407,1,0.333333333333333,0.25,0.4,6.93983435173394e-05,2.57887398336758,0.171483257308853,55.7669134516683,163,-192603.34556483,-191852.702824514,1,1,0.82051282051282,"specific_effect_common6_specific4",48,1000,100,4,6,4,0.5,40,0.857142857142857,40,70,1.75
"Separate 2D path/grid BIC + refit",4,NA,66.6363847451836,0,NA,0.542200127329281,96955.8024485773,NA,TRUE,14,22,86,1,0.82051282051282,0.255813953488372,0.407407407407407,NA,NA,NA,NA,0.000256579567384798,4.04938746350783,0.610048645923021,55.9400909788816,347,-191514.613815348,-189916.61976081,1,1,0.82051282051282,"specific_effect_common6_specific4",48,1000,100,4,6,4,0.5,40,0.857142857142857,40,70,1.75
"Eta centered path BIC",4,NA,NA,NA,1.47146723446191,0.591676591492197,96789.3345276085,96562.2964820403,TRUE,9,22,26,1,0.0512820512820513,0.846153846153846,0.916666666666667,NA,NA,NA,NA,0.000167601902665938,10.0355143856393,0.347211004644003,54.6293620194438,181,-192328.365349721,-191494.829546057,1,1,0.0512820512820513,"specific_effect_common6_specific4",48,1000,100,4,6,4,0.5,40,0.857142857142857,40,70,1.75
"Eta centered path BIC + refit",4,NA,NA,NA,1.47146723446191,0.592295463680182,96819.0741215729,NA,TRUE,14,22,26,1,0.0512820512820513,0.846153846153846,0.916666666666667,NA,NA,NA,NA,8.51638329458671e-05,3.19181551798191,0.233400614785508,55.3899339177044,107,-192899.018428295,-192406.265218394,1,1,0.0512820512820513,"specific_effect_common6_specific4",48,1000,100,4,6,4,0.5,40,0.857142857142857,40,70,1.75
"Rossi path BIC",4,31.3335761979925,NA,NA,NA,0.578692837659285,97034.3664479698,96583.2618283743,TRUE,2,22,98,1,0.974358974358974,0.224489795918367,0.366666666666667,1,0.616666666666667,0.152671755725191,0.264900662251656,0.000170676161647595,2.48540487077038,0.350335562915908,56.4966708047735,265,-192238.177747009,-191017.807647722,1,1,0.974358974358974,"specific_effect_common6_specific4",49,1000,100,4,6,4,0.5,40,0.857142857142857,40,70,1.75
"Rossi path BIC + refit",4,31.3335761979925,NA,NA,NA,0.541177552096167,97064.4229499713,NA,TRUE,12,22,98,1,0.974358974358974,0.224489795918367,0.366666666666667,NA,NA,NA,NA,0.000310539725502602,2.73614438319275,0.650804778308661,56.5395740029111,395,-191400.282564745,-189581.240341279,1,1,0.974358974358974,"specific_effect_common6_specific4",49,1000,100,4,6,4,0.5,40,0.857142857142857,40,70,1.75
"Separate 2D path/grid BIC",4,NA,66.177512330952,4.75972267358556,NA,0.520219311589473,96882.3172176686,95107.6475311015,TRUE,2,22,83,1,0.782051282051282,0.265060240963855,0.419047619047619,1,0.305555555555556,0.266666666666667,0.421052631578947,9.28560317848324e-05,43.3647615977208,0.313388483447838,48.8625283129287,153,-192707.747877653,-192003.156839197,1,1,0.782051282051282,"specific_effect_common6_specific4",49,1000,100,4,6,4,0.5,40,0.857142857142857,40,70,1.75
"Separate 2D path/grid BIC + refit",4,NA,66.177512330952,4.75972267358556,NA,0.565623904012829,97052.2461934395,NA,TRUE,30,22,83,1,0.782051282051282,0.265060240963855,0.419047619047619,NA,NA,NA,NA,0.000288527710836098,2.57726212053851,0.606128357027837,56.4457758736954,335,-191790.39436842,-190247.662356114,1,1,0.782051282051282,"specific_effect_common6_specific4",49,1000,100,4,6,4,0.5,40,0.857142857142857,40,70,1.75
"Eta centered path BIC",4,NA,NA,NA,1.45242987525497,0.5803008918365,96883.3387252172,96666.1464864909,TRUE,7,22,24,1,0.0256410256410256,0.916666666666667,0.956521739130435,NA,NA,NA,NA,0.000234644586537594,3.74157574566225,0.398899548033375,54.5589992973622,175,-192557.820276612,-191751.915494065,1,1,0.0256410256410256,"specific_effect_common6_specific4",49,1000,100,4,6,4,0.5,40,0.857142857142857,40,70,1.75
"Eta centered path BIC + refit",4,NA,NA,NA,1.45242987525497,0.600394452944959,96901.9626785669,NA,TRUE,9,22,24,1,0.0256410256410256,0.916666666666667,0.956521739130435,NA,NA,NA,NA,9.98903104851993e-05,1.23775461326706,0.198962984110604,55.7738878637542,99,-193120.057584515,-192664.145736102,1,1,0.0256410256410256,"specific_effect_common6_specific4",49,1000,100,4,6,4,0.5,40,0.857142857142857,40,70,1.75
"Rossi path BIC",4,40.3632936675062,NA,NA,NA,0.560536052970912,96901.3507683879,96329.401987354,TRUE,2,22,99,1,0.987179487179487,0.222222222222222,0.363636363636364,1,0.613888888888889,0.153256704980843,0.26578073089701,0.0001542287351794,2.54165491006258,0.379283774352903,56.5364419014999,264,-191979.054143124,-190763.289214024,1,1,0.987179487179487,"specific_effect_common6_specific4",50,1000,100,4,6,4,0.5,40,0.857142857142857,40,70,1.75
"Rossi path BIC + refit",4,40.3632936675062,NA,NA,NA,0.525166890790717,96950.7313197975,NA,TRUE,14,22,99,1,0.987179487179487,0.222222222222222,0.363636363636364,NA,NA,NA,NA,0.000322505059174881,4.5034319354896,0.814061788229409,57.0344341161356,399,-191145.268283281,-189307.805379072,1,1,0.987179487179487,"specific_effect_common6_specific4",50,1000,100,4,6,4,0.5,40,0.857142857142857,40,70,1.75
"Separate 2D path/grid BIC",4,NA,76.2150777654217,4.83872248726101,NA,0.563724160333577,96762.6482383264,94819.0386147701,TRUE,3,22,79,1,0.730769230769231,0.278481012658228,0.435643564356436,1,0.247222222222222,0.310077519379845,0.473372781065089,8.02911548439212e-05,20.5878724527694,0.200014310534835,50.5570683495249,132,-192613.472779827,-192005.590315277,1,1,0.730769230769231,"specific_effect_common6_specific4",50,1000,100,4,6,4,0.5,40,0.857142857142857,40,70,1.75
"Separate 2D path/grid BIC + refit",4,NA,76.2150777654217,4.83872248726101,NA,0.544785343141437,96927.3712239831,NA,TRUE,16,22,79,1,0.730769230769231,0.278481012658228,0.435643564356436,NA,NA,NA,NA,0.000283578211755927,3.22293862971417,0.721158584251194,56.5987844674981,319,-191651.168513971,-190182.119224641,1,1,0.730769230769231,"specific_effect_common6_specific4",50,1000,100,4,6,4,0.5,40,0.857142857142857,40,70,1.75
"Eta centered path BIC",4,NA,NA,NA,1.7275629866844,0.561036801678159,96724.3495611832,96465.6754741287,TRUE,9,22,24,1,0.0256410256410256,0.916666666666667,0.956521739130435,NA,NA,NA,NA,0.000210579972450072,9.36450185607395,0.441475571091756,54.6480516883337,175,-192239.841948544,-191433.937165997,1,1,0.0256410256410256,"specific_effect_common6_specific4",50,1000,100,4,6,4,0.5,40,0.857142857142857,40,70,1.75
"Eta centered path BIC + refit",4,NA,NA,NA,1.7275629866844,0.580974171549464,96780.5253322363,NA,TRUE,12,22,24,1,0.0256410256410256,0.916666666666667,0.956521739130435,NA,NA,NA,NA,0.000110423227883344,1.29561318643828,0.273756485189384,55.9441044584676,99,-192877.182891853,-192421.271043441,1,1,0.0256410256410256,"specific_effect_common6_specific4",50,1000,100,4,6,4,0.5,40,0.857142857142857,40,70,1.75
"Rossi path BIC",4,20.676198874511,NA,NA,NA,0.553903887920657,97197.9487809319,96886.2793085636,TRUE,2,22,99,1,0.987179487179487,0.222222222222222,0.363636363636364,1,0.763888888888889,0.126984126984127,0.225352112676056,0.000193081918652973,2.64241748009993,0.43879339890541,56.4964649016189,318,-192199.231383147,-190734.787264003,1,1,0.987179487179487,"specific_effect_common6_specific4",51,1000,100,4,6,4,0.5,40,0.857142857142857,40,70,1.75
"Rossi path BIC + refit",4,20.676198874511,NA,NA,NA,0.530920608847273,97212.9487198945,NA,TRUE,15,22,99,1,0.987179487179487,0.222222222222222,0.363636363636364,NA,NA,NA,NA,0.000306876248165247,2.79458452900939,0.689468796302873,56.3523019517623,399,-191669.703083475,-189832.240179266,1,1,0.987179487179487,"specific_effect_common6_specific4",51,1000,100,4,6,4,0.5,40,0.857142857142857,40,70,1.75
"Separate 2D path/grid BIC",4,NA,50.9585981140694,0,NA,0.574539411007547,97143.9151476356,96455.7046062351,TRUE,2,22,94,1,0.923076923076923,0.234042553191489,0.379310344827586,1,0.452777777777778,0.197044334975369,0.329218106995885,0.000100894162562952,2.13867107559633,0.222719932917943,56.3731911370933,206,-192864.832707801,-191916.167649487,1,1,0.923076923076923,"specific_effect_common6_specific4",51,1000,100,4,6,4,0.5,40,0.857142857142857,40,70,1.75
"Separate 2D path/grid BIC + refit",4,NA,50.9585981140694,0,NA,0.532594766969618,97210.4749774217,NA,TRUE,18,22,94,1,0.923076923076923,0.234042553191489,0.379310344827586,NA,NA,NA,NA,0.000302736522252371,2.72123249370473,0.680823788256843,56.34383151203,379,-191802.910704109,-190057.55120362,1,1,0.923076923076923,"specific_effect_common6_specific4",51,1000,100,4,6,4,0.5,40,0.857142857142857,40,70,1.75
"Eta centered path BIC",4,NA,NA,NA,1.6193199411435,0.581085292319452,97011.1921202751,96781.4712462662,TRUE,9,22,23,1,0.0128205128205128,0.956521739130435,0.977777777777778,NA,NA,NA,NA,0.00020983809521938,7.72057780594129,0.465145538629243,54.5537011453889,172,-192834.250332565,-192042.161060575,1,1,0.0128205128205128,"specific_effect_common6_specific4",51,1000,100,4,6,4,0.5,40,0.857142857142857,40,70,1.75
"Eta centered path BIC + refit",4,NA,NA,NA,1.6193199411435,0.592672569191406,97050.1484235367,NA,TRUE,14,22,23,1,0.0128205128205128,0.956521739130435,0.977777777777778,NA,NA,NA,NA,8.44645608097508e-05,0.822687274374458,0.185849549675225,55.6560277506824,95,-193444.06009557,-193006.568927901,1,1,0.0128205128205128,"specific_effect_common6_specific4",51,1000,100,4,6,4,0.5,40,0.857142857142857,40,70,1.75
"Rossi path BIC",4,39.3867170184058,NA,NA,NA,0.575078807491317,96674.3027477007,96122.6768783335,TRUE,2,22,97,1,0.961538461538462,0.22680412371134,0.369747899159664,1,0.552777777777778,0.167364016736402,0.28673835125448,9.98498678749219e-05,2.56853542679049,0.250737592854061,55.2561965138212,242,-191676.928717888,-190562.477532879,1,1,0.961538461538462,"specific_effect_common6_specific4",52,1000,100,4,6,4,0.5,40,0.857142857142857,40,70,1.75
"Rossi path BIC + refit",4,39.3867170184058,NA,NA,NA,0.520439285480686,96720.6625751506,NA,TRUE,16,22,97,1,0.961538461538462,0.22680412371134,0.369747899159664,NA,NA,NA,NA,0.000273661451786549,3.0557909741183,0.626290026811609,55.2726572883726,391,-190740.392836219,-188939.771293498,1,1,0.961538461538462,"specific_effect_common6_specific4",52,1000,100,4,6,4,0.5,40,0.857142857142857,40,70,1.75
"Separate 2D path/grid BIC",4,NA,78.1584578733185,3.74384027130775,NA,0.560686297886392,96559.012124544,94820.8117185951,TRUE,2,22,74,1,0.666666666666667,0.297297297297297,0.458333333333333,1,0.225,0.330578512396694,0.496894409937888,4.37215807436076e-05,19.8564861747978,0.148042515150587,50.6857799364317,124,-192261.462594494,-191690.421491432,1,1,0.666666666666667,"specific_effect_common6_specific4",52,1000,100,4,6,4,0.5,40,0.857142857142857,40,70,1.75
"Separate 2D path/grid BIC + refit",4,NA,78.1584578733185,3.74384027130775,NA,0.554176832074308,96692.3448548199,NA,TRUE,11,22,74,1,0.666666666666667,0.297297297297297,0.458333333333333,NA,NA,NA,NA,0.000229972830676567,2.89539353386606,0.53730682794632,55.0260612908568,299,-191319.270881224,-189942.324995614,1,1,0.666666666666667,"specific_effect_common6_specific4",52,1000,100,4,6,4,0.5,40,0.857142857142857,40,70,1.75
"Eta centered path BIC",4,NA,NA,NA,1.67899265035369,0.600772728152538,96515.0767946401,96273.3354428373,TRUE,9,22,22,1,0,1,1,NA,NA,NA,NA,0.000178548314283375,10.834148339747,0.410156244281865,53.5140151821831,169,-191862.742947132,-191084.4691857,1,1,0,"specific_effect_common6_specific4",52,1000,100,4,6,4,0.5,40,0.857142857142857,40,70,1.75
"Eta centered path BIC + refit",4,NA,NA,NA,1.67899265035369,0.599092728170457,96556.7757172996,NA,TRUE,14,22,22,1,0,1,1,NA,NA,NA,NA,5.19522563898653e-05,2.59534520722869,0.126425196902089,54.8086703808153,91,-192484.945704212,-192065.875217287,1,1,0,"specific_effect_common6_specific4",52,1000,100,4,6,4,0.5,40,0.857142857142857,40,70,1.75
"Rossi path BIC",4,37.6948438620177,NA,NA,NA,0.597721795623618,96921.971516315,96388.3856801335,TRUE,2,22,98,1,0.974358974358974,0.224489795918367,0.366666666666667,1,0.591666666666667,0.158102766798419,0.273037542662116,0.000110958373692482,0.839931495236613,0.248212863459742,55.5949747900369,256,-192075.557681211,-190896.634113598,1,1,0.974358974358974,"specific_effect_common6_specific4",53,1000,100,4,6,4,0.5,40,0.857142857142857,40,70,1.75
"Rossi path BIC + refit",4,37.6948438620177,NA,NA,NA,0.543955644722106,96965.5337653553,NA,TRUE,13,22,98,1,0.974358974358974,0.224489795918367,0.366666666666667,NA,NA,NA,NA,0.00028445932845467,0.860272316817653,0.614387230961434,55.4651236545141,395,-191202.504195513,-189383.461972047,1,1,0.974358974358974,"specific_effect_common6_specific4",53,1000,100,4,6,4,0.5,40,0.857142857142857,40,70,1.75
"Separate 2D path/grid BIC",4,NA,86.5466145564207,3.78420575795197,NA,0.58077012304488,96792.8211207869,94938.3419460201,TRUE,2,22,69,1,0.602564102564103,0.318840579710145,0.483516483516483,1,0.197222222222222,0.36036036036036,0.529801324503311,5.19814207994082e-05,16.0286838310319,0.143128606222855,51.0885244172958,114,-192798.15813977,-192273.168738567,1,1,0.602564102564103,"specific_effect_common6_specific4",53,1000,100,4,6,4,0.5,40,0.857142857142857,40,70,1.75
"Separate 2D path/grid BIC + refit",4,NA,86.5466145564207,3.78420575795197,NA,0.579004036266883,96928.1478723461,NA,TRUE,10,22,69,1,0.602564102564103,0.318840579710145,0.483516483516483,NA,NA,NA,NA,0.000227078646165221,0.720393921716615,0.486052298291801,55.1340400168678,279,-191929.032021856,-190644.189539966,1,1,0.602564102564103,"specific_effect_common6_specific4",53,1000,100,4,6,4,0.5,40,0.857142857142857,40,70,1.75
"Eta centered path BIC",4,NA,NA,NA,1.50347425534871,0.624279035934596,96782.674165868,96552.1581624267,TRUE,7,22,24,1,0.0256410256410256,0.916666666666667,0.956521739130435,NA,NA,NA,NA,0.000132118376241979,7.78160868250165,0.302606971812264,54.1907772538221,175,-192356.491157914,-191550.586375366,1,1,0.0256410256410256,"specific_effect_common6_specific4",53,1000,100,4,6,4,0.5,40,0.857142857142857,40,70,1.75
"Eta centered path BIC + refit",4,NA,NA,NA,1.50347425534871,0.613156466319243,96807.6372747197,NA,TRUE,13,22,24,1,0.0256410256410256,0.916666666666667,0.956521739130435,NA,NA,NA,NA,6.79725128051217e-05,0.993874651384137,0.154897422624455,54.9390866423444,99,-192931.40677682,-192475.494928407,1,1,0.0256410256410256,"specific_effect_common6_specific4",53,1000,100,4,6,4,0.5,40,0.857142857142857,40,70,1.75
"Rossi path BIC",4,13.1683478943284,NA,NA,NA,0.540360026768071,96739.6804617422,96539.6576292868,TRUE,2,22,100,1,1,0.22,0.360655737704918,1,0.797222222222222,0.122324159021407,0.217983651226158,0.000156364909389319,0.657513773184688,0.35072617150867,55.4827555410631,330,-191199.80168142,-189680.095520044,1,1,1,"specific_effect_common6_specific4",54,1000,100,4,6,4,0.5,40,0.857142857142857,40,70,1.75
"Rossi path BIC + refit",4,13.1683478943284,NA,NA,NA,0.526376089882213,96746.339512704,NA,TRUE,9,22,100,1,1,0.22,0.360655737704918,NA,NA,NA,NA,0.000223726172999368,0.856310690588475,0.500933078433526,55.5793370154549,403,-190708.853647978,-188852.970063025,1,1,1,"specific_effect_common6_specific4",54,1000,100,4,6,4,0.5,40,0.857142857142857,40,70,1.75
"Separate 2D path/grid BIC",4,NA,41.8563406444828,4.59509471695513,NA,0.523827998832116,96644.8572556651,95166.5538802663,TRUE,2,22,93,1,0.91025641025641,0.236559139784946,0.382608695652174,1,0.430555555555556,0.205128205128205,0.340425531914894,7.8736705171676e-05,25.2792555809295,0.169128823347794,50.0156899977259,198,-191921.978966092,-191010.155269266,1,1,0.91025641025641,"specific_effect_common6_specific4",54,1000,100,4,6,4,0.5,40,0.857142857142857,40,70,1.75
"Separate 2D path/grid BIC + refit",4,NA,41.8563406444828,4.59509471695513,NA,0.529524865964086,96743.2358167562,NA,TRUE,22,22,93,1,0.91025641025641,0.236559139784946,0.382608695652174,NA,NA,NA,NA,0.000217479454562959,0.798271128680884,0.487837899400582,55.469992330411,375,-190896.063403894,-189169.124584149,1,1,0.91025641025641,"specific_effect_common6_specific4",54,1000,100,4,6,4,0.5,40,0.857142857142857,40,70,1.75
"Eta centered path BIC",4,NA,NA,NA,1.56089132702756,0.554791891645609,96580.9107095834,96347.9313597688,TRUE,15,22,23,1,0.0128205128205128,0.956521739130435,0.977777777777778,NA,NA,NA,NA,0.00013816498477991,9.89374096531218,0.306565165320225,53.7483074807893,172,-191973.687511182,-191181.598239192,1,1,0.0128205128205128,"specific_effect_common6_specific4",54,1000,100,4,6,4,0.5,40,0.857142857142857,40,70,1.75
"Eta centered path BIC + refit",4,NA,NA,NA,1.56089132702756,0.564902186039914,96615.0733389505,NA,TRUE,15,22,23,1,0.0128205128205128,0.956521739130435,0.977777777777778,NA,NA,NA,NA,4.59045811346604e-05,0.515978548634074,0.103933338212408,54.6625091560114,95,-192573.909926398,-192136.418758729,1,1,0.0128205128205128,"specific_effect_common6_specific4",54,1000,100,4,6,4,0.5,40,0.857142857142857,40,70,1.75
"Rossi path BIC",4,4.68240070317172,NA,NA,NA,0.539981297337866,96975.6903022028,96899.2719642695,TRUE,2,22,100,1,1,0.22,0.360655737704918,1,0.938888888888889,0.105820105820106,0.191387559808612,0.000245512948245088,3.51923798229332,0.614991297502476,56.4776677223488,381,-191319.525843113,-189564.956002252,1,1,1,"specific_effect_common6_specific4",55,1000,100,4,6,4,0.5,40,0.857142857142857,40,70,1.75
"Rossi path BIC + refit",4,4.68240070317172,NA,NA,NA,0.529729058280733,96976.5453985272,NA,TRUE,5,22,100,1,1,0.22,0.360655737704918,NA,NA,NA,NA,0.000271150709407204,3.47781072781041,0.674319079613439,56.4656618292784,403,-191169.265419625,-189313.381834671,1,1,1,"specific_effect_common6_specific4",55,1000,100,4,6,4,0.5,40,0.857142857142857,40,70,1.75
"Separate 2D path/grid BIC",4,NA,51.0117812657512,4.40647161080905,NA,0.548062908018931,96855.9199467646,95267.1043127222,TRUE,2,22,91,1,0.884615384615385,0.241758241758242,0.389380530973451,1,0.422222222222222,0.208333333333333,0.344827586206897,7.94135420067088e-05,15.3756550233402,0.206363949943456,51.2050182706228,195,-192364.827614128,-191466.81942786,1,1,0.884615384615385,"specific_effect_common6_specific4",55,1000,100,4,6,4,0.5,40,0.857142857142857,40,70,1.75
"Separate 2D path/grid BIC + refit",4,NA,51.0117812657512,4.40647161080905,NA,0.536421387576612,96972.7868480593,NA,TRUE,18,22,91,1,0.884615384615385,0.241758241758242,0.389380530973451,NA,NA,NA,NA,0.000268953844989984,2.85237908541723,0.663167317451651,56.3047950545318,367,-191410.427508732,-189720.330050475,1,1,0.884615384615385,"specific_effect_common6_specific4",55,1000,100,4,6,4,0.5,40,0.857142857142857,40,70,1.75
"Eta centered path BIC",4,NA,NA,NA,1.6236211899203,0.545119994593745,96757.4872964072,96513.9589039018,TRUE,12,22,26,1,0.0512820512820513,0.846153846153846,0.916666666666667,NA,NA,NA,NA,0.000179057868338331,7.83611082181048,0.361932633164118,54.8842845921868,181,-192264.670887319,-191431.135083655,1,1,0.0512820512820513,"specific_effect_common6_specific4",55,1000,100,4,6,4,0.5,40,0.857142857142857,40,70,1.75
"Eta centered path BIC + refit",4,NA,NA,NA,1.6236211899203,0.563509793304323,96817.4138377518,NA,TRUE,16,22,26,1,0.0512820512820513,0.846153846153846,0.916666666666667,NA,NA,NA,NA,7.64643973716199e-05,2.23230407699283,0.196000469396992,55.8274615076696,107,-192895.697860652,-192402.944650752,1,1,0.0512820512820513,"specific_effect_common6_specific4",55,1000,100,4,6,4,0.5,40,0.857142857142857,40,70,1.75
"Rossi path BIC",4,9.3079157501217,NA,NA,NA,0.529259972995907,97006.6173376744,96856.845881658,TRUE,2,22,100,1,1,0.22,0.360655737704918,1,0.897222222222222,0.110192837465565,0.198511166253102,0.000246962103774276,1.33202427323676,0.559676626187997,55.9828862738178,366,-191484.996243241,-189799.50395517,1,1,1,"specific_effect_common6_specific4",56,1000,100,4,6,4,0.5,40,0.857142857142857,40,70,1.75
"Rossi path BIC + refit",4,9.3079157501217,NA,NA,NA,0.523272867166385,97010.3274219051,NA,TRUE,10,22,100,1,1,0.22,0.360655737704918,NA,NA,NA,NA,0.0003110041108187,1.28860354141112,0.700189381277552,55.9481425124642,403,-191236.82946638,-189380.945881427,1,1,1,"specific_effect_common6_specific4",56,1000,100,4,6,4,0.5,40,0.857142857142857,40,70,1.75
"Separate 2D path/grid BIC",4,NA,74.0324746145406,4.35447319945876,NA,0.532313559949047,96841.0591267454,95032.5551959601,TRUE,2,22,75,1,0.67948717948718,0.293333333333333,0.45360824742268,1,0.241666666666667,0.31496062992126,0.479041916167665,4.9678539964935e-05,24.6671999033187,0.178056223574325,50.0982291384097,130,-192784.110067223,-192185.437943045,1,1,0.67948717948718,"specific_effect_common6_specific4",56,1000,100,4,6,4,0.5,40,0.857142857142857,40,70,1.75
"Separate 2D path/grid BIC + refit",4,NA,74.0324746145406,4.35447319945876,NA,0.52951213347193,96975.69806957,NA,TRUE,22,22,75,1,0.67948717948718,0.293333333333333,0.45360824742268,NA,NA,NA,NA,0.000231429471108309,0.195310476937086,0.49282954223566,55.2761904003901,303,-191858.346289608,-190462.979723254,1,1,0.67948717948718,"specific_effect_common6_specific4",56,1000,100,4,6,4,0.5,40,0.857142857142857,40,70,1.75
"Eta centered path BIC",4,NA,NA,NA,1.64310612162185,0.532191632330125,96805.7546330999,96567.154545187,TRUE,20,22,23,1,0.0128205128205128,0.956521739130435,0.977777777777778,NA,NA,NA,NA,0.000213790057146902,6.92227683535692,0.404260366391445,54.0412796345134,172,-192423.375358215,-191631.286086225,1,1,0.0128205128205128,"specific_effect_common6_specific4",56,1000,100,4,6,4,0.5,40,0.857142857142857,40,70,1.75
"Eta centered path BIC + refit",4,NA,NA,NA,1.64310612162185,0.57059887157774,96843.1105586922,NA,TRUE,22,22,23,1,0.0128205128205128,0.956521739130435,0.977777777777778,NA,NA,NA,NA,5.45234070983183e-05,0.27021757258423,0.124939271739803,54.9327994312391,95,-193029.984365881,-192592.493198212,1,1,0.0128205128205128,"specific_effect_common6_specific4",56,1000,100,4,6,4,0.5,40,0.857142857142857,40,70,1.75
"Rossi path BIC",4,32.1812164845523,NA,NA,NA,0.53507320821988,96988.6366795316,96522.4417015961,TRUE,2,22,97,1,0.961538461538462,0.22680412371134,0.369747899159664,1,0.658333333333333,0.144404332129964,0.252365930599369,0.000157069279098857,3.10290265130279,0.326599291643714,56.6819304100429,280,-192043.101880948,-190753.654228871,1,1,0.961538461538462,"specific_effect_common6_specific4",57,1000,100,4,6,4,0.5,40,0.857142857142857,40,70,1.75
"Rossi path BIC + refit",4,32.1812164845523,NA,NA,NA,0.5079262546372,97021.0827549475,NA,TRUE,13,22,97,1,0.961538461538462,0.22680412371134,0.369747899159664,NA,NA,NA,NA,0.000302460721241641,3.52557592419013,0.659343487815045,56.6495834477095,391,-191341.233195813,-189540.611653092,1,1,0.961538461538462,"specific_effect_common6_specific4",57,1000,100,4,6,4,0.5,40,0.857142857142857,40,70,1.75
"Separate 2D path/grid BIC",4,NA,54.9272856619696,4.5293622161717,NA,0.547384149810663,96891.1304465965,95229.3553002485,TRUE,2,22,89,1,0.858974358974359,0.247191011235955,0.396396396396396,1,0.405555555555556,0.21505376344086,0.353982300884956,8.39929193194202e-05,13.2302225428686,0.188960841306388,51.4783419897559,189,-192476.695145465,-191606.317980314,1,1,0.858974358974359,"specific_effect_common6_specific4",57,1000,100,4,6,4,0.5,40,0.857142857142857,40,70,1.75
"Separate 2D path/grid BIC + refit",4,NA,54.9272856619696,4.5293622161717,NA,0.507017955503731,97016.9725629498,NA,TRUE,15,22,89,1,0.858974358974359,0.247191011235955,0.396396396396396,NA,NA,NA,NA,0.00029796740584675,2.98588868226537,0.64706704033085,56.4895310003495,359,-191554.060980745,-189900.804883975,1,1,0.858974358974359,"specific_effect_common6_specific4",57,1000,100,4,6,4,0.5,40,0.857142857142857,40,70,1.75
"Eta centered path BIC",4,NA,NA,NA,1.57850608855428,0.526501007891074,96821.6255336656,96590.0054674425,TRUE,4,22,25,1,0.0384615384615385,0.88,0.936170212765957,NA,NA,NA,NA,0.000226325260043444,8.35790303770672,0.430739084043482,55.0683819957281,178,-192413.670627672,-191593.950334567,1,1,0.0384615384615385,"specific_effect_common6_specific4",57,1000,100,4,6,4,0.5,40,0.857142857142857,40,70,1.75
"Eta centered path BIC + refit",4,NA,NA,NA,1.57850608855428,0.534012934352049,96853.9603801052,NA,TRUE,14,22,25,1,0.0384615384615385,0.88,0.936170212765957,NA,NA,NA,NA,8.67513126150497e-05,1.91895020204157,0.200660964985783,56.0451569195597,103,-192996.421966475,-192522.089437319,1,1,0.0384615384615385,"specific_effect_common6_specific4",57,1000,100,4,6,4,0.5,40,0.857142857142857,40,70,1.75
"Rossi path BIC",4,29.3053933162986,NA,NA,NA,0.586332393668189,97093.3052547954,96665.1040705649,TRUE,2,22,97,1,0.961538461538462,0.22680412371134,0.369747899159664,1,0.683333333333333,0.13986013986014,0.245398773006135,0.000148677599876803,5.82924454706165,0.392211543280471,56.820028360058,289,-192190.269233965,-190859.375050214,1,1,0.961538461538462,"specific_effect_common6_specific4",58,1000,100,4,6,4,0.5,40,0.857142857142857,40,70,1.75
"Rossi path BIC + refit",4,29.3053933162986,NA,NA,NA,0.542128063080904,97122.0763462984,NA,TRUE,13,22,97,1,0.961538461538462,0.22680412371134,0.369747899159664,NA,NA,NA,NA,0.000295690083561168,6.24966179997042,0.745212667405468,56.7417416731882,391,-191543.220378515,-189742.598835793,1,1,0.961538461538462,"specific_effect_common6_specific4",58,1000,100,4,6,4,0.5,40,0.857142857142857,40,70,1.75
"Separate 2D path/grid BIC",4,NA,51.0095865452355,4.32086395364876,NA,0.582286405192165,97003.3615950348,95428.6946806856,TRUE,2,22,91,1,0.884615384615385,0.241758241758242,0.389380530973451,1,0.425,0.207253886010363,0.343347639484978,9.0035482753967e-05,13.294378694607,0.220365306153518,51.4935127486995,196,-192652.803155389,-191750.189798935,1,1,0.884615384615385,"specific_effect_common6_specific4",58,1000,100,4,6,4,0.5,40,0.857142857142857,40,70,1.75
"Separate 2D path/grid BIC + refit",4,NA,51.0095865452355,4.32086395364876,NA,0.546115958625128,97118.7260346459,NA,TRUE,17,22,91,1,0.884615384615385,0.241758241758242,0.389380530973451,NA,NA,NA,NA,0.000290894233978655,5.77616057744972,0.736072985360564,56.564221060464,367,-191702.305881905,-190012.208423648,1,1,0.884615384615385,"specific_effect_common6_specific4",58,1000,100,4,6,4,0.5,40,0.857142857142857,40,70,1.75
"Eta centered path BIC",4,NA,NA,NA,1.6796661543676,0.556124105954881,96914.4965967647,96655.258380111,TRUE,15,22,23,1,0.0128205128205128,0.956521739130435,0.977777777777778,NA,NA,NA,NA,0.000179488696474424,6.77189553254355,0.341073498039705,55.5231364383437,172,-192640.859285545,-191848.770013555,1,1,0.0128205128205128,"specific_effect_common6_specific4",58,1000,100,4,6,4,0.5,40,0.857142857142857,40,70,1.75
"Eta centered path BIC + refit",4,NA,NA,NA,1.6796661543676,0.585084522392124,96955.6875234727,NA,TRUE,18,22,23,1,0.0128205128205128,0.956521739130435,0.977777777777778,NA,NA,NA,NA,5.92750536479549e-05,2.99128268278225,0.171427579594967,56.2097624533795,95,-193255.138295442,-192817.647127773,1,1,0.0128205128205128,"specific_effect_common6_specific4",58,1000,100,4,6,4,0.5,40,0.857142857142857,40,70,1.75
"Rossi path BIC",4,19.5391208141607,NA,NA,NA,0.522080923171652,96862.5523535229,96568.9395319009,TRUE,2,22,100,1,1,0.22,0.360655737704918,1,0.755555555555556,0.128205128205128,0.227272727272727,0.000184240473385313,3.2520152426279,0.414055571327734,56.3068361258644,315,-191549.161794166,-190098.53318558,1,1,1,"specific_effect_common6_specific4",59,1000,100,4,6,4,0.5,40,0.857142857142857,40,70,1.75
"Rossi path BIC + refit",4,19.5391208141607,NA,NA,NA,0.50944162722694,96876.8367975028,NA,TRUE,13,22,100,1,1,0.22,0.360655737704918,NA,NA,NA,NA,0.000290229528666372,4.53598112275146,0.685195481467705,56.5171399935717,403,-190969.848217576,-189113.964632623,1,1,1,"specific_effect_common6_specific4",59,1000,100,4,6,4,0.5,40,0.857142857142857,40,70,1.75
"Separate 2D path/grid BIC",4,NA,61.8330680851044,4.64104956900788,NA,0.557181015947856,96724.4378485309,94998.0126865016,TRUE,2,22,80,1,0.743589743589744,0.275,0.431372549019608,1,0.261111111111111,0.298507462686567,0.459770114942529,6.60191576885202e-05,21.2153518802678,0.174741607875557,50.4916893455943,137,-192502.513223841,-191871.604908361,1,1,0.743589743589744,"specific_effect_common6_specific4",59,1000,100,4,6,4,0.5,40,0.857142857142857,40,70,1.75
"Separate 2D path/grid BIC + refit",4,NA,61.8330680851044,4.64104956900788,NA,0.49819062189029,96859.6081978709,NA,TRUE,21,22,80,1,0.743589743589744,0.275,0.431372549019608,NA,NA,NA,NA,0.00025902415773292,3.61961977594841,0.603124163148666,56.3294248966274,323,-191488.011440631,-190000.541470556,1,1,0.743589743589744,"specific_effect_common6_specific4",59,1000,100,4,6,4,0.5,40,0.857142857142857,40,70,1.75
"Eta centered path BIC",4,NA,NA,NA,1.66349966063327,0.483880502402839,96662.2788502112,96429.959666533,TRUE,34,22,23,1,0.0128205128205128,0.956521739130435,0.977777777777778,NA,NA,NA,NA,0.000227958455880743,12.6335387621618,0.494459138681665,55.2088938885125,172,-192136.423792438,-191344.334520448,1,1,0.0128205128205128,"specific_effect_common6_specific4",59,1000,100,4,6,4,0.5,40,0.857142857142857,40,70,1.75
"Eta centered path BIC + refit",4,NA,NA,NA,1.66349966063327,0.52858702091524,96719.0878280752,NA,TRUE,27,22,23,1,0.0128205128205128,0.956521739130435,0.977777777777778,NA,NA,NA,NA,6.19895612562416e-05,1.21422186127861,0.143611444128495,55.6772020202151,95,-192781.938904647,-192344.447736978,1,1,0.0128205128205128,"specific_effect_common6_specific4",59,1000,100,4,6,4,0.5,40,0.857142857142857,40,70,1.75
"Rossi path BIC",4,32.0176663252496,NA,NA,NA,0.573912749818035,96829.441412431,96371.8897627525,TRUE,2,22,100,1,1,0.22,0.360655737704918,1,0.616666666666667,0.152671755725191,0.264900662251656,0.000134142061062657,2.14176907672598,0.320775578509986,56.3147816771995,265,-191828.327675932,-190607.957576645,1,1,1,"specific_effect_common6_specific4",60,1000,100,4,6,4,0.5,40,0.857142857142857,40,70,1.75
"Rossi path BIC + refit",4,32.0176663252496,NA,NA,NA,0.56780382586838,96861.2667467963,NA,TRUE,11,22,100,1,1,0.22,0.360655737704918,NA,NA,NA,NA,0.000261830000497828,3.23925066105136,0.636605391426924,56.621120870071,403,-190938.708116163,-189082.82453121,1,1,1,"specific_effect_common6_specific4",60,1000,100,4,6,4,0.5,40,0.857142857142857,40,70,1.75
"Separate 2D path/grid BIC",4,NA,82.5821314125978,5.09419196342602,NA,0.56185883877868,96681.6493378917,94617.5940130076,TRUE,2,22,65,1,0.551282051282051,0.338461538461538,0.505747126436782,1,0.177777777777778,0.384615384615385,0.555555555555556,5.9484862309007e-05,22.4298282052833,0.164620303814227,50.4021957740669,107,-192624.168860932,-192131.415651032,1,1,0.551282051282051,"specific_effect_common6_specific4",60,1000,100,4,6,4,0.5,40,0.857142857142857,40,70,1.75
"Separate 2D path/grid BIC + refit",4,NA,82.5821314125978,5.09419196342602,NA,0.548642774909737,96820.2781174474,NA,TRUE,18,22,65,1,0.551282051282051,0.338461538461538,0.505747126436782,NA,NA,NA,NA,0.000203722905607073,2.30412339794677,0.486824911956306,56.2437569371637,263,-191823.816596523,-190612.656837608,1,1,0.551282051282051,"specific_effect_common6_specific4",60,1000,100,4,6,4,0.5,40,0.857142857142857,40,70,1.75
"Eta centered path BIC",4,NA,NA,NA,1.57412562073262,0.553239594400877,96677.6047240329,96431.9045441889,TRUE,8,22,24,1,0.0256410256410256,0.916666666666667,0.956521739130435,NA,NA,NA,NA,0.000160360867309936,6.88003487195519,0.321763827867998,54.7811979418238,175,-192146.352274244,-191340.447491696,1,1,0.0256410256410256,"specific_effect_common6_specific4",60,1000,100,4,6,4,0.5,40,0.857142857142857,40,70,1.75
"Eta centered path BIC + refit",4,NA,NA,NA,1.57412562073262,0.583421064235593,96709.9814568693,NA,TRUE,14,22,24,1,0.0256410256410256,0.916666666666667,0.956521739130435,NA,NA,NA,NA,7.52434315428792e-05,1.30631522640707,0.200359539682471,55.6394510156628,99,-192736.095141119,-192280.183292706,1,1,0.0256410256410256,"specific_effect_common6_specific4",60,1000,100,4,6,4,0.5,40,0.857142857142857,40,70,1.75
"Rossi path BIC",4,24.8513169586099,NA,NA,NA,0.555256386645212,96987.0013225969,96620.2894855295,TRUE,2,22,100,1,1,0.22,0.360655737704918,1,0.691666666666667,0.13840830449827,0.243161094224924,0.000156561191214281,4.72122638367425,0.392020408998027,56.5277966416371,292,-191956.938103731,-190612.228409423,1,1,1,"specific_effect_common6_specific4",61,1000,100,4,6,4,0.5,40,0.857142857142857,40,70,1.75
"Rossi path BIC + refit",4,24.8513169586099,NA,NA,NA,0.512593157060082,97010.6251922823,NA,TRUE,28,22,100,1,1,0.22,0.360655737704918,NA,NA,NA,NA,0.000321286522030798,5.8288299778173,0.765474138888299,56.9113948811558,403,-191237.425007135,-189381.541422182,1,1,1,"specific_effect_common6_specific4",61,1000,100,4,6,4,0.5,40,0.857142857142857,40,70,1.75
"Separate 2D path/grid BIC",4,NA,49.1354937639991,3.14526027063965,NA,0.576493671340797,96911.0717247473,95598.8154972173,TRUE,2,22,93,1,0.91025641025641,0.236559139784946,0.382608695652174,1,0.386111111111111,0.223463687150838,0.365296803652968,7.05191791775466e-05,10.5452773576285,0.196349543647887,52.3784787855126,182,-192564.93198872,-191726.79101487,1,1,0.91025641025641,"specific_effect_common6_specific4",61,1000,100,4,6,4,0.5,40,0.857142857142857,40,70,1.75
"Separate 2D path/grid BIC + refit",4,NA,49.1354937639991,3.14526027063965,NA,0.521892072387743,97006.6306290655,NA,TRUE,34,22,93,1,0.91025641025641,0.236559139784946,0.382608695652174,NA,NA,NA,NA,0.000291254482346442,5.30343249318471,0.708408430281562,56.7283755289048,375,-191422.853028513,-189695.914208767,1,1,0.91025641025641,"specific_effect_common6_specific4",61,1000,100,4,6,4,0.5,40,0.857142857142857,40,70,1.75
"Eta centered path BIC",4,NA,NA,NA,1.48983314401621,0.577373994967552,96831.6177379208,96605.7240612238,TRUE,8,22,24,1,0.0256410256410256,0.916666666666667,0.956521739130435,NA,NA,NA,NA,0.000148825783778052,11.9720840486828,0.373922128777096,54.3024469759104,175,-192454.37830202,-191648.473519472,1,1,0.0256410256410256,"specific_effect_common6_specific4",61,1000,100,4,6,4,0.5,40,0.857142857142857,40,70,1.75
"Eta centered path BIC + refit",4,NA,NA,NA,1.48983314401621,0.57450183576695,96869.184863313,NA,TRUE,9,22,24,1,0.0256410256410256,0.916666666666667,0.956521739130435,NA,NA,NA,NA,7.97866765731089e-05,4.2080299646546,0.214173219516387,55.5129604790274,99,-193054.501954007,-192598.590105594,1,1,0.0256410256410256,"specific_effect_common6_specific4",61,1000,100,4,6,4,0.5,40,0.857142857142857,40,70,1.75
"Rossi path BIC",4,32.0785687358519,NA,NA,NA,0.510989315760224,96651.0701701564,96193.0022196352,TRUE,2,22,97,1,0.961538461538462,0.22680412371134,0.369747899159664,1,0.636111111111111,0.148698884758364,0.258899676375405,0.000118302031460079,1.81857323319539,0.274000960253664,56.134033699764,272,-191423.23090443,-190170.624613841,1,1,0.961538461538462,"specific_effect_common6_specific4",62,1000,100,4,6,4,0.5,40,0.857142857142857,40,70,1.75
"Rossi path BIC + refit",4,32.0785687358519,NA,NA,NA,0.486839437903905,96684.8659792997,NA,TRUE,19,22,97,1,0.961538461538462,0.22680412371134,0.369747899159664,NA,NA,NA,NA,0.000270500021488278,1.62641921685012,0.638123868768745,56.1684363266968,391,-190668.799644517,-188868.178101796,1,1,0.961538461538462,"specific_effect_common6_specific4",62,1000,100,4,6,4,0.5,40,0.857142857142857,40,70,1.75
"Separate 2D path/grid BIC",4,NA,98.5099935138148,4.80023185613154,NA,0.488813457934044,96483.064581844,94316.4692636473,TRUE,2,22,55,1,0.423076923076923,0.4,0.571428571428572,1,0.136111111111111,0.449438202247191,0.62015503875969,5.03256555425425e-05,26.5628384739848,0.174822051364955,49.9481185068428,92,-192330.615678022,-191906.940020911,1,1,0.423076923076923,"specific_effect_common6_specific4",62,1000,100,4,6,4,0.5,40,0.857142857142857,40,70,1.75
"Separate 2D path/grid BIC + refit",4,NA,98.5099935138148,4.80023185613154,NA,0.484858439469133,96623.1543102394,NA,TRUE,13,22,55,1,0.423076923076923,0.4,0.571428571428572,NA,NA,NA,NA,0.000172803146926993,1.27035860276566,0.3836923471851,55.5709417659488,223,-191705.879193266,-190678.92624179,1,1,0.423076923076923,"specific_effect_common6_specific4",62,1000,100,4,6,4,0.5,40,0.857142857142857,40,70,1.75
"Eta centered path BIC",4,NA,NA,NA,1.40641220802403,0.506303621025413,96517.2592994729,96297.817047398,TRUE,10,22,24,1,0.0256410256410256,0.916666666666667,0.956521739130435,NA,NA,NA,NA,0.000165916974316628,2.79625995383386,0.294724289605091,55.0057585758374,175,-191825.661425124,-191019.756642576,1,1,0.0256410256410256,"specific_effect_common6_specific4",62,1000,100,4,6,4,0.5,40,0.857142857142857,40,70,1.75
"Eta centered path BIC + refit",4,NA,NA,NA,1.40641220802403,0.493670016528744,96534.6425739461,NA,TRUE,16,22,24,1,0.0256410256410256,0.916666666666667,0.956521739130435,NA,NA,NA,NA,6.37622968828249e-05,1.14976916507936,0.165948687121399,55.6437504917156,99,-192385.417375273,-191929.50552686,1,1,0.0256410256410256,"specific_effect_common6_specific4",62,1000,100,4,6,4,0.5,40,0.857142857142857,40,70,1.75
"Rossi path BIC",4,46.8387061336036,NA,NA,NA,0.549958218878787,96744.3635651205,96108.9251450247,TRUE,2,22,93,1,0.91025641025641,0.236559139784946,0.382608695652174,1,0.455555555555556,0.196078431372549,0.327868852459016,0.000102859929760552,1.81699739061278,0.222981910001688,55.7542714523298,207,-192058.821787492,-191105.551558992,1,1,0.91025641025641,"specific_effect_common6_specific4",63,1000,100,4,6,4,0.5,40,0.857142857142857,40,70,1.75
"Rossi path BIC + refit",4,46.8387061336036,NA,NA,NA,0.528574736851943,96802.3442085696,NA,TRUE,14,22,93,1,0.91025641025641,0.236559139784946,0.382608695652174,NA,NA,NA,NA,0.000275947093700902,1.44502570360678,0.587416395057914,55.9224722093089,375,-191014.280187521,-189287.341367775,1,1,0.91025641025641,"specific_effect_common6_specific4",63,1000,100,4,6,4,0.5,40,0.857142857142857,40,70,1.75
"Separate 2D path/grid BIC",4,NA,60.0635035000146,0,NA,0.558126703937996,96720.6572166853,95932.615568331,TRUE,2,22,88,1,0.846153846153846,0.25,0.4,1,0.352777777777778,0.239520958083832,0.386473429951691,8.27145310035828e-05,1.75012143892157,0.183265238901527,55.6963455500447,170,-192266.996035944,-191484.117104326,1,1,0.846153846153846,"specific_effect_common6_specific4",63,1000,100,4,6,4,0.5,40,0.857142857142857,40,70,1.75
"Separate 2D path/grid BIC + refit",4,NA,60.0635035000146,0,NA,0.532829508591098,96799.3625363844,NA,TRUE,14,22,88,1,0.846153846153846,0.25,0.4,NA,NA,NA,NA,0.000271853737191666,1.4526946733439,0.578245028513474,55.904541059577,355,-191146.47194873,-189511.636532704,1,1,0.846153846153846,"specific_effect_common6_specific4",63,1000,100,4,6,4,0.5,40,0.857142857142857,40,70,1.75
"Eta centered path BIC",4,NA,NA,NA,1.56248154479429,0.560642915542331,96616.7515607157,96380.7390712576,TRUE,33,22,24,1,0.0256410256410256,0.916666666666667,0.956521739130435,NA,NA,NA,NA,0.000176461308720747,3.76197109607697,0.328462857937756,54.3501389989407,175,-192024.64594761,-191218.741165062,1,1,0.0256410256410256,"specific_effect_common6_specific4",63,1000,100,4,6,4,0.5,40,0.857142857142857,40,70,1.75
"Eta centered path BIC + refit",4,NA,NA,NA,1.56248154479429,0.536150995401767,96648.3295352142,NA,TRUE,22,22,24,1,0.0256410256410256,0.916666666666667,0.956521739130435,NA,NA,NA,NA,8.28131698744865e-05,1.96935380097417,0.176446653606875,55.1477647913347,99,-192612.791297809,-192156.879449396,1,1,0.0256410256410256,"specific_effect_common6_specific4",63,1000,100,4,6,4,0.5,40,0.857142857142857,40,70,1.75
"Rossi path BIC",4,28.9542992336131,NA,NA,NA,0.519009413952242,96689.1458598652,96275.9326148342,TRUE,2,22,98,1,0.974358974358974,0.224489795918367,0.366666666666667,1,0.630555555555556,0.149812734082397,0.260586319218241,0.000124083634449177,1.27075114096238,0.306815729792943,55.9911267821045,270,-191513.197794405,-190269.801844188,1,1,0.974358974358974,"specific_effect_common6_specific4",64,1000,100,4,6,4,0.5,40,0.857142857142857,40,70,1.75
"Rossi path BIC + refit",4,28.9542992336131,NA,NA,NA,0.50687835909141,96717.8929601602,NA,TRUE,31,22,98,1,0.974358974358974,0.224489795918367,0.366666666666667,NA,NA,NA,NA,0.000260061279674927,2.49139562261539,0.654974067851582,56.2164799847208,395,-190707.222585122,-188888.180361657,1,1,0.974358974358974,"specific_effect_common6_specific4",64,1000,100,4,6,4,0.5,40,0.857142857142857,40,70,1.75
"Separate 2D path/grid BIC",4,NA,41.7337953876611,4.11122185529944,NA,0.54221867386974,96622.7839773253,95220.7299504199,TRUE,2,22,93,1,0.91025641025641,0.236559139784946,0.382608695652174,1,0.444444444444444,0.2,0.333333333333333,8.33878619478388e-05,15.9894939575677,0.215958648982877,51.121369132383,203,-191843.293633017,-190908.444085262,1,1,0.91025641025641,"specific_effect_common6_specific4",64,1000,100,4,6,4,0.5,40,0.857142857142857,40,70,1.75
"Separate 2D path/grid BIC + refit",4,NA,41.7337953876611,4.11122185529944,NA,0.496512117718459,96714.0176281276,NA,TRUE,22,22,93,1,0.91025641025641,0.236559139784946,0.382608695652174,NA,NA,NA,NA,0.000248426915867349,1.79449432699594,0.624775515645578,56.0471265580859,375,-190837.627026637,-189110.688206891,1,1,0.91025641025641,"specific_effect_common6_specific4",64,1000,100,4,6,4,0.5,40,0.857142857142857,40,70,1.75
"Eta centered path BIC",4,NA,NA,NA,1.62250438591433,0.530264820008016,96524.8859658089,96285.8371938205,TRUE,17,22,25,1,0.0384615384615385,0.88,0.936170212765957,NA,NA,NA,NA,0.000188218534057666,8.18337878304127,0.404994405889464,54.4103466257654,178,-191820.191491959,-191000.471198853,1,1,0.0384615384615385,"specific_effect_common6_specific4",64,1000,100,4,6,4,0.5,40,0.857142857142857,40,70,1.75
"Eta centered path BIC + refit",4,NA,NA,NA,1.62250438591433,0.540961230439063,96584.8888349666,NA,TRUE,19,22,25,1,0.0384615384615385,0.88,0.936170212765957,NA,NA,NA,NA,6.41067678223279e-05,0.497557695731053,0.17409476097557,55.6031604260328,103,-192458.278876198,-191983.946347041,1,1,0.0384615384615385,"specific_effect_common6_specific4",64,1000,100,4,6,4,0.5,40,0.857142857142857,40,70,1.75
"Rossi path BIC",4,35.4958155542776,NA,NA,NA,0.574362365121764,96908.9445624883,96407.7555650066,TRUE,2,22,97,1,0.961538461538462,0.22680412371134,0.369747899159664,1,0.583333333333333,0.16,0.275862068965517,0.000136971446530648,3.0692647811328,0.291103106660491,56.6712887508806,253,-192070.227039394,-190905.118982339,1,1,0.961538461538462,"specific_effect_common6_specific4",65,1000,100,4,6,4,0.5,40,0.857142857142857,40,70,1.75
"Rossi path BIC + refit",4,35.4958155542776,NA,NA,NA,0.55348795141302,96944.86853621,NA,TRUE,14,22,97,1,0.961538461538462,0.22680412371134,0.369747899159664,NA,NA,NA,NA,0.000271868155594817,4.09667135366122,0.60923308099406,56.8331417569766,391,-191188.804758338,-189388.183215617,1,1,0.961538461538462,"specific_effect_common6_specific4",65,1000,100,4,6,4,0.5,40,0.857142857142857,40,70,1.75
"Separate 2D path/grid BIC",4,NA,60.9405186213937,0,NA,0.590919856776047,96862.2753549376,96062.2489836172,TRUE,2,22,88,1,0.846153846153846,0.25,0.4,1,0.361111111111111,0.235294117647059,0.380952380952381,8.95475454876302e-05,2.34285215182788,0.176159189245907,56.4326489674753,173,-192529.509046611,-191732.814604435,1,1,0.846153846153846,"specific_effect_common6_specific4",65,1000,100,4,6,4,0.5,40,0.857142857142857,40,70,1.75
"Separate 2D path/grid BIC + refit",4,NA,60.9405186213937,0,NA,0.563613633378846,96938.8344251913,NA,TRUE,15,22,88,1,0.846153846153846,0.25,0.4,NA,NA,NA,NA,0.000263658756925161,4.02940137081887,0.592969590944729,56.8177330314992,355,-191425.415726344,-189790.580310318,1,1,0.846153846153846,"specific_effect_common6_specific4",65,1000,100,4,6,4,0.5,40,0.857142857142857,40,70,1.75
"Eta centered path BIC",4,NA,NA,NA,1.6903660968945,0.582858385622982,96750.8789140325,96490.470862266,TRUE,13,22,23,1,0.0128205128205128,0.956521739130435,0.977777777777778,NA,NA,NA,NA,0.000190771265953991,4.91443607214002,0.338784123641686,55.065752763408,172,-192313.62392008,-191521.53464809,1,1,0.0128205128205128,"specific_effect_common6_specific4",65,1000,100,4,6,4,0.5,40,0.857142857142857,40,70,1.75
"Eta centered path BIC + refit",4,NA,NA,NA,1.6903660968945,0.581840457158918,96799.501270431,NA,TRUE,16,22,23,1,0.0128205128205128,0.956521739130435,0.977777777777778,NA,NA,NA,NA,8.28539907552611e-05,1.72684337813265,0.181763002669904,56.1228268467373,95,-192942.765789359,-192505.27462169,1,1,0.0128205128205128,"specific_effect_common6_specific4",65,1000,100,4,6,4,0.5,40,0.857142857142857,40,70,1.75
"Rossi path BIC",4,61.6207876140762,NA,NA,NA,0.560906750040935,96788.1851594518,95971.9660350219,TRUE,2,22,90,1,0.871794871794872,0.244444444444444,0.392857142857143,1,0.363888888888889,0.233918128654971,0.37914691943128,7.18237462595381e-05,2.93566567506944,0.18304677231935,56.5706630628955,174,-192374.420900361,-191573.121287999,1,1,0.871794871794872,"specific_effect_common6_specific4",66,1000,100,4,6,4,0.5,40,0.857142857142857,40,70,1.75
"Rossi path BIC + refit",4,61.6207876140762,NA,NA,NA,0.500091479697104,96870.3198276537,NA,TRUE,19,22,90,1,0.871794871794872,0.244444444444444,0.392857142857143,NA,NA,NA,NA,0.00027351293591445,5.94257306333517,0.696211548718221,57.1323504124675,363,-191233.124489037,-189561.447711523,1,1,0.871794871794872,"specific_effect_common6_specific4",66,1000,100,4,6,4,0.5,40,0.857142857142857,40,70,1.75
"Separate 2D path/grid BIC",4,NA,98.349125417468,0,NA,0.572658731708373,96727.3944525188,95502.5806439866,TRUE,2,22,62,1,0.512820512820513,0.354838709677419,0.523809523809524,1,0.147222222222222,0.43010752688172,0.601503759398496,4.1203301789094e-05,1.81013118491705,0.0981510830321321,56.2053493629873,96,-192791.644398255,-192349.5480604,1,1,0.512820512820513,"specific_effect_common6_specific4",66,1000,100,4,6,4,0.5,40,0.857142857142857,40,70,1.75
"Separate 2D path/grid BIC + refit",4,NA,98.349125417468,0,NA,0.520939954233998,96824.3076761205,NA,TRUE,25,22,62,1,0.512820512820513,0.354838709677419,0.523809523809524,NA,NA,NA,NA,0.000204928061876751,3.6866705021771,0.497220315850871,56.5834836454968,251,-191914.768777217,-190758.871060534,1,1,0.512820512820513,"specific_effect_common6_specific4",66,1000,100,4,6,4,0.5,40,0.857142857142857,40,70,1.75
"Eta centered path BIC",4,NA,NA,NA,1.51078829369699,0.557496368860996,96680.6827231218,96444.7105023262,TRUE,7,22,24,1,0.0256410256410256,0.916666666666667,0.956521739130435,NA,NA,NA,NA,0.000160363872027659,9.36549383149884,0.325661018402178,55.364112801686,175,-192152.508272422,-191346.603489874,1,1,0.0256410256410256,"specific_effect_common6_specific4",66,1000,100,4,6,4,0.5,40,0.857142857142857,40,70,1.75
"Eta centered path BIC + refit",4,NA,NA,NA,1.51078829369699,0.559984488227184,96706.9735385424,NA,TRUE,14,22,24,1,0.0256410256410256,0.916666666666667,0.956521739130435,NA,NA,NA,NA,6.49471482060234e-05,3.14756748946187,0.178550495882416,56.4350694485917,99,-192730.079304466,-192274.167456053,1,1,0.0256410256410256,"specific_effect_common6_specific4",66,1000,100,4,6,4,0.5,40,0.857142857142857,40,70,1.75
"Rossi path BIC",4,27.8125204866486,NA,NA,NA,0.509272513764061,96536.0974136786,96135.4917281038,TRUE,2,22,97,1,0.961538461538462,0.22680412371134,0.369747899159664,1,0.627777777777778,0.150375939849624,0.261437908496732,0.000140454120167089,1.97365174087903,0.328639324082188,55.8808570063209,269,-191214.008657311,-189975.21787728,1,1,0.961538461538462,"specific_effect_common6_specific4",67,1000,100,4,6,4,0.5,40,0.857142857142857,40,70,1.75
"Rossi path BIC + refit",4,27.8125204866486,NA,NA,NA,0.486982900568074,96561.1930509698,NA,TRUE,12,22,97,1,0.961538461538462,0.22680412371134,0.369747899159664,NA,NA,NA,NA,0.000263195856035359,2.50829568514437,0.640132309169437,56.2089265031597,391,-190421.453787858,-188620.832245136,1,1,0.961538461538462,"specific_effect_common6_specific4",67,1000,100,4,6,4,0.5,40,0.857142857142857,40,70,1.75
"Separate 2D path/grid BIC",4,NA,58.6044199821378,0,NA,0.537834939816008,96477.5198283332,95715.8240553181,TRUE,2,22,85,1,0.807692307692308,0.258823529411765,0.411214953271028,1,0.344444444444444,0.24390243902439,0.392156862745098,7.3063314469678e-05,1.46851804802565,0.162082042617941,55.4593064403105,167,-191801.444525076,-191032.381104016,1,1,0.807692307692308,"specific_effect_common6_specific4",67,1000,100,4,6,4,0.5,40,0.857142857142857,40,70,1.75
"Separate 2D path/grid BIC + refit",4,NA,58.6044199821378,0,NA,0.502360436909697,96552.7185288197,NA,TRUE,14,22,85,1,0.807692307692308,0.258823529411765,0.411214953271028,NA,NA,NA,NA,0.000243390116701986,2.13192536328616,0.585072723298147,56.0174389411203,343,-190736.076996949,-189156.503623155,1,1,0.807692307692308,"specific_effect_common6_specific4",67,1000,100,4,6,4,0.5,40,0.857142857142857,40,70,1.75
"Eta centered path BIC",4,NA,NA,NA,1.61159058639903,0.505694870067575,96361.7638353936,96130.6007054135,TRUE,14,22,23,1,0.0128205128205128,0.956521739130435,0.977777777777778,NA,NA,NA,NA,0.000267308518282007,3.57686067129764,0.507307459097395,54.2433887222707,172,-191535.393762802,-190743.304490812,1,1,0.0128205128205128,"specific_effect_common6_specific4",67,1000,100,4,6,4,0.5,40,0.857142857142857,40,70,1.75
"Eta centered path BIC + refit",4,NA,NA,NA,1.61159058639903,0.534049243566393,96425.9660981854,NA,TRUE,24,22,23,1,0.0128205128205128,0.956521739130435,0.977777777777778,NA,NA,NA,NA,7.38702060584627e-05,0.852347335073641,0.166302511445012,55.1595928866462,95,-192195.695444867,-191758.204277199,1,1,0.0128205128205128,"specific_effect_common6_specific4",67,1000,100,4,6,4,0.5,40,0.857142857142857,40,70,1.75
"Rossi path BIC",4,29.1710411123031,NA,NA,NA,0.543157696259351,96911.7584270998,96486.2075780774,TRUE,2,22,99,1,0.987179487179487,0.222222222222222,0.363636363636364,1,0.7,0.136986301369863,0.240963855421687,0.000136645616384099,1.73046672692919,0.313723296538853,55.5386461912744,295,-191785.7290469,-190427.203842033,1,1,0.987179487179487,"specific_effect_common6_specific4",68,1000,100,4,6,4,0.5,40,0.857142857142857,40,70,1.75
"Rossi path BIC + refit",4,29.1710411123031,NA,NA,NA,0.489773570656961,96942.3334508281,NA,TRUE,13,22,99,1,0.987179487179487,0.222222222222222,0.363636363636364,NA,NA,NA,NA,0.000293372144665673,2.65285155352456,0.673599185447961,55.6153514735498,399,-191128.472545342,-189291.009641133,1,1,0.987179487179487,"specific_effect_common6_specific4",68,1000,100,4,6,4,0.5,40,0.857142857142857,40,70,1.75
"Separate 2D path/grid BIC",4,NA,45.4965673750056,0,NA,0.562965984827313,96878.9568483484,96255.9191103106,TRUE,2,22,95,1,0.935897435897436,0.231578947368421,0.376068376068376,1,0.511111111111111,0.178571428571429,0.303030303030303,8.9570833337843e-05,1.41441646866182,0.208110561908251,55.3746253606791,227,-192189.853248368,-191144.479616148,1,1,0.935897435897436,"specific_effect_common6_specific4",68,1000,100,4,6,4,0.5,40,0.857142857142857,40,70,1.75
"Separate 2D path/grid BIC + refit",4,NA,45.4965673750056,0,NA,0.495103452874689,96940.1981475143,NA,TRUE,14,22,95,1,0.935897435897436,0.231578947368421,0.376068376068376,NA,NA,NA,NA,0.000286445656857851,2.58542803553358,0.65593256332936,55.5962192704382,383,-191234.726023178,-189470.945841945,1,1,0.935897435897436,"specific_effect_common6_specific4",68,1000,100,4,6,4,0.5,40,0.857142857142857,40,70,1.75
"Eta centered path BIC",4,NA,NA,NA,1.54966460495058,0.542744144026498,96753.5981078874,96522.3603555504,TRUE,9,22,24,1,0.0256410256410256,0.916666666666667,0.956521739130435,NA,NA,NA,NA,0.000144280766103724,12.7067689650389,0.369986025790086,53.7621890285617,175,-192298.339041953,-191492.434259405,1,1,0.0256410256410256,"specific_effect_common6_specific4",68,1000,100,4,6,4,0.5,40,0.857142857142857,40,70,1.75
"Eta centered path BIC + refit",4,NA,NA,NA,1.54966460495058,0.565960741025931,96791.2202785067,NA,TRUE,15,22,24,1,0.0256410256410256,0.916666666666667,0.956521739130435,NA,NA,NA,NA,7.26484874110745e-05,1.41686495398796,0.17967938082051,54.823092716081,99,-192898.572784394,-192442.660935981,1,1,0.0256410256410256,"specific_effect_common6_specific4",68,1000,100,4,6,4,0.5,40,0.857142857142857,40,70,1.75
"Rossi path BIC",4,27.3822142963808,NA,NA,NA,0.591518971917373,96881.195686741,96479.9492439028,TRUE,2,22,98,1,0.974358974358974,0.224489795918367,0.366666666666667,1,0.677777777777778,0.140845070422535,0.246913580246914,0.000144501559371138,2.85757581478078,0.32198035472777,56.6164625412455,287,-191779.865608414,-190458.181765036,1,1,0.974358974358974,"specific_effect_common6_specific4",69,1000,100,4,6,4,0.5,40,0.857142857142857,40,70,1.75
"Rossi path BIC + refit",4,27.3822142963808,NA,NA,NA,0.536992192867013,96906.631881578,NA,TRUE,23,22,98,1,0.974358974358974,0.224489795918367,0.366666666666667,NA,NA,NA,NA,0.000286674863628663,2.86399827847543,0.6225710629036,56.5546391721885,395,-191084.700427958,-189265.658204493,1,1,0.974358974358974,"specific_effect_common6_specific4",69,1000,100,4,6,4,0.5,40,0.857142857142857,40,70,1.75
"Separate 2D path/grid BIC",4,NA,69.734318703052,0,NA,0.61454846263022,96799.228758511,95902.3076422949,TRUE,2,22,81,1,0.756410256410256,0.271604938271605,0.427184466019418,1,0.297222222222222,0.272108843537415,0.427807486631016,6.18885459423241e-05,1.69196051892763,0.136081583282548,56.2198940246532,150,-192562.294225175,-191871.518697276,1,1,0.756410256410256,"specific_effect_common6_specific4",69,1000,100,4,6,4,0.5,40,0.857142857142857,40,70,1.75
"Separate 2D path/grid BIC + refit",4,NA,69.734318703052,0,NA,0.547902497969015,96890.7841447866,NA,TRUE,18,22,81,1,0.756410256410256,0.271604938271605,0.427184466019418,NA,NA,NA,NA,0.000250034910033579,2.34238194323836,0.538347987699523,56.4911024095561,327,-191522.732313346,-190016.841662528,1,1,0.756410256410256,"specific_effect_common6_specific4",69,1000,100,4,6,4,0.5,40,0.857142857142857,40,70,1.75
"Eta centered path BIC",4,NA,NA,NA,1.49073999291857,0.594609165787786,96729.5958741606,96493.9274512166,TRUE,23,22,26,1,0.0512820512820513,0.846153846153846,0.916666666666667,NA,NA,NA,NA,0.000146249513747998,5.40456782132908,0.278279948952788,55.0240141136286,181,-192208.888042825,-191375.352239162,1,1,0.0512820512820513,"specific_effect_common6_specific4",69,1000,100,4,6,4,0.5,40,0.857142857142857,40,70,1.75
"Eta centered path BIC + refit",4,NA,NA,NA,1.49073999291857,0.591505289729676,96767.6419137328,NA,TRUE,18,22,26,1,0.0512820512820513,0.846153846153846,0.916666666666667,NA,NA,NA,NA,9.42975797968844e-05,0.562278677980345,0.212107308393122,55.7181917002127,107,-192796.154012614,-192303.400802714,1,1,0.0512820512820513,"specific_effect_common6_specific4",69,1000,100,4,6,4,0.5,40,0.857142857142857,40,70,1.75
"Rossi path BIC",4,48.5233087838884,NA,NA,NA,0.589907927742457,96853.8534725617,96194.8126662492,TRUE,2,22,94,1,0.923076923076923,0.234042553191489,0.379310344827586,1,0.497222222222222,0.182648401826484,0.308880308880309,8.09460208792005e-05,2.13366265026107,0.198072400445602,56.2011194464114,222,-192174.185273189,-191151.8374919,1,1,0.923076923076923,"specific_effect_common6_specific4",70,1000,100,4,6,4,0.5,40,0.857142857142857,40,70,1.75
"Rossi path BIC + refit",4,48.5233087838884,NA,NA,NA,0.542617735948039,96918.0153856524,NA,TRUE,11,22,94,1,0.923076923076923,0.234042553191489,0.379310344827586,NA,NA,NA,NA,0.000261285399190182,3.50675978408671,0.624509549717393,56.6109306264639,379,-191217.991520571,-189472.632020081,1,1,0.923076923076923,"specific_effect_common6_specific4",70,1000,100,4,6,4,0.5,40,0.857142857142857,40,70,1.75
"Separate 2D path/grid BIC",4,NA,74.8662757085182,0,NA,0.603793259635143,96805.1089895116,95849.0917168871,TRUE,2,22,76,1,0.692307692307692,0.289473684210526,0.448979591836735,1,0.266666666666667,0.294117647058824,0.454545454545455,4.79186448030955e-05,1.33894379262111,0.119125829081785,55.8691810259172,139,-192650.039995245,-192009.921339392,1,1,0.692307692307692,"specific_effect_common6_specific4",70,1000,100,4,6,4,0.5,40,0.857142857142857,40,70,1.75
"Separate 2D path/grid BIC + refit",4,NA,74.8662757085182,0,NA,0.542548321171388,96898.6317342879,NA,TRUE,10,22,76,1,0.692307692307692,0.289473684210526,0.448979591836735,NA,NA,NA,NA,0.000224286241268383,2.91832613516546,0.53235373488281,56.4472609139995,307,-191676.582597928,-190262.79535083,1,1,0.692307692307692,"specific_effect_common6_specific4",70,1000,100,4,6,4,0.5,40,0.857142857142857,40,70,1.75
"Eta centered path BIC",4,NA,NA,NA,1.68210326685488,0.605561840014571,96728.3005163846,96469.1070453581,TRUE,7,22,23,1,0.0128205128205128,0.956521739130435,0.977777777777778,NA,NA,NA,NA,0.000157673752890681,8.94916940972013,0.345683885673009,54.5127647812874,172,-192268.467124784,-191476.377852794,1,1,0.0128205128205128,"specific_effect_common6_specific4",70,1000,100,4,6,4,0.5,40,0.857142857142857,40,70,1.75
"Eta centered path BIC + refit",4,NA,NA,NA,1.68210326685488,0.620712044585854,96774.6446075134,NA,TRUE,13,22,23,1,0.0128205128205128,0.956521739130435,0.977777777777778,NA,NA,NA,NA,7.50304896732068e-05,0.894233727854627,0.178624088572063,55.6633801532225,95,-192893.052463523,-192455.561295855,1,1,0.0128205128205128,"specific_effect_common6_specific4",70,1000,100,4,6,4,0.5,40,0.857142857142857,40,70,1.75
"Rossi path BIC",4,47.2464756115666,NA,NA,NA,0.566658423360976,96516.5354546863,95889.9078551923,TRUE,2,22,93,1,0.91025641025641,0.236559139784946,0.382608695652174,1,0.430555555555556,0.205128205128205,0.340425531914894,8.72138955075339e-05,1.92327525928127,0.218320012157211,54.8919812180225,198,-191665.335364134,-190753.511667309,1,1,0.91025641025641,"specific_effect_common6_specific4",71,1000,100,4,6,4,0.5,40,0.857142857142857,40,70,1.75
"Rossi path BIC + refit",4,47.2464756115666,NA,NA,NA,0.499509038079081,96574.4703795158,NA,TRUE,16,22,93,1,0.91025641025641,0.236559139784946,0.382608695652174,NA,NA,NA,NA,0.000247478461939156,2.24677528104879,0.589147534837153,55.0175506176311,375,-190558.532529413,-188831.593709668,1,1,0.91025641025641,"specific_effect_common6_specific4",71,1000,100,4,6,4,0.5,40,0.857142857142857,40,70,1.75
"Separate 2D path/grid BIC",4,NA,101.542499007691,0,NA,0.564129299711253,96445.8779022203,95205.6237802235,TRUE,2,22,47,1,0.320512820512821,0.468085106382979,0.63768115942029,1,0.0944444444444444,0.540540540540541,0.701754385964912,5.9524577974235e-05,2.1569624611742,0.146887370780558,54.6866517246015,77,-192359.858647959,-192005.260543638,1,1,0.320512820512821,"specific_effect_common6_specific4",71,1000,100,4,6,4,0.5,40,0.857142857142857,40,70,1.75
"Separate 2D path/grid BIC + refit",4,NA,101.542499007691,0,NA,0.542335084829425,96516.2829035846,NA,TRUE,13,22,47,1,0.320512820512821,0.468085106382979,0.63768115942029,NA,NA,NA,NA,0.000154179866220502,2.47024997215618,0.383000040461742,54.7002924977004,191,-191713.184548884,-190833.59704336,1,1,0.320512820512821,"specific_effect_common6_specific4",71,1000,100,4,6,4,0.5,40,0.857142857142857,40,70,1.75
"Eta centered path BIC",4,NA,NA,NA,1.29679825823143,0.568326574862373,96440.6165774207,96238.3465687979,TRUE,5,22,24,1,0.0256410256410256,0.916666666666667,0.956521739130435,NA,NA,NA,NA,0.000139149211261362,14.249433564081,0.379524095563198,53.5536768954757,175,-191672.37598102,-190866.471198472,1,1,0.0256410256410256,"specific_effect_common6_specific4",71,1000,100,4,6,4,0.5,40,0.857142857142857,40,70,1.75
"Eta centered path BIC + refit",4,NA,NA,NA,1.29679825823143,0.564971334269238,96463.3404448169,NA,TRUE,13,22,24,1,0.0256410256410256,0.916666666666667,0.956521739130435,NA,NA,NA,NA,9.4475875864059e-05,3.15597722743384,0.244034407070376,54.3723326455526,99,-192242.813117015,-191786.901268602,1,1,0.0256410256410256,"specific_effect_common6_specific4",71,1000,100,4,6,4,0.5,40,0.857142857142857,40,70,1.75
"Rossi path BIC",4,60.5987440776487,NA,NA,NA,0.586477033054703,96454.1484644266,95657.341897502,TRUE,2,22,91,1,0.884615384615385,0.241758241758242,0.389380530973451,1,0.355555555555556,0.238095238095238,0.384615384615385,7.53191758565785e-05,0.674086749870065,0.173693983489895,55.0605782523113,171,-191727.070776147,-190939.586674343,1,1,0.884615384615385,"specific_effect_common6_specific4",72,1000,100,4,6,4,0.5,40,0.857142857142857,40,70,1.75
"Rossi path BIC + refit",4,60.5987440776487,NA,NA,NA,0.543124330246719,96538.774465177,NA,TRUE,11,22,91,1,0.884615384615385,0.241758241758242,0.389380530973451,NA,NA,NA,NA,0.000279100895067163,1.14546289397777,0.61338100852014,55.5227315393701,367,-190542.402742968,-188852.30528471,1,1,0.884615384615385,"specific_effect_common6_specific4",72,1000,100,4,6,4,0.5,40,0.857142857142857,40,70,1.75
"Separate 2D path/grid BIC",4,NA,105.477259655027,4.41690062558429,NA,0.529902004856742,96333.4675719013,94174.0165256983,TRUE,2,22,46,1,0.307692307692308,0.478260869565217,0.647058823529412,1,0.0861111111111111,0.563380281690141,0.720720720720721,6.96770945239612e-05,30.4589241412046,0.212877284032095,49.5254572958233,74,-192155.761253158,-191814.978659395,1,1,0.307692307692308,"specific_effect_common6_specific4",72,1000,100,4,6,4,0.5,40,0.857142857142857,40,70,1.75
"Separate 2D path/grid BIC + refit",4,NA,105.477259655027,4.41690062558429,NA,0.553767633496702,96458.5519608703,NA,TRUE,13,22,46,1,0.307692307692308,0.478260869565217,0.647058823529412,NA,NA,NA,NA,0.000156328393936124,0.846358216094887,0.340101288124413,54.9790437184004,187,-191625.353684571,-190764.186859791,1,1,0.307692307692308,"specific_effect_common6_specific4",72,1000,100,4,6,4,0.5,40,0.857142857142857,40,70,1.75
"Eta centered path BIC",4,NA,NA,NA,1.4682539045228,0.581479550127355,96370.2952544616,96146.5988296825,TRUE,9,22,24,1,0.0256410256410256,0.916666666666667,0.956521739130435,NA,NA,NA,NA,0.000174755815796243,4.80619848459239,0.338035178432556,54.1069915199323,175,-191531.733335101,-190725.828552553,1,1,0.0256410256410256,"specific_effect_common6_specific4",72,1000,100,4,6,4,0.5,40,0.857142857142857,40,70,1.75
"Eta centered path BIC + refit",4,NA,NA,NA,1.4682539045228,0.569359649203899,96397.7610078174,NA,TRUE,15,22,24,1,0.0256410256410256,0.916666666666667,0.956521739130435,NA,NA,NA,NA,8.95496007497957e-05,0.634756662185647,0.199429315528209,54.8636406542297,99,-192111.654243016,-191655.742394603,1,1,0.0256410256410256,"specific_effect_common6_specific4",72,1000,100,4,6,4,0.5,40,0.857142857142857,40,70,1.75
"Rossi path BIC",4,18.9856511530536,NA,NA,NA,0.533853021271495,96775.6225983413,96488.7785024614,TRUE,2,22,100,1,1,0.22,0.360655737704918,1,0.766666666666667,0.126582278481013,0.224719101123596,0.000182999642693183,2.10194706263256,0.442337350307748,56.3429845212161,319,-191347.671262687,-189878.621973357,1,1,1,"specific_effect_common6_specific4",73,1000,100,4,6,4,0.5,40,0.857142857142857,40,70,1.75
"Rossi path BIC + refit",4,18.9856511530536,NA,NA,NA,0.50648868036515,96789.7667977745,NA,TRUE,20,22,100,1,1,0.22,0.360655737704918,NA,NA,NA,NA,0.000304680029990998,2.07950370055229,0.729721212660346,56.4228925330065,403,-190795.708218119,-188939.824633166,1,1,1,"specific_effect_common6_specific4",73,1000,100,4,6,4,0.5,40,0.857142857142857,40,70,1.75
"Separate 2D path/grid BIC",4,NA,63.3183565148253,4.79642166061898,NA,0.502530255929787,96626.8836343205,94866.6579375056,TRUE,2,22,82,1,0.769230769230769,0.268292682926829,0.423076923076923,1,0.280555555555556,0.283687943262411,0.441988950276243,0.000106055391080361,37.6017623728125,0.230131367907061,49.0472039547954,144,-192259.050508468,-191595.906001685,1,1,0.769230769230769,"specific_effect_common6_specific4",73,1000,100,4,6,4,0.5,40,0.857142857142857,40,70,1.75
"Separate 2D path/grid BIC + refit",4,NA,63.3183565148253,4.79642166061898,NA,0.512955208373588,96774.8029656209,NA,TRUE,37,22,82,1,0.769230769230769,0.268292682926829,0.423076923076923,NA,NA,NA,NA,0.000261273431328537,1.91011569205405,0.626282823789772,56.332579662247,331,-191263.138933899,-189738.827602337,1,1,0.769230769230769,"specific_effect_common6_specific4",73,1000,100,4,6,4,0.5,40,0.857142857142857,40,70,1.75
"Eta centered path BIC",4,NA,NA,NA,1.58273177144317,0.524135980927324,96600.7506147539,96361.6765998944,TRUE,5,22,24,1,0.0256410256410256,0.916666666666667,0.956521739130435,NA,NA,NA,NA,0.000196829910201851,6.90973804110998,0.374891406185126,54.9682338622647,175,-191992.644055686,-191186.739273138,1,1,0.0256410256410256,"specific_effect_common6_specific4",73,1000,100,4,6,4,0.5,40,0.857142857142857,40,70,1.75
"Eta centered path BIC + refit",4,NA,NA,NA,1.58273177144317,0.575174749926577,96650.6761226046,NA,TRUE,21,22,24,1,0.0256410256410256,0.916666666666667,0.956521739130435,NA,NA,NA,NA,8.1932624262344e-05,1.09845407244281,0.182746017713074,55.8094335482706,99,-192617.48447259,-192161.572624177,1,1,0.0256410256410256,"specific_effect_common6_specific4",73,1000,100,4,6,4,0.5,40,0.857142857142857,40,70,1.75
"Rossi path BIC",4,8.81902603867342,NA,NA,NA,0.470220202082475,96776.2970313786,96638.3382978071,TRUE,2,22,100,1,1,0.22,0.360655737704918,1,0.891666666666667,0.110803324099723,0.199501246882793,0.000214299894400708,4.50142758680232,0.540200294344041,56.2057722197833,364,-191038.171141208,-189361.889193508,1,1,1,"specific_effect_common6_specific4",74,1000,100,4,6,4,0.5,40,0.857142857142857,40,70,1.75
"Rossi path BIC + refit",4,8.81902603867342,NA,NA,NA,0.465756381932706,96779.4560434094,NA,TRUE,9,22,100,1,1,0.22,0.360655737704918,NA,NA,NA,NA,0.000262817735229805,4.56934459420856,0.658231470012859,56.191350592363,403,-190775.086709389,-188919.203124436,1,1,1,"specific_effect_common6_specific4",74,1000,100,4,6,4,0.5,40,0.857142857142857,40,70,1.75
"Separate 2D path/grid BIC",4,NA,26.9075936302498,4.47976730805291,NA,0.47185727946998,96708.457383306,95411.7198695091,TRUE,2,22,97,1,0.961538461538462,0.22680412371134,0.369747899159664,1,0.630555555555556,0.149812734082397,0.260586319218241,0.000158353811738971,20.0906532190991,0.340448337175292,50.8108818756468,270,-191551.820841287,-190308.42489107,1,1,0.961538461538462,"specific_effect_common6_specific4",74,1000,100,4,6,4,0.5,40,0.857142857142857,40,70,1.75
"Separate 2D path/grid BIC + refit",4,NA,26.9075936302498,4.47976730805291,NA,0.464700254572008,96778.9416252981,NA,TRUE,19,22,97,1,0.961538461538462,0.22680412371134,0.369747899159664,NA,NA,NA,NA,0.000263498554853609,4.13632827847745,0.654271367222633,56.0968477385211,391,-190856.950936514,-189056.329393793,1,1,0.961538461538462,"specific_effect_common6_specific4",74,1000,100,4,6,4,0.5,40,0.857142857142857,40,70,1.75
"Eta centered path BIC",4,NA,NA,NA,1.56403960566583,0.514316067989784,96588.9307463844,96351.2641222573,TRUE,11,22,25,1,0.0384615384615385,0.88,0.936170212765957,NA,NA,NA,NA,0.000154505448586401,7.67478501273913,0.346131698735166,54.5539294846967,178,-191948.28105311,-191128.560760004,1,1,0.0384615384615385,"specific_effect_common6_specific4",74,1000,100,4,6,4,0.5,40,0.857142857142857,40,70,1.75
"Eta centered path BIC + refit",4,NA,NA,NA,1.56403960566583,0.513339664658577,96645.7848628997,NA,TRUE,15,22,25,1,0.0384615384615385,0.88,0.936170212765957,NA,NA,NA,NA,8.23258610729715e-05,2.13738094976075,0.209604601513788,55.2408978576865,103,-192580.070932064,-192105.738402908,1,1,0.0384615384615385,"specific_effect_common6_specific4",74,1000,100,4,6,4,0.5,40,0.857142857142857,40,70,1.75
"Rossi path BIC",4,56.4939671210718,NA,NA,NA,0.573049892939526,96743.461224461,95984.7775126155,TRUE,2,22,95,1,0.935897435897436,0.231578947368421,0.376068376068376,1,0.436111111111111,0.203045685279188,0.337552742616034,7.92555318250927e-05,7.68602119823314,0.246133557854756,56.4281958687584,200,-192105.371393126,-191184.337355928,1,1,0.935897435897436,"specific_effect_common6_specific4",75,1000,100,4,6,4,0.5,40,0.857142857142857,40,70,1.75
"Rossi path BIC + refit",4,56.4939671210718,NA,NA,NA,0.521749454199551,96824.6097073349,NA,TRUE,12,22,95,1,0.935897435897436,0.231578947368421,0.376068376068376,NA,NA,NA,NA,0.00027847973610331,8.96533915100429,0.745985346956265,56.4202217681881,383,-191003.54914282,-189239.768961586,1,1,0.935897435897436,"specific_effect_common6_specific4",75,1000,100,4,6,4,0.5,40,0.857142857142857,40,70,1.75
"Separate 2D path/grid BIC",4,NA,101.859971451349,0,NA,0.560880154215324,96662.3525194646,95404.3578001112,TRUE,2,22,56,1,0.435897435897436,0.392857142857143,0.564102564102564,1,0.144444444444444,0.434782608695652,0.606060606060606,4.35616721477436e-05,6.85203539509991,0.139820116756972,56.1141893863734,95,-192668.468287426,-192230.977119757,1,1,0.435897435897436,"specific_effect_common6_specific4",75,1000,100,4,6,4,0.5,40,0.857142857142857,40,70,1.75
"Separate 2D path/grid BIC + refit",4,NA,101.859971451349,0,NA,0.547826697518799,96758.7592641496,NA,TRUE,9,22,56,1,0.435897435897436,0.392857142857143,0.564102564102564,NA,NA,NA,NA,0.000178318953779569,7.75613024689213,0.516304661575687,56.256888742828,227,-191949.45807997,-190904.084447751,1,1,0.435897435897436,"specific_effect_common6_specific4",75,1000,100,4,6,4,0.5,40,0.857142857142857,40,70,1.75
"Eta centered path BIC",4,NA,NA,NA,1.7121999227613,0.562073145438536,96610.9088185414,96348.4153882903,TRUE,15,22,23,1,0.0128205128205128,0.956521739130435,0.977777777777778,NA,NA,NA,NA,0.000177934507633571,10.4558527546974,0.390788601682946,55.3106392824485,172,-192033.683729098,-191241.594457108,1,1,0.0128205128205128,"specific_effect_common6_specific4",75,1000,100,4,6,4,0.5,40,0.857142857142857,40,70,1.75
"Eta centered path BIC + refit",4,NA,NA,NA,1.7121999227613,0.565562978421803,96661.5211686702,NA,TRUE,16,22,23,1,0.0128205128205128,0.956521739130435,0.977777777777778,NA,NA,NA,NA,7.27383096534033e-05,5.99301160001339,0.241705819300231,55.9130805059204,95,-192666.805585837,-192229.314418168,1,1,0.0128205128205128,"specific_effect_common6_specific4",75,1000,100,4,6,4,0.5,40,0.857142857142857,40,70,1.75
"Rossi path BIC",4,47.3551578998289,NA,NA,NA,0.547587476116925,96983.0716414611,96339.322572399,TRUE,2,22,93,1,0.91025641025641,0.236559139784946,0.382608695652174,1,0.486111111111111,0.186046511627907,0.313725490196078,8.99076673914775e-05,4.89953303317223,0.229917505410911,57.1096914363416,218,-192460.252632104,-191456.325531559,1,1,0.91025641025641,"specific_effect_common6_specific4",76,1000,100,4,6,4,0.5,40,0.857142857142857,40,70,1.75
"Rossi path BIC + refit",4,47.3551578998289,NA,NA,NA,0.501109550601887,97038.3251827827,NA,TRUE,11,22,93,1,0.91025641025641,0.236559139784946,0.382608695652174,NA,NA,NA,NA,0.000241633211391854,6.12038545798122,0.610824780072274,57.3456437113483,375,-191486.242135947,-189759.303316202,1,1,0.91025641025641,"specific_effect_common6_specific4",76,1000,100,4,6,4,0.5,40,0.857142857142857,40,70,1.75
"Separate 2D path/grid BIC",4,NA,50.4940722505375,4.83177121441299,NA,0.52722078459951,96916.3345201323,95249.8976348499,TRUE,2,22,87,1,0.833333333333333,0.252873563218391,0.403669724770642,1,0.363888888888889,0.233918128654971,0.37914691943128,7.27212421533376e-05,12.6057070621661,0.176585336578873,51.5672024537546,174,-192630.719621722,-191829.42000936,1,1,0.833333333333333,"specific_effect_common6_specific4",76,1000,100,4,6,4,0.5,40,0.857142857142857,40,70,1.75
"Separate 2D path/grid BIC + refit",4,NA,50.4940722505375,4.83177121441299,NA,0.505742468409638,97034.0506226171,NA,TRUE,14,22,87,1,0.833333333333333,0.252873563218391,0.403669724770642,NA,NA,NA,NA,0.000235661314332589,5.54501730992225,0.594033576264801,57.2270198836578,351,-191643.479142311,-190027.06440703,1,1,0.833333333333333,"specific_effect_common6_specific4",76,1000,100,4,6,4,0.5,40,0.857142857142857,40,70,1.75
"Eta centered path BIC",4,NA,NA,NA,1.53527332799656,0.536843930498981,96859.3426322038,96613.7284573676,TRUE,4,22,24,1,0.0256410256410256,0.916666666666667,0.956521739130435,NA,NA,NA,NA,0.000158185428734519,6.12862069409447,0.28313059950344,55.6178687958956,175,-192509.828090586,-191703.923308038,1,1,0.0256410256410256,"specific_effect_common6_specific4",76,1000,100,4,6,4,0.5,40,0.857142857142857,40,70,1.75
"Eta centered path BIC + refit",4,NA,NA,NA,1.53527332799656,0.535016077915459,96885.8855600824,NA,TRUE,14,22,24,1,0.0256410256410256,0.916666666666667,0.956521739130435,NA,NA,NA,NA,6.96163713003957e-05,3.23914454990913,0.190466522634104,56.6957192800853,99,-193087.903347546,-192631.991499133,1,1,0.0256410256410256,"specific_effect_common6_specific4",76,1000,100,4,6,4,0.5,40,0.857142857142857,40,70,1.75
"Rossi path BIC",4,33.5560909754336,NA,NA,NA,0.576766779962801,96854.3938893708,96367.9650317183,TRUE,2,22,100,1,1,0.22,0.360655737704918,1,0.638888888888889,0.148148148148148,0.258064516129032,0.000138385181076465,5.84046720844866,0.379613193787069,57.0845464124567,273,-191822.970587579,-190565.759126805,1,1,1,"specific_effect_common6_specific4",77,1000,100,4,6,4,0.5,40,0.857142857142857,40,70,1.75
"Rossi path BIC + refit",4,33.5560909754336,NA,NA,NA,0.557394776013093,96888.0322618399,NA,TRUE,11,22,100,1,1,0.22,0.360655737704918,NA,NA,NA,NA,0.000273573958694619,6.10552186164677,0.735538353350471,57.2753201481257,403,-190992.23914625,-189136.355561297,1,1,1,"specific_effect_common6_specific4",77,1000,100,4,6,4,0.5,40,0.857142857142857,40,70,1.75
"Separate 2D path/grid BIC",4,NA,64.3271769175626,5.10736920959113,NA,0.53815347391698,96719.9420360303,94849.9324242205,TRUE,2,22,85,1,0.807692307692308,0.258823529411765,0.411214953271028,1,0.311111111111111,0.263157894736842,0.416666666666667,6.2533625596651e-05,19.3385581890676,0.185139060381085,50.6379127009167,155,-192369.182003818,-191655.38062499,1,1,0.807692307692308,"specific_effect_common6_specific4",77,1000,100,4,6,4,0.5,40,0.857142857142857,40,70,1.75
"Separate 2D path/grid BIC + refit",4,NA,64.3271769175626,5.10736920959113,NA,0.550653873128455,96876.3580006982,NA,TRUE,18,22,85,1,0.807692307692308,0.258823529411765,0.411214953271028,NA,NA,NA,NA,0.000260550530792334,5.32164174396009,0.704340466494892,57.0491799475052,343,-191383.355940706,-189803.782566912,1,1,0.807692307692308,"specific_effect_common6_specific4",77,1000,100,4,6,4,0.5,40,0.857142857142857,40,70,1.75
"Eta centered path BIC",4,NA,NA,NA,1.71598376306854,0.574010916376815,96657.1371120514,96390.632572944,TRUE,8,22,26,1,0.0512820512820513,0.846153846153846,0.916666666666667,NA,NA,NA,NA,0.000186699129672085,2.97831843508488,0.328376643488966,55.4404246573249,181,-192063.970518607,-191230.434714943,1,1,0.0512820512820513,"specific_effect_common6_specific4",77,1000,100,4,6,4,0.5,40,0.857142857142857,40,70,1.75
"Eta centered path BIC + refit",4,NA,NA,NA,1.71598376306854,0.562290716203575,96725.1966671478,NA,TRUE,21,22,26,1,0.0512820512820513,0.846153846153846,0.916666666666667,NA,NA,NA,NA,7.60395126011982e-05,3.3401226191503,0.235110810656324,56.4388619901008,107,-192711.263519445,-192218.510309544,1,1,0.0512820512820513,"specific_effect_common6_specific4",77,1000,100,4,6,4,0.5,40,0.857142857142857,40,70,1.75
"Rossi path BIC",4,42.6656208772502,NA,NA,NA,0.577423001567542,97018.9763529638,96433.792921587,TRUE,2,22,94,1,0.923076923076923,0.234042553191489,0.379310344827586,1,0.497222222222222,0.182648401826484,0.308880308880309,0.000116077261295826,2.35036609036771,0.271550556939601,56.1479259599039,222,-192504.431033994,-191482.083252704,1,1,0.923076923076923,"specific_effect_common6_specific4",78,1000,100,4,6,4,0.5,40,0.857142857142857,40,70,1.75
"Rossi path BIC + refit",4,42.6656208772502,NA,NA,NA,0.537798244057435,97070.8125677891,NA,TRUE,29,22,94,1,0.923076923076923,0.234042553191489,0.379310344827586,NA,NA,NA,NA,0.000316856959883032,4.22993502648501,0.745459274799468,56.475556629152,379,-191523.585884844,-189778.226384355,1,1,0.923076923076923,"specific_effect_common6_specific4",78,1000,100,4,6,4,0.5,40,0.857142857142857,40,70,1.75
"Separate 2D path/grid BIC",4,NA,68.3872393436837,0,NA,0.582432117385371,96969.0319445299,96093.6817602822,TRUE,2,22,84,1,0.794871794871795,0.261904761904762,0.415094339622642,1,0.311111111111111,0.263157894736842,0.416666666666667,7.6857281703858e-05,1.92329187920356,0.173377896706199,55.8888877365783,155,-192867.361820818,-192153.560441989,1,1,0.794871794871795,"specific_effect_common6_specific4",78,1000,100,4,6,4,0.5,40,0.857142857142857,40,70,1.75
"Separate 2D path/grid BIC + refit",4,NA,68.3872393436837,0,NA,0.545916954097675,97062.503201504,NA,TRUE,17,22,84,1,0.794871794871795,0.261904761904762,0.415094339622642,NA,NA,NA,NA,0.000283413491551103,3.39866389970928,0.666796039361424,56.385301707126,339,-191783.277363433,-190222.124670383,1,1,0.794871794871795,"specific_effect_common6_specific4",78,1000,100,4,6,4,0.5,40,0.857142857142857,40,70,1.75
"Eta centered path BIC",4,NA,NA,NA,1.4663347921975,0.566072738292834,96891.7598582062,96660.9521615718,TRUE,7,22,26,1,0.0512820512820513,0.846153846153846,0.916666666666667,NA,NA,NA,NA,0.000169929103392904,4.05109110134244,0.325889652438964,54.4888923475628,181,-192533.216010917,-191699.680207253,1,1,0.0512820512820513,"specific_effect_common6_specific4",78,1000,100,4,6,4,0.5,40,0.857142857142857,40,70,1.75
"Eta centered path BIC + refit",4,NA,NA,NA,1.4663347921975,0.564047554527503,96935.4729871676,NA,TRUE,10,22,26,1,0.0512820512820513,0.846153846153846,0.916666666666667,NA,NA,NA,NA,0.000111894847248093,1.79571855775768,0.2572231175261,55.6391161639106,107,-193131.816159484,-192639.062949583,1,1,0.0512820512820513,"specific_effect_common6_specific4",78,1000,100,4,6,4,0.5,40,0.857142857142857,40,70,1.75
"Rossi path BIC",4,32.2213990280195,NA,NA,NA,0.560451556433177,96828.92903696,96367.4384475894,TRUE,2,22,99,1,0.987179487179487,0.222222222222222,0.363636363636364,1,0.652777777777778,0.145454545454545,0.253968253968254,0.000113632771082106,1.49211158761849,0.252821487780059,56.2105992586016,278,-191737.502106363,-190457.264794658,1,1,0.987179487179487,"specific_effect_common6_specific4",79,1000,100,4,6,4,0.5,40,0.857142857142857,40,70,1.75
"Rossi path BIC + refit",4,32.2213990280195,NA,NA,NA,0.537052846683222,96863.6644643583,NA,TRUE,11,22,99,1,0.987179487179487,0.222222222222222,0.363636363636364,NA,NA,NA,NA,0.000256080379393298,2.31874226636601,0.590084090970922,56.5078899485842,399,-190971.134572403,-189133.671668194,1,1,0.987179487179487,"specific_effect_common6_specific4",79,1000,100,4,6,4,0.5,40,0.857142857142857,40,70,1.75
"Separate 2D path/grid BIC",4,NA,53.3155939193473,0,NA,0.585340087040853,96785.9326947526,96076.9737528934,TRUE,2,22,91,1,0.884615384615385,0.241758241758242,0.389380530973451,1,0.438888888888889,0.202020202020202,0.336134453781513,6.53578363188432e-05,0.825587538379274,0.14345165434623,55.8714559646367,201,-192183.40657843,-191257.767371046,1,1,0.884615384615385,"specific_effect_common6_specific4",79,1000,100,4,6,4,0.5,40,0.857142857142857,40,70,1.75
"Separate 2D path/grid BIC + refit",4,NA,53.3155939193473,0,NA,0.524470091035148,96859.5722006541,NA,TRUE,17,22,91,1,0.884615384615385,0.241758241758242,0.389380530973451,NA,NA,NA,NA,0.000251147421231221,2.50564708414341,0.579436187304787,56.5728193976663,367,-191183.998213922,-189493.900755664,1,1,0.884615384615385,"specific_effect_common6_specific4",79,1000,100,4,6,4,0.5,40,0.857142857142857,40,70,1.75
"Eta centered path BIC",4,NA,NA,NA,1.35134371884155,0.568609881693682,96703.5438115688,96484.8228706803,TRUE,7,22,27,1,0.0641025641025641,0.814814814814815,0.897959183673469,NA,NA,NA,NA,0.000133010829904983,3.99329999813975,0.243998024684584,54.8639002985908,184,-192136.060651805,-191288.709337583,1,1,0.0641025641025641,"specific_effect_common6_specific4",79,1000,100,4,6,4,0.5,40,0.857142857142857,40,70,1.75
"Eta centered path BIC + refit",4,NA,NA,NA,1.35134371884155,0.561087184591175,96727.6910056854,NA,TRUE,12,22,27,1,0.0641025641025641,0.814814814814815,0.897959183673469,NA,NA,NA,NA,7.62099820676627e-05,0.494266038450392,0.188421134066767,55.6865474554137,111,-192688.621175404,-192177.447284759,1,1,0.0641025641025641,"specific_effect_common6_specific4",79,1000,100,4,6,4,0.5,40,0.857142857142857,40,70,1.75
"Rossi path BIC",4,19.0678476588397,NA,NA,NA,0.550426053749489,96929.9353694081,96646.5724780945,TRUE,2,22,100,1,1,0.22,0.360655737704918,1,0.736111111111111,0.131147540983607,0.231884057971015,0.00016395359215796,2.54620256062216,0.392235060605102,55.7915269101991,308,-191732.28211289,-190313.889695605,1,1,1,"specific_effect_common6_specific4",80,1000,100,4,6,4,0.5,40,0.857142857142857,40,70,1.75
"Rossi path BIC + refit",4,19.0678476588397,NA,NA,NA,0.479934013936769,96948.1654391965,NA,TRUE,44,22,100,1,1,0.22,0.360655737704918,NA,NA,NA,NA,0.00036749826818779,2.59271400901857,0.767751316090896,55.3163422692752,403,-191112.505500963,-189256.62191601,1,1,1,"specific_effect_common6_specific4",80,1000,100,4,6,4,0.5,40,0.857142857142857,40,70,1.75
"Separate 2D path/grid BIC",4,NA,76.4961227004854,3.06115744294647,NA,0.549258576817325,96815.398993664,95215.7409953706,TRUE,2,22,72,1,0.641025641025641,0.305555555555556,0.468085106382979,1,0.211111111111111,0.344827586206897,0.512820512820513,5.89257094769645e-05,9.81693351547975,0.144705511543975,52.1386944890918,119,-192808.775109129,-192260.759856997,1,1,0.641025641025641,"specific_effect_common6_specific4",80,1000,100,4,6,4,0.5,40,0.857142857142857,40,70,1.75
"Separate 2D path/grid BIC + refit",4,NA,76.4961227004854,3.06115744294647,NA,0.536701409621643,96921.0099069612,NA,TRUE,12,22,72,1,0.641025641025641,0.305555555555556,0.468085106382979,NA,NA,NA,NA,0.000229038779640419,1.88416560688405,0.528089697839198,55.4863692644994,291,-191831.863027739,-190491.758503616,1,1,0.641025641025641,"specific_effect_common6_specific4",80,1000,100,4,6,4,0.5,40,0.857142857142857,40,70,1.75
"Eta centered path BIC",4,NA,NA,NA,1.78729735101506,0.511627339715299,96721.790779114,96465.5867445201,TRUE,15,22,22,1,0,1,1,NA,NA,NA,NA,0.000249414494098736,2.89731204670616,0.452116298323472,54.3124280046397,169,-192276.17091608,-191497.897154648,1,1,0,"specific_effect_common6_specific4",80,1000,100,4,6,4,0.5,40,0.857142857142857,40,70,1.75
"Eta centered path BIC + refit",4,NA,NA,NA,1.78729735101506,0.579452443484949,96789.9051629828,NA,TRUE,21,22,22,1,0,1,1,NA,NA,NA,NA,5.36154380727337e-05,1.69949732800975,0.106249816217004,55.1905253730905,91,-192951.204595578,-192532.134108653,1,1,0,"specific_effect_common6_specific4",80,1000,100,4,6,4,0.5,40,0.857142857142857,40,70,1.75
"Rossi path BIC",4,23.5325543962903,NA,NA,NA,0.589814105102662,96811.3302932366,96467.2037650488,TRUE,2,22,100,1,1,0.22,0.360655737704918,1,0.705555555555556,0.136054421768707,0.239520958083832,0.000134940925322233,1.27612147250677,0.320103639711238,55.8596892842508,297,-191571.057268615,-190203.321723377,1,1,1,"specific_effect_common6_specific4",81,1000,100,4,6,4,0.5,40,0.857142857142857,40,70,1.75
"Rossi path BIC + refit",4,23.5325543962903,NA,NA,NA,0.560282410338138,96830.6678891512,NA,TRUE,12,22,100,1,1,0.22,0.360655737704918,NA,NA,NA,NA,0.000251286847172237,1.50379134497464,0.559932426091917,55.862340121791,403,-190877.510400873,-189021.626815919,1,1,1,"specific_effect_common6_specific4",81,1000,100,4,6,4,0.5,40,0.857142857142857,40,70,1.75
"Separate 2D path/grid BIC",4,NA,37.7786369133737,0,NA,0.597471700156389,96787.5890542958,96264.6554383326,TRUE,2,22,99,1,0.987179487179487,0.222222222222222,0.363636363636364,1,0.563888888888889,0.164609053497942,0.282685512367491,9.33129812564477e-05,1.03131329331878,0.229417592416478,55.766034661307,246,-191875.870309962,-190742.998444209,1,1,0.987179487179487,"specific_effect_common6_specific4",81,1000,100,4,6,4,0.5,40,0.857142857142857,40,70,1.75
"Separate 2D path/grid BIC + refit",4,NA,37.7786369133737,0,NA,0.569609894483678,96830.2039720483,NA,TRUE,13,22,99,1,0.987179487179487,0.222222222222222,0.363636363636364,NA,NA,NA,NA,0.00024895390422878,1.58945608667002,0.556764327028197,55.8748299505631,399,-190904.213587783,-189066.750683574,1,1,0.987179487179487,"specific_effect_common6_specific4",81,1000,100,4,6,4,0.5,40,0.857142857142857,40,70,1.75
"Eta centered path BIC",4,NA,NA,NA,1.75202945029908,0.582292851026973,96628.4164122798,96366.9555023664,TRUE,14,22,23,1,0.0128205128205128,0.956521739130435,0.977777777777778,NA,NA,NA,NA,0.000149967704219744,9.6147813018638,0.32239437443986,54.1519200912572,172,-192068.698916575,-191276.609644585,1,1,0.0128205128205128,"specific_effect_common6_specific4",81,1000,100,4,6,4,0.5,40,0.857142857142857,40,70,1.75
"Eta centered path BIC + refit",4,NA,NA,NA,1.75202945029908,0.59739164868458,96695.4481931476,NA,TRUE,19,22,23,1,0.0128205128205128,0.956521739130435,0.977777777777778,NA,NA,NA,NA,6.5190707401304e-05,0.582086566271519,0.12357846247323,55.2699577275781,95,-192734.659634792,-192297.168467123,1,1,0.0128205128205128,"specific_effect_common6_specific4",81,1000,100,4,6,4,0.5,40,0.857142857142857,40,70,1.75
"Rossi path BIC",4,44.2526853697698,NA,NA,NA,0.580680148502682,96919.5595749472,96306.062936298,TRUE,2,22,97,1,0.961538461538462,0.22680412371134,0.369747899159664,1,0.533333333333333,0.172413793103448,0.294117647058824,0.000107824061517305,1.42968160803043,0.246365437905711,56.0617966701314,235,-192215.796659334,-191133.581665626,1,1,0.961538461538462,"specific_effect_common6_specific4",82,1000,100,4,6,4,0.5,40,0.857142857142857,40,70,1.75
"Rossi path BIC + refit",4,44.2526853697698,NA,NA,NA,0.52936586525248,96975.6929631591,NA,TRUE,14,22,97,1,0.961538461538462,0.22680412371134,0.369747899159664,NA,NA,NA,NA,0.000287863135043461,1.58794222384599,0.675727453860672,56.16732302882,391,-191250.453612236,-189449.832069515,1,1,0.961538461538462,"specific_effect_common6_specific4",82,1000,100,4,6,4,0.5,40,0.857142857142857,40,70,1.75
"Separate 2D path/grid BIC",4,NA,97.0199594325066,4.08679228019227,NA,0.537978465828711,96782.0960163379,94754.8935928617,TRUE,2,22,67,1,0.576923076923077,0.328358208955224,0.49438202247191,1,0.177777777777778,0.384615384615385,0.555555555555556,8.37704926952454e-05,20.5208930089367,0.210238659189031,50.5680267730512,107,-192825.062217825,-192332.309007924,1,1,0.576923076923077,"specific_effect_common6_specific4",82,1000,100,4,6,4,0.5,40,0.857142857142857,40,70,1.75
"Separate 2D path/grid BIC + refit",4,NA,97.0199594325066,4.08679228019227,NA,0.559679549274097,96928.0806768674,NA,TRUE,15,22,67,1,0.576923076923077,0.328358208955224,0.49438202247191,NA,NA,NA,NA,0.000218593987695518,0.503001435398427,0.492573160105768,55.6237666484419,271,-191984.159673131,-190736.158552728,1,1,0.576923076923077,"specific_effect_common6_specific4",82,1000,100,4,6,4,0.5,40,0.857142857142857,40,70,1.75
"Eta centered path BIC",4,NA,NA,NA,1.58116710306058,0.590169446055434,96776.2979887999,96543.2348517474,TRUE,9,22,24,1,0.0256410256410256,0.916666666666667,0.956521739130435,NA,NA,NA,NA,0.000194222785282417,5.55927835656755,0.391571240726657,54.7030346672079,175,-192343.738803778,-191537.83402123,1,1,0.0256410256410256,"specific_effect_common6_specific4",82,1000,100,4,6,4,0.5,40,0.857142857142857,40,70,1.75
"Eta centered path BIC + refit",4,NA,NA,NA,1.58116710306058,0.584799233161822,96806.9743755523,NA,TRUE,14,22,24,1,0.0256410256410256,0.916666666666667,0.956521739130435,NA,NA,NA,NA,7.06831125901001e-05,0.559413025318776,0.176809854626355,55.5889683585956,99,-192930.080978485,-192474.169130072,1,1,0.0256410256410256,"specific_effect_common6_specific4",82,1000,100,4,6,4,0.5,40,0.857142857142857,40,70,1.75
"Rossi path BIC",4,30.3818320740055,NA,NA,NA,0.606549974204072,96784.662659283,96349.256178722,TRUE,2,22,99,1,0.987179487179487,0.222222222222222,0.363636363636364,1,0.633333333333333,0.149253731343284,0.25974025974026,0.000128852538665217,1.58783818263219,0.311135843940204,56.0310321099543,271,-191697.323637962,-190449.322517559,1,1,0.987179487179487,"specific_effect_common6_specific4",83,1000,100,4,6,4,0.5,40,0.857142857142857,40,70,1.75
"Rossi path BIC + refit",4,30.3818320740055,NA,NA,NA,0.59163121520312,96814.556283565,NA,TRUE,11,22,99,1,0.987179487179487,0.222222222222222,0.363636363636364,NA,NA,NA,NA,0.000260998436242572,1.8766022030741,0.617327650493525,56.2144452801276,399,-190872.918210816,-189035.455306607,1,1,0.987179487179487,"specific_effect_common6_specific4",83,1000,100,4,6,4,0.5,40,0.857142857142857,40,70,1.75
"Separate 2D path/grid BIC",4,NA,56.3349072817071,0,NA,0.618333424907826,96737.4211129956,95993.748854917,TRUE,2,22,92,1,0.897435897435897,0.239130434782609,0.385964912280702,1,0.369444444444444,0.23121387283237,0.375586854460094,7.34644104428413e-05,1.26052921760768,0.186066888992926,55.7123476947294,176,-192259.07729689,-191448.567344156,1,1,0.897435897435897,"specific_effect_common6_specific4",83,1000,100,4,6,4,0.5,40,0.857142857142857,40,70,1.75
"Separate 2D path/grid BIC + refit",4,NA,56.3349072817071,0,NA,0.596547876788941,96810.4699712839,NA,TRUE,11,22,92,1,0.897435897435897,0.239130434782609,0.385964912280702,NA,NA,NA,NA,0.000254483932447778,1.8055281353258,0.597639905088932,56.1682716656748,371,-191058.162734065,-189349.644595064,1,1,0.897435897435897,"specific_effect_common6_specific4",83,1000,100,4,6,4,0.5,40,0.857142857142857,40,70,1.75
"Eta centered path BIC",4,NA,NA,NA,1.53223694688428,0.60156184519101,96645.5722765229,96397.3006363995,TRUE,8,22,25,1,0.0384615384615385,0.88,0.936170212765957,NA,NA,NA,NA,0.000123361265821715,6.20646001864061,0.25504692072575,54.2414272221033,178,-192061.564113387,-191241.843820281,1,1,0.0384615384615385,"specific_effect_common6_specific4",83,1000,100,4,6,4,0.5,40,0.857142857142857,40,70,1.75
"Eta centered path BIC + refit",4,NA,NA,NA,1.53223694688428,0.597659733995923,96681.0782542364,NA,TRUE,16,22,25,1,0.0384615384615385,0.88,0.936170212765957,NA,NA,NA,NA,8.50841002485352e-05,1.01469447816557,0.202451347934189,55.3393548642912,103,-192650.657714738,-192176.325185581,1,1,0.0384615384615385,"specific_effect_common6_specific4",83,1000,100,4,6,4,0.5,40,0.857142857142857,40,70,1.75
"Rossi path BIC",4,35.6601779663825,NA,NA,NA,0.57781693034269,96905.4854631656,96402.5401079201,TRUE,2,22,97,1,0.961538461538462,0.22680412371134,0.369747899159664,1,0.566666666666667,0.163934426229508,0.28169014084507,0.000141513538418252,5.21067607768904,0.375880545925428,56.776814268347,247,-192104.755372423,-190967.278336484,1,1,0.961538461538462,"specific_effect_common6_specific4",84,1000,100,4,6,4,0.5,40,0.857142857142857,40,70,1.75
"Rossi path BIC + refit",4,35.6601779663825,NA,NA,NA,0.527881527829923,96943.9283778059,NA,TRUE,12,22,97,1,0.961538461538462,0.22680412371134,0.369747899159664,NA,NA,NA,NA,0.000286361531233379,6.10431311675251,0.737026192779218,56.9466232279272,391,-191186.92444153,-189386.302898808,1,1,0.961538461538462,"specific_effect_common6_specific4",84,1000,100,4,6,4,0.5,40,0.857142857142857,40,70,1.75
"Separate 2D path/grid BIC",4,NA,58.6682368928797,0,NA,0.589137819751215,96863.7981629255,96089.2644608215,TRUE,2,22,87,1,0.833333333333333,0.252873563218391,0.403669724770642,1,0.35,0.240963855421687,0.388349514563107,9.78239058584032e-05,4.30541740253819,0.25468377057897,56.5402160013213,169,-192560.185683703,-191781.911922271,1,1,0.833333333333333,"specific_effect_common6_specific4",84,1000,100,4,6,4,0.5,40,0.857142857142857,40,70,1.75
"Separate 2D path/grid BIC + refit",4,NA,58.6682368928797,0,NA,0.52587927328187,96938.5226312025,NA,TRUE,13,22,87,1,0.833333333333333,0.252873563218391,0.403669724770642,NA,NA,NA,NA,0.000275815004423895,5.97191486477334,0.711140419965205,56.87260643682,351,-191452.423159482,-189836.0084242,1,1,0.833333333333333,"specific_effect_common6_specific4",84,1000,100,4,6,4,0.5,40,0.857142857142857,40,70,1.75
"Eta centered path BIC",4,NA,NA,NA,1.76251459970781,0.551715855034698,96699.8116793615,96447.982245888,TRUE,12,22,23,1,0.0128205128205128,0.956521739130435,0.977777777777778,NA,NA,NA,NA,0.000260152336742696,4.86384764604764,0.51965198134535,54.4422759448726,172,-192211.489450738,-191419.400178748,1,1,0.0128205128205128,"specific_effect_common6_specific4",84,1000,100,4,6,4,0.5,40,0.857142857142857,40,70,1.75
"Eta centered path BIC + refit",4,NA,NA,NA,1.76251459970781,0.589098197140442,96778.7929915443,NA,TRUE,21,22,23,1,0.0128205128205128,0.956521739130435,0.977777777777778,NA,NA,NA,NA,7.32179749829115e-05,2.71201313963995,0.182590935188418,56.1505409635205,95,-192901.349231585,-192463.858063916,1,1,0.0128205128205128,"specific_effect_common6_specific4",84,1000,100,4,6,4,0.5,40,0.857142857142857,40,70,1.75
"Rossi path BIC",4,31.7727955154433,NA,NA,NA,0.573947970367491,96914.9410269563,96454.4070266701,TRUE,2,22,98,1,0.974358974358974,0.224489795918367,0.366666666666667,1,0.647222222222222,0.146520146520147,0.255591054313099,0.000152488681129241,4.86522602895349,0.35513108757421,56.8813923249571,276,-191923.341596914,-190652.314625581,1,1,0.974358974358974,"specific_effect_common6_specific4",85,1000,100,4,6,4,0.5,40,0.857142857142857,40,70,1.75
"Rossi path BIC + refit",4,31.7727955154433,NA,NA,NA,0.542709544371069,96945.4524216003,NA,TRUE,10,22,98,1,0.974358974358974,0.224489795918367,0.366666666666667,NA,NA,NA,NA,0.000288045154367775,5.97075471461082,0.686301376137917,57.1080686325215,395,-191162.341508003,-189343.299284537,1,1,0.974358974358974,"specific_effect_common6_specific4",85,1000,100,4,6,4,0.5,40,0.857142857142857,40,70,1.75
"Separate 2D path/grid BIC",4,NA,77.2668526544396,0,NA,0.581368987492896,96832.9592802326,95836.5785451844,TRUE,2,22,82,1,0.769230769230769,0.268292682926829,0.423076923076923,1,0.288888888888889,0.277777777777778,0.434782608695652,7.15315573752215e-05,3.16471571949931,0.167167451420227,56.3624284645068,147,-192650.478534455,-191973.518517115,1,1,0.769230769230769,"specific_effect_common6_specific4",85,1000,100,4,6,4,0.5,40,0.857142857142857,40,70,1.75
"Separate 2D path/grid BIC + refit",4,NA,77.2668526544396,0,NA,0.547640565293776,96928.8504995884,NA,TRUE,9,22,82,1,0.769230769230769,0.268292682926829,0.423076923076923,NA,NA,NA,NA,0.000254420601506876,5.52974410531735,0.602967646167586,57.006139955889,331,-191571.234001834,-190046.922670272,1,1,0.769230769230769,"specific_effect_common6_specific4",85,1000,100,4,6,4,0.5,40,0.857142857142857,40,70,1.75
"Eta centered path BIC",4,NA,NA,NA,1.53504136604171,0.555820877551441,96759.8210918364,96512.6791967367,TRUE,11,22,25,1,0.0384615384615385,0.88,0.936170212765957,NA,NA,NA,NA,0.00017968740575846,5.39557138728341,0.290719280021533,55.4327581628419,178,-192290.061744014,-191470.341450908,1,1,0.0384615384615385,"specific_effect_common6_specific4",85,1000,100,4,6,4,0.5,40,0.857142857142857,40,70,1.75
"Eta centered path BIC + refit",4,NA,NA,NA,1.53504136604171,0.580145226924052,96785.0421588686,NA,TRUE,15,22,25,1,0.0384615384615385,0.88,0.936170212765957,NA,NA,NA,NA,9.11221512569597e-05,3.37775242490687,0.225892688365259,56.4482423747741,103,-192858.585524002,-192384.252994845,1,1,0.0384615384615385,"specific_effect_common6_specific4",85,1000,100,4,6,4,0.5,40,0.857142857142857,40,70,1.75
"Rossi path BIC",4,26.8705112299542,NA,NA,NA,0.551986589906284,96612.7045539592,96216.7246613916,TRUE,2,22,98,1,0.974358974358974,0.224489795918367,0.366666666666667,1,0.686111111111111,0.139372822299652,0.244648318042813,0.000158970690062477,0.465534602692178,0.389835238179681,55.5690278595022,290,-191222.160077014,-189886.660723077,1,1,0.974358974358974,"specific_effect_common6_specific4",86,1000,100,4,6,4,0.5,40,0.857142857142857,40,70,1.75
"Rossi path BIC + refit",4,26.8705112299542,NA,NA,NA,0.499598466580647,96639.337255789,NA,TRUE,20,22,98,1,0.974358974358974,0.224489795918367,0.366666666666667,NA,NA,NA,NA,0.000326286174769594,0.812949205659067,0.781253643354265,55.7536560190356,395,-190550.11117638,-188731.068952915,1,1,0.974358974358974,"specific_effect_common6_specific4",86,1000,100,4,6,4,0.5,40,0.857142857142857,40,70,1.75
"Separate 2D path/grid BIC",4,NA,56.0590957021978,0,NA,0.573957977285069,96554.7632881801,95810.1750133172,TRUE,2,22,89,1,0.858974358974359,0.247191011235955,0.396396396396396,1,0.388888888888889,0.222222222222222,0.363636363636364,7.52118194404592e-05,0.276347973260786,0.186703380067703,55.2693824125729,183,-191845.407360307,-191002.661216271,1,1,0.858974358974359,"specific_effect_common6_specific4",86,1000,100,4,6,4,0.5,40,0.857142857142857,40,70,1.75
"Separate 2D path/grid BIC + refit",4,NA,56.0590957021978,0,NA,0.498240634548609,96634.9587377103,NA,TRUE,28,22,89,1,0.858974358974359,0.247191011235955,0.396396396396396,NA,NA,NA,NA,0.000313384755364113,0.706637833328772,0.748769830753032,55.6721321607206,359,-190790.033330266,-189136.777233496,1,1,0.858974358974359,"specific_effect_common6_specific4",86,1000,100,4,6,4,0.5,40,0.857142857142857,40,70,1.75
"Eta centered path BIC",4,NA,NA,NA,1.76294487496882,0.557518288264202,96403.8857689988,96152.9243510893,TRUE,9,22,22,1,0,1,1,NA,NA,NA,NA,0.000195399885337168,8.35416799978032,0.415948054413245,54.1079231911132,169,-191640.36089585,-190862.087134418,1,1,0,"specific_effect_common6_specific4",86,1000,100,4,6,4,0.5,40,0.857142857142857,40,70,1.75
"Eta centered path BIC + refit",4,NA,NA,NA,1.76294487496882,0.585375998395578,96464.7021304406,NA,TRUE,22,22,22,1,0,1,1,NA,NA,NA,NA,4.3826973499047e-05,0.0848907488638875,0.0963873870733807,54.9647801170319,91,-192300.798530494,-191881.728043569,1,1,0,"specific_effect_common6_specific4",86,1000,100,4,6,4,0.5,40,0.857142857142857,40,70,1.75
"Rossi path BIC",4,49.3660266748279,NA,NA,NA,0.623936355370359,97100.2289443167,96433.3979590375,TRUE,2,22,92,1,0.897435897435897,0.239130434782609,0.385964912280702,1,0.5,0.181818181818182,0.307692307692308,7.93663677578411e-05,1.29991748464268,0.194299893946719,56.0929228425964,223,-192660.02846142,-191633.075509945,1,1,0.897435897435897,"specific_effect_common6_specific4",87,1000,100,4,6,4,0.5,40,0.857142857142857,40,70,1.75
"Rossi path BIC + refit",4,49.3660266748279,NA,NA,NA,0.591944994369038,97164.1746714913,NA,TRUE,11,22,92,1,0.897435897435897,0.239130434782609,0.385964912280702,NA,NA,NA,NA,0.000264920088179282,2.04420238057841,0.615827510624467,56.4110884980059,371,-191765.57213448,-190057.053995479,1,1,0.897435897435897,"specific_effect_common6_specific4",87,1000,100,4,6,4,0.5,40,0.857142857142857,40,70,1.75
"Separate 2D path/grid BIC",4,NA,76.9393375247243,3.47440349013519,NA,0.621068638765668,97015.2968180189,95326.772481729,TRUE,2,22,73,1,0.653846153846154,0.301369863013699,0.463157894736842,1,0.2,0.357142857142857,0.526315789473684,4.35070013077455e-05,8.84652623934303,0.120212948889312,52.0719609062942,115,-193236.201778955,-192706.607207566,1,1,0.653846153846154,"specific_effect_common6_specific4",87,1000,100,4,6,4,0.5,40,0.857142857142857,40,70,1.75
"Separate 2D path/grid BIC + refit",4,NA,76.9393375247243,3.47440349013519,NA,0.580011192406348,97140.4630493977,NA,TRUE,13,22,73,1,0.653846153846154,0.301369863013699,0.463157894736842,NA,NA,NA,NA,0.00022679475985567,1.26271986191214,0.532950167307679,56.0839781753705,295,-192243.138291496,-190884.613086629,1,1,0.653846153846154,"specific_effect_common6_specific4",87,1000,100,4,6,4,0.5,40,0.857142857142857,40,70,1.75
"Eta centered path BIC",4,NA,NA,NA,1.59574819463875,0.610722233624212,96971.424237186,96728.4509628581,TRUE,21,22,23,1,0.0128205128205128,0.956521739130435,0.977777777777778,NA,NA,NA,NA,0.000164665018699682,7.1248122540745,0.347539685728535,55.1490668059938,172,-192754.714566387,-191962.625294397,1,1,0.0128205128205128,"specific_effect_common6_specific4",87,1000,100,4,6,4,0.5,40,0.857142857142857,40,70,1.75
"Eta centered path BIC + refit",4,NA,NA,NA,1.59574819463875,0.643649496756763,97015.556533154,NA,TRUE,26,22,23,1,0.0128205128205128,0.956521739130435,0.977777777777778,NA,NA,NA,NA,5.57048202688477e-05,0.696145838107254,0.151660472717763,55.694750737469,95,-193374.876314805,-192937.385147136,1,1,0.0128205128205128,"specific_effect_common6_specific4",87,1000,100,4,6,4,0.5,40,0.857142857142857,40,70,1.75
"Rossi path BIC",4,34.2049631207295,NA,NA,NA,0.533246225001676,96685.9757872049,96193.0850525312,TRUE,2,22,98,1,0.974358974358974,0.224489795918367,0.366666666666667,1,0.619444444444444,0.152091254752852,0.264026402640264,0.000148379016934781,5.31370944500299,0.382922020211621,57.0978392780023,266,-191534.488670201,-190309.513400728,1,1,0.974358974358974,"specific_effect_common6_specific4",88,1000,100,4,6,4,0.5,40,0.857142857142857,40,70,1.75
"Rossi path BIC + refit",4,34.2049631207295,NA,NA,NA,0.497596919317129,96719.5859412833,NA,TRUE,11,22,98,1,0.974358974358974,0.224489795918367,0.366666666666667,NA,NA,NA,NA,0.0002820819799066,7.364410707176,0.752509955369963,57.4856846448385,395,-190710.608547369,-188891.566323903,1,1,0.974358974358974,"specific_effect_common6_specific4",88,1000,100,4,6,4,0.5,40,0.857142857142857,40,70,1.75
"Separate 2D path/grid BIC",4,NA,51.7023583201364,0,NA,0.541703778809102,96653.6782980768,95948.2375585894,TRUE,2,22,92,1,0.897435897435897,0.239130434782609,0.385964912280702,1,0.438888888888889,0.202020202020202,0.336134453781513,0.000108947881000278,3.79556083318969,0.269087399737055,56.7916186850803,201,-191918.897785078,-190993.258577695,1,1,0.897435897435897,"specific_effect_common6_specific4",88,1000,100,4,6,4,0.5,40,0.857142857142857,40,70,1.75
"Separate 2D path/grid BIC + refit",4,NA,51.7023583201364,0,NA,0.497603033084217,96716.9319306195,NA,TRUE,12,22,92,1,0.897435897435897,0.239130434782609,0.385964912280702,NA,NA,NA,NA,0.0002763722864183,7.34986617551795,0.738211395149399,57.4684237849855,371,-190871.086652737,-189162.568513735,1,1,0.897435897435897,"specific_effect_common6_specific4",88,1000,100,4,6,4,0.5,40,0.857142857142857,40,70,1.75
"Eta centered path BIC",4,NA,NA,NA,1.62525904629984,0.540541974407127,96516.2693209617,96258.4818054578,TRUE,12,22,27,1,0.0641025641025641,0.814814814814815,0.897959183673469,NA,NA,NA,NA,0.000188496023557622,4.57805878916257,0.334415159918725,55.2987595148668,184,-191761.511670591,-190914.160356369,1,1,0.0641025641025641,"specific_effect_common6_specific4",88,1000,100,4,6,4,0.5,40,0.857142857142857,40,70,1.75
"Eta centered path BIC + refit",4,NA,NA,NA,1.62525904629984,0.541231628956455,96575.9565206862,NA,TRUE,14,22,27,1,0.0641025641025641,0.814814814814815,0.897959183673469,NA,NA,NA,NA,0.000115045068156659,2.2939335955874,0.305228409629817,56.3532367955185,111,-192385.152205405,-191873.978314761,1,1,0.0641025641025641,"specific_effect_common6_specific4",88,1000,100,4,6,4,0.5,40,0.857142857142857,40,70,1.75
"Rossi path BIC",4,23.0324358789303,NA,NA,NA,0.519321531871858,96718.810460661,96378.6983290718,TRUE,2,22,99,1,0.987179487179487,0.222222222222222,0.363636363636364,1,0.752777777777778,0.128617363344051,0.227920227920228,0.000137145584455896,5.22200607897347,0.368576913429255,56.6609605439477,314,-191268.585763722,-189822.562325321,1,1,0.987179487179487,"specific_effect_common6_specific4",89,1000,100,4,6,4,0.5,40,0.857142857142857,40,70,1.75
"Rossi path BIC + refit",4,23.0324358789303,NA,NA,NA,0.500342506582803,96736.9623538331,NA,TRUE,11,22,99,1,0.987179487179487,0.222222222222222,0.363636363636364,NA,NA,NA,NA,0.00023461120274135,4.96095916991407,0.601121657155127,56.7529124521204,399,-190717.730351352,-188880.267447143,1,1,0.987179487179487,"specific_effect_common6_specific4",89,1000,100,4,6,4,0.5,40,0.857142857142857,40,70,1.75
"Separate 2D path/grid BIC",4,NA,44.7212549350584,0,NA,0.525972196789215,96680.5315686088,96071.9278418528,TRUE,2,22,99,1,0.987179487179487,0.222222222222222,0.363636363636364,1,0.522222222222222,0.175438596491228,0.298507462686567,8.24164248879715e-05,5.13286360634379,0.237377280406256,56.501088898065,231,-191765.371667773,-190701.577354809,1,1,0.987179487179487,"specific_effect_common6_specific4",89,1000,100,4,6,4,0.5,40,0.857142857142857,40,70,1.75
"Separate 2D path/grid BIC + refit",4,NA,44.7212549350584,0,NA,0.500342506582803,96736.9665825551,NA,TRUE,13,22,99,1,0.987179487179487,0.222222222222222,0.363636363636364,NA,NA,NA,NA,0.000234665241176657,4.96145001585649,0.601279761558198,56.7539782897892,399,-190717.738808796,-188880.275904587,1,1,0.987179487179487,"specific_effect_common6_specific4",89,1000,100,4,6,4,0.5,40,0.857142857142857,40,70,1.75
"Eta centered path BIC",4,NA,NA,NA,1.62879863900775,0.55097691892084,96556.200990705,96295.4425996934,TRUE,8,22,24,1,0.0256410256410256,0.916666666666667,0.956521739130435,NA,NA,NA,NA,0.000155808675904839,3.2549128239324,0.280787682552147,55.1978301444274,175,-191903.544807588,-191097.64002504,1,1,0.0256410256410256,"specific_effect_common6_specific4",89,1000,100,4,6,4,0.5,40,0.857142857142857,40,70,1.75
"Eta centered path BIC + refit",4,NA,NA,NA,1.62879863900775,0.55451059007089,96596.5818659143,NA,TRUE,15,22,24,1,0.0256410256410256,0.916666666666667,0.956521739130435,NA,NA,NA,NA,5.96065518744295e-05,4.57633913135263,0.189527631747614,56.189021748907,99,-192509.295959209,-192053.384110797,1,1,0.0256410256410256,"specific_effect_common6_specific4",89,1000,100,4,6,4,0.5,40,0.857142857142857,40,70,1.75
"Rossi path BIC",4,30.9482953700198,NA,NA,NA,0.55645058148079,96914.2959971621,96466.2716998356,TRUE,2,22,99,1,0.987179487179487,0.222222222222222,0.363636363636364,1,0.638888888888889,0.148148148148148,0.258064516129032,0.000162368383463446,0.435523224673134,0.345643802568151,55.358067563637,273,-191942.774803162,-190685.563342387,1,1,0.987179487179487,"specific_effect_common6_specific4",90,1000,100,4,6,4,0.5,40,0.857142857142857,40,70,1.75
"Rossi path BIC + refit",4,30.9482953700198,NA,NA,NA,0.538843528998809,96947.1677533531,NA,TRUE,12,22,99,1,0.987179487179487,0.222222222222222,0.363636363636364,NA,NA,NA,NA,0.000328288977677139,0.357227788474538,0.666088328353722,55.4247139107321,399,-191138.141150392,-189300.678246183,1,1,0.987179487179487,"specific_effect_common6_specific4",90,1000,100,4,6,4,0.5,40,0.857142857142857,40,70,1.75
"Separate 2D path/grid BIC",4,NA,61.0607482961778,0,NA,0.573469636792174,96854.1730001088,96053.1032083132,TRUE,2,22,90,1,0.871794871794872,0.244444444444444,0.392857142857143,1,0.361111111111111,0.235294117647059,0.380952380952381,9.05675226940386e-05,0.593486431849616,0.201747445361903,55.0861748036507,173,-192513.304336954,-191716.609894778,1,1,0.871794871794872,"specific_effect_common6_specific4",90,1000,100,4,6,4,0.5,40,0.857142857142857,40,70,1.75
"Separate 2D path/grid BIC + refit",4,NA,61.0607482961778,0,NA,0.544031155363999,96941.2625070642,NA,TRUE,12,22,90,1,0.871794871794872,0.244444444444444,0.392857142857143,NA,NA,NA,NA,0.00031276364115877,0.348618899159638,0.636842189767638,55.4267097306619,363,-191375.009847858,-189703.333070344,1,1,0.871794871794872,"specific_effect_common6_specific4",90,1000,100,4,6,4,0.5,40,0.857142857142857,40,70,1.75
"Eta centered path BIC",4,NA,NA,NA,1.39942468786055,0.56541749646197,96776.3260658521,96553.6178481922,TRUE,4,22,25,1,0.0384615384615385,0.88,0.936170212765957,NA,NA,NA,NA,0.000192720531552982,3.43389161818939,0.333053200746013,54.0751403997402,178,-192323.071692045,-191503.351398939,1,1,0.0384615384615385,"specific_effect_common6_specific4",90,1000,100,4,6,4,0.5,40,0.857142857142857,40,70,1.75
"Eta centered path BIC + refit",4,NA,NA,NA,1.39942468786055,0.555765890898008,96788.9835342883,NA,TRUE,19,22,25,1,0.0384615384615385,0.88,0.936170212765957,NA,NA,NA,NA,0.000105468161379824,0.342024930148061,0.219991249040198,54.7693363881013,103,-192866.468274841,-192392.135745685,1,1,0.0384615384615385,"specific_effect_common6_specific4",90,1000,100,4,6,4,0.5,40,0.857142857142857,40,70,1.75
"Rossi path BIC",4,18.4014958515532,NA,NA,NA,0.539373317007196,97111.5816655944,96832.0248457761,TRUE,2,22,99,1,0.987179487179487,0.222222222222222,0.363636363636364,1,0.752777777777778,0.128617363344051,0.227920227920228,0.000227666714607225,7.93191344695486,0.558299044558099,56.6315332160003,314,-192054.128173588,-190608.104735188,1,1,0.987179487179487,"specific_effect_common6_specific4",91,1000,100,4,6,4,0.5,40,0.857142857142857,40,70,1.75
"Rossi path BIC + refit",4,18.4014958515532,NA,NA,NA,0.53162018216136,97125.9398617397,NA,TRUE,22,22,99,1,0.987179487179487,0.222222222222222,0.363636363636364,NA,NA,NA,NA,0.000364516926263238,13.2098592803815,0.906087998345339,56.9015104233035,399,-191495.685367166,-189658.222462956,1,1,0.987179487179487,"specific_effect_common6_specific4",91,1000,100,4,6,4,0.5,40,0.857142857142857,40,70,1.75
"Separate 2D path/grid BIC",4,NA,60.6810746739507,3.19205095756865,NA,0.59458296408243,97007.544798876,95551.2575198496,TRUE,2,22,80,1,0.743589743589744,0.275,0.431372549019608,1,0.311111111111111,0.263157894736842,0.416666666666667,8.84129820369093e-05,9.35394115013437,0.224576412155043,52.3253916527896,155,-192944.38752951,-192230.586150682,1,1,0.743589743589744,"specific_effect_common6_specific4",91,1000,100,4,6,4,0.5,40,0.857142857142857,40,70,1.75
"Separate 2D path/grid BIC + refit",4,NA,60.6810746739507,3.19205095756865,NA,0.529549779359333,97111.3778616152,NA,TRUE,29,22,80,1,0.743589743589744,0.275,0.431372549019608,NA,NA,NA,NA,0.000325602017039204,10.8880709857542,0.801481590545424,56.6721890885427,323,-191991.550768119,-190504.080798045,1,1,0.743589743589744,"specific_effect_common6_specific4",91,1000,100,4,6,4,0.5,40,0.857142857142857,40,70,1.75
"Eta centered path BIC",4,NA,NA,NA,1.63260217044855,0.553094348406345,96923.1174932326,96689.5208936836,TRUE,6,22,25,1,0.0384615384615385,0.88,0.936170212765957,NA,NA,NA,NA,0.000207390557380014,14.4434316075568,0.504355144463429,54.5166736972438,178,-192616.654546806,-191796.934253701,1,1,0.0384615384615385,"specific_effect_common6_specific4",91,1000,100,4,6,4,0.5,40,0.857142857142857,40,70,1.75
"Eta centered path BIC + refit",4,NA,NA,NA,1.63260217044855,0.583624527872413,96979.9757085391,NA,TRUE,11,22,25,1,0.0384615384615385,0.88,0.936170212765957,NA,NA,NA,NA,0.000100845928422076,3.07066485908411,0.254386295733614,55.8145725551251,103,-193248.452623343,-192774.120094186,1,1,0.0384615384615385,"specific_effect_common6_specific4",91,1000,100,4,6,4,0.5,40,0.857142857142857,40,70,1.75
"Rossi path BIC",4,33.5562224282914,NA,NA,NA,0.58401215622511,96991.9178690245,96516.4666552921,TRUE,2,22,99,1,0.987179487179487,0.222222222222222,0.363636363636364,1,0.630555555555556,0.149812734082397,0.260586319218241,0.000107909777533935,4.10553148789458,0.253152790267136,56.9074841594066,270,-192118.741812724,-190875.345862507,1,1,0.987179487179487,"specific_effect_common6_specific4",92,1000,100,4,6,4,0.5,40,0.857142857142857,40,70,1.75
"Rossi path BIC + refit",4,33.5562224282914,NA,NA,NA,0.552826208694694,97027.0821374906,NA,TRUE,10,22,99,1,0.987179487179487,0.222222222222222,0.363636363636364,NA,NA,NA,NA,0.000242590190667136,4.34377364211256,0.556344050273276,57.0167665728428,399,-191297.969918667,-189460.507014458,1,1,0.987179487179487,"specific_effect_common6_specific4",92,1000,100,4,6,4,0.5,40,0.857142857142857,40,70,1.75
"Separate 2D path/grid BIC",4,NA,92.2194488151471,4.56974807338102,NA,0.585628131171163,96840.276803895,94764.2142499826,TRUE,2,22,60,1,0.487179487179487,0.366666666666667,0.536585365853658,1,0.136111111111111,0.449438202247191,0.62015503875969,3.77331230839495e-05,13.3861438124952,0.104079293351533,51.4273964762917,92,-193045.040122124,-192621.364465013,1,1,0.487179487179487,"specific_effect_common6_specific4",92,1000,100,4,6,4,0.5,40,0.857142857142857,40,70,1.75
"Separate 2D path/grid BIC + refit",4,NA,92.2194488151471,4.56974807338102,NA,0.58082262494812,96976.840976322,NA,TRUE,11,22,60,1,0.487179487179487,0.366666666666667,0.536585365853658,NA,NA,NA,NA,0.00017945897601648,2.2005778198066,0.398853169232721,56.4066636751185,243,-192275.097419851,-191156.041064656,1,1,0.487179487179487,"specific_effect_common6_specific4",92,1000,100,4,6,4,0.5,40,0.857142857142857,40,70,1.75
"Eta centered path BIC",4,NA,NA,NA,1.62971770271183,0.553516034110188,96836.1581672087,96580.4802228123,TRUE,24,22,24,1,0.0256410256410256,0.916666666666667,0.956521739130435,NA,NA,NA,NA,0.000148426995905487,6.54134312342068,0.261456195209096,55.7836672356322,175,-192463.459160596,-191657.554378048,1,1,0.0256410256410256,"specific_effect_common6_specific4",92,1000,100,4,6,4,0.5,40,0.857142857142857,40,70,1.75
"Eta centered path BIC + refit",4,NA,NA,NA,1.62971770271183,0.596072036372981,96884.0192529396,NA,TRUE,21,22,24,1,0.0256410256410256,0.916666666666667,0.956521739130435,NA,NA,NA,NA,6.5834679397919e-05,1.93465914715556,0.146522412117771,56.2923841698006,99,-193084.17073326,-192628.258884847,1,1,0.0256410256410256,"specific_effect_common6_specific4",92,1000,100,4,6,4,0.5,40,0.857142857142857,40,70,1.75
"Rossi path BIC",4,33.1894016326419,NA,NA,NA,0.571032604493474,96593.1622506955,96123.4964065643,TRUE,2,22,99,1,0.987179487179487,0.222222222222222,0.363636363636364,1,0.594444444444444,0.15748031496063,0.272108843537415,0.000108330061387715,0.629725063926936,0.243304356462703,55.7035549865476,257,-191411.031394693,-190227.502656894,1,1,0.987179487179487,"specific_effect_common6_specific4",93,1000,100,4,6,4,0.5,40,0.857142857142857,40,70,1.75
"Rossi path BIC + refit",4,33.1894016326419,NA,NA,NA,0.541215414920151,96628.7647675754,NA,TRUE,13,22,99,1,0.987179487179487,0.222222222222222,0.363636363636364,NA,NA,NA,NA,0.000247612288687075,1.14487575714416,0.564333561122231,55.8513289476092,399,-190501.335178837,-188663.872274628,1,1,0.987179487179487,"specific_effect_common6_specific4",93,1000,100,4,6,4,0.5,40,0.857142857142857,40,70,1.75
"Separate 2D path/grid BIC",4,NA,75.8821401563979,0,NA,0.613351382448563,96520.6871683788,95555.0610074172,TRUE,2,22,71,1,0.628205128205128,0.309859154929577,0.473118279569892,1,0.247222222222222,0.310077519379845,0.473372781065089,4.49704159607837e-05,0.194754490578347,0.102386042041572,55.2533271371088,132,-192129.550639932,-191521.668175381,1,1,0.628205128205128,"specific_effect_common6_specific4",93,1000,100,4,6,4,0.5,40,0.857142857142857,40,70,1.75
"Separate 2D path/grid BIC + refit",4,NA,75.8821401563979,0,NA,0.553945879336925,96602.1581889233,NA,TRUE,9,22,71,1,0.628205128205128,0.309859154929577,0.473118279569892,NA,NA,NA,NA,0.000202884442542846,0.853475120444895,0.456098614470545,55.7886526703443,287,-191221.790612779,-189900.1067694,1,1,0.628205128205128,"specific_effect_common6_specific4",93,1000,100,4,6,4,0.5,40,0.857142857142857,40,70,1.75
"Eta centered path BIC",4,NA,NA,NA,1.76987280000573,0.604457376735117,96417.0881174875,96161.8996292568,TRUE,20,22,22,1,0,1,1,NA,NA,NA,NA,0.000167860786166191,8.54007224549945,0.368480711066674,53.9736089339107,169,-191666.765592827,-190888.491831395,1,1,0,"specific_effect_common6_specific4",93,1000,100,4,6,4,0.5,40,0.857142857142857,40,70,1.75
"Eta centered path BIC + refit",4,NA,NA,NA,1.76987280000573,0.600236026840076,96467.8428536564,NA,TRUE,17,22,22,1,0,1,1,NA,NA,NA,NA,4.46954188148255e-05,0.596900080723369,0.0921156825102911,55.0051673726951,91,-192307.079976925,-191888.00949,1,1,0,"specific_effect_common6_specific4",93,1000,100,4,6,4,0.5,40,0.857142857142857,40,70,1.75
"Rossi path BIC",4,38.3213553396029,NA,NA,NA,0.579365998512893,96611.9474154851,96076.1201195525,TRUE,2,22,97,1,0.961538461538462,0.22680412371134,0.369747899159664,1,0.577777777777778,0.161290322580645,0.277777777777778,0.000108425134737922,3.12167579339192,0.280470867701076,55.3939634558332,251,-191490.048255946,-190334.150539263,1,1,0.961538461538462,"specific_effect_common6_specific4",94,1000,100,4,6,4,0.5,40,0.857142857142857,40,70,1.75
"Rossi path BIC + refit",4,38.3213553396029,NA,NA,NA,0.538233735347505,96657.879726138,NA,TRUE,13,22,97,1,0.961538461538462,0.22680412371134,0.369747899159664,NA,NA,NA,NA,0.000288193452939473,3.82449919754703,0.679023846097827,55.4482505742687,391,-190614.827138194,-188814.205595473,1,1,0.961538461538462,"specific_effect_common6_specific4",94,1000,100,4,6,4,0.5,40,0.857142857142857,40,70,1.75
"Separate 2D path/grid BIC",4,NA,70.4371392370153,4.04999659373527,NA,0.553929701838443,96504.1082478254,94793.9877736418,TRUE,2,22,74,1,0.666666666666667,0.297297297297297,0.458333333333333,1,0.244444444444444,0.3125,0.476190476190476,6.52113062912222e-05,21.6385278281169,0.17971089193677,50.652319843425,131,-192103.300554104,-191500.02325974,1,1,0.666666666666667,"specific_effect_common6_specific4",94,1000,100,4,6,4,0.5,40,0.857142857142857,40,70,1.75
"Separate 2D path/grid BIC + refit",4,NA,70.4371392370153,4.04999659373527,NA,0.541172309313446,96634.6692084123,NA,TRUE,14,22,74,1,0.666666666666667,0.297297297297297,0.458333333333333,NA,NA,NA,NA,0.000254848171882384,3.7072294010112,0.597013110537643,55.2577685082825,299,-191203.919588409,-189826.973702799,1,1,0.666666666666667,"specific_effect_common6_specific4",94,1000,100,4,6,4,0.5,40,0.857142857142857,40,70,1.75
"Eta centered path BIC",4,NA,NA,NA,1.41162805982298,0.593227417935422,96485.7747288012,96259.9896327232,TRUE,15,22,29,1,0.0897435897435897,0.758620689655172,0.862745098039216,NA,NA,NA,NA,0.000128867424218494,10.1545502340647,0.319464498820128,54.2546699080937,190,-191659.075954596,-190784.093619258,1,1,0.0897435897435897,"specific_effect_common6_specific4",94,1000,100,4,6,4,0.5,40,0.857142857142857,40,70,1.75
"Eta centered path BIC + refit",4,NA,NA,NA,1.41162805982298,0.592548295593472,96533.8016076877,NA,TRUE,21,22,29,1,0.0897435897435897,0.758620689655172,0.862745098039216,NA,NA,NA,NA,0.000101954667908787,4.02113752666525,0.276864656719863,55.0852409790346,119,-192245.580337176,-191697.565085044,1,1,0.0897435897435897,"specific_effect_common6_specific4",94,1000,100,4,6,4,0.5,40,0.857142857142857,40,70,1.75
"Rossi path BIC",4,26.7542270900121,NA,NA,NA,0.567651596111337,96746.4324705847,96349.1040300343,TRUE,2,22,100,1,1,0.22,0.360655737704918,1,0.677777777777778,0.140845070422535,0.246913580246914,0.000189645135674197,0.278929945145016,0.377939293720815,54.7736897421394,287,-191510.339176101,-190188.655332723,1,1,1,"specific_effect_common6_specific4",95,1000,100,4,6,4,0.5,40,0.857142857142857,40,70,1.75
"Rossi path BIC + refit",4,26.7542270900121,NA,NA,NA,0.533001529848228,96770.2500116462,NA,TRUE,11,22,100,1,1,0.22,0.360655737704918,NA,NA,NA,NA,0.000328296766545846,0.48591373029435,0.654801304390331,54.7350088805988,403,-190756.674645863,-188900.791060909,1,1,1,"specific_effect_common6_specific4",95,1000,100,4,6,4,0.5,40,0.857142857142857,40,70,1.75
"Separate 2D path/grid BIC",4,NA,56.984173810924,0,NA,0.599950635551174,96691.2331355935,95923.0768565474,TRUE,3,22,89,1,0.858974358974359,0.247191011235955,0.396396396396396,1,0.386111111111111,0.223463687150838,0.365296803652968,0.000101008516030423,0.207034684380341,0.205350863871255,54.674911535987,182,-192125.254810412,-191287.113836562,1,1,0.858974358974359,"specific_effect_common6_specific4",95,1000,100,4,6,4,0.5,40,0.857142857142857,40,70,1.75
"Separate 2D path/grid BIC + refit",4,NA,56.984173810924,0,NA,0.538918335270233,96764.9125216318,NA,TRUE,13,22,89,1,0.858974358974359,0.247191011235955,0.396396396396396,NA,NA,NA,NA,0.000317784443671896,0.502701489697542,0.637148578680942,54.7383113537254,359,-191049.940898109,-189396.684801339,1,1,0.858974358974359,"specific_effect_common6_specific4",95,1000,100,4,6,4,0.5,40,0.857142857142857,40,70,1.75
"Eta centered path BIC",4,NA,NA,NA,1.64725850286935,0.590042786072061,96565.8643721942,96317.8662423426,TRUE,10,22,22,1,0,1,1,NA,NA,NA,NA,0.000157756875825389,12.0207722865652,0.357348054628362,53.0606011678211,169,-191964.318102241,-191186.044340809,1,1,0,"specific_effect_common6_specific4",95,1000,100,4,6,4,0.5,40,0.857142857142857,40,70,1.75
"Eta centered path BIC + refit",4,NA,NA,NA,1.64725850286935,0.579006861437471,96592.5362200196,NA,TRUE,13,22,22,1,0,1,1,NA,NA,NA,NA,7.84449678283892e-05,1.08193767455346,0.158127812751202,54.0920165300126,91,-192556.466709652,-192137.396222727,1,1,0,"specific_effect_common6_specific4",95,1000,100,4,6,4,0.5,40,0.857142857142857,40,70,1.75
"Rossi path BIC",4,21.2813126590158,NA,NA,NA,0.540354196118302,96938.2830349333,96621.9739892464,TRUE,2,22,100,1,1,0.22,0.360655737704918,1,0.713888888888889,0.134680134680135,0.237388724035608,0.000170034966795764,2.10968336378862,0.394529526169565,56.2975550356372,300,-191804.239486172,-190422.688430376,1,1,1,"specific_effect_common6_specific4",96,1000,100,4,6,4,0.5,40,0.857142857142857,40,70,1.75
"Rossi path BIC + refit",4,21.2813126590158,NA,NA,NA,0.539172201448429,96952.8929109286,NA,TRUE,9,22,100,1,1,0.22,0.360655737704918,NA,NA,NA,NA,0.000263157925473561,1.99594691685157,0.616479959747104,56.2957395907937,403,-191121.960444427,-189266.076859474,1,1,1,"specific_effect_common6_specific4",96,1000,100,4,6,4,0.5,40,0.857142857142857,40,70,1.75
"Separate 2D path/grid BIC",4,NA,64.6026245861066,4.65976377003599,NA,0.556203465306241,96808.1553405904,95028.1741113948,TRUE,2,22,84,1,0.794871794871795,0.261904761904762,0.415094339622642,1,0.297222222222222,0.272108843537415,0.427807486631016,6.58756066246418e-05,18.1752736436223,0.175796841025491,50.8047468033795,150,-192580.147389334,-191889.371861435,1,1,0.794871794871795,"specific_effect_common6_specific4",96,1000,100,4,6,4,0.5,40,0.857142857142857,40,70,1.75
"Separate 2D path/grid BIC + refit",4,NA,64.6026245861066,4.65976377003599,NA,0.530314343677375,96940.8778236565,NA,TRUE,14,22,84,1,0.794871794871795,0.261904761904762,0.415094339622642,NA,NA,NA,NA,0.000249428183220089,1.38618731438273,0.58425089021447,56.0124826735155,339,-191540.026607738,-189978.873914688,1,1,0.794871794871795,"specific_effect_common6_specific4",96,1000,100,4,6,4,0.5,40,0.857142857142857,40,70,1.75
"Eta centered path BIC",4,NA,NA,NA,1.56266432846415,0.576491113017509,96759.5915758519,96519.6618421988,TRUE,10,22,25,1,0.0384615384615385,0.88,0.936170212765957,NA,NA,NA,NA,0.000150010352459374,5.22999510087747,0.30485174292528,54.6106998337134,178,-192289.602712045,-191469.882418939,1,1,0.0384615384615385,"specific_effect_common6_specific4",96,1000,100,4,6,4,0.5,40,0.857142857142857,40,70,1.75
"Eta centered path BIC + refit",4,NA,NA,NA,1.56266432846415,0.570933577344959,96806.3923609822,NA,TRUE,12,22,25,1,0.0384615384615385,0.88,0.936170212765957,NA,NA,NA,NA,7.67740185373445e-05,0.842702250351439,0.171485411851343,55.6213478424617,103,-192901.285928229,-192426.953399073,1,1,0.0384615384615385,"specific_effect_common6_specific4",96,1000,100,4,6,4,0.5,40,0.857142857142857,40,70,1.75
"Rossi path BIC",4,35.4636763032112,NA,NA,NA,0.598333223333974,96841.3168276963,96327.0077258379,TRUE,2,22,100,1,1,0.22,0.360655737704918,1,0.630555555555556,0.149812734082397,0.260586319218241,0.000154710586714284,1.86962403463164,0.359271927255846,56.1756658834269,270,-191817.539730067,-190574.143779851,1,1,1,"specific_effect_common6_specific4",97,1000,100,4,6,4,0.5,40,0.857142857142857,40,70,1.75
"Rossi path BIC + refit",4,35.4636763032112,NA,NA,NA,0.532812079940673,96882.1052342268,NA,TRUE,18,22,100,1,1,0.22,0.360655737704918,NA,NA,NA,NA,0.000327323990767593,3.08587769391173,0.774315612506296,56.6048657729694,403,-190980.385091024,-189124.501506071,1,1,1,"specific_effect_common6_specific4",97,1000,100,4,6,4,0.5,40,0.857142857142857,40,70,1.75
"Separate 2D path/grid BIC",4,NA,67.8958822034292,0,NA,0.614892491830638,96772.9786417702,95882.0005677444,TRUE,2,22,90,1,0.871794871794872,0.244444444444444,0.392857142857143,1,0.341666666666667,0.245398773006135,0.394088669950739,8.36552719533924e-05,0.876225880094141,0.185598719037944,55.6666750535228,166,-192399.269907229,-191634.811656355,1,1,0.871794871794872,"specific_effect_common6_specific4",97,1000,100,4,6,4,0.5,40,0.857142857142857,40,70,1.75
"Separate 2D path/grid BIC + refit",4,NA,67.8958822034292,0,NA,0.530823132921123,96872.1127986136,NA,TRUE,24,22,90,1,0.871794871794872,0.244444444444444,0.392857142857143,NA,NA,NA,NA,0.000314444264813178,3.31409648660283,0.737378432733153,56.6581009652128,363,-191236.710430957,-189565.033653443,1,1,0.871794871794872,"specific_effect_common6_specific4",97,1000,100,4,6,4,0.5,40,0.857142857142857,40,70,1.75
"Eta centered path BIC",4,NA,NA,NA,1.71594735007058,0.585559351940454,96653.8639677994,96413.066957195,TRUE,8,22,24,1,0.0256410256410256,0.916666666666667,0.956521739130435,NA,NA,NA,NA,0.000233515886423593,11.1187572614499,0.47234570815773,54.1964258404265,175,-192098.870761777,-191292.965979229,1,1,0.0256410256410256,"specific_effect_common6_specific4",97,1000,100,4,6,4,0.5,40,0.857142857142857,40,70,1.75
"Eta centered path BIC + refit",4,NA,NA,NA,1.71594735007058,0.599703304661993,96700.1149643839,NA,TRUE,18,22,24,1,0.0256410256410256,0.916666666666667,0.956521739130435,NA,NA,NA,NA,8.10571904687066e-05,0.852743736998844,0.170264607347678,55.2935460473922,99,-192716.362156149,-192260.450307736,1,1,0.0256410256410256,"specific_effect_common6_specific4",97,1000,100,4,6,4,0.5,40,0.857142857142857,40,70,1.75
"Rossi path BIC",4,31.1562786152418,NA,NA,NA,0.586677048361614,96919.5059421432,96469.7252292073,TRUE,2,22,98,1,0.974358974358974,0.224489795918367,0.366666666666667,1,0.672222222222222,0.141843971631206,0.248447204968944,0.000134628513232902,4.34455181928579,0.349565393916936,57.0407336809971,285,-191870.301629776,-190557.82812677,1,1,0.974358974358974,"specific_effect_common6_specific4",98,1000,100,4,6,4,0.5,40,0.857142857142857,40,70,1.75
"Rossi path BIC + refit",4,31.1562786152418,NA,NA,NA,0.572641854143936,96948.577680645,NA,TRUE,10,22,98,1,0.974358974358974,0.224489795918367,0.366666666666667,NA,NA,NA,NA,0.000257516997722248,4.88839929534659,0.667577050435422,57.1828971257773,395,-191168.592026092,-189349.549802627,1,1,0.974358974358974,"specific_effect_common6_specific4",98,1000,100,4,6,4,0.5,40,0.857142857142857,40,70,1.75
"Separate 2D path/grid BIC",4,NA,54.728446014342,0,NA,0.596567662577678,96874.9537492804,96143.1284364199,TRUE,2,22,91,1,0.884615384615385,0.241758241758242,0.389380530973451,1,0.419444444444444,0.209424083769634,0.346320346320346,8.43578650607429e-05,3.11598909284996,0.214070651981884,56.7248304156733,194,-192409.802974438,-191516.399958357,1,1,0.884615384615385,"specific_effect_common6_specific4",98,1000,100,4,6,4,0.5,40,0.857142857142857,40,70,1.75
"Separate 2D path/grid BIC + refit",4,NA,54.728446014342,0,NA,0.572911180461793,96944.5061942839,NA,TRUE,11,22,91,1,0.884615384615385,0.241758241758242,0.389380530973451,NA,NA,NA,NA,0.00025061998109149,4.85704069926656,0.651846578606242,57.17309609322,367,-191353.866201181,-189663.768742924,1,1,0.884615384615385,"specific_effect_common6_specific4",98,1000,100,4,6,4,0.5,40,0.857142857142857,40,70,1.75
"Eta centered path BIC",4,NA,NA,NA,1.63275276638102,0.602971650062488,96742.6595277481,96501.3777245843,TRUE,6,22,23,1,0.0128205128205128,0.956521739130435,0.977777777777778,NA,NA,NA,NA,0.000196251521987888,5.2584633909964,0.404476352725527,55.1543793033152,172,-192297.185147511,-191505.095875521,1,1,0.0128205128205128,"specific_effect_common6_specific4",98,1000,100,4,6,4,0.5,40,0.857142857142857,40,70,1.75
"Eta centered path BIC + refit",4,NA,NA,NA,1.63275276638102,0.628704004121778,96792.3740208545,NA,TRUE,11,22,23,1,0.0128205128205128,0.956521739130435,0.977777777777778,NA,NA,NA,NA,6.46373922642615e-05,1.8850963057228,0.175540545246356,56.3678388557155,95,-192928.511290206,-192491.020122537,1,1,0.0128205128205128,"specific_effect_common6_specific4",98,1000,100,4,6,4,0.5,40,0.857142857142857,40,70,1.75
"Rossi path BIC",4,29.507545131558,NA,NA,NA,0.583550751085624,96749.2942077409,96319.7738145358,TRUE,2,22,99,1,0.987179487179487,0.222222222222222,0.363636363636364,1,0.647222222222222,0.146520146520147,0.255591054313099,0.000144933730411243,2.88169837564567,0.33781369070138,56.1577019656233,276,-191592.047958483,-190321.02098715,1,1,0.987179487179487,"specific_effect_common6_specific4",99,1000,100,4,6,4,0.5,40,0.857142857142857,40,70,1.75
"Rossi path BIC + refit",4,29.507545131558,NA,NA,NA,0.541802118316809,96778.6500495484,NA,TRUE,11,22,99,1,0.987179487179487,0.222222222222222,0.363636363636364,NA,NA,NA,NA,0.000296477329575588,4.62969846540741,0.691066308440701,56.3633848759819,399,-190801.105742783,-188963.642838574,1,1,0.987179487179487,"specific_effect_common6_specific4",99,1000,100,4,6,4,0.5,40,0.857142857142857,40,70,1.75
"Separate 2D path/grid BIC",4,NA,67.1572905109121,4.22830456315404,NA,0.597948023659356,96624.9741100889,94911.7503082802,TRUE,2,22,77,1,0.705128205128205,0.285714285714286,0.444444444444444,1,0.247222222222222,0.310077519379845,0.473372781065089,4.90227380122479e-05,20.5302299506898,0.136713276722651,50.6445952058265,132,-192338.124523352,-191730.242058802,1,1,0.705128205128205,"specific_effect_common6_specific4",99,1000,100,4,6,4,0.5,40,0.857142857142857,40,70,1.75
"Separate 2D path/grid BIC + refit",4,NA,67.1572905109121,4.22830456315404,NA,0.554497187803103,96752.3089582057,NA,TRUE,14,22,77,1,0.705128205128205,0.285714285714286,0.444444444444444,NA,NA,NA,NA,0.00024304080522243,2.63628174470331,0.549424488009949,55.8916099425844,311,-191356.306024648,-189924.098096806,1,1,0.705128205128205,"specific_effect_common6_specific4",99,1000,100,4,6,4,0.5,40,0.857142857142857,40,70,1.75
"Eta centered path BIC",4,NA,NA,NA,1.46992413628156,0.597974779237416,96590.8637368868,96359.1643213362,TRUE,10,22,24,1,0.0256410256410256,0.916666666666667,0.956521739130435,NA,NA,NA,NA,0.000134497103235599,5.35807033961356,0.251646748853408,54.3133652930573,175,-191972.870299952,-191166.965517404,1,1,0.0256410256410256,"specific_effect_common6_specific4",99,1000,100,4,6,4,0.5,40,0.857142857142857,40,70,1.75
"Eta centered path BIC + refit",4,NA,NA,NA,1.46992413628156,0.585243579977543,96621.3670502786,NA,TRUE,13,22,24,1,0.0256410256410256,0.916666666666667,0.956521739130435,NA,NA,NA,NA,5.66765931826034e-05,0.61312628337699,0.137518745325643,55.3036092906449,99,-192558.866327938,-192102.954479525,1,1,0.0256410256410256,"specific_effect_common6_specific4",99,1000,100,4,6,4,0.5,40,0.857142857142857,40,70,1.75
"Rossi path BIC",4,39.1949200191292,NA,NA,NA,0.584874385248985,97188.7802732409,96636.4281050439,TRUE,2,22,96,1,0.948717948717949,0.229166666666667,0.372881355932203,1,0.561111111111111,0.165289256198347,0.283687943262411,0.000106649269749432,7.44502074690038,0.282880155714543,57.5332568899961,245,-192685.160503131,-191556.893807564,1,1,0.948717948717949,"specific_effect_common6_specific4",100,1000,100,4,6,4,0.5,40,0.857142857142857,40,70,1.75
"Rossi path BIC + refit",4,39.1949200191292,NA,NA,NA,0.549903600885074,97230.5221039905,NA,TRUE,11,22,96,1,0.948717948717949,0.229166666666667,0.372881355932203,NA,NA,NA,NA,0.000254964689871216,8.17899330548913,0.637342603860023,57.7127464127452,387,-191787.742915015,-190005.542053038,1,1,0.948717948717949,"specific_effect_common6_specific4",100,1000,100,4,6,4,0.5,40,0.857142857142857,40,70,1.75
"Separate 2D path/grid BIC",4,NA,75.6774223284112,0,NA,0.590576495375707,97119.6021564535,96148.0990737854,TRUE,2,22,83,1,0.782051282051282,0.265060240963855,0.419047619047619,1,0.302777777777778,0.268456375838926,0.423280423280423,5.02830037359516e-05,5.46067811588293,0.131188624893074,57.0592539544684,152,-193189.225510502,-192489.239642231,1,1,0.782051282051282,"specific_effect_common6_specific4",100,1000,100,4,6,4,0.5,40,0.857142857142857,40,70,1.75
"Separate 2D path/grid BIC + refit",4,NA,75.6774223284112,0,NA,0.569209161176966,97218.8311283082,NA,TRUE,11,22,83,1,0.782051282051282,0.265060240963855,0.419047619047619,NA,NA,NA,NA,0.000238522147291781,7.92172005404518,0.598377409917429,57.6421437144444,335,-192123.564238157,-190580.832225851,1,1,0.782051282051282,"specific_effect_common6_specific4",100,1000,100,4,6,4,0.5,40,0.857142857142857,40,70,1.75
"Eta centered path BIC",4,NA,NA,NA,1.55706338561063,0.584993227565946,97046.4373166464,96786.8980392723,TRUE,5,22,25,1,0.0384615384615385,0.88,0.936170212765957,NA,NA,NA,NA,0.000146272163224114,2.55237040356971,0.233467015478002,55.6757286471243,178,-192863.294193634,-192043.573900528,1,1,0.0384615384615385,"specific_effect_common6_specific4",100,1000,100,4,6,4,0.5,40,0.857142857142857,40,70,1.75
"Eta centered path BIC + refit",4,NA,NA,NA,1.55706338561063,0.586408250496353,97081.5789370522,NA,TRUE,6,22,25,1,0.0384615384615385,0.88,0.936170212765957,NA,NA,NA,NA,7.72643013337625e-05,4.58141585003858,0.210946866144743,56.9513436704668,103,-193451.659080369,-192977.326551213,1,1,0.0384615384615385,"specific_effect_common6_specific4",100,1000,100,4,6,4,0.5,40,0.857142857142857,40,70,1.75
