"method","beta","lambda_eta","lambda_mu","lambda_kappa","ARI","loglik","converged","iter","nnz_fraction","selected_q","TPR","FPR","Precision","F1","mu_contrast_norm","eta_contrast_norm","mu_topq_recall","eta_topq_recall","kappa_low_hat","kappa_high_hat","kappa_ratio_hat","MSE_mu","MSE_kappa","MSE_eta_contrast","df","BIC","EBIC","scenario","rep","n","d","q","mu_cos","kappa_low","kappa_high","true_eta_contrast_norm"
"Rossi path BIC",421.003103730368,NA,NA,NA,1,108672.389365998,TRUE,2,0.15,15,1,0.0555555555555556,0.666666666666667,0.8,0.216343623204788,180.569287160542,1,1,20.6174057345793,200.64974376287,9.73205583408306,0.000222211082057173,0.401678399240122,0.372437439059578,26,-217165.177094742,-217045.442669906,"concentration_dominant",1,1000,100,10,1,20,200,180
"Rossi path BIC + refit",421.003103730368,NA,NA,NA,1,108699.48542197,TRUE,2,0.15,15,1,0.0555555555555556,0.666666666666667,0.8,0.110893422245787,180.034832723564,0.6,1,20.8283245413211,200.72031950529,9.63689225732403,5.39070953882459e-05,0.602490867727799,0.284079912170066,31,-217184.830430292,-217042.070154527,"concentration_dominant",1,1000,100,10,1,20,200,180
"Separate 2D path/grid BIC",NA,NA,421.003103730368,0,1,108672.389365998,TRUE,2,0.15,15,1,0.0555555555555556,0.666666666666667,0.8,0.216343623204788,180.569287160542,1,1,20.6174057345793,200.64974376287,9.73205583408306,0.000222211082057173,0.401678399240122,0.372437439059578,26,-217165.177094742,-217045.442669906,"concentration_dominant",1,1000,100,10,1,20,200,180
"Separate 2D path/grid BIC + refit",NA,NA,421.003103730368,0,1,108699.48542197,TRUE,2,0.15,15,1,0.0555555555555556,0.666666666666667,0.8,0.110893422245787,180.034832723564,0.6,1,20.8283245413211,200.72031950529,9.63689225732403,5.39070953882459e-05,0.602490867727799,0.284079912170066,31,-217184.830430292,-217042.070154527,"concentration_dominant",1,1000,100,10,1,20,200,180
"Eta path BIC",NA,1.65186143338515,NA,NA,1,108709.474123914,TRUE,2,0.12,12,1,0.0222222222222222,0.833333333333333,0.909090909090909,0.167886654118359,174.975881580689,0.3,1,23.7617325436224,198.357579689724,8.34777427637373,0.000170199928590266,8.42408810267776,0.411604814751485,113,-216638.371901302,-216117.987670286,"concentration_dominant",1,1000,100,10,1,20,200,180
"Eta path BIC + refit",NA,1.65186143338515,NA,NA,1,108693.100187445,TRUE,2,0.12,12,1,0.0222222222222222,0.833333333333333,0.909090909090909,0.104646393081835,179.980197531272,0.8,1,20.8121077232372,200.665208247505,9.64175329649373,4.60844921518503e-05,0.551010483345176,0.233502168832817,25,-217213.506492916,-217098.377238266,"concentration_dominant",1,1000,100,10,1,20,200,180
"Rossi path BIC",357.933778785142,NA,NA,NA,1,109835.975059008,TRUE,2,0.28,28,1,0.2,0.357142857142857,0.526315789473684,0.174589235019281,183.499368112466,0.9,1,19.7711666488297,202.936986447952,10.2642899153331,0.000162448950278344,4.339127049032,0.286712101509708,39,-219402.547662135,-219222.946024881,"concentration_dominant",2,1000,100,10,1,20,200,180
"Rossi path BIC + refit",357.933778785142,NA,NA,NA,1,109867.368381337,TRUE,2,0.28,28,1,0.2,0.357142857142857,0.526315789473684,0.121786954307315,183.313449903936,0.4,1,19.9515284056317,203.100972321168,10.1797199789385,6.55657975012307e-05,4.8091894160541,0.668743496718912,57,-219340.994711772,-219078.50001117,"concentration_dominant",2,1000,100,10,1,20,200,180
"Separate 2D path/grid BIC",NA,NA,357.933778785142,0,1,109835.975059008,TRUE,2,0.28,28,1,0.2,0.357142857142857,0.526315789473684,0.174589235019281,183.499368112466,0.9,1,19.7711666488297,202.936986447952,10.2642899153331,0.000162448950278344,4.339127049032,0.286712101509708,39,-219402.547662135,-219222.946024881,"concentration_dominant",2,1000,100,10,1,20,200,180
"Separate 2D path/grid BIC + refit",NA,NA,357.933778785142,0,1,109867.368381337,TRUE,2,0.28,28,1,0.2,0.357142857142857,0.526315789473684,0.121786954307315,183.313449903936,0.4,1,19.9515284056317,203.100972321168,10.1797199789385,6.55657975012307e-05,4.8091894160541,0.668743496718912,57,-219340.994711772,-219078.50001117,"concentration_dominant",2,1000,100,10,1,20,200,180
"Eta path BIC",NA,2.07529178377052,NA,NA,1,109826.992673563,TRUE,2,0.11,11,1,0.0111111111111111,0.909090909090909,0.952380952380952,0.159459123715258,176.708635893977,0.2,1,23.525514854639,199.895486411443,8.49696542866629,0.000164718427270898,6.22008904023669,0.156485388676048,112,-218880.31675588,-218364.537695049,"concentration_dominant",2,1000,100,10,1,20,200,180
"Eta path BIC + refit",NA,2.07529178377052,NA,NA,1,109830.194924883,TRUE,2,0.11,11,1,0.0111111111111111,0.909090909090909,0.952380952380952,0.0804382867487533,182.929687420482,0.9,1,19.8915327439359,202.749881498221,10.192773181847,3.35742171145006e-05,3.78680669994887,0.210181233286205,23,-219501.511478349,-219395.592564072,"concentration_dominant",2,1000,100,10,1,20,200,180
"Rossi path BIC",391.711560741795,NA,NA,NA,1,112825.802293961,TRUE,2,0.25,25,1,0.166666666666667,0.4,0.571428571428572,0.158002569612016,180.768861647207,0.8,1,20.5984581086605,201.081083537306,9.76194832043094,0.000119793647371867,0.763446861227493,0.258667280031415,36,-225402.925397879,-225237.139271183,"concentration_dominant",3,1000,100,10,1,20,200,180
"Rossi path BIC + refit",391.711560741795,NA,NA,NA,1,112854.578273768,TRUE,2,0.25,25,1,0.166666666666667,0.4,0.571428571428572,0.0979098970178713,180.530004947135,0.5,1,20.7884531632005,201.207368486291,9.67880423361494,4.89531479614366e-05,1.03969852612471,0.401182969097616,51,-225356.861028308,-225121.997348823,"concentration_dominant",3,1000,100,10,1,20,200,180
"Separate 2D path/grid BIC",NA,NA,391.711560741795,0,1,112825.802293961,TRUE,2,0.25,25,1,0.166666666666667,0.4,0.571428571428572,0.158002569612016,180.768861647207,0.8,1,20.5984581086605,201.081083537306,9.76194832043094,0.000119793647371867,0.763446861227493,0.258667280031415,36,-225402.925397879,-225237.139271183,"concentration_dominant",3,1000,100,10,1,20,200,180
"Separate 2D path/grid BIC + refit",NA,NA,391.711560741795,0,1,112854.578273768,TRUE,2,0.25,25,1,0.166666666666667,0.4,0.571428571428572,0.0979098970178713,180.530004947135,0.5,1,20.7884531632005,201.207368486291,9.67880423361494,4.89531479614366e-05,1.03969852612471,0.401182969097616,51,-225356.861028308,-225121.997348823,"concentration_dominant",3,1000,100,10,1,20,200,180
"Eta path BIC",NA,1.58708784085196,NA,NA,1,112858.785591815,TRUE,2,0.13,13,1,0.0333333333333333,0.769230769230769,0.869565217391304,0.170307198756138,175.539802216671,0.1,1,23.6765871658478,198.827042354127,8.39762255266775,0.000184776372628201,7.44656141354392,0.300971058026304,114,-224930.087081827,-224405.097680624,"concentration_dominant",3,1000,100,10,1,20,200,180
"Eta path BIC + refit",NA,1.58708784085196,NA,NA,1,112827.758010957,TRUE,2,0.13,13,1,0.0333333333333333,0.769230769230769,0.869565217391304,0.0878222669350569,180.320347524365,0.7,1,20.7487906809646,200.979933558298,9.68634445489305,2.86472182543023e-05,0.760478631288847,0.255400055423595,27,-225469.006629381,-225344.667034359,"concentration_dominant",3,1000,100,10,1,20,200,180
"Rossi path BIC",419.460960584986,NA,NA,NA,1,111157.227462062,TRUE,2,0.24,24,1,0.155555555555556,0.416666666666667,0.588235294117647,0.176266590967885,179.572824277227,0.9,1,19.8443792743369,199.075115613115,10.0318136869397,0.000152217873408524,0.439814469679744,0.197737043810628,35,-222072.683489359,-221911.50253285,"concentration_dominant",4,1000,100,10,1,20,200,180
"Rossi path BIC + refit",419.460960584986,NA,NA,NA,1,111199.183646381,TRUE,2,0.24,24,1,0.155555555555556,0.416666666666667,0.588235294117647,0.122166172822169,179.23862589869,0.2,1,20.1569308140739,199.228286566888,9.88386021684332,8.20092754950806e-05,0.310084451625365,0.322604266367812,49,-222059.887284092,-221834.233944979,"concentration_dominant",4,1000,100,10,1,20,200,180
"Separate 2D path/grid BIC",NA,NA,419.460960584986,0,1,111157.227462062,TRUE,2,0.24,24,1,0.155555555555556,0.416666666666667,0.588235294117647,0.176266590967885,179.572824277227,0.9,1,19.8443792743369,199.075115613115,10.0318136869397,0.000152217873408524,0.439814469679744,0.197737043810628,35,-222072.683489359,-221911.50253285,"concentration_dominant",4,1000,100,10,1,20,200,180
"Separate 2D path/grid BIC + refit",NA,NA,419.460960584986,0,1,111199.183646381,TRUE,2,0.24,24,1,0.155555555555556,0.416666666666667,0.588235294117647,0.122166172822169,179.23862589869,0.2,1,20.1569308140739,199.228286566888,9.88386021684332,8.20092754950806e-05,0.310084451625365,0.322604266367812,49,-222059.887284092,-221834.233944979,"concentration_dominant",4,1000,100,10,1,20,200,180
"Eta path BIC",NA,1.15503508640847,NA,NA,1,111216.04339181,TRUE,2,0.22,22,1,0.133333333333333,0.454545454545455,0.625,0.177047888399328,175.641769928487,0,1,22.2835700555501,197.532122687179,8.8644737891979,0.000192697467178744,5.65255531487078,0.303005033791698,123,-221582.432884305,-221015.996951428,"concentration_dominant",4,1000,100,10,1,20,200,180
"Eta path BIC + refit",NA,1.15503508640847,NA,NA,1,111196.040215077,TRUE,2,0.22,22,1,0.133333333333333,0.454545454545455,0.625,0.162345123605698,179.204674364366,0,1,20.2266002569757,199.134840184146,9.84519581413437,0.000112584205746504,0.399924591715017,0.473476935424123,45,-222081.2314426,-221873.998784231,"concentration_dominant",4,1000,100,10,1,20,200,180
"Rossi path BIC",407.98836125686,NA,NA,NA,1,110232.418580296,TRUE,2,0.22,22,1,0.133333333333333,0.454545454545455,0.625,0.176854650404889,178.884517434043,1,1,19.8239208715293,198.364325161133,10.0063113874722,0.000160646823229767,1.35321801899317,0.154341082833197,33,-220236.881236386,-220084.910620248,"concentration_dominant",5,1000,100,10,1,20,200,180
"Rossi path BIC + refit",407.98836125686,NA,NA,NA,1,110265.159620021,TRUE,2,0.22,22,1,0.133333333333333,0.454545454545455,0.625,0.0985057503362521,178.558903614218,0.4,1,20.0479104439828,198.498653257368,9.90121408473001,5.15278850522069e-05,1.12816872612644,0.298575795977426,45,-220219.470252488,-220012.237594119,"concentration_dominant",5,1000,100,10,1,20,200,180
"Separate 2D path/grid BIC",NA,NA,407.98836125686,0,1,110232.418580296,TRUE,2,0.22,22,1,0.133333333333333,0.454545454545455,0.625,0.176854650404889,178.884517434043,1,1,19.8239208715293,198.364325161133,10.0063113874722,0.000160646823229767,1.35321801899317,0.154341082833197,33,-220236.881236386,-220084.910620248,"concentration_dominant",5,1000,100,10,1,20,200,180
"Separate 2D path/grid BIC + refit",NA,NA,407.98836125686,0,1,110265.159620021,TRUE,2,0.22,22,1,0.133333333333333,0.454545454545455,0.625,0.0985057503362521,178.558903614218,0.4,1,20.0479104439828,198.498653257368,9.90121408473001,5.15278850522069e-05,1.12816872612644,0.298575795977426,45,-220219.470252488,-220012.237594119,"concentration_dominant",5,1000,100,10,1,20,200,180
"Eta path BIC",NA,1.87671858712693,NA,NA,1,110256.443941281,TRUE,2,0.1,10,1,0,1,1,0.165496235076118,172.688807354016,0.1,1,23.3553919491921,195.681392692442,8.37842469602446,0.000176284248870432,14.9545121047992,0.568607161579605,111,-219746.127046594,-219234.953155949,"concentration_dominant",5,1000,100,10,1,20,200,180
"Eta path BIC + refit",NA,1.87671858712693,NA,NA,1,110236.477577215,TRUE,2,0.1,10,1,0,1,1,0.0566171720048114,178.315327471053,1,1,19.980465679703,198.260183956134,9.9227008586459,1.73955576135917e-05,1.51367072808185,0.0612624412243867,21,-220327.892293572,-220231.183719666,"concentration_dominant",5,1000,100,10,1,20,200,180
"Rossi path BIC",370.656509370377,NA,NA,NA,1,111092.710313037,TRUE,2,0.21,21,1,0.122222222222222,0.476190476190476,0.645161290322581,0.208900804529902,180.220860166173,0.9,1,20.2078660389058,199.938887044693,9.89411186019117,0.000211870606271385,0.0234715417183998,0.272268738860075,32,-221964.372457147,-221817.007011195,"concentration_dominant",6,1000,100,10,1,20,200,180
"Rossi path BIC + refit",370.656509370377,NA,NA,NA,1,111120.817839509,TRUE,2,0.21,21,1,0.122222222222222,0.476190476190476,0.645161290322581,0.110685492287066,179.75112732748,0.3,1,20.4223163047582,200.034173734968,9.79488177295357,5.47251548686439e-05,0.0897594527131286,0.312001297488267,43,-221944.602202023,-221746.579884025,"concentration_dominant",6,1000,100,10,1,20,200,180
"Separate 2D path/grid BIC",NA,NA,370.656509370377,0,1,111092.710313037,TRUE,2,0.21,21,1,0.122222222222222,0.476190476190476,0.645161290322581,0.208900804529902,180.220860166173,0.9,1,20.2078660389058,199.938887044693,9.89411186019117,0.000211870606271385,0.0234715417183998,0.272268738860075,32,-221964.372457147,-221817.007011195,"concentration_dominant",6,1000,100,10,1,20,200,180
"Separate 2D path/grid BIC + refit",NA,NA,370.656509370377,0,1,111120.817839509,TRUE,2,0.21,21,1,0.122222222222222,0.476190476190476,0.645161290322581,0.110685492287066,179.75112732748,0.3,1,20.4223163047582,200.034173734968,9.79488177295357,5.47251548686439e-05,0.0897594527131286,0.312001297488267,43,-221944.602202023,-221746.579884025,"concentration_dominant",6,1000,100,10,1,20,200,180
"Eta path BIC",NA,1.98144291981135,NA,NA,1,111106.974143731,TRUE,2,0.1,10,1,0,1,1,0.152874933217744,173.528225592407,0.2,1,23.8158698914058,197.027822279166,8.27296349776691,0.000142704041276677,11.6973517161792,0.497003040487991,111,-221447.187451494,-220936.01356085,"concentration_dominant",6,1000,100,10,1,20,200,180
"Eta path BIC + refit",NA,1.98144291981135,NA,NA,1,111098.337634866,TRUE,2,0.1,10,1,0,1,1,0.0842434257434082,179.542955733324,1,1,20.3794587575286,199.841904410379,9.80604572418065,3.30177317344457e-05,0.0844915820613529,0.0773969108772293,21,-222051.612408874,-221954.903834968,"concentration_dominant",6,1000,100,10,1,20,200,180
"Rossi path BIC",377.258471554289,NA,NA,NA,1,111224.865721176,TRUE,2,0.25,25,1,0.166666666666667,0.4,0.571428571428572,0.173744838544782,182.852349992339,0.8,1,20.2066669573244,202.720572110143,10.0323607321425,0.00015009026717815,3.72211191886796,0.306441429381657,36,-222201.052252309,-222035.266125614,"concentration_dominant",7,1000,100,10,1,20,200,180
"Rossi path BIC + refit",377.258471554289,NA,NA,NA,1,111260.952594237,TRUE,2,0.25,25,1,0.166666666666667,0.4,0.571428571428572,0.137413645843471,182.60161513272,0.4,1,20.4686156729996,202.855420196222,9.91055884955675,8.84608320430521e-05,4.18651257298556,0.536613402304124,51,-222169.609669247,-221934.745989761,"concentration_dominant",7,1000,100,10,1,20,200,180
"Separate 2D path/grid BIC",NA,NA,377.258471554289,0,1,111224.865721176,TRUE,2,0.25,25,1,0.166666666666667,0.4,0.571428571428572,0.173744838544782,182.852349992339,0.8,1,20.2066669573244,202.720572110143,10.0323607321425,0.00015009026717815,3.72211191886796,0.306441429381657,36,-222201.052252309,-222035.266125614,"concentration_dominant",7,1000,100,10,1,20,200,180
"Separate 2D path/grid BIC + refit",NA,NA,377.258471554289,0,1,111260.952594237,TRUE,2,0.25,25,1,0.166666666666667,0.4,0.571428571428572,0.137413645843471,182.60161513272,0.4,1,20.4686156729996,202.855420196222,9.91055884955675,8.84608320430521e-05,4.18651257298556,0.536613402304124,51,-222169.609669247,-221934.745989761,"concentration_dominant",7,1000,100,10,1,20,200,180
"Eta path BIC",NA,1.75248894911898,NA,NA,1,111250.462991957,TRUE,2,0.14,14,1,0.0444444444444444,0.714285714285714,0.833333333333333,0.165259873501907,177.072962675203,0.2,1,23.5003226066832,200.210075133908,8.51946071059341,0.000172550922155539,6.14819495637215,0.178659215930057,115,-221706.534126831,-221176.939555442,"concentration_dominant",7,1000,100,10,1,20,200,180
"Eta path BIC + refit",NA,1.75248894911898,NA,NA,1,111238.231137491,TRUE,2,0.14,14,1,0.0444444444444444,0.714285714285714,0.833333333333333,0.116596772059096,182.423930127571,0.7,1,20.4062325847248,202.675989137315,9.93206307415261,5.82737282256723e-05,3.66297138795985,0.363157146137494,29,-222276.137371891,-222142.587436498,"concentration_dominant",7,1000,100,10,1,20,200,180
"Rossi path BIC",420.301863428335,NA,NA,NA,1,109441.912123157,TRUE,2,0.19,19,1,0.1,0.526315789473684,0.689655172413793,0.147136441968828,181.131173897645,0.9,1,20.2254159301515,201.113342901818,9.94359491030311,0.000115308039330761,0.645172379297249,0.119718461315481,30,-218676.591587944,-218538.436482365,"concentration_dominant",8,1000,100,10,1,20,200,180
"Rossi path BIC + refit",420.301863428335,NA,NA,NA,1,109467.615659132,TRUE,2,0.19,19,1,0.1,0.526315789473684,0.689655172413793,0.0860963410423944,180.928844607018,0.5,1,20.3857447276154,201.230536388318,9.87113981250448,4.40433031129829e-05,0.831509398928585,0.230247663467889,39,-218665.828862384,-218486.22722513,"concentration_dominant",8,1000,100,10,1,20,200,180
"Separate 2D path/grid BIC",NA,NA,420.301863428335,0,1,109441.912123157,TRUE,2,0.19,19,1,0.1,0.526315789473684,0.689655172413793,0.147136441968828,181.131173897645,0.9,1,20.2254159301515,201.113342901818,9.94359491030311,0.000115308039330761,0.645172379297249,0.119718461315481,30,-218676.591587944,-218538.436482365,"concentration_dominant",8,1000,100,10,1,20,200,180
"Separate 2D path/grid BIC + refit",NA,NA,420.301863428335,0,1,109467.615659132,TRUE,2,0.19,19,1,0.1,0.526315789473684,0.689655172413793,0.0860963410423944,180.928844607018,0.5,1,20.3857447276154,201.230536388318,9.87113981250448,4.40433031129829e-05,0.831509398928585,0.230247663467889,39,-218665.828862384,-218486.22722513,"concentration_dominant",8,1000,100,10,1,20,200,180
"Eta path BIC",NA,1.45906463341428,NA,NA,1,109470.94241948,TRUE,2,0.14,14,1,0.0444444444444444,0.714285714285714,0.833333333333333,0.158573185952096,176.426654692998,0.1,1,22.9976361345501,199.097690288334,8.65731108725661,0.000160436604858693,4.8999926054639,0.194548465898275,115,-218147.492981877,-217617.898410488,"concentration_dominant",8,1000,100,10,1,20,200,180
"Eta path BIC + refit",NA,1.45906463341428,NA,NA,1,109462.065794272,TRUE,2,0.14,14,1,0.0444444444444444,0.714285714285714,0.833333333333333,0.111806464058948,180.851288398628,0.7,1,20.4213612090738,201.130640666288,9.84903203107342,5.89427838843196e-05,0.727946792388284,0.232107605397078,29,-218723.806685454,-218590.25675006,"concentration_dominant",8,1000,100,10,1,20,200,180
"Rossi path BIC",425.16137456022,NA,NA,NA,1,110937.635931756,TRUE,2,0.2,20,1,0.111111111111111,0.5,0.666666666666667,0.151664443144761,183.295135083212,1,1,19.6079453142191,202.653581480455,10.3352787981052,0.000115777439107559,3.59760077502747,0.267644270241091,31,-221661.131449864,-221518.371174098,"concentration_dominant",9,1000,100,10,1,20,200,180
"Rossi path BIC + refit",425.16137456022,NA,NA,NA,1,110964.174188102,TRUE,2,0.2,20,1,0.111111111111111,0.5,0.666666666666667,0.0730193701731955,183.043005575206,0.5,1,19.7856015781655,202.770166416509,10.2483700389619,3.43925072460912e-05,3.859894329219,0.330525439368881,41,-221645.130409765,-221456.31843214,"concentration_dominant",9,1000,100,10,1,20,200,180
"Separate 2D path/grid BIC",NA,NA,425.16137456022,0,1,110937.635931756,TRUE,2,0.2,20,1,0.111111111111111,0.5,0.666666666666667,0.151664443144761,183.295135083212,1,1,19.6079453142191,202.653581480455,10.3352787981052,0.000115777439107559,3.59760077502747,0.267644270241091,31,-221661.131449864,-221518.371174098,"concentration_dominant",9,1000,100,10,1,20,200,180
"Separate 2D path/grid BIC + refit",NA,NA,425.16137456022,0,1,110964.174188102,TRUE,2,0.2,20,1,0.111111111111111,0.5,0.666666666666667,0.0730193701731955,183.043005575206,0.5,1,19.7856015781655,202.770166416509,10.2483700389619,3.43925072460912e-05,3.859894329219,0.330525439368881,41,-221645.130409765,-221456.31843214,"concentration_dominant",9,1000,100,10,1,20,200,180
"Eta path BIC",NA,1.58055283048684,NA,NA,1,110966.766814372,TRUE,2,0.12,12,1,0.0222222222222222,0.833333333333333,0.909090909090909,0.177016925217634,178.198039844371,0,1,22.6985876992402,200.496047112838,8.83297453433853,0.000200821476782675,3.76421915432279,0.0898704761146326,113,-221152.957282218,-220632.573051201,"concentration_dominant",9,1000,100,10,1,20,200,180
"Eta path BIC + refit",NA,1.58055283048684,NA,NA,1,110944.986225118,TRUE,2,0.12,12,1,0.0222222222222222,0.833333333333333,0.909090909090909,0.064792711939969,182.878861600553,0.8,1,19.7592419093011,202.592151313766,10.2530325932394,1.99209967389086e-05,3.38860644584792,0.210995538757643,25,-221717.278568262,-221602.149313612,"concentration_dominant",9,1000,100,10,1,20,200,180
"Rossi path BIC",433.136113554368,NA,NA,NA,1,109168.732591094,TRUE,2,0.19,19,1,0.1,0.526315789473684,0.689655172413793,0.180830609096718,178.845642805065,1,1,20.1613537491722,198.640501401405,9.85253787383008,0.000166161261064332,0.937135735976267,0.192427150765435,30,-218130.232523819,-217992.07741824,"concentration_dominant",10,1000,100,10,1,20,200,180
"Rossi path BIC + refit",433.136113554368,NA,NA,NA,1,109197.381319748,TRUE,2,0.19,19,1,0.1,0.526315789473684,0.689655172413793,0.0821716609051353,178.496716568956,0.5,1,20.3449361186647,198.765150553037,9.76976036659499,3.47743309812691e-05,0.821917041312013,0.352036340002514,39,-218125.360183616,-217945.758546362,"concentration_dominant",10,1000,100,10,1,20,200,180
"Separate 2D path/grid BIC",NA,NA,433.136113554368,0,1,109168.732591094,TRUE,2,0.19,19,1,0.1,0.526315789473684,0.689655172413793,0.180830609096718,178.845642805065,1,1,20.1613537491722,198.640501401405,9.85253787383008,0.000166161261064332,0.937135735976267,0.192427150765435,30,-218130.232523819,-217992.07741824,"concentration_dominant",10,1000,100,10,1,20,200,180
"Separate 2D path/grid BIC + refit",NA,NA,433.136113554368,0,1,109197.381319748,TRUE,2,0.19,19,1,0.1,0.526315789473684,0.689655172413793,0.0821716609051353,178.496716568956,0.5,1,20.3449361186647,198.765150553037,9.76976036659499,3.47743309812691e-05,0.821917041312013,0.352036340002514,39,-218125.360183616,-217945.758546362,"concentration_dominant",10,1000,100,10,1,20,200,180
"Eta path BIC",NA,1.4005377013006,NA,NA,1,109203.613342696,TRUE,2,0.17,17,1,0.0777777777777778,0.588235294117647,0.740740740740741,0.167700276295779,174.206374947585,0.1,1,22.9420057607149,196.783585836506,8.57743598746154,0.000184461723372085,9.50035898360117,0.397894229408678,118,-217592.111562471,-217048.701480525,"concentration_dominant",10,1000,100,10,1,20,200,180
"Eta path BIC + refit",NA,1.4005377013006,NA,NA,1,109190.581791732,TRUE,2,0.17,17,1,0.0777777777777778,0.588235294117647,0.740740740740741,0.0839008382196497,178.443391985741,0.5,1,20.3357324335178,198.699406575708,9.77094910278261,2.97878133466114e-05,0.90212976111326,0.338311903848196,35,-218139.392148699,-217978.21119219,"concentration_dominant",10,1000,100,10,1,20,200,180
"Rossi path BIC",368.360635275698,NA,NA,NA,1,109562.17044258,TRUE,2,0.25,25,1,0.166666666666667,0.4,0.571428571428572,0.179703676962295,181.120863433755,0.9,1,20.452453620068,201.206083396582,9.83774793647045,0.000167175092728615,0.829675718911466,0.216615438124248,36,-218875.661695116,-218709.87556842,"concentration_dominant",11,1000,100,10,1,20,200,180
"Rossi path BIC + refit",368.360635275698,NA,NA,NA,1,109595.007833455,TRUE,2,0.25,25,1,0.166666666666667,0.4,0.571428571428572,0.120862568534447,180.865200318232,0.6,1,20.6570650396652,201.354218737042,9.7474746945128,7.9985525744522e-05,1.13282142705252,0.396825044221902,51,-218837.720147682,-218602.856468196,"concentration_dominant",11,1000,100,10,1,20,200,180
"Separate 2D path/grid BIC",NA,NA,368.360635275698,0,1,109562.17044258,TRUE,2,0.25,25,1,0.166666666666667,0.4,0.571428571428572,0.179703676962295,181.120863433755,0.9,1,20.452453620068,201.206083396582,9.83774793647045,0.000167175092728615,0.829675718911466,0.216615438124247,36,-218875.661695116,-218709.87556842,"concentration_dominant",11,1000,100,10,1,20,200,180
"Separate 2D path/grid BIC + refit",NA,NA,368.360635275698,0,1,109595.007833455,TRUE,2,0.25,25,1,0.166666666666667,0.4,0.571428571428572,0.120862568534447,180.865200318232,0.6,1,20.6570650396652,201.354218737042,9.7474746945128,7.9985525744522e-05,1.13282142705252,0.396825044221902,51,-218837.720147682,-218602.856468196,"concentration_dominant",11,1000,100,10,1,20,200,180
"Eta path BIC",NA,1.81438296893069,NA,NA,1,109584.304583035,TRUE,2,0.11,11,1,0.0111111111111111,0.909090909090909,0.952380952380952,0.176811760244591,175.144183908071,0.3,1,23.8773803333432,198.597839876632,8.31740488713928,0.000200404782765617,8.50006563048005,0.312841097374027,112,-218394.940574823,-217879.161513992,"concentration_dominant",11,1000,100,10,1,20,200,180
"Eta path BIC + refit",NA,1.81438296893069,NA,NA,1,109561.407198337,TRUE,2,0.11,11,1,0.0111111111111111,0.909090909090909,0.952380952380952,0.0805991995220675,180.589876327757,0.9,1,20.5639563718781,201.079444873399,9.77824700836175,3.51362893356378e-05,0.741624012044518,0.127781576718204,23,-218963.936025258,-218858.01711098,"concentration_dominant",11,1000,100,10,1,20,200,180
"Rossi path BIC",366.871320536983,NA,NA,NA,1,110995.256458042,TRUE,2,0.28,28,1,0.2,0.357142857142857,0.526315789473684,0.219355216025975,181.273419249951,0.9,1,19.8830435449869,200.626264838683,10.0903196427021,0.000243016140337977,0.20294323027017,0.289737255495887,39,-221721.110460204,-221541.508822951,"concentration_dominant",12,1000,100,10,1,20,200,180
"Rossi path BIC + refit",366.871320536983,NA,NA,NA,1,111036.697791023,TRUE,2,0.28,28,1,0.2,0.357142857142857,0.526315789473684,0.139502108747633,180.810793428803,0.2,1,20.1874470044409,200.779981912413,9.94578372729576,8.96924254465425e-05,0.321754081582917,0.544888952584322,57,-221679.653531145,-221417.158830543,"concentration_dominant",12,1000,100,10,1,20,200,180
"Separate 2D path/grid BIC",NA,NA,366.871320536983,0,1,110995.256458042,TRUE,2,0.28,28,1,0.2,0.357142857142857,0.526315789473684,0.219355216025975,181.273419249951,0.9,1,19.8830435449869,200.626264838683,10.0903196427021,0.000243016140337977,0.20294323027017,0.289737255495887,39,-221721.110460204,-221541.508822951,"concentration_dominant",12,1000,100,10,1,20,200,180
"Separate 2D path/grid BIC + refit",NA,NA,366.871320536983,0,1,111036.697791023,TRUE,2,0.28,28,1,0.2,0.357142857142857,0.526315789473684,0.139502108747633,180.810793428803,0.2,1,20.1874470044409,200.779981912413,9.94578372729576,8.96924254465425e-05,0.321754081582917,0.544888952584322,57,-221679.653531145,-221417.158830543,"concentration_dominant",12,1000,100,10,1,20,200,180
"Eta path BIC",NA,2.04533768822897,NA,NA,1,111001.142112013,TRUE,2,0.11,11,1,0.0111111111111111,0.909090909090909,0.952380952380952,0.169344171433127,174.33758653525,0.1,1,23.7000270041679,197.651913198702,8.339733670512,0.000181131993233821,9.60185572899982,0.391263783082363,112,-221228.615632781,-220712.83657195,"concentration_dominant",12,1000,100,10,1,20,200,180
"Eta path BIC + refit",NA,2.04533768822897,NA,NA,1,110996.081319019,TRUE,2,0.11,11,1,0.0111111111111111,0.909090909090909,0.952380952380952,0.0902890819457394,180.455939488179,0.9,1,20.0861660372784,200.451138425402,9.97956195589443,3.93423603670447e-05,0.105475232427139,0.134970431433014,23,-221833.284266622,-221727.365352345,"concentration_dominant",12,1000,100,10,1,20,200,180
"Rossi path BIC",397.724445405935,NA,NA,NA,1,111312.020697947,TRUE,2,0.22,22,1,0.133333333333333,0.454545454545455,0.625,0.220762383273928,179.929842437158,0.9,1,19.6137417104657,199.014163605349,10.1466699492202,0.000244216711148011,0.560534431626636,0.223320185832305,33,-222396.085471687,-222244.11485555,"concentration_dominant",13,1000,100,10,1,20,200,180
"Rossi path BIC + refit",397.724445405935,NA,NA,NA,1,111351.951340615,TRUE,2,0.22,22,1,0.133333333333333,0.454545454545455,0.625,0.123122862530682,179.349212874187,0.2,1,19.9493463519937,199.130594529792,9.98181048222118,6.26785484880181e-05,0.379215831842111,0.389830391965684,45,-222393.053693677,-222185.821035307,"concentration_dominant",13,1000,100,10,1,20,200,180
"Separate 2D path/grid BIC",NA,NA,397.724445405935,0,1,111312.020697947,TRUE,2,0.22,22,1,0.133333333333333,0.454545454545455,0.625,0.220762383273928,179.929842437158,0.9,1,19.6137417104657,199.014163605349,10.1466699492202,0.000244216711148011,0.560534431626636,0.223320185832305,33,-222396.085471687,-222244.11485555,"concentration_dominant",13,1000,100,10,1,20,200,180
"Separate 2D path/grid BIC + refit",NA,NA,397.724445405935,0,1,111351.951340615,TRUE,2,0.22,22,1,0.133333333333333,0.454545454545455,0.625,0.123122862530682,179.349212874187,0.2,1,19.9493463519937,199.130594529792,9.98181048222118,6.26785484880181e-05,0.379215831842111,0.389830391965684,45,-222393.053693677,-222185.821035307,"concentration_dominant",13,1000,100,10,1,20,200,180
"Eta path BIC",NA,1.75325294283062,NA,NA,1,111343.669685019,TRUE,2,0.15,15,1,0.0555555555555556,0.666666666666667,0.8,0.148787062534099,173.845154613528,0.2,1,22.9594719494753,196.51711236193,8.55930453428486,0.000139609301165456,10.444490259576,0.427352111792643,116,-221886.039757677,-221351.840016102,"concentration_dominant",13,1000,100,10,1,20,200,180
"Eta path BIC + refit",NA,1.75325294283062,NA,NA,1,111340.27112208,TRUE,2,0.15,15,1,0.0555555555555556,0.666666666666667,0.8,0.111717504625754,179.242636855224,0.5,1,19.92722095497,199.031721596018,9.9879316862986,5.12145849264151e-05,0.471429928506537,0.271486652483542,31,-222466.401830512,-222323.641554746,"concentration_dominant",13,1000,100,10,1,20,200,180
"Rossi path BIC",343.104655010711,NA,NA,NA,1,112275.646431593,TRUE,2,0.32,32,1,0.244444444444444,0.3125,0.476190476190476,0.227448780959845,182.66001840273,1,1,20.191497710874,202.272237169535,10.0176935889507,0.000251718255404416,2.59986656394225,0.418369129690937,43,-224254.25938619,-224056.237068192,"concentration_dominant",14,1000,100,10,1,20,200,180
"Rossi path BIC + refit",343.104655010711,NA,NA,NA,1,112318.6300265,TRUE,2,0.32,32,1,0.244444444444444,0.3125,0.476190476190476,0.152645057015053,182.164277404408,0.3,1,20.5235532912439,202.421942237035,9.86290918363519,0.00011102519020586,3.06995612415384,0.554046005232291,65,-224188.255959866,-223888.919897777,"concentration_dominant",14,1000,100,10,1,20,200,180
"Separate 2D path/grid BIC",NA,NA,343.104655010711,0,1,112275.646431593,TRUE,2,0.32,32,1,0.244444444444444,0.3125,0.476190476190476,0.227448780959845,182.66001840273,1,1,20.191497710874,202.272237169535,10.0176935889507,0.000251718255404416,2.59986656394225,0.418369129690937,43,-224254.25938619,-224056.237068192,"concentration_dominant",14,1000,100,10,1,20,200,180
"Separate 2D path/grid BIC + refit",NA,NA,343.104655010711,0,1,112318.6300265,TRUE,2,0.32,32,1,0.244444444444444,0.3125,0.476190476190476,0.152645057015053,182.164277404408,0.3,1,20.5235532912439,202.421942237035,9.86290918363519,0.00011102519020586,3.06995612415384,0.554046005232291,65,-224188.255959866,-223888.919897777,"concentration_dominant",14,1000,100,10,1,20,200,180
"Eta path BIC",NA,1.78836833664001,NA,NA,1,112297.47673264,TRUE,2,0.13,13,1,0.0333333333333333,0.769230769230769,0.869565217391304,0.176405051680395,176.476546416878,0.3,1,23.6033353728787,199.663884877469,8.459138580342,0.000189919148489562,6.5484995925164,0.226672668773265,114,-223807.469363477,-223282.479962274,"concentration_dominant",14,1000,100,10,1,20,200,180
"Eta path BIC + refit",NA,1.78836833664001,NA,NA,1,112282.443748855,TRUE,2,0.13,13,1,0.0333333333333333,0.769230769230769,0.869565217391304,0.121705807990642,181.882540327264,0.7,1,20.427847333092,202.142165965795,9.89542180679683,6.48010198043203e-05,2.38596418272327,0.269092775354092,27,-224378.378105177,-224254.038510155,"concentration_dominant",14,1000,100,10,1,20,200,180
"Rossi path BIC",419.239168878149,NA,NA,NA,1,109700.45490766,TRUE,2,0.21,21,1,0.122222222222222,0.476190476190476,0.645161290322581,0.17745103725668,180.666561462952,1,1,19.6971512731015,200.020044408897,10.1547701815158,0.000161723031688605,0.0460595648560405,0.144668140578153,32,-219179.861646392,-219032.496200441,"concentration_dominant",15,1000,100,10,1,20,200,180
"Rossi path BIC + refit",419.239168878149,NA,NA,NA,1,109738.222634842,TRUE,2,0.21,21,1,0.122222222222222,0.476190476190476,0.645161290322581,0.108997826873082,180.317169402685,0.2,1,19.9721602664662,200.157587629847,10.0218296348201,7.3369643756357e-05,0.0128044559220066,0.208937974082798,43,-219179.411792687,-218981.38947469,"concentration_dominant",15,1000,100,10,1,20,200,180
"Separate 2D path/grid BIC",NA,NA,419.239168878149,0,1,109700.45490766,TRUE,2,0.21,21,1,0.122222222222222,0.476190476190476,0.645161290322581,0.17745103725668,180.666561462952,1,1,19.6971512731015,200.020044408897,10.1547701815158,0.000161723031688605,0.0460595648560405,0.144668140578153,32,-219179.861646392,-219032.496200441,"concentration_dominant",15,1000,100,10,1,20,200,180
"Separate 2D path/grid BIC + refit",NA,NA,419.239168878149,0,1,109738.222634842,TRUE,2,0.21,21,1,0.122222222222222,0.476190476190476,0.645161290322581,0.108997826873082,180.317169402685,0.2,1,19.9721602664662,200.157587629847,10.0218296348201,7.3369643756357e-05,0.0128044559220066,0.208937974082798,43,-219179.411792687,-218981.38947469,"concentration_dominant",15,1000,100,10,1,20,200,180
"Eta path BIC",NA,1.28206173223315,NA,NA,1,109756.007201463,TRUE,2,0.18,18,1,0.0888888888888889,0.555555555555556,0.714285714285714,0.188355226484459,176.399950946269,0.2,1,22.3890213953343,198.341849229342,8.85888872618054,0.000225456445360406,4.22844360279943,0.184176475276992,119,-218689.991524728,-218141.976272595,"concentration_dominant",15,1000,100,10,1,20,200,180
"Eta path BIC + refit",NA,1.28206173223315,NA,NA,1,109724.552172454,TRUE,2,0.18,18,1,0.0888888888888889,0.555555555555556,0.714285714285714,0.122046010886922,180.240076612623,0.2,1,19.9527226295886,200.02780940928,10.0250884614941,6.28125716191713e-05,0.00150425649876728,0.280226506386855,37,-219193.517399585,-219023.126102703,"concentration_dominant",15,1000,100,10,1,20,200,180
"Rossi path BIC",379.27624354104,NA,NA,NA,1,111244.138781307,TRUE,2,0.28,28,1,0.2,0.357142857142857,0.526315789473684,0.193143541655946,182.569852846888,1,1,19.4957912687604,201.663531139489,10.3439521053259,0.000183260934116182,1.51078114835416,0.346921587387441,39,-222218.875106734,-222039.27346948,"concentration_dominant",16,1000,100,10,1,20,200,180
"Rossi path BIC + refit",379.27624354104,NA,NA,NA,1,111281.510569979,TRUE,2,0.28,28,1,0.2,0.357142857142857,0.526315789473684,0.101275662169043,182.186490071256,0.3,1,19.7506763047941,201.824924584651,10.2186336037344,6.46898387371697e-05,1.69625602232701,0.415579070203508,57,-222169.279089055,-221906.784388454,"concentration_dominant",16,1000,100,10,1,20,200,180
"Separate 2D path/grid BIC",NA,NA,379.27624354104,0,1,111244.138781307,TRUE,2,0.28,28,1,0.2,0.357142857142857,0.526315789473684,0.193143541655946,182.569852846888,1,1,19.4957912687604,201.663531139489,10.3439521053259,0.000183260934116182,1.51078114835416,0.346921587387441,39,-222218.875106734,-222039.27346948,"concentration_dominant",16,1000,100,10,1,20,200,180
"Separate 2D path/grid BIC + refit",NA,NA,379.27624354104,0,1,111281.510569979,TRUE,2,0.28,28,1,0.2,0.357142857142857,0.526315789473684,0.101275662169043,182.186490071256,0.3,1,19.7506763047941,201.824924584651,10.2186336037344,6.46898387371697e-05,1.69625602232701,0.415579070203508,57,-222169.279089055,-221906.784388454,"concentration_dominant",16,1000,100,10,1,20,200,180
"Eta path BIC",NA,1.84807315446112,NA,NA,1,111261.191703678,TRUE,2,0.1,10,1,0,1,1,0.186885176620247,176.4021441194,0.2,1,23.081681296954,199.028460690141,8.62278870111622,0.00022007267927152,5.22032412329901,0.217274068388088,111,-221755.622571389,-221244.448680745,"concentration_dominant",16,1000,100,10,1,20,200,180
"Eta path BIC + refit",NA,1.84807315446112,NA,NA,1,111237.300275119,TRUE,2,0.1,10,1,0,1,1,0.0662405149746563,181.822988095573,1,1,19.6671845435204,201.442362642201,10.2425622842172,2.08586283618722e-05,1.0955880598445,0.118083681022015,21,-222329.53768938,-222232.829115474,"concentration_dominant",16,1000,100,10,1,20,200,180
"Rossi path BIC",394.643172272273,NA,NA,NA,1,111082.10768066,TRUE,2,0.28,28,1,0.2,0.357142857142857,0.526315789473684,0.164195476967656,182.464904558056,0.9,1,19.8573810771843,202.025669546578,10.1738325291396,0.000141619892983793,2.0618386345399,0.202132627652448,39,-221894.812905439,-221715.211268185,"concentration_dominant",17,1000,100,10,1,20,200,180
"Rossi path BIC + refit",394.643172272273,NA,NA,NA,1,111118.655193468,TRUE,2,0.28,28,1,0.2,0.357142857142857,0.526315789473684,0.1093921201355,182.257184433254,0.2,1,20.0801537111474,202.203994264064,10.0698429490513,6.16592057653709e-05,2.43200766671909,0.480740829742612,57,-221843.568336034,-221581.073635432,"concentration_dominant",17,1000,100,10,1,20,200,180
"Separate 2D path/grid BIC",NA,NA,394.643172272273,0,1,111082.10768066,TRUE,2,0.28,28,1,0.2,0.357142857142857,0.526315789473684,0.164195476967656,182.464904558056,0.9,1,19.8573810771843,202.025669546578,10.1738325291396,0.000141619892983793,2.0618386345399,0.202132627652448,39,-221894.812905439,-221715.211268185,"concentration_dominant",17,1000,100,10,1,20,200,180
"Separate 2D path/grid BIC + refit",NA,NA,394.643172272273,0,1,111118.655193468,TRUE,2,0.28,28,1,0.2,0.357142857142857,0.526315789473684,0.1093921201355,182.257184433254,0.2,1,20.0801537111474,202.203994264064,10.0698429490513,6.16592057653709e-05,2.43200766671909,0.480740829742612,57,-221843.568336034,-221581.073635432,"concentration_dominant",17,1000,100,10,1,20,200,180
"Eta path BIC",NA,1.58714646095247,NA,NA,1,111110.615026967,TRUE,2,0.15,15,1,0.0555555555555556,0.666666666666667,0.8,0.170331990584063,177.246230048161,0,1,22.9314028250225,199.802248172045,8.71304078937652,0.000188804913432095,4.31611415400469,0.12935701410773,116,-221419.930441572,-220885.730699997,"concentration_dominant",17,1000,100,10,1,20,200,180
"Eta path BIC + refit",NA,1.58714646095247,NA,NA,1,111092.550335575,TRUE,2,0.15,15,1,0.0555555555555556,0.666666666666667,0.8,0.0878751471326587,182.05032547722,0.5,1,20.0210369379994,201.985575720398,10.0886670528556,3.1806846754644e-05,1.97147674709807,0.309820901070424,31,-221970.960257502,-221828.199981737,"concentration_dominant",17,1000,100,10,1,20,200,180
"Rossi path BIC",388.1115677554,NA,NA,NA,1,111636.516616303,TRUE,2,0.24,24,1,0.155555555555556,0.416666666666667,0.588235294117647,0.208989374689684,181.875444537309,0.8,1,20.0645791702497,201.454029607989,10.0402818269267,0.000216339610700736,1.05918628506999,0.277775730753895,35,-223031.261797842,-222870.080841332,"concentration_dominant",18,1000,100,10,1,20,200,180
"Rossi path BIC + refit",388.1115677554,NA,NA,NA,1,111668.269684721,TRUE,2,0.24,24,1,0.155555555555556,0.416666666666667,0.588235294117647,0.0941084584298652,181.393129336088,0.6,1,20.2883773603961,201.581639158116,9.93581869941033,3.86479296716363e-05,1.29237196423815,0.387328099197554,49,-222998.059360772,-222772.406021658,"concentration_dominant",18,1000,100,10,1,20,200,180
"Separate 2D path/grid BIC",NA,NA,388.1115677554,0,1,111636.516616303,TRUE,2,0.24,24,1,0.155555555555556,0.416666666666667,0.588235294117647,0.208989374689684,181.875444537309,0.8,1,20.0645791702497,201.454029607989,10.0402818269267,0.000216339610700736,1.05918628506999,0.277775730753895,35,-223031.261797842,-222870.080841332,"concentration_dominant",18,1000,100,10,1,20,200,180
"Separate 2D path/grid BIC + refit",NA,NA,388.1115677554,0,1,111668.269684721,TRUE,2,0.24,24,1,0.155555555555556,0.416666666666667,0.588235294117647,0.0941084584298652,181.393129336088,0.6,1,20.2883773603961,201.581639158116,9.93581869941033,3.86479296716363e-05,1.29237196423815,0.387328099197554,49,-222998.059360772,-222772.406021658,"concentration_dominant",18,1000,100,10,1,20,200,180
"Eta path BIC",NA,2.03390335056392,NA,NA,1,111649.644508969,TRUE,2,0.1,10,1,0,1,1,0.160341012158186,174.998165867078,0.1,1,23.8496145688939,198.499684393474,8.32297242456779,0.000161468527972694,8.53523962411245,0.301535289967279,111,-222532.52818197,-222021.354291326,"concentration_dominant",18,1000,100,10,1,20,200,180
"Eta path BIC + refit",NA,2.03390335056392,NA,NA,1,111638.783800607,TRUE,2,0.1,10,1,0,1,1,0.0728856704836836,181.092398513801,1,1,20.2676883629745,201.300235469773,9.93207670577338,2.58606336237173e-05,0.881134668264504,0.0613710178297621,21,-223132.504740356,-223035.79616645,"concentration_dominant",18,1000,100,10,1,20,200,180
"Rossi path BIC",413.770627876247,NA,NA,NA,1,110743.017931534,TRUE,2,0.2,20,1,0.111111111111111,0.5,0.666666666666667,0.19827773808432,180.987664985198,1,1,19.3385233665736,199.905827424791,10.3371815745935,0.000199948919941749,0.223209905245317,0.189657823848063,31,-221271.89544942,-221129.135173655,"concentration_dominant",19,1000,100,10,1,20,200,180
"Rossi path BIC + refit",413.770627876247,NA,NA,NA,1,110776.508858901,TRUE,2,0.2,20,1,0.111111111111111,0.5,0.666666666666667,0.0765679509337324,180.476635138947,0.5,1,19.603889048488,200.016825793324,10.2029156203958,3.81727520972901e-05,0.0785934966143878,0.172171869939326,41,-221269.799751363,-221080.987773738,"concentration_dominant",19,1000,100,10,1,20,200,180
"Separate 2D path/grid BIC",NA,NA,413.770627876247,0,1,110743.017931534,TRUE,2,0.2,20,1,0.111111111111111,0.5,0.666666666666667,0.19827773808432,180.987664985198,1,1,19.3385233665736,199.905827424791,10.3371815745935,0.000199948919941749,0.223209905245317,0.189657823848063,31,-221271.89544942,-221129.135173655,"concentration_dominant",19,1000,100,10,1,20,200,180
"Separate 2D path/grid BIC + refit",NA,NA,413.770627876247,0,1,110776.508858901,TRUE,2,0.2,20,1,0.111111111111111,0.5,0.666666666666667,0.0765679509337324,180.476635138947,0.5,1,19.603889048488,200.016825793324,10.2029156203958,3.81727520972901e-05,0.0785934966143878,0.172171869939326,41,-221269.799751363,-221080.987773738,"concentration_dominant",19,1000,100,10,1,20,200,180
"Eta path BIC",NA,1.27778033170404,NA,NA,1,110791.333401413,TRUE,2,0.14,14,1,0.0444444444444444,0.714285714285714,0.833333333333333,0.168491663918049,176.519787722306,0,1,21.9734743210329,198.142799337569,9.01736322816768,0.00017935670691846,3.67189759815515,0.179881037831309,115,-220788.274945743,-220258.680374354,"concentration_dominant",19,1000,100,10,1,20,200,180
"Eta path BIC + refit",NA,1.27778033170404,NA,NA,1,110764.070190043,TRUE,2,0.14,14,1,0.0444444444444444,0.714285714285714,0.833333333333333,0.0785378633606592,180.385574255399,0.7,1,19.58541809295,199.904040682365,10.2067793362207,2.80539272437428e-05,0.0905431741471305,0.146782508295531,29,-221327.815476995,-221194.265541602,"concentration_dominant",19,1000,100,10,1,20,200,180
"Rossi path BIC",396.455057101251,NA,NA,NA,1,110139.461332919,TRUE,2,0.2,20,1,0.111111111111111,0.5,0.666666666666667,0.16837626786678,180.398802481019,0.9,1,19.4989078337793,199.591641330953,10.2360420918133,0.000142744892879887,0.208925080816842,0.169216787543048,31,-220064.782252189,-219922.021976423,"concentration_dominant",20,1000,100,10,1,20,200,180
"Rossi path BIC + refit",396.455057101251,NA,NA,NA,1,110165.184906256,TRUE,2,0.2,20,1,0.111111111111111,0.5,0.666666666666667,0.0864572679340533,180.103984112588,0.4,1,19.6760105226229,199.698437914388,10.1493357957285,3.83136366333258e-05,0.0979544364648242,0.272478147935417,41,-220047.151846073,-219858.339868448,"concentration_dominant",20,1000,100,10,1,20,200,180
"Separate 2D path/grid BIC",NA,NA,396.455057101251,0,1,110139.461332919,TRUE,2,0.2,20,1,0.111111111111111,0.5,0.666666666666667,0.16837626786678,180.398802481019,0.9,1,19.4989078337793,199.591641330953,10.2360420918133,0.000142744892879887,0.208925080816842,0.169216787543048,31,-220064.782252189,-219922.021976423,"concentration_dominant",20,1000,100,10,1,20,200,180
"Separate 2D path/grid BIC + refit",NA,NA,396.455057101251,0,1,110165.184906256,TRUE,2,0.2,20,1,0.111111111111111,0.5,0.666666666666667,0.0864572679340533,180.103984112588,0.4,1,19.6760105226229,199.698437914388,10.1493357957285,3.83136366333258e-05,0.0979544364648242,0.272478147935417,41,-220047.151846073,-219858.339868448,"concentration_dominant",20,1000,100,10,1,20,200,180
"Eta path BIC",NA,1.79939869694733,NA,NA,1,110159.440682354,TRUE,2,0.12,12,1,0.0222222222222222,0.833333333333333,0.909090909090909,0.158224260927192,174.485844132053,0,1,22.8431900322835,197.005891530595,8.62427232151784,0.000159513218832193,8.52420754311962,0.364314015711309,113,-219538.305018183,-219017.920787167,"concentration_dominant",20,1000,100,10,1,20,200,180
"Eta path BIC + refit",NA,1.79939869694733,NA,NA,1,110147.801371217,TRUE,2,0.12,12,1,0.0222222222222222,0.833333333333333,0.909090909090909,0.0683302776554003,179.953920139554,0.8,1,19.6421437792744,199.545209742453,10.1590341657618,2.04555259818907e-05,0.167447626535758,0.141674353990193,25,-220122.908860459,-220007.779605809,"concentration_dominant",20,1000,100,10,1,20,200,180
"Rossi path BIC",24.9030773678734,NA,NA,NA,0.31966475186394,90657.5248251639,TRUE,2,0.89,89,1,0.877777777777778,0.112359550561798,0.202020202020202,0.200438349677299,20.0024467621666,0.3,1,21.9156308060214,40.9945028723964,1.87056002335708,0.00016625913183615,2.32933867409139,0.331322817339651,127,-180437.764729897,-179852.908116277,"weak_concentration",1,1000,100,10,1,20,40,20
"Rossi path BIC + refit",24.9030773678734,NA,NA,NA,0.269669639742254,90675.2928934859,TRUE,24,0.89,89,1,0.877777777777778,0.112359550561798,0.202020202020202,0.357098222094641,20.9479049473901,0.1,1,22.1165177418049,40.1596157979338,1.81582002495916,0.000458590714184254,2.25256227716238,1.03377694569205,179,-180114.097592034,-179289.772128742,"weak_concentration",1,1000,100,10,1,20,40,20
"Separate 2D path/grid BIC",NA,NA,17.4196667019638,3.38075006324226,0.105986386396643,90638.1016854647,TRUE,8,0.87,87,1,0.855555555555556,0.114942528735632,0.206185567010309,0.373474169708619,22.6832043597902,0.4,1,12.3795322187074,33.7399590479152,2.72546316386081,0.000677512853098246,48.6298209637483,0.336758942766275,113,-180495.627024404,-179975.242793388,"weak_concentration",1,1000,100,10,1,20,40,20
"Separate 2D path/grid BIC + refit",NA,NA,17.4196667019638,3.38075006324226,0.197797271606262,90674.9434346072,TRUE,37,0.87,87,1,0.855555555555556,0.114942528735632,0.206185567010309,0.519902678863603,21.8805930309088,0.2,1,18.4020445321402,35.7496593894925,1.94270040630832,0.00115789952241757,10.3094284912962,1.14097633641958,175,-180141.029695393,-179335.124912845,"weak_concentration",1,1000,100,10,1,20,40,20
"Eta path BIC",NA,0.257277683187683,NA,NA,0.280086412657586,90665.9560485737,TRUE,2,0.54,54,1,0.488888888888889,0.185185185185185,0.3125,0.275861781858663,18.7897480764376,0.3,1,19.9810121900278,37.1999068554938,1.86176288276625,0.000389479030926776,3.92044107741898,0.437529931484707,155,-180261.210028905,-179547.408650077,"weak_concentration",1,1000,100,10,1,20,40,20
"Eta path BIC + refit",NA,0.257277683187683,NA,NA,0.269564579399099,90654.2481011186,TRUE,10,0.54,54,1,0.488888888888889,0.185185185185185,0.3125,0.389325625257037,20.7648639401221,0.1,1,19.7530666685704,37.602323235798,1.90361951724832,0.000568812534377051,2.9049149678826,0.843244424557091,109,-180555.550876828,-180053.587326555,"weak_concentration",1,1000,100,10,1,20,40,20
"Rossi path BIC",32.5214199403626,NA,NA,NA,0.383788540585714,90668.4197784613,TRUE,2,0.84,84,1,0.822222222222222,0.119047619047619,0.212765957446808,0.260865799460848,22.0296291449966,0.3,1,21.3344387242173,41.9359138676256,1.96564411230669,0.00025157685869094,2.76424460577803,0.615021896316807,128,-180452.646881213,-179863.185097406,"weak_concentration",2,1000,100,10,1,20,40,20
"Rossi path BIC + refit",32.5214199403626,NA,NA,NA,0.347450651176458,90692.081401288,TRUE,12,0.84,84,1,0.822222222222222,0.119047619047619,0.212765957446808,0.407833415014298,23.2411190389956,0.2,1,21.7501832307104,41.4990998966332,1.90798851928926,0.000568180004173443,2.65522092057274,1.46154851478425,169,-180216.752160428,-179438.478398996,"weak_concentration",2,1000,100,10,1,20,40,20
"Separate 2D path/grid BIC",NA,NA,36.4544905681511,0,0.381309072992891,90662.9830552341,TRUE,2,0.79,79,1,0.766666666666667,0.126582278481013,0.224719101123596,0.246625241043917,21.8760426667932,0.4,1,21.1820192019952,41.7907332026569,1.97293434606652,0.000227970088928562,2.30194739849163,0.54156567775372,120,-180497.03547699,-179944.415054672,"weak_concentration",2,1000,100,10,1,20,40,20
"Separate 2D path/grid BIC + refit",NA,NA,36.4544905681511,0,0.340398147958767,90691.0284117973,TRUE,12,0.79,79,1,0.766666666666667,0.126582278481013,0.224719101123596,0.407491785936192,23.192595525258,0.2,1,21.6914796349707,41.4082200547149,1.90896244753895,0.000567139507707984,2.42209353901086,1.44860730712855,159,-180283.723734236,-179551.501674664,"weak_concentration",2,1000,100,10,1,20,40,20
"Eta path BIC",NA,0.83610701757194,NA,NA,0.429766403549121,90622.2864061191,TRUE,8,0.16,16,1,0.0666666666666667,0.625,0.769230769230769,0.157991218915719,16.4794589085749,0.6,1,22.7352918348933,38.5372738145203,1.69504196798453,0.000205625013517767,4.81069465786107,0.330579976346149,117,-180436.365444597,-179897.560532837,"weak_concentration",2,1000,100,10,1,20,40,20
"Eta path BIC + refit",NA,0.83610701757194,NA,NA,0.403900206669987,90601.2872553816,TRUE,7,0.16,16,1,0.0666666666666667,0.625,0.769230769230769,0.248304036734266,21.3670263322309,0.4,1,20.6184580650609,40.7371935657127,1.97576333968174,0.000188947219928537,0.462972365783522,0.459404226607893,33,-180974.618586557,-180822.647970419,"weak_concentration",2,1000,100,10,1,20,40,20
"Rossi path BIC",63.5486660040879,NA,NA,NA,0.386273185162242,90551.4405654299,TRUE,2,0.45,45,1,0.388888888888889,0.222222222222222,0.363636363636364,0.117987889629456,21.3517706643609,0.6,1,21.660523039557,42.708558697585,1.97172333371589,6.42449162059539e-05,5.04681349158155,0.16013385377502,60,-180688.415814121,-180412.105602962,"weak_concentration",3,1000,100,10,1,20,40,20
"Rossi path BIC + refit",63.5486660040879,NA,NA,NA,0.321949106828526,90583.6421688564,TRUE,8,0.45,45,1,0.388888888888889,0.222222222222222,0.363636363636364,0.265883202109758,22.4756179777245,0.1,1,21.9341339940318,42.8784804137173,1.95487455421693,0.00026536075331892,6.01326189951182,0.70778591802826,91,-180538.678607325,-180119.608120401,"weak_concentration",3,1000,100,10,1,20,40,20
"Separate 2D path/grid BIC",NA,NA,64.6323810757958,0,0.386273077914386,90550.5774915434,TRUE,2,0.44,44,1,0.377777777777778,0.227272727272727,0.37037037037037,0.117085690951548,21.3251080888554,0.6,1,21.6252602688753,42.6518053201835,1.97231408037993,6.30984416310122e-05,4.83677119886891,0.156934085431101,58,-180700.505176906,-180433.405306118,"weak_concentration",3,1000,100,10,1,20,40,20
"Separate 2D path/grid BIC + refit",NA,NA,64.6323810757958,0,0.333420352502255,90582.3755138272,TRUE,8,0.44,44,1,0.377777777777778,0.227272727272727,0.37037037037037,0.26308797342218,22.4063827860521,0,1,21.8790094567149,42.7894674716776,1.95573147661605,0.000260859616038515,5.65590265698567,0.690611836328724,89,-180549.960807825,-180140.100661272,"weak_concentration",3,1000,100,10,1,20,40,20
"Eta path BIC",NA,0.973921230823441,NA,NA,0.231570932129183,90540.2031196212,TRUE,5,0.12,12,1,0.0222222222222222,0.833333333333333,0.909090909090909,0.0999571252303732,16.8292228990119,0.9,1,25.1400988991244,41.6555304648641,1.65693582320454,0.00012564215111206,14.5806989064365,0.22418346351785,113,-180299.829892717,-179779.445661701,"weak_concentration",3,1000,100,10,1,20,40,20
"Eta path BIC + refit",NA,0.973921230823441,NA,NA,0.333423686701624,90528.60872361,TRUE,24,0.12,12,1,0.0222222222222222,0.833333333333333,0.909090909090909,0.126448108988136,21.5738834408914,0.8,1,22.1491568527563,43.3641333732398,1.95782321022497,5.86493125994229e-05,7.96813426534772,0.191225779234644,25,-180884.523565246,-180769.394310596,"weak_concentration",3,1000,100,10,1,20,40,20
"Rossi path BIC",39.4220162165536,NA,NA,NA,0.347435718627128,90508.2813961204,TRUE,2,0.75,75,1,0.722222222222222,0.133333333333333,0.235294117647059,0.21360661143805,19.6810702555187,0.5,1,19.4722009456973,38.2696206334996,1.9653464310595,0.000170075919579666,1.6363922968665,0.356389362424854,95,-180360.326040737,-179922.834873069,"weak_concentration",4,1000,100,10,1,20,40,20
"Rossi path BIC + refit",39.4220162165536,NA,NA,NA,0.338054038552796,90535.7332634009,TRUE,11,0.75,75,1,0.722222222222222,0.133333333333333,0.235294117647059,0.33753228431089,20.6831458670685,0.3,1,20.0419359559775,38.4791687716208,1.91993272786327,0.000448536940848183,1.1573431248086,0.792548606377906,151,-180028.395479675,-179333.014781591,"weak_concentration",4,1000,100,10,1,20,40,20
"Separate 2D path/grid BIC",NA,NA,51.7007628707767,0,0.324200009925842,90496.3017436313,TRUE,2,0.61,61,1,0.566666666666667,0.163934426229508,0.28169014084507,0.209882666625586,19.6099360848595,0.6,1,18.9519616707487,37.7413550967391,1.99142208877463,0.000161673843506881,3.09993056930319,0.312956043941226,73,-180488.337351897,-180152.15992832,"weak_concentration",4,1000,100,10,1,20,40,20
"Separate 2D path/grid BIC + refit",NA,NA,51.7007628707767,0,0.306211876308368,90529.0649476587,TRUE,16,0.61,61,1,0.566666666666667,0.163934426229508,0.28169014084507,0.325670972383934,20.4721332565079,0.2,1,19.9559160178038,38.3396126483458,1.92121537363361,0.000421171241757272,1.37941477750974,0.739488319987693,123,-180208.475996003,-179642.040063126,"weak_concentration",4,1000,100,10,1,20,40,20
"Eta path BIC",NA,0.925812409715923,NA,NA,0.376370409493329,90483.3543957477,TRUE,12,0.11,11,1,0.0111111111111111,0.909090909090909,0.952380952380952,0.165336262349669,13.4334392779547,0.6,1,23.173443562666,35.7360676821726,1.5421129615689,0.000198062584521361,14.1259314282195,0.754615685206961,112,-180193.040200249,-179677.261139419,"weak_concentration",4,1000,100,10,1,20,40,20
"Eta path BIC + refit",NA,0.925812409715923,NA,NA,0.371465437485257,90465.0095899239,TRUE,18,0.11,11,1,0.0111111111111111,0.909090909090909,0.952380952380952,0.17762170048565,19.1775710720795,0.9,1,19.7255126177922,38.2717148544486,1.94021395519667,9.96197063218302e-05,1.53115643366248,0.251376346072717,23,-180771.140808431,-180665.221894154,"weak_concentration",4,1000,100,10,1,20,40,20
"Rossi path BIC",61.5575814825738,NA,NA,NA,0.347451649969689,90737.476842824,TRUE,2,0.49,49,1,0.433333333333333,0.204081632653061,0.338983050847458,0.177072909644694,21.8616285537494,0.6,1,21.3133827857794,42.5152420649182,1.99476744223282,0.000122896715262829,4.02570849355785,0.346830298640957,65,-181025.949592514,-180726.613530425,"weak_concentration",5,1000,100,10,1,20,40,20
"Rossi path BIC + refit",61.5575814825738,NA,NA,NA,0.324229599331816,90770.1679743329,TRUE,9,0.49,49,1,0.433333333333333,0.204081632653061,0.338983050847458,0.322655696587443,23.0489122467736,0.2,1,21.7549003231044,42.6057410508235,1.95844340438438,0.000374797531633383,4.93478078398948,1.02322729155402,99,-180856.468176047,-180400.556327634,"weak_concentration",5,1000,100,10,1,20,40,20
"Separate 2D path/grid BIC",NA,NA,40.0250398660493,0,0.338069626939679,90758.3479208194,TRUE,3,0.72,72,1,0.688888888888889,0.138888888888889,0.24390243902439,0.215155807036386,22.2981672634757,0.4,1,21.7133507783492,43.0198440699555,1.98126233528413,0.000182796214686666,6.02751454825757,0.515226659254421,99,-180832.82806902,-180376.916220607,"weak_concentration",5,1000,100,10,1,20,40,20
"Separate 2D path/grid BIC + refit",NA,NA,40.0250398660493,0,0.308453012844388,90784.982745142,TRUE,10,0.72,72,1,0.688888888888889,0.138888888888889,0.24390243902439,0.351273784369804,23.4169099041673,0.1,1,22.1185614635043,42.8863884089687,1.93893208108183,0.000440443656396639,6.40977036103711,1.21530032472486,145,-180568.340974831,-179900.591297863,"weak_concentration",5,1000,100,10,1,20,40,20
"Eta path BIC",NA,0.97390593759688,NA,NA,0.378842531095133,90721.0966425705,TRUE,23,0.13,13,1,0.0333333333333333,0.769230769230769,0.869565217391304,0.143719171380719,16.5754314681003,0.6,1,24.0146273678145,39.9806367497942,1.66484518528812,0.000184636320555501,8.05880391893169,0.351752640150831,114,-180654.709183337,-180129.719782134,"weak_concentration",5,1000,100,10,1,20,40,20
"Eta path BIC + refit",NA,0.97390593759688,NA,NA,0.398823418370156,90698.1148963218,TRUE,23,0.13,13,1,0.0333333333333333,0.769230769230769,0.869565217391304,0.198463354971914,21.6163708305665,0.7,1,20.7760772659161,41.5903321291951,2.00183757486432,0.000118451187216867,1.56572610191101,0.345840883795883,27,-181209.720400111,-181085.380805089,"weak_concentration",5,1000,100,10,1,20,40,20
"Rossi path BIC",22.1636460507699,NA,NA,NA,0.271723994780715,90732.6221052754,TRUE,2,0.91,91,1,0.9,0.10989010989011,0.198019801980198,0.202545370754429,20.5010519394137,0.2,1,22.8917949051689,42.3975988084188,1.85208713358014,0.000170685655143719,7.055478909846,0.40277381541809,140,-180498.158471493,-179853.434645455,"weak_concentration",6,1000,100,10,1,20,40,20
"Rossi path BIC + refit",22.1636460507699,NA,NA,NA,0.257284116847595,90745.4688150063,TRUE,14,0.91,91,1,0.9,0.10989010989011,0.198019801980198,0.305224002144763,21.4457437980003,0.1,1,23.1938789477112,42.3858903269347,1.8274601856158,0.000342015311489794,7.94666769239684,0.922944055485136,183,-180226.818413959,-179384.072269923,"weak_concentration",6,1000,100,10,1,20,40,20
"Separate 2D path/grid BIC",NA,NA,22.1636419278352,0,0.271723994780715,90732.622109931,TRUE,2,0.91,91,1,0.9,0.10989010989011,0.198019801980198,0.20254538563597,20.5010522120389,0.2,1,22.8917951395557,42.3975991604387,1.85208712999436,0.000170685675840485,7.05548043164719,0.402773886558851,140,-180498.158480805,-179853.434654766,"weak_concentration",6,1000,100,10,1,20,40,20
"Separate 2D path/grid BIC + refit",NA,NA,22.1636419278352,0,0.257284116847595,90745.4688150284,TRUE,14,0.91,91,1,0.9,0.10989010989011,0.198019801980198,0.305224001867423,21.4457439040405,0.1,1,23.1938790912679,42.3858905651422,1.82746018457515,0.000342015309046554,7.9466687192362,0.922944074814384,183,-180226.818414003,-179384.072269967,"weak_concentration",6,1000,100,10,1,20,40,20
"Eta path BIC",NA,0.153124703734569,NA,NA,0.280150061735105,90741.434222871,TRUE,2,0.78,78,1,0.755555555555556,0.128205128205128,0.227272727272727,0.240514309493828,20.1618315279201,0.2,1,23.2842970549046,41.9909944526785,1.80340400028669,0.000252737285558683,7.37533302772577,0.569217846108814,179,-180246.380250804,-179422.054787512,"weak_concentration",6,1000,100,10,1,20,40,20
"Eta path BIC + refit",NA,0.153124703734569,NA,NA,0.261364044189854,90731.8711807166,TRUE,9,0.78,78,1,0.755555555555556,0.128205128205128,0.227272727272727,0.301866375128098,21.430769702789,0.1,1,23.1374464554741,42.3713686471734,1.83128975484452,0.000304412069978209,7.73347976088209,0.907026025272523,157,-180379.224782633,-179656.213063433,"weak_concentration",6,1000,100,10,1,20,40,20
"Rossi path BIC",68.6090009873245,NA,NA,NA,0.290972947648997,90686.3677532478,TRUE,2,0.54,54,1,0.488888888888889,0.185185185185185,0.3125,0.258122245840124,21.3942478705374,0.8,1,17.3985008860293,37.7445072072832,2.16941145990293,0.000247593355526331,5.92752268899378,0.322254958931899,65,-180923.731413362,-180624.395351273,"weak_concentration",7,1000,100,10,1,20,40,20
"Rossi path BIC + refit",68.6090009873245,NA,NA,NA,0.342774614263212,90724.8894384885,TRUE,23,0.54,54,1,0.488888888888889,0.185185185185185,0.3125,0.310913066310233,21.4138767047914,0.2,1,19.1789044328097,38.8396940172381,2.02512579137703,0.000417965013575358,1.01025395204628,0.587119458363586,109,-180696.833551568,-180194.870001295,"weak_concentration",7,1000,100,10,1,20,40,20
"Separate 2D path/grid BIC",NA,NA,68.6090009871848,0,0.290972947648997,90686.3677532479,TRUE,2,0.54,54,1,0.488888888888889,0.185185185185185,0.3125,0.258122245839097,21.3942478705296,0.8,1,17.3985008860454,37.7445072072983,2.16941145990178,0.000247593355524136,5.92752268891791,0.32225495893049,65,-180923.731413362,-180624.395351273,"weak_concentration",7,1000,100,10,1,20,40,20
"Separate 2D path/grid BIC + refit",NA,NA,68.6090009871848,0,0.342774614263212,90724.8894384885,TRUE,23,0.54,54,1,0.488888888888889,0.185185185185185,0.3125,0.31091306631014,21.4138767047909,0.2,1,19.1789044328136,38.8396940172419,2.02512579137682,0.000417965013575091,1.01025395203872,0.587119458363577,109,-180696.833551568,-180194.870001295,"weak_concentration",7,1000,100,10,1,20,40,20
"Eta path BIC",NA,0.83332314223052,NA,NA,0.386288629996943,90705.8194501718,TRUE,11,0.11,11,1,0.0111111111111111,0.909090909090909,0.952380952380952,0.172048164813767,16.2615099063823,0.7,1,21.7427804694269,37.2496460462503,1.71319606977718,0.000247462078526455,5.30086531776142,0.359755797006435,112,-180637.970309098,-180122.191248267,"weak_concentration",7,1000,100,10,1,20,40,20
"Eta path BIC + refit",NA,0.83332314223052,NA,NA,0.376391914405609,90664.9159313249,TRUE,12,0.11,11,1,0.0111111111111111,0.909090909090909,0.952380952380952,0.180969225693813,20.6522545272626,0.9,1,19.088769957658,39.1398831630595,2.0504141047264,0.000104399479013936,0.785070581627592,0.193692672555842,23,-181170.953491233,-181065.034576956,"weak_concentration",7,1000,100,10,1,20,40,20
"Rossi path BIC",21.8980525506387,NA,NA,NA,0.335735601168417,90584.9760509517,TRUE,2,0.84,84,1,0.822222222222222,0.119047619047619,0.212765957446808,0.222910973536339,21.3573639168859,0.3,1,20.2571587904682,40.6344935458359,2.00593251828367,0.000203414790083756,0.234356351611242,0.406895655693404,130,-180271.943915636,-179673.271791457,"weak_concentration",8,1000,100,10,1,20,40,20
"Rossi path BIC + refit",21.8980525506387,NA,NA,NA,0.321950234629515,90598.5839228922,TRUE,29,0.84,84,1,0.822222222222222,0.119047619047619,0.212765957446808,0.360356279914896,22.0767234355423,0.1,1,20.0264649836275,39.6305395673789,1.97890838946258,0.000483207880078217,0.0686007033154696,0.895616436971849,169,-180029.757203636,-179251.483442204,"weak_concentration",8,1000,100,10,1,20,40,20
"Separate 2D path/grid BIC",NA,NA,34.3430099814834,0,0.349813555261374,90572.2356115228,TRUE,2,0.68,68,1,0.644444444444444,0.147058823529412,0.256410256410256,0.183025897227294,21.125413911221,0.4,1,20.115835324845,40.5837554402206,2.01750286701222,0.000139990660473537,0.177094118234568,0.286131631668487,94,-180495.142226821,-180062.256229338,"weak_concentration",8,1000,100,10,1,20,40,20
"Separate 2D path/grid BIC + refit",NA,NA,34.3430099814834,0,0.317414780836791,90592.8064612321,TRUE,20,0.68,68,1,0.644444444444444,0.147058823529412,0.256410256410256,0.330861651631213,21.9702152866658,0.1,1,20.0210750360516,39.9016696223549,1.99298337129773,0.000415741911907165,0.00505651015619985,0.775029727185773,137,-180239.250449244,-179608.342133763,"weak_concentration",8,1000,100,10,1,20,40,20
"Eta path BIC",NA,0.93242387552725,NA,NA,0.352187699704449,90539.3939312778,TRUE,12,0.1,10,1,0,1,1,0.124576776263836,15.3708047287886,0.6,1,22.5788514181255,37.5159094414795,1.66155083563564,0.000153112539459049,6.41059026984954,0.358158101181909,111,-180312.027026588,-179800.853135944,"weak_concentration",8,1000,100,10,1,20,40,20
"Eta path BIC + refit",NA,0.93242387552725,NA,NA,0.373917340125756,90516.7830808032,TRUE,7,0.1,10,1,0,1,1,0.108629435365241,20.406587474782,1,1,19.8165920744579,39.9927363708964,2.01814399875769,3.86804483217813e-05,0.0168456137297146,0.0891842257395529,21,-180888.503300748,-180791.794726842,"weak_concentration",8,1000,100,10,1,20,40,20
"Rossi path BIC",67.9954435133355,NA,NA,NA,0.359343825771115,90687.1348199692,TRUE,2,0.4,40,1,0.333333333333333,0.25,0.4,0.114522684276786,20.1220340982945,0.7,1,21.4537177990174,41.2849983263571,1.92437500637992,4.52822049665311e-05,1.88225806896029,0.133476527778748,54,-181001.250854873,-180752.57166483,"weak_concentration",9,1000,100,10,1,20,40,20
"Rossi path BIC + refit",67.9954435133355,NA,NA,NA,0.328801408796213,90714.864389649,TRUE,11,0.4,40,1,0.333333333333333,0.25,0.4,0.229881372162758,20.747275009982,0.1,1,21.6199809909177,41.2000137468083,1.9056452345687,0.000210760829135318,2.03218570173189,0.470320011329092,81,-180870.2006017,-180497.181816635,"weak_concentration",9,1000,100,10,1,20,40,20
"Separate 2D path/grid BIC",NA,NA,71.6118737831752,0,0.37146035874052,90684.3017424493,TRUE,2,0.38,38,1,0.311111111111111,0.263157894736842,0.416666666666667,0.113552430496543,20.0439243074343,0.7,1,21.2411560208447,41.0029559244754,1.93035425587185,4.36006697913168e-05,1.27319442725969,0.127277225256533,51,-181016.30796567,-180781.444286185,"weak_concentration",9,1000,100,10,1,20,40,20
"Separate 2D path/grid BIC + refit",NA,NA,71.6118737831752,0,0.333415939509863,90712.4483485304,TRUE,9,0.38,38,1,0.311111111111111,0.263157894736842,0.416666666666667,0.221237575869569,20.65284403671,0.2,1,21.4787539000829,41.0587160737809,1.9115967464771,0.000198719727206886,1.65379641094621,0.432784567799073,77,-180892.999540579,-180538.401436258,"weak_concentration",9,1000,100,10,1,20,40,20
"Eta path BIC",NA,0.82067228189247,NA,NA,0.324142602554872,90691.067733553,TRUE,39,0.12,12,1,0.0222222222222222,0.833333333333333,0.909090909090909,0.114352307514043,15.4047210586857,0.7,1,24.5940939892702,39.5799665780803,1.60932810110216,0.000130644862508363,10.6410638288891,0.364626327154363,113,-180601.559120581,-180081.174889564,"weak_concentration",9,1000,100,10,1,20,40,20
"Eta path BIC + refit",NA,0.82067228189247,NA,NA,0.356940549578561,90670.4348943705,TRUE,24,0.12,12,1,0.0222222222222222,0.833333333333333,0.909090909090909,0.124227134389062,19.9902898535585,0.8,1,21.5739325454245,41.2179823081125,1.9105456189467,4.33116283220087e-05,1.98037228021084,0.158028101271099,25,-181168.175906766,-181053.046652117,"weak_concentration",9,1000,100,10,1,20,40,20
"Rossi path BIC",121.35583794219,NA,NA,NA,0.34040719202963,90800.8759028466,TRUE,3,0.22,22,1,0.133333333333333,0.454545454545455,0.625,0.206862470185214,21.8330936634612,0.8,1,18.8484063970838,39.93103204303,2.11853624130304,0.000149657561650229,0.665462202683089,0.271410889931777,33,-181373.795881487,-181221.825265349,"weak_concentration",10,1000,100,10,1,20,40,20
"Rossi path BIC + refit",121.35583794219,NA,NA,NA,0.338065180448464,90820.7597393632,TRUE,15,0.22,22,1,0.133333333333333,0.454545454545455,0.625,0.171110258697571,21.8205045506605,0.5,1,19.5990100502844,40.8752598940713,2.0855777811838,0.000120894941761302,0.463436410971274,0.29592678297832,45,-181330.670491172,-181123.437832803,"weak_concentration",10,1000,100,10,1,20,40,20
"Separate 2D path/grid BIC",NA,NA,121.355837942154,0,0.34040719202963,90800.8759028466,TRUE,3,0.22,22,1,0.133333333333333,0.454545454545455,0.625,0.206862470185494,21.8330936634624,0.8,1,18.8484063970791,39.9310320430247,2.11853624130329,0.000149657561650657,0.665462202688899,0.271410889932241,33,-181373.795881487,-181221.825265349,"weak_concentration",10,1000,100,10,1,20,40,20
"Separate 2D path/grid BIC + refit",NA,NA,121.355837942154,0,0.338065180448464,90820.7597393632,TRUE,15,0.22,22,1,0.133333333333333,0.454545454545455,0.625,0.171110258697595,21.8205045506604,0.5,1,19.5990100502831,40.8752598940698,2.08557778118387,0.000120894941761324,0.463436410970546,0.295926782978332,45,-181330.670491172,-181123.437832803,"weak_concentration",10,1000,100,10,1,20,40,20
"Eta path BIC",NA,0.963188956695121,NA,NA,0.361769693372302,90817.5956375446,TRUE,8,0.11,11,1,0.0111111111111111,0.909090909090909,0.952380952380952,0.12974511610018,16.4057238089314,0.7,1,22.4302159970639,38.3880664239845,1.71144434939946,0.000170704262019982,4.25213982293575,0.267716695337997,112,-180861.522683843,-180345.743623013,"weak_concentration",10,1000,100,10,1,20,40,20
"Eta path BIC + refit",NA,0.963188956695121,NA,NA,0.34274027980708,90792.1549217037,TRUE,6,0.11,11,1,0.0111111111111111,0.909090909090909,0.952380952380952,0.141298502122679,21.4454428683332,0.9,1,19.7248208187005,40.792391037779,2.06807409875709,6.36445942547415e-05,0.351803569286595,0.156311533551469,23,-181425.431471991,-181319.512557713,"weak_concentration",10,1000,100,10,1,20,40,20
"Rossi path BIC",50.690093408872,NA,NA,NA,0.41673274670308,90678.2493554584,TRUE,2,0.56,56,1,0.511111111111111,0.178571428571429,0.303030303030303,0.124377782097183,20.3205762424842,0.6,1,20.5008284650056,40.5028426053737,1.97566857722413,6.94272878344159e-05,0.251839918569417,0.152974305687565,75,-180838.417064993,-180493.029301044,"weak_concentration",11,1000,100,10,1,20,40,20
"Rossi path BIC + refit",50.690093408872,NA,NA,NA,0.38130531726755,90704.5897891908,TRUE,14,0.56,56,1,0.511111111111111,0.178571428571429,0.303030303030303,0.266737210307012,20.9856170982641,0.1,1,20.7781459499759,40.2929972223081,1.93920079872935,0.000294977943288382,0.345679245872052,0.574012295352855,113,-180628.603231857,-180108.21900084,"weak_concentration",11,1000,100,10,1,20,40,20
"Separate 2D path/grid BIC",NA,NA,50.6900933925861,0,0.41673274670308,90678.2493554716,TRUE,2,0.56,56,1,0.511111111111111,0.178571428571429,0.303030303030303,0.124377782113137,20.3205762426357,0.6,1,20.5008284655389,40.5028426059655,1.97566857720161,6.94272878560549e-05,0.251839919134089,0.152974305733377,75,-180838.41706502,-180493.02930107,"weak_concentration",11,1000,100,10,1,20,40,20
"Separate 2D path/grid BIC + refit",NA,NA,50.6900933925861,0,0.38130531726755,90704.5897891907,TRUE,14,0.56,56,1,0.511111111111111,0.178571428571429,0.303030303030303,0.266737210302462,20.9856170983041,0.1,1,20.7781459501451,40.2929972225508,1.93920079872523,0.000294977943279281,0.345679246074812,0.57401229535013,113,-180628.603231856,-180108.21900084,"weak_concentration",11,1000,100,10,1,20,40,20
"Eta path BIC",NA,0.0245293258562319,NA,NA,0.299602744869707,90723.2974336767,TRUE,2,0.97,97,1,0.966666666666667,0.103092783505155,0.186915887850467,0.391269395045882,21.1293139526344,0.1,1,20.1385266878233,38.2626170025936,1.89997101554251,0.00059346081590203,1.5188446614581,0.97579695235872,198,-180078.859322115,-179167.035625289,"weak_concentration",11,1000,100,10,1,20,40,20
"Eta path BIC + refit",NA,0.0245293258562319,NA,NA,0.304007123877567,90722.7137885113,TRUE,3,0.97,97,1,0.966666666666667,0.103092783505155,0.186915887850467,0.402644515493755,21.3391142407245,0.1,1,20.1463252973262,38.3178674756703,1.90197799897314,0.000617753302135691,1.42549046102265,1.03497958560058,195,-180098.415297621,-179200.407111353,"weak_concentration",11,1000,100,10,1,20,40,20
"Rossi path BIC",61.7216182302777,NA,NA,NA,0.342741141284842,90462.7132514925,TRUE,2,0.55,55,1,0.5,0.181818181818182,0.307692307692308,0.222089342389111,19.2183904023179,0.7,1,21.4550683061523,39.5517844996733,1.84347045347471,0.000165248762816778,1.15906045515097,0.470613067124623,66,-180469.514654572,-180165.573422297,"weak_concentration",12,1000,100,10,1,20,40,20
"Rossi path BIC + refit",61.7216182302777,NA,NA,NA,0.2844413050295,90506.908342268,TRUE,12,0.55,55,1,0.5,0.181818181818182,0.307692307692308,0.376845011644084,20.733058589382,0.3,0.9,21.9076133604679,39.4340130265247,1.80001410366695,0.000499104340910667,1.97966499358959,1.22170050821849,111,-180247.055848569,-179735.881957924,"weak_concentration",12,1000,100,10,1,20,40,20
"Separate 2D path/grid BIC",NA,NA,63.1010080231761,0,0.342740337087265,90461.1351145154,TRUE,2,0.54,54,1,0.488888888888889,0.185185185185185,0.3125,0.222505409156953,19.186293402343,0.7,1,21.3687261760138,39.4351038307572,1.84545880301573,0.000164820556843196,1.09625951346525,0.46706478743682,65,-180473.266135897,-180173.930073808,"weak_concentration",12,1000,100,10,1,20,40,20
"Separate 2D path/grid BIC + refit",NA,NA,63.1010080231761,0,0.29089140424521,90506.5027702803,TRUE,12,0.54,54,1,0.488888888888889,0.185185185185185,0.3125,0.37774416980806,20.7214172486639,0.3,0.9,21.867599931744,39.3751619435118,1.80061653159993,0.000500908398620904,1.93917605094306,1.2198847942275,109,-180260.060215151,-179758.096664879,"weak_concentration",12,1000,100,10,1,20,40,20
"Eta path BIC",NA,0.798439393353915,NA,NA,0.304019071432501,90462.4513700753,TRUE,14,0.14,14,1,0.0444444444444444,0.714285714285714,0.833333333333333,0.205231471039748,14.2187771705308,0.7,1,24.298347145019,37.1120683528475,1.52734949959159,0.000243840886633586,13.4079686888591,0.898834368940724,115,-180130.510883068,-179600.916311679,"weak_concentration",12,1000,100,10,1,20,40,20
"Eta path BIC + refit",NA,0.798439393353915,NA,NA,0.338062726874581,90437.2959033095,TRUE,25,0.14,14,1,0.0444444444444444,0.714285714285714,0.833333333333333,0.256176014659565,19.1306090567508,0.6,1,21.3456024374569,38.9910107985254,1.82665309694444,0.00019342957412673,1.41435256419115,0.585666330060425,29,-180674.266903529,-180540.716968135,"weak_concentration",12,1000,100,10,1,20,40,20
"Rossi path BIC",80.2491149766389,NA,NA,NA,0.326520892065836,90690.0862960246,TRUE,2,0.35,35,1,0.277777777777778,0.285714285714286,0.444444444444444,0.160103531593241,19.2543854693648,0.8,1,20.1823702018338,38.906777359505,1.9277605638197,8.68938104056019e-05,0.614197316103834,0.233053070971963,46,-181062.415849216,-180850.578020661,"weak_concentration",13,1000,100,10,1,20,40,20
"Rossi path BIC + refit",80.2491149766389,NA,NA,NA,0.288740027772593,90717.6047208662,TRUE,9,0.35,35,1,0.277777777777778,0.285714285714286,0.444444444444444,0.274314300263697,20.100030565141,0.3,1,20.6496747349743,39.1737393766328,1.89706326513145,0.000254605297183523,0.55239193949552,0.668371434098849,71,-180944.758816925,-180617.791733719,"weak_concentration",13,1000,100,10,1,20,40,20
"Separate 2D path/grid BIC",NA,NA,37.8563335484757,0,0.306222530876418,90732.9486811234,TRUE,2,0.73,73,1,0.7,0.136986301369863,0.240963855421687,0.19632091060815,19.7595231013852,0.4,1,21.7968402870433,40.6719712863278,1.86595720988534,0.00015764103907283,1.8400902133954,0.397497797289851,96,-180802.752855464,-180360.65651761,"weak_concentration",13,1000,100,10,1,20,40,20
"Separate 2D path/grid BIC + refit",NA,NA,37.8563335484757,0,0.265524600721914,90760.0736440361,TRUE,27,0.73,73,1,0.7,0.136986301369863,0.240963855421687,0.382825689066048,21.0568466240269,0,1,21.7843966962059,39.5888486142039,1.81730296075167,0.000535798550584912,1.67655851573623,1.1752975107043,147,-180504.707262062,-179827.747244722,"weak_concentration",13,1000,100,10,1,20,40,20
"Eta path BIC",NA,0.717289048914776,NA,NA,0.328811688849563,90711.5139972014,TRUE,14,0.16,16,1,0.0666666666666667,0.625,0.769230769230769,0.150142551213076,14.873168988688,0.7,1,22.982218539455,37.1928540604147,1.61833175489839,0.000193234086672354,8.38684787159989,0.507854581828102,117,-180614.820626762,-180076.015715001,"weak_concentration",13,1000,100,10,1,20,40,20
"Eta path BIC + refit",NA,0.717289048914776,NA,NA,0.30401321325868,90686.0726785228,TRUE,11,0.16,16,1,0.0666666666666667,0.625,0.769230769230769,0.248184467075858,19.5741319938593,0.4,1,20.8235820320939,39.0727038579488,1.87636804262248,0.000173116945455642,0.769082749325497,0.535306202285614,33,-181144.189432839,-180992.218816701,"weak_concentration",13,1000,100,10,1,20,40,20
"Rossi path BIC",105.593953994426,NA,NA,NA,0.391242694967965,90393.4492734364,TRUE,2,0.22,22,1,0.133333333333333,0.454545454545455,0.625,0.16336741959493,21.0286549174584,0.7,1,19.8224277503457,40.337404351483,2.03493764030895,8.54444828289322e-05,0.0726868001234892,0.20605691523306,33,-180558.942622666,-180406.972006529,"weak_concentration",14,1000,100,10,1,20,40,20
"Rossi path BIC + refit",105.593953994426,NA,NA,NA,0.381250536524508,90415.7266465706,TRUE,13,0.22,22,1,0.133333333333333,0.454545454545455,0.625,0.192795197594215,21.5317732314013,0.3,1,20.3154187054293,41.1137665206753,2.02377155582265,0.000150195737951623,0.66998241115589,0.375533713856521,45,-180520.604305587,-180313.371647218,"weak_concentration",14,1000,100,10,1,20,40,20
"Separate 2D path/grid BIC",NA,NA,109.633340345085,0,0.391242694967965,90392.3280842988,TRUE,2,0.19,19,1,0.1,0.526315789473684,0.689655172413793,0.164332658729971,21.0188503160105,0.7,1,19.8233461354524,40.3222775084941,2.03408028256042,8.61480694162254e-05,0.0675346901703695,0.206397068212383,30,-180577.423510228,-180439.268404648,"weak_concentration",14,1000,100,10,1,20,40,20
"Separate 2D path/grid BIC + refit",NA,NA,109.633340345085,0,0.376332160850061,90409.3034908969,TRUE,8,0.19,19,1,0.1,0.526315789473684,0.689655172413793,0.176041801549654,21.2545432872984,0.4,1,20.0785309974564,40.7282891524424,2.02844964891117,0.000128020942504242,0.268286103563343,0.302295248085204,39,-180549.204525913,-180369.60288866,"weak_concentration",14,1000,100,10,1,20,40,20
"Eta path BIC",NA,0.83595569780638,NA,NA,0.376180173991598,90428.0833346452,TRUE,10,0.14,14,1,0.0444444444444444,0.714285714285714,0.833333333333333,0.148815669901115,17.2008785503749,0.7,1,23.1002141625354,39.7002259631016,1.71860856716595,0.000202475295225066,4.85059616339172,0.289218217496067,115,-180061.774812207,-179532.180240819,"weak_concentration",14,1000,100,10,1,20,40,20
"Eta path BIC + refit",NA,0.83595569780638,NA,NA,0.373843340942663,90395.244307954,TRUE,18,0.14,14,1,0.0444444444444444,0.714285714285714,0.833333333333333,0.209764987386664,21.593702423028,0.6,1,20.5083446811357,41.2228019540785,2.01005018176805,0.000123395096534588,0.876829466868609,0.366478178658814,29,-180590.163712817,-180456.613777424,"weak_concentration",14,1000,100,10,1,20,40,20
"Rossi path BIC",48.4503173783363,NA,NA,NA,0.352188066114058,90800.7946806427,TRUE,2,0.71,71,1,0.677777777777778,0.140845070422535,0.246913580246914,0.153072390027595,21.0207386601672,0.5,1,19.9206250797194,40.4869478674462,2.03241352645429,0.000101603024950415,0.12170930179,0.180978677162463,87,-181000.614652014,-180599.964845833,"weak_concentration",15,1000,100,10,1,20,40,20
"Rossi path BIC + refit",48.4503173783363,NA,NA,NA,0.308444171303726,90836.1586370851,TRUE,14,0.71,71,1,0.677777777777778,0.140845070422535,0.246913580246914,0.347479571812546,22.2246699027973,0,1,20.3176756256023,40.200250500121,1.97858511184541,0.000496522155538623,0.0705090329502378,0.790501171464081,143,-180684.508269276,-180025.968932679,"weak_concentration",15,1000,100,10,1,20,40,20
"Separate 2D path/grid BIC",NA,NA,53.0497851147355,0,0.34273853446366,90795.6247585539,TRUE,2,0.68,68,1,0.644444444444444,0.147058823529412,0.256410256410256,0.145603259862396,20.9823563132472,0.5,1,19.6673977068072,40.2459912599318,2.04633027001849,8.99796607633406e-05,0.0855679926999726,0.161216364784246,84,-181010.998073673,-180624.16377805,"weak_concentration",15,1000,100,10,1,20,40,20
"Separate 2D path/grid BIC + refit",NA,NA,53.0497851147355,0,0.317412966534116,90832.2839173247,TRUE,19,0.68,68,1,0.644444444444444,0.147058823529412,0.256410256410256,0.344920266489425,22.0830672448007,0,1,19.9672122409376,39.7947075241473,1.99300268079279,0.000502037617064803,0.0216100188930419,0.731361142859749,137,-180718.205361429,-180087.297045949,"weak_concentration",15,1000,100,10,1,20,40,20
"Eta path BIC",NA,0.845885230134841,NA,NA,0.335735162833846,90789.8461370329,TRUE,5,0.11,11,1,0.0111111111111111,0.909090909090909,0.952380952380952,0.113747168458665,16.3606406861712,0.6,1,21.5607078740679,37.5976115380983,1.74380227948447,0.00018324991029802,4.10363969502795,0.206072046705014,112,-180806.02368282,-180290.244621989,"weak_concentration",15,1000,100,10,1,20,40,20
"Eta path BIC + refit",NA,0.845885230134841,NA,NA,0.338061527269373,90755.1762282984,TRUE,8,0.11,11,1,0.0111111111111111,0.909090909090909,0.952380952380952,0.140674892023742,20.8058118324314,0.9,1,19.1202107793856,39.5631067948633,2.0691773355092,6.57813694998663e-05,0.482452372701995,0.119941971116372,23,-181351.47408518,-181245.555170902,"weak_concentration",15,1000,100,10,1,20,40,20
"Rossi path BIC",49.0941593101798,NA,NA,NA,0.398822284929541,90763.9415071457,TRUE,2,0.69,69,1,0.655555555555556,0.144927536231884,0.253164556962025,0.174601088182989,20.9923747925097,0.7,1,19.9540673570646,40.3533910516513,2.02231406407298,0.000128811181158159,0.0634975215371128,0.251162048971452,86,-180933.816060299,-180537.771424304,"weak_concentration",16,1000,100,10,1,20,40,20
"Rossi path BIC + refit",49.0941593101798,NA,NA,NA,0.345088503118442,90802.2169298003,TRUE,9,0.69,69,1,0.655555555555556,0.144927536231884,0.253164556962025,0.353453462365264,22.2688461915289,0,1,20.6202239391444,40.4139667840811,1.95991890793006,0.000503772616249736,0.278023116505128,0.889050259255995,139,-180644.255875822,-180004.13721997,"weak_concentration",16,1000,100,10,1,20,40,20
"Separate 2D path/grid BIC",NA,NA,66.04485857349,0,0.371469532465739,90747.8877110986,TRUE,2,0.51,51,1,0.455555555555556,0.196078431372549,0.327868852459016,0.163950638900547,20.9097733569482,0.7,1,19.1971180919324,39.612262063849,2.06344837147697,0.000103534089417399,0.397480032716459,0.205509061527725,63,-181060.586839621,-180770.461117904,"weak_concentration",16,1000,100,10,1,20,40,20
"Separate 2D path/grid BIC + refit",NA,NA,66.04485857349,0,0.331105220487921,90786.2696108783,TRUE,9,0.51,51,1,0.455555555555556,0.196078431372549,0.327868852459016,0.321999873405023,21.795770927844,0,1,19.9761643804614,39.7913002795603,1.99193896894841,0.000439363976503217,0.0220618550351965,0.685206049637991,103,-180861.040428021,-180386.707898865,"weak_concentration",16,1000,100,10,1,20,40,20
"Eta path BIC",NA,0.924422228175029,NA,NA,0.359357552425937,90748.0944227915,TRUE,8,0.1,10,1,0,1,1,0.128672287450766,15.5960439169811,0.8,1,22.1640708217421,37.3147649660849,1.68357001140244,0.000208315102504407,5.94684485444029,0.32027267880823,111,-180729.428009616,-180218.254118971,"weak_concentration",16,1000,100,10,1,20,40,20
"Eta path BIC + refit",NA,0.924422228175029,NA,NA,0.388763343453549,90706.6553326029,TRUE,7,0.1,10,1,0,1,1,0.0989056807403395,20.4706948034881,1,1,19.3168478764437,39.6039283685581,2.05022727423629,3.08348038020391e-05,0.311784780576285,0.0703771874049757,21,-181268.247804347,-181171.539230441,"weak_concentration",16,1000,100,10,1,20,40,20
"Rossi path BIC",50.9636614304008,NA,NA,NA,0.388778828119361,90553.4906992875,TRUE,2,0.59,59,1,0.544444444444444,0.169491525423729,0.289855072463768,0.16227165988437,20.4868267021014,0.6,1,18.6822749787879,38.6990757804096,2.07143272563694,9.9141825281896e-05,1.71440152832262,0.189626264462679,75,-180588.899752651,-180243.511988702,"weak_concentration",17,1000,100,10,1,20,40,20
"Rossi path BIC + refit",50.9636614304008,NA,NA,NA,0.356969154902802,90589.4168994806,TRUE,10,0.59,59,1,0.544444444444444,0.169491525423729,0.289855072463768,0.34636979922967,21.8033801283705,0,1,19.3872355796398,39.0003787213758,2.01165238649772,0.000444158257948625,0.687361467768834,0.77368840388735,119,-180356.810920762,-179808.79566863,"weak_concentration",17,1000,100,10,1,20,40,20
"Separate 2D path/grid BIC",NA,NA,51.8175928797035,0,0.391282418157066,90552.4984591462,TRUE,2,0.57,57,1,0.522222222222222,0.175438596491228,0.298507462686567,0.162451113989338,20.4793167024304,0.6,1,18.6199591363809,38.6304536398815,2.07467982915187,9.93352424890311e-05,1.89008500888618,0.18763337240587,73,-180600.730782927,-180264.55335935,"weak_concentration",17,1000,100,10,1,20,40,20
"Separate 2D path/grid BIC + refit",NA,NA,51.8175928797035,0,0.371480690155222,90586.7991604413,TRUE,10,0.57,57,1,0.522222222222222,0.175438596491228,0.298507462686567,0.337704696403232,21.720647253251,0,1,19.2632267399489,38.9174901742738,2.0202996465574,0.000422762279699729,0.857331179760034,0.735895626915682,115,-180379.2064638,-179849.611892411,"weak_concentration",17,1000,100,10,1,20,40,20
"Eta path BIC",NA,0.989073025018583,NA,NA,0.386281866564863,90535.3149791733,TRUE,14,0.11,11,1,0.0111111111111111,0.909090909090909,0.952380952380952,0.139595291085937,14.3472232960171,0.6,1,22.0425716947883,35.8428211239742,1.62607256631715,0.000168063471016804,10.7271176678128,0.488023012994737,112,-180296.961367101,-179781.18230627,"weak_concentration",17,1000,100,10,1,20,40,20
"Eta path BIC + refit",NA,0.989073025018583,NA,NA,0.406458013771172,90520.5303914906,TRUE,6,0.11,11,1,0.0111111111111111,0.909090909090909,0.952380952380952,0.161632901431664,20.0564466533085,0.9,1,19.0688468270556,38.6395318740608,2.02631717714768,8.51556510096275e-05,1.35895987659048,0.156164379314813,23,-180882.182411565,-180776.263497287,"weak_concentration",17,1000,100,10,1,20,40,20
"Rossi path BIC",179.61144905919,NA,NA,NA,0.324219421078621,90569.9399386079,TRUE,4,0.1,10,1,0,1,1,0.153364714041288,21.2679505340759,1,1,21.0469123284112,41.8224266085138,1.98710508961725,9.02515641496102e-05,2.20863208339914,0.176188357146335,21,-180994.817016357,-180898.108442451,"weak_concentration",18,1000,100,10,1,20,40,20
"Rossi path BIC + refit",179.61144905919,NA,NA,NA,0.326504522685522,90571.5850399731,TRUE,6,0.1,10,1,0,1,1,0.0985527352368522,21.0883755976352,1,1,21.0919832719669,41.9754823864144,1.99011547871856,4.19816726947095e-05,2.54747906264453,0.0829317815332432,21,-180998.107219088,-180901.398645182,"weak_concentration",18,1000,100,10,1,20,40,20
"Separate 2D path/grid BIC",NA,NA,179.611449059613,0,0.324219421078621,90569.9399386079,TRUE,4,0.1,10,1,0,1,1,0.153364714042155,21.2679505340648,1,1,21.046912328388,41.8224266084747,1.98710508961757,9.02515641506211e-05,2.20863208330368,0.176188357147216,21,-180994.817016357,-180898.108442451,"weak_concentration",18,1000,100,10,1,20,40,20
"Separate 2D path/grid BIC + refit",NA,NA,179.611449059613,0,0.326504522685522,90571.5850399731,TRUE,6,0.1,10,1,0,1,1,0.0985527352369642,21.0883755976248,1,1,21.0919832719505,41.9754823863872,1.99011547871882,4.1981672694816e-05,2.54747906257284,0.0829317815330097,21,-180998.107219088,-180901.398645182,"weak_concentration",18,1000,100,10,1,20,40,20
"Eta path BIC",NA,0.869674556778977,NA,NA,0.257303270814288,90603.4225698086,TRUE,23,0.11,11,1,0.0111111111111111,0.909090909090909,0.952380952380952,0.120555055932519,17.2532022771449,0.5,1,24.0525322102985,40.8864384278705,1.69988083044181,0.000157028229687754,8.60439520095601,0.205309784264606,112,-180433.176548371,-179917.397487541,"weak_concentration",18,1000,100,10,1,20,40,20
"Eta path BIC + refit",NA,0.869674556778977,NA,NA,0.30399858328234,90577.5695605728,TRUE,18,0.11,11,1,0.0111111111111111,0.909090909090909,0.952380952380952,0.141488167368787,21.5285366369604,0.9,1,21.4400182242192,42.5402404914658,1.98415132144856,7.12967527176411e-05,4.26323712028296,0.17017702957606,23,-180996.260749729,-180890.341835451,"weak_concentration",18,1000,100,10,1,20,40,20
"Rossi path BIC",16.8567417511612,NA,NA,NA,0.267609117878643,90577.8806297803,TRUE,2,0.91,91,1,0.9,0.10989010989011,0.198019801980198,0.27161864095477,20.9524368670673,0,1,22.4519169607634,41.6861196628641,1.85668420811079,0.000265838525374592,4.42744814998813,0.718307112057748,151,-180112.690212434,-179417.30951435,"weak_concentration",19,1000,100,10,1,20,40,20
"Rossi path BIC + refit",16.8567417511612,NA,NA,NA,0.259370599697945,90586.5685374699,TRUE,19,0.91,91,1,0.9,0.10989010989011,0.198019801980198,0.372560159193828,21.6540397610016,0,1,22.5425432861008,40.9983425804937,1.81870971966913,0.00046432474239828,3.73060713486154,1.28316031958456,183,-179909.017858886,-179066.27171485,"weak_concentration",19,1000,100,10,1,20,40,20
"Separate 2D path/grid BIC",NA,NA,25.3019754257256,0,0.278080405456353,90569.2895378873,TRUE,2,0.84,84,1,0.822222222222222,0.119047619047619,0.212765957446808,0.232510381809101,20.6554438653006,0.1,1,22.3993425813711,41.7911225073414,1.86572986932651,0.000202500532807637,4.48248232954271,0.537502417091826,129,-180247.478644786,-179653.411690793,"weak_concentration",19,1000,100,10,1,20,40,20
"Separate 2D path/grid BIC + refit",NA,NA,25.3019754257256,0,0.251267209159907,90585.2907744336,TRUE,20,0.84,84,1,0.822222222222222,0.119047619047619,0.212765957446808,0.367104860850723,21.6126086242191,0,1,22.5216044545192,41.0303021711481,1.82181967781229,0.000453187501984984,3.71000579446186,1.24213477473584,169,-180003.170906719,-179224.897145287,"weak_concentration",19,1000,100,10,1,20,40,20
"Eta path BIC",NA,0.938887064687943,NA,NA,0.280197405226537,90512.9503433365,TRUE,16,0.11,11,1,0.0111111111111111,0.909090909090909,0.952380952380952,0.0984683596181556,13.0800765046558,0.9,1,24.600314001935,37.335421649626,1.51768069491671,0.000125885776317862,14.1314333508406,0.617506147962645,112,-180252.232095427,-179736.453034596,"weak_concentration",19,1000,100,10,1,20,40,20
"Eta path BIC + refit",NA,0.938887064687943,NA,NA,0.299608093967412,90499.8956678748,TRUE,18,0.11,11,1,0.0111111111111111,0.909090909090909,0.952380952380952,0.115973736965001,19.1917306824827,0.9,1,21.2499482295563,40.1404219911754,1.88896563688304,4.28660587984334e-05,0.791044456088265,0.156993805914402,23,-180840.912964333,-180734.994050055,"weak_concentration",19,1000,100,10,1,20,40,20
"Rossi path BIC",62.236638309332,NA,NA,NA,0.317421368797834,90693.3603297115,TRUE,2,0.52,52,1,0.466666666666667,0.192307692307692,0.32258064516129,0.170762429963915,20.8526405374685,0.8,1,19.5114300270089,39.8136627160995,2.04053022566705,0.000108847059310599,0.136711100939953,0.212454093009307,66,-180930.80881101,-180626.867578735,"weak_concentration",20,1000,100,10,1,20,40,20
"Rossi path BIC + refit",62.236638309332,NA,NA,NA,0.308445639349399,90735.9079845832,TRUE,13,0.52,52,1,0.466666666666667,0.192307692307692,0.32258064516129,0.352375766559308,22.146520205505,0.1,1,20.6166747795601,40.2968816862402,1.95457716227797,0.000446019379583563,0.234213259685138,0.911907866382413,105,-180746.501664873,-180262.958795345,"weak_concentration",20,1000,100,10,1,20,40,20
"Separate 2D path/grid BIC",NA,NA,62.2366383093321,0,0.317421368797834,90693.3603297115,TRUE,2,0.52,52,1,0.466666666666667,0.192307692307692,0.32258064516129,0.170762429963913,20.8526405374685,0.8,1,19.511430027009,39.8136627160995,2.04053022566705,0.000108847059310597,0.136711100939931,0.212454093009304,66,-180930.80881101,-180626.867578735,"weak_concentration",20,1000,100,10,1,20,40,20
"Separate 2D path/grid BIC + refit",NA,NA,62.2366383093321,0,0.308445639349399,90735.9079845832,TRUE,13,0.52,52,1,0.466666666666667,0.192307692307692,0.32258064516129,0.352375766559307,22.146520205505,0.1,1,20.6166747795601,40.2968816862403,1.95457716227797,0.00044601937958356,0.234213259685186,0.911907866382416,105,-180746.501664873,-180262.958795344,"weak_concentration",20,1000,100,10,1,20,40,20
"Eta path BIC",NA,1.05509390872701,NA,NA,0.321954435502726,90680.0872136878,TRUE,8,0.11,11,1,0.0111111111111111,0.909090909090909,0.952380952380952,0.13123260056577,14.5024259350404,0.8,1,22.9405348119407,36.9308758233608,1.60985243483243,0.000157428037112368,9.0331340959331,0.475234997256537,112,-180586.50583613,-180070.726775299,"weak_concentration",20,1000,100,10,1,20,40,20
"Eta path BIC + refit",NA,1.05509390872701,NA,NA,0.308454360284313,90668.1539573251,TRUE,14,0.11,11,1,0.0111111111111111,0.909090909090909,0.952380952380952,0.169066046244178,20.6029184346435,0.9,1,19.5398708242734,39.5988762827579,2.02656796653774,9.46375560062856e-05,0.186309547444474,0.192407575993314,23,-181177.429543234,-181071.510628956,"weak_concentration",20,1000,100,10,1,20,40,20
"Rossi path BIC",385.28349163625,NA,NA,NA,0.992007903194726,99529.3084751949,TRUE,2,0.11,11,1,0.0111111111111111,0.909090909090909,0.952380952380952,0.365454800005601,80.5893413780274,1,1,19.8755162639817,98.8205662720567,4.97197481361221,0.000154401153920045,0.70328005957161,0.130071928251548,22,-198906.646334252,-198805.33259016,"mean_and_concentration",1,1000,100,10,0.95,20,100,81.2403840463596
"Rossi path BIC + refit",385.28349163625,NA,NA,NA,0.992007903194726,99547.8859734588,TRUE,2,0.11,11,1,0.0111111111111111,0.909090909090909,0.952380952380952,0.314419227755759,80.0536200879409,0.9,1,20.0518620768084,98.8718270435602,4.93080526211646,2.40527888512535e-05,0.637731947326465,0.0417771091883866,23,-198936.893575501,-198830.974661223,"mean_and_concentration",1,1000,100,10,0.95,20,100,81.2403840463596
"Separate 2D path/grid BIC",NA,NA,385.28349163625,0,0.992007903194726,99529.3084751949,TRUE,2,0.11,11,1,0.0111111111111111,0.909090909090909,0.952380952380952,0.365454800005601,80.5893413780274,1,1,19.8755162639817,98.8205662720567,4.97197481361221,0.000154401153920045,0.70328005957161,0.130071928251548,22,-198906.646334252,-198805.33259016,"mean_and_concentration",1,1000,100,10,0.95,20,100,81.2403840463596
"Separate 2D path/grid BIC + refit",NA,NA,385.28349163625,0,0.992007903194726,99547.8859734588,TRUE,2,0.11,11,1,0.0111111111111111,0.909090909090909,0.952380952380952,0.314419227755759,80.0536200879409,0.9,1,20.0518620768084,98.8718270435602,4.93080526211646,2.40527888512535e-05,0.637731947326465,0.0417771091883866,23,-198936.893575501,-198830.974661223,"mean_and_concentration",1,1000,100,10,0.95,20,100,81.2403840463596
"Eta path BIC",NA,1.61411019988801,NA,NA,0.995999951253387,99579.3128311708,TRUE,2,0.11,11,1,0.0111111111111111,0.909090909090909,0.952380952380952,0.341699430984298,75.4397863062317,0.9,1,22.9606329740619,96.6628903092031,4.20994013616266,0.000151149425924683,9.95082434775668,0.374214163869713,112,-198384.957071096,-197869.178010265,"mean_and_concentration",1,1000,100,10,0.95,20,100,81.2403840463596
"Eta path BIC + refit",NA,1.61411019988801,NA,NA,0.992007903194726,99546.1000646681,TRUE,3,0.11,11,1,0.0111111111111111,0.909090909090909,0.952380952380952,0.318428164303285,80.0653569872398,0.9,1,20.064375576978,98.8636616398316,4.92732311855588,2.68993904664009e-05,0.64770454185077,0.0708164825776808,23,-198933.32175792,-198827.402843642,"mean_and_concentration",1,1000,100,10,0.95,20,100,81.2403840463596
"Rossi path BIC",372.098999578229,NA,NA,NA,0.988024012068976,99305.6828003032,TRUE,2,0.13,13,1,0.0333333333333333,0.769230769230769,0.869565217391304,0.33925561232521,80.0832323677717,1,1,20.205752065533,98.8407518167857,4.89171358216299,0.000139299786070376,0.693095131378395,0.166460996086319,24,-198445.579473911,-198335.055389447,"mean_and_concentration",2,1000,100,10,0.95,20,100,81.2403840463596
"Rossi path BIC + refit",372.098999578229,NA,NA,NA,0.988024012068976,99325.3272111748,TRUE,2,0.13,13,1,0.0333333333333333,0.769230769230769,0.869565217391304,0.30939777491867,79.7885315898273,0.9,1,20.3375301658594,98.9100866396793,4.8634266714313,2.85385458548068e-05,0.650918872935307,0.153142884987492,27,-198464.145029817,-198339.805434795,"mean_and_concentration",2,1000,100,10,0.95,20,100,81.2403840463596
"Separate 2D path/grid BIC",NA,NA,372.098999578229,0,0.988024012068976,99305.6828003032,TRUE,2,0.13,13,1,0.0333333333333333,0.769230769230769,0.869565217391304,0.33925561232521,80.0832323677717,1,1,20.205752065533,98.8407518167857,4.89171358216299,0.000139299786070376,0.693095131378395,0.166460996086319,24,-198445.579473911,-198335.055389447,"mean_and_concentration",2,1000,100,10,0.95,20,100,81.2403840463596
"Separate 2D path/grid BIC + refit",NA,NA,372.098999578229,0,0.988024012068976,99325.3272111748,TRUE,2,0.13,13,1,0.0333333333333333,0.769230769230769,0.869565217391304,0.30939777491867,79.7885315898273,0.9,1,20.3375301658594,98.9100866396793,4.8634266714313,2.85385458548068e-05,0.650918872935307,0.153142884987492,27,-198464.145029817,-198339.805434795,"mean_and_concentration",2,1000,100,10,0.95,20,100,81.2403840463596
"Eta path BIC",NA,1.38322957884227,NA,NA,0.995999997133853,99347.1796845895,TRUE,3,0.15,15,1,0.0555555555555556,0.666666666666667,0.8,0.328321200606263,75.7974068828283,0.9,1,22.7848638116128,96.9941656663345,4.25695612966092,0.00012158562004246,8.39525324533653,0.359696192786568,116,-197893.059756817,-197358.860015242,"mean_and_concentration",2,1000,100,10,0.95,20,100,81.2403840463596
"Eta path BIC + refit",NA,1.38322957884227,NA,NA,0.988024012068976,99332.5220770283,TRUE,3,0.15,15,1,0.0555555555555556,0.666666666666667,0.8,0.32239895618499,79.8321981397695,0.7,1,20.3954927230852,98.9035263163761,4.84928349901688,5.96665797256575e-05,0.679334516446617,0.233000307426241,31,-198450.903740408,-198308.143464643,"mean_and_concentration",2,1000,100,10,0.95,20,100,81.2403840463596
"Rossi path BIC",343.899431771339,NA,NA,NA,0.98802401226328,98844.0567421311,TRUE,2,0.16,16,1,0.0666666666666667,0.625,0.769230769230769,0.3186639451687,80.3997279552262,1,1,20.2395728785845,99.3591480187495,4.90915241219748,0.000162119050385018,0.234043213012953,0.186486348313369,27,-197501.60409173,-197377.264496708,"mean_and_concentration",3,1000,100,10,0.95,20,100,81.2403840463596
"Rossi path BIC + refit",343.899431771339,NA,NA,NA,0.98802401226328,98869.9987528873,TRUE,2,0.16,16,1,0.0666666666666667,0.625,0.769230769230769,0.315607954862614,80.3517001690336,0.9,1,20.3769327554124,99.4624276910111,4.88112852335896,5.69166835704712e-05,0.215531144747216,0.262213272494962,33,-197512.041581568,-197360.07096543,"mean_and_concentration",3,1000,100,10,0.95,20,100,81.2403840463596
"Separate 2D path/grid BIC",NA,NA,343.899431771339,0,0.98802401226328,98844.0567421311,TRUE,2,0.16,16,1,0.0666666666666667,0.625,0.769230769230769,0.3186639451687,80.3997279552262,1,1,20.2395728785845,99.3591480187495,4.90915241219748,0.000162119050385018,0.234043213012953,0.186486348313369,27,-197501.60409173,-197377.264496708,"mean_and_concentration",3,1000,100,10,0.95,20,100,81.2403840463596
"Separate 2D path/grid BIC + refit",NA,NA,343.899431771339,0,0.98802401226328,98869.9987528873,TRUE,2,0.16,16,1,0.0666666666666667,0.625,0.769230769230769,0.315607954862614,80.3517001690335,0.9,1,20.3769327554124,99.4624276910111,4.88112852335896,5.69166835704712e-05,0.215531144747216,0.262213272494962,33,-197512.041581568,-197360.07096543,"mean_and_concentration",3,1000,100,10,0.95,20,100,81.2403840463596
"Eta path BIC",NA,1.20193920624916,NA,NA,0.98802401226328,98890.0918912976,TRUE,2,0.17,17,1,0.0777777777777778,0.588235294117647,0.740740740740741,0.331374457074361,76.8906623433821,1,1,22.5351004171031,97.835004846621,4.341449695621,0.00014979493330179,5.55696906947561,0.330870321732767,118,-196965.068659675,-196421.658577729,"mean_and_concentration",3,1000,100,10,0.95,20,100,81.2403840463596
"Eta path BIC + refit",NA,1.20193920624916,NA,NA,0.98802401226328,98870.8537172566,TRUE,3,0.17,17,1,0.0777777777777778,0.588235294117647,0.740740740740741,0.320342363249914,80.3825036841568,0.9,1,20.3911148266008,99.4683388595614,4.87802357572926,6.22072732008835e-05,0.217817187919756,0.307185808255757,35,-197499.935999749,-197338.755043239,"mean_and_concentration",3,1000,100,10,0.95,20,100,81.2403840463596
"Rossi path BIC",265.294533482765,NA,NA,NA,0.99200793157521,98181.1297362631,TRUE,2,0.15,15,1,0.0555555555555556,0.666666666666667,0.8,0.35827808379025,81.3116333016253,1,1,19.9379364016509,99.6656462533458,4.99879447128205,4.76074472666129e-05,0.0578221590708734,0.079613592471067,26,-196182.657835273,-196062.923410437,"mean_and_concentration",4,1000,100,10,0.95,20,100,81.2403840463596
"Rossi path BIC + refit",265.294533482765,NA,NA,NA,0.99200793157521,98193.9486332788,TRUE,2,0.15,15,1,0.0555555555555556,0.666666666666667,0.8,0.33372832669517,81.1081221043952,0.9,1,19.9950657236149,99.7224222839827,4.98735156275114,4.09467133183632e-05,0.0385368677564218,0.0937081371697254,31,-196173.756852909,-196030.996577144,"mean_and_concentration",4,1000,100,10,0.95,20,100,81.2403840463596
"Separate 2D path/grid BIC",NA,NA,265.294533482765,0,0.99200793157521,98181.1297362631,TRUE,2,0.15,15,1,0.0555555555555556,0.666666666666667,0.8,0.35827808379025,81.3116333016253,1,1,19.9379364016509,99.6656462533458,4.99879447128205,4.7607447266613e-05,0.0578221590708734,0.0796135924710671,26,-196182.657835273,-196062.923410437,"mean_and_concentration",4,1000,100,10,0.95,20,100,81.2403840463596
"Separate 2D path/grid BIC + refit",NA,NA,265.294533482765,0,0.99200793157521,98193.9486332788,TRUE,2,0.15,15,1,0.0555555555555556,0.666666666666667,0.8,0.33372832669517,81.1081221043952,0.9,1,19.9950657236149,99.7224222839827,4.98735156275114,4.09467133183632e-05,0.0385368677564218,0.0937081371697254,31,-196173.756852909,-196030.996577144,"mean_and_concentration",4,1000,100,10,0.95,20,100,81.2403840463596
"Eta path BIC",NA,1.17716721952167,NA,NA,0.988023899340989,98213.8919426907,TRUE,2,0.17,17,1,0.0777777777777778,0.588235294117647,0.740740740740741,0.353607434408095,77.7474613517824,0.9,1,22.1272172489593,98.1089584828845,4.43385887068554,0.000139369567052933,4.05054562186238,0.183534757924522,118,-195612.668762461,-195069.258680515,"mean_and_concentration",4,1000,100,10,0.95,20,100,81.2403840463596
"Eta path BIC + refit",NA,1.17716721952167,NA,NA,0.99200793157521,98198.0680500345,TRUE,3,0.17,17,1,0.0777777777777778,0.588235294117647,0.740740740740741,0.349609655924881,81.1725148997717,0.8,1,20.072889097477,99.7240626538983,4.968097126907,7.24304792482745e-05,0.0407271197523257,0.203122564759033,35,-196154.364665305,-195993.183708795,"mean_and_concentration",4,1000,100,10,0.95,20,100,81.2403840463596
"Rossi path BIC",329.692979148728,NA,NA,NA,0.984048002110176,98246.9026992615,TRUE,2,0.13,13,1,0.0333333333333333,0.769230769230769,0.869565217391304,0.363923265639987,82.6988749636261,1,1,18.7497044992838,99.9343434676083,5.32991565128003,0.000250089860043987,0.783774809678469,0.245878891313757,24,-196328.019271827,-196217.495187364,"mean_and_concentration",5,1000,100,10,0.95,20,100,81.2403840463596
"Rossi path BIC + refit",329.692979148728,NA,NA,NA,0.984048002110176,98271.3324062981,TRUE,2,0.13,13,1,0.0333333333333333,0.769230769230769,0.869565217391304,0.32506997474541,82.2705194639801,0.9,1,18.9339323574117,99.9796192367178,5.28044662616431,6.09821393282347e-05,0.568457797042898,0.150787223809674,27,-196356.155420064,-196231.815825042,"mean_and_concentration",5,1000,100,10,0.95,20,100,81.2403840463596
"Separate 2D path/grid BIC",NA,NA,329.692979148728,0,0.984048002110176,98246.9026992615,TRUE,2,0.13,13,1,0.0333333333333333,0.769230769230769,0.869565217391304,0.363923265639987,82.6988749636261,1,1,18.7497044992838,99.9343434676083,5.32991565128003,0.000250089860043987,0.783774809678469,0.245878891313757,24,-196328.019271827,-196217.495187364,"mean_and_concentration",5,1000,100,10,0.95,20,100,81.2403840463596
"Separate 2D path/grid BIC + refit",NA,NA,329.692979148728,0,0.984048002110176,98271.3324062981,TRUE,2,0.13,13,1,0.0333333333333333,0.769230769230769,0.869565217391304,0.32506997474541,82.2705194639801,0.9,1,18.9339323574117,99.9796192367178,5.28044662616431,6.09821393282347e-05,0.568457797042898,0.150787223809674,27,-196356.155420064,-196231.815825042,"mean_and_concentration",5,1000,100,10,0.95,20,100,81.2403840463596
"Eta path BIC",NA,1.67674321713093,NA,NA,0.988023984845646,98284.4268121893,TRUE,2,0.11,11,1,0.0111111111111111,0.909090909090909,0.952380952380952,0.347946527846164,77.5072274658422,0.9,1,21.8982937704342,97.7159051560173,4.46226113232382,0.000166335120395866,4.41030424758876,0.26006598154379,112,-195795.185033133,-195279.405972302,"mean_and_concentration",5,1000,100,10,0.95,20,100,81.2403840463596
"Eta path BIC + refit",NA,1.67674321713093,NA,NA,0.984048002110176,98264.3223630642,TRUE,3,0.11,11,1,0.0111111111111111,0.909090909090909,0.952380952380952,0.32487137736396,82.2355879186585,0.9,1,18.9295703466387,99.9420529165665,5.27967888792115,5.46355274242664e-05,0.574588753636854,0.12643583377956,23,-196369.766354712,-196263.847440434,"mean_and_concentration",5,1000,100,10,0.95,20,100,81.2403840463596
"Rossi path BIC",327.735374251546,NA,NA,NA,0.995999999913427,99207.1059553668,TRUE,2,0.12,12,1,0.0222222222222222,0.833333333333333,0.909090909090909,0.406191655212662,80.9199541760525,0.9,1,20.524366984273,99.3383543700518,4.84002037413241,0.000195022704598741,0.35636783691255,0.226874889304602,23,-198255.333539317,-198149.414625039,"mean_and_concentration",6,1000,100,10,0.95,20,100,81.2403840463596
"Rossi path BIC + refit",327.735374251546,NA,NA,NA,0.995999999913427,99224.5129264514,TRUE,2,0.12,12,1,0.0222222222222222,0.833333333333333,0.909090909090909,0.350811585621484,80.3217592828262,0.9,1,20.6738376732985,99.4054536000548,4.80827290853904,5.83148070620457e-05,0.403771315822058,0.156015007692997,25,-198276.331970928,-198161.202716278,"mean_and_concentration",6,1000,100,10,0.95,20,100,81.2403840463596
"Separate 2D path/grid BIC",NA,NA,327.735374251546,0,0.995999999913427,99207.1059553668,TRUE,2,0.12,12,1,0.0222222222222222,0.833333333333333,0.909090909090909,0.406191655212662,80.9199541760525,0.9,1,20.524366984273,99.3383543700518,4.84002037413241,0.000195022704598741,0.35636783691255,0.226874889304602,23,-198255.333539317,-198149.414625039,"mean_and_concentration",6,1000,100,10,0.95,20,100,81.2403840463596
"Separate 2D path/grid BIC + refit",NA,NA,327.735374251546,0,0.995999999913427,99224.5129264514,TRUE,2,0.12,12,1,0.0222222222222222,0.833333333333333,0.909090909090909,0.350811585621484,80.3217592828262,0.9,1,20.6738376732985,99.4054536000548,4.80827290853904,5.83148070620457e-05,0.403771315822058,0.156015007692997,25,-198276.331970928,-198161.202716278,"mean_and_concentration",6,1000,100,10,0.95,20,100,81.2403840463596
"Eta path BIC",NA,1.71287204854729,NA,NA,0.995999999913427,99240.8907841993,TRUE,2,0.11,11,1,0.0111111111111111,0.909090909090909,0.952380952380952,0.366632585768083,75.4389561154184,0.9,1,23.6636005505704,97.0284646124462,4.10032549379336,0.000150545118478072,11.125995776812,0.51718600048651,112,-197708.112977153,-197192.333916322,"mean_and_concentration",6,1000,100,10,0.95,20,100,81.2403840463596
"Eta path BIC + refit",NA,1.71287204854729,NA,NA,0.995999999913427,99219.2021229203,TRUE,2,0.11,11,1,0.0111111111111111,0.909090909090909,0.952380952380952,0.350761061341241,80.296075918563,0.9,1,20.6686026580004,99.3753717877487,4.80803532933961,5.3947060403862e-05,0.418594958912758,0.141209651058028,23,-198279.525874424,-198173.606960146,"mean_and_concentration",6,1000,100,10,0.95,20,100,81.2403840463596
"Rossi path BIC",319.700466101748,NA,NA,NA,0.995999996912225,98843.6378352914,TRUE,2,0.18,18,1,0.0888888888888889,0.555555555555556,0.714285714285714,0.299863114632236,81.8931154338888,1,1,19.7902304434227,100.583145228926,5.08246457849382,0.00010581617649713,0.192030812442723,0.214224055707532,29,-197486.950767492,-197353.400832099,"mean_and_concentration",7,1000,100,10,0.95,20,100,81.2403840463596
"Rossi path BIC + refit",319.700466101748,NA,NA,NA,0.992008002140254,98864.971247119,TRUE,2,0.18,18,1,0.0888888888888889,0.555555555555556,0.714285714285714,0.306586059678289,81.9907318268956,1,1,19.865681669535,100.701580643036,5.06912283797779,3.96258271375717e-05,0.255128406291167,0.266535731368367,37,-197474.355548916,-197303.964252034,"mean_and_concentration",7,1000,100,10,0.95,20,100,81.2403840463596
"Separate 2D path/grid BIC",NA,NA,319.700466101748,0,0.995999996912225,98843.6378352914,TRUE,2,0.18,18,1,0.0888888888888889,0.555555555555556,0.714285714285714,0.299863114632236,81.8931154338888,1,1,19.7902304434227,100.583145228926,5.08246457849382,0.00010581617649713,0.192030812442723,0.214224055707532,29,-197486.950767492,-197353.400832099,"mean_and_concentration",7,1000,100,10,0.95,20,100,81.2403840463596
"Separate 2D path/grid BIC + refit",NA,NA,319.700466101748,0,0.992008002140254,98864.971247119,TRUE,2,0.18,18,1,0.0888888888888889,0.555555555555556,0.714285714285714,0.306586059678289,81.9907318268956,1,1,19.865681669535,100.701580643036,5.06912283797779,3.96258271375717e-05,0.255128406291167,0.266535731368367,37,-197474.355548916,-197303.964252034,"mean_and_concentration",7,1000,100,10,0.95,20,100,81.2403840463596
"Eta path BIC",NA,1.11832047742162,NA,NA,0.992008002140254,98879.7392250989,TRUE,3,0.21,21,1,0.122222222222222,0.476190476190476,0.645161290322581,0.329023715396861,78.770630968713,0.9,1,21.9196885453191,99.1819585638118,4.52478867839533,0.000146208181677428,2.17719795117511,0.211554230566659,122,-196916.732306162,-196354.901543471,"mean_and_concentration",7,1000,100,10,0.95,20,100,81.2403840463596
"Eta path BIC + refit",NA,1.11832047742162,NA,NA,0.992008002140254,98869.6660636627,TRUE,3,0.21,21,1,0.122222222222222,0.476190476190476,0.645161290322581,0.315833281185996,82.047056938053,0.8,1,19.9042590653329,100.723420938189,5.06039539616012,5.61455186830255e-05,0.266252090190687,0.343845853264523,43,-197442.298650329,-197244.276332332,"mean_and_concentration",7,1000,100,10,0.95,20,100,81.2403840463596
"Rossi path BIC",327.833669407455,NA,NA,NA,0.992008002831505,98870.011393015,TRUE,2,0.15,15,1,0.0555555555555556,0.666666666666667,0.8,0.311196938320564,79.0601061083197,1,1,20.2488855634833,98.0830813910814,4.84387553495605,0.000157088277290145,1.8682604884645,0.103587256718444,26,-197560.421148776,-197440.686723941,"mean_and_concentration",8,1000,100,10,0.95,20,100,81.2403840463596
"Rossi path BIC + refit",327.833669407455,NA,NA,NA,0.995999997602502,98891.3651791613,TRUE,2,0.15,15,1,0.0555555555555556,0.666666666666667,0.8,0.299528206069612,78.930554688328,0.9,1,20.3671337800457,98.1532436865431,4.81919767143213,5.26718167189784e-05,1.77264804687183,0.127682201559578,31,-197568.589944674,-197425.829668908,"mean_and_concentration",8,1000,100,10,0.95,20,100,81.2403840463596
"Separate 2D path/grid BIC",NA,NA,327.833669407455,0,0.992008002831505,98870.011393015,TRUE,2,0.15,15,1,0.0555555555555556,0.666666666666667,0.8,0.311196938320564,79.0601061083197,1,1,20.2488855634833,98.0830813910814,4.84387553495605,0.000157088277290145,1.8682604884645,0.103587256718444,26,-197560.421148776,-197440.686723941,"mean_and_concentration",8,1000,100,10,0.95,20,100,81.2403840463596
"Separate 2D path/grid BIC + refit",NA,NA,327.833669407455,0,0.995999997602502,98891.3651791613,TRUE,2,0.15,15,1,0.0555555555555556,0.666666666666667,0.8,0.299528206069612,78.930554688328,0.9,1,20.3671337800457,98.1532436865431,4.81919767143213,5.26718167189784e-05,1.77264804687183,0.127682201559578,31,-197568.589944674,-197425.829668908,"mean_and_concentration",8,1000,100,10,0.95,20,100,81.2403840463596
"Eta path BIC",NA,1.70536040023213,NA,NA,0.992008002831505,98898.5288754962,TRUE,2,0.11,11,1,0.0111111111111111,0.909090909090909,0.952380952380952,0.325985755997783,74.0426636256297,0.9,1,23.3650666514039,95.7839271923528,4.09945020150831,0.000147025687768556,14.5494717438865,0.57155897674549,112,-197023.389159746,-196507.610098916,"mean_and_concentration",8,1000,100,10,0.95,20,100,81.2403840463596
"Eta path BIC + refit",NA,1.70536040023213,NA,NA,0.992008002831505,98879.2866581467,TRUE,3,0.11,11,1,0.0111111111111111,0.909090909090909,0.952380952380952,0.306214198387532,78.8708087454566,0.9,1,20.3955533552373,98.0682992738642,4.80831765462651,5.73505265372384e-05,1.94396507609652,0.112623766902838,23,-197599.694944877,-197493.776030599,"mean_and_concentration",8,1000,100,10,0.95,20,100,81.2403840463596
"Rossi path BIC",329.312068738476,NA,NA,NA,0.988024020308834,98750.1456806642,TRUE,2,0.2,20,1,0.111111111111111,0.5,0.666666666666667,0.336276217317156,81.6403423816701,1,1,20.0318559257092,100.269081391287,5.00548135745128,0.000125018817799293,0.0367097975699803,0.13405659396169,31,-197286.15094768,-197143.390671914,"mean_and_concentration",9,1000,100,10,0.95,20,100,81.2403840463596
"Rossi path BIC + refit",329.312068738476,NA,NA,NA,0.992008005125127,98780.8213826701,TRUE,2,0.2,20,1,0.111111111111111,0.5,0.666666666666667,0.317493793748283,81.5336114655614,0.9,1,20.1617349127859,100.433854058618,4.98140931289234,5.85140810450813e-05,0.107193763096652,0.222506236904539,41,-197278.424798902,-197089.612821276,"mean_and_concentration",9,1000,100,10,0.95,20,100,81.2403840463596
"Separate 2D path/grid BIC",NA,NA,329.312068738476,0,0.988024020308834,98750.1456806642,TRUE,2,0.2,20,1,0.111111111111111,0.5,0.666666666666667,0.336276217317156,81.6403423816701,1,1,20.0318559257092,100.269081391287,5.00548135745128,0.000125018817799293,0.0367097975699803,0.13405659396169,31,-197286.15094768,-197143.390671914,"mean_and_concentration",9,1000,100,10,0.95,20,100,81.2403840463596
"Separate 2D path/grid BIC + refit",NA,NA,329.312068738476,0,0.992008005125127,98780.8213826701,TRUE,2,0.2,20,1,0.111111111111111,0.5,0.666666666666667,0.317493793748283,81.5336114655614,0.9,1,20.1617349127859,100.433854058618,4.98140931289234,5.85140810450813e-05,0.107193763096652,0.222506236904539,41,-197278.424798902,-197089.612821276,"mean_and_concentration",9,1000,100,10,0.95,20,100,81.2403840463596
"Eta path BIC",NA,1.70743126514586,NA,NA,0.988024020308834,98780.098902932,TRUE,2,0.11,11,1,0.0111111111111111,0.909090909090909,0.952380952380952,0.338532337718067,76.5749648826826,0.9,1,23.1843287075536,98.0390776755082,4.22867873002364,0.000167127197539941,6.99258284022012,0.280013815126995,112,-196786.529214618,-196270.750153787,"mean_and_concentration",9,1000,100,10,0.95,20,100,81.2403840463596
"Eta path BIC + refit",NA,1.70743126514586,NA,NA,0.988024020308834,98755.406390144,TRUE,3,0.11,11,1,0.0111111111111111,0.909090909090909,0.952380952380952,0.312585831758469,81.351484904474,0.9,1,20.1214451338195,100.252347543469,4.9823631889624,3.56455024435938e-05,0.0392141016115743,0.0834499265539613,23,-197351.934408871,-197246.015494594,"mean_and_concentration",9,1000,100,10,0.95,20,100,81.2403840463596
"Rossi path BIC",303.016360162066,NA,NA,NA,0.988024015988843,98723.1644116702,TRUE,2,0.15,15,1,0.0555555555555556,0.666666666666667,0.8,0.376926790535556,80.7249275893092,1,1,20.2526337173992,99.1899995840741,4.8976345974627,7.58469292816978e-05,0.359962234483543,0.1625448458079,26,-197266.727186087,-197146.992761251,"mean_and_concentration",10,1000,100,10,0.95,20,100,81.2403840463596
"Rossi path BIC + refit",303.016360162066,NA,NA,NA,0.992008002907998,98738.3567075859,TRUE,2,0.15,15,1,0.0555555555555556,0.666666666666667,0.8,0.344037757134121,80.4519398287403,0.9,1,20.3250151522379,99.2786663705654,4.88455558959986,3.8581270040039e-05,0.31297852706874,0.156981589451769,31,-197262.573001523,-197119.812725758,"mean_and_concentration",10,1000,100,10,0.95,20,100,81.2403840463596
"Separate 2D path/grid BIC",NA,NA,324.774919982903,0,0.988024015988843,98720.8631869777,TRUE,2,0.13,13,1,0.0333333333333333,0.769230769230769,0.869565217391304,0.38230607696522,80.7748117687402,1,1,20.2396169327083,99.1774743343894,4.90016558436505,8.67376733534808e-05,0.366982372514337,0.175213521452146,24,-197275.94024726,-197165.416162796,"mean_and_concentration",10,1000,100,10,0.95,20,100,81.2403840463596
"Separate 2D path/grid BIC + refit",NA,NA,324.774919982903,0,0.988024015988843,98734.9434652189,TRUE,2,0.13,13,1,0.0333333333333333,0.769230769230769,0.869565217391304,0.343394444244688,80.4184988634615,0.9,1,20.3217629517587,99.247702968686,4.88381363390014,3.70840668070028e-05,0.334741110224185,0.130682136741781,27,-197283.377537905,-197159.037942884,"mean_and_concentration",10,1000,100,10,0.95,20,100,81.2403840463596
"Eta path BIC",NA,1.54783586068315,NA,NA,0.988024015988843,98759.912656638,TRUE,2,0.12,12,1,0.0222222222222222,0.833333333333333,0.909090909090909,0.362893874718258,76.0279746889696,0.9,1,23.09092569867,97.1505560171473,4.20730451801432,0.000151657660511121,8.83657634305708,0.413768092855955,113,-196739.248966751,-196218.864735734,"mean_and_concentration",10,1000,100,10,0.95,20,100,81.2403840463596
"Eta path BIC + refit",NA,1.54783586068315,NA,NA,0.992008002907998,98732.0644943594,TRUE,3,0.12,12,1,0.0222222222222222,0.833333333333333,0.909090909090909,0.346120308829715,80.4212470891809,0.8,1,20.3286728075923,99.2331001119944,4.8814352540975,3.83122767171624e-05,0.348080626336819,0.147013893372777,25,-197291.435106744,-197176.305852095,"mean_and_concentration",10,1000,100,10,0.95,20,100,81.2403840463596
"Rossi path BIC",335.650581477836,NA,NA,NA,0.995999996912225,98841.9198573741,TRUE,2,0.17,17,1,0.0777777777777778,0.588235294117647,0.740740740740741,0.415762166245678,83.559894173073,1,1,19.2927174864607,100.815991824343,5.2255983064643,0.000181748286515452,0.583045605676545,0.308132057097259,28,-197490.422566937,-197361.477801729,"mean_and_concentration",11,1000,100,10,0.95,20,100,81.2403840463596
"Rossi path BIC + refit",335.650581477836,NA,NA,NA,0.995999996912225,98868.9929479887,TRUE,2,0.17,17,1,0.0777777777777778,0.588235294117647,0.740740740740741,0.347583960731879,82.9578982334063,0.9,1,19.453606659468,100.968686281071,5.19022966016073,5.11507083693026e-05,0.618449396856592,0.299328203687044,35,-197496.214461213,-197335.033504703,"mean_and_concentration",11,1000,100,10,0.95,20,100,81.2403840463596
"Separate 2D path/grid BIC",NA,NA,335.650581477836,0,0.995999996912225,98841.9198573741,TRUE,2,0.17,17,1,0.0777777777777778,0.588235294117647,0.740740740740741,0.415762166245678,83.559894173073,1,1,19.2927174864607,100.815991824343,5.2255983064643,0.000181748286515452,0.583045605676545,0.308132057097259,28,-197490.422566937,-197361.477801729,"mean_and_concentration",11,1000,100,10,0.95,20,100,81.2403840463596
"Separate 2D path/grid BIC + refit",NA,NA,335.650581477836,0,0.995999996912225,98868.9929479887,TRUE,2,0.17,17,1,0.0777777777777778,0.588235294117647,0.740740740740741,0.347583960731879,82.9578982334063,0.9,1,19.453606659468,100.968686281071,5.19022966016073,5.11507083693026e-05,0.618449396856592,0.299328203687044,35,-197496.214461213,-197335.033504703,"mean_and_concentration",11,1000,100,10,0.95,20,100,81.2403840463596
"Eta path BIC",NA,1.76906952307717,NA,NA,0.992008002213415,98864.9898802921,TRUE,2,0.11,11,1,0.0111111111111111,0.909090909090909,0.952380952380952,0.364195716158899,77.8153705623961,0.9,1,22.559405323481,98.4581592661905,4.36439515379026,0.000159308093039154,4.4639142291485,0.246042687784041,112,-196956.311169338,-196440.532108508,"mean_and_concentration",11,1000,100,10,0.95,20,100,81.2403840463596
"Eta path BIC + refit",NA,1.76906952307717,NA,NA,0.995999996912225,98848.7936893924,TRUE,3,0.11,11,1,0.0111111111111111,0.909090909090909,0.952380952380952,0.343786937473258,82.7937882669718,0.9,1,19.4313349146998,100.814883839606,5.1882634045559,3.7415005952771e-05,0.493707825645393,0.166138336036993,23,-197538.709007368,-197432.790093091,"mean_and_concentration",11,1000,100,10,0.95,20,100,81.2403840463596
"Rossi path BIC",363.929504782554,NA,NA,NA,1,99096.3985476247,TRUE,2,0.11,11,1,0.0111111111111111,0.909090909090909,0.952380952380952,0.259420359908403,81.6150568848865,1,1,19.9582176986654,100.740064818708,5.04754814982526,0.00021874786250798,0.274720848297348,0.188988492629847,22,-198040.826479112,-197939.51273502,"mean_and_concentration",12,1000,100,10,0.95,20,100,81.2403840463596
"Rossi path BIC + refit",363.929504782554,NA,NA,NA,1,99115.6361423162,TRUE,2,0.11,11,1,0.0111111111111111,0.909090909090909,0.952380952380952,0.271552855176119,81.5599719104142,0.9,1,20.1209658415976,100.759223562804,5.00767330733682,3.72914921688098e-05,0.295526576575342,0.0793057762838681,23,-198072.393913216,-197966.474998938,"mean_and_concentration",12,1000,100,10,0.95,20,100,81.2403840463596
"Separate 2D path/grid BIC",NA,NA,363.929504782554,0,1,99096.3985476247,TRUE,2,0.11,11,1,0.0111111111111111,0.909090909090909,0.952380952380952,0.259420359908403,81.6150568848865,1,1,19.9582176986654,100.740064818708,5.04754814982526,0.00021874786250798,0.274720848297348,0.188988492629847,22,-198040.826479112,-197939.51273502,"mean_and_concentration",12,1000,100,10,0.95,20,100,81.2403840463596
"Separate 2D path/grid BIC + refit",NA,NA,363.929504782554,0,1,99115.6361423162,TRUE,2,0.11,11,1,0.0111111111111111,0.909090909090909,0.952380952380952,0.271552855176119,81.5599719104142,0.9,1,20.1209658415976,100.759223562804,5.00767330733682,3.72914921688098e-05,0.295526576575342,0.0793057762838681,23,-198072.393913216,-197966.474998938,"mean_and_concentration",12,1000,100,10,0.95,20,100,81.2403840463596
"Eta path BIC",NA,1.68863323255103,NA,NA,1,99123.3918691555,TRUE,2,0.1,10,1,0,1,1,0.298241789812392,76.7223373547344,0.7,1,23.0160950166292,98.4139735209172,4.27587622704081,0.000112117354628755,5.80615457084352,0.260991112720446,111,-197480.022902344,-196968.849011699,"mean_and_concentration",12,1000,100,10,0.95,20,100,81.2403840463596
"Eta path BIC + refit",NA,1.68863323255103,NA,NA,1,99113.2898023602,TRUE,2,0.1,10,1,0,1,1,0.271488932562609,81.5438065493247,1,1,20.1215207979414,100.743979450342,5.0067775921117,3.64420891097187e-05,0.284136363431921,0.0665730780700403,21,-198081.516743862,-197984.808169956,"mean_and_concentration",12,1000,100,10,0.95,20,100,81.2403840463596
"Rossi path BIC",375.491942202707,NA,NA,NA,1,99166.2141007945,TRUE,2,0.12,12,1,0.0222222222222222,0.833333333333333,0.909090909090909,0.368469043290524,82.5511990480594,1,1,19.7230007795029,100.625701014061,5.1019468152451,6.74791550655474e-05,0.234115163576712,0.0908065181771321,23,-198173.549830172,-198067.630915895,"mean_and_concentration",13,1000,100,10,0.95,20,100,81.2403840463596
"Rossi path BIC + refit",375.491942202707,NA,NA,NA,1,99178.3491389686,TRUE,2,0.12,12,1,0.0222222222222222,0.833333333333333,0.909090909090909,0.322447739658854,82.1565626704504,0.9,1,19.7876827577719,100.673879315952,5.08770433346525,1.61593474547075e-05,0.249595971907523,0.109285357384245,25,-198184.004395963,-198068.875141313,"mean_and_concentration",13,1000,100,10,0.95,20,100,81.2403840463596
"Separate 2D path/grid BIC",NA,NA,375.491942202707,0,1,99166.2141007945,TRUE,2,0.12,12,1,0.0222222222222222,0.833333333333333,0.909090909090909,0.368469043290524,82.5511990480594,1,1,19.7230007795029,100.625701014061,5.1019468152451,6.74791550655474e-05,0.234115163576712,0.0908065181771321,23,-198173.549830172,-198067.630915895,"mean_and_concentration",13,1000,100,10,0.95,20,100,81.2403840463596
"Separate 2D path/grid BIC + refit",NA,NA,375.491942202707,0,1,99178.3491389686,TRUE,2,0.12,12,1,0.0222222222222222,0.833333333333333,0.909090909090909,0.322447739658854,82.1565626704504,0.9,1,19.7876827577719,100.673879315952,5.08770433346525,1.61593474547075e-05,0.249595971907523,0.109285357384245,25,-198184.004395963,-198068.875141313,"mean_and_concentration",13,1000,100,10,0.95,20,100,81.2403840463596
"Eta path BIC",NA,1.36265654095587,NA,NA,1,99205.0350888343,TRUE,2,0.13,13,1,0.0333333333333333,0.769230769230769,0.869565217391304,0.344644500829055,78.2883729513231,0.9,1,22.2480309813913,98.8499034543567,4.44308548190339,0.000136393970215525,3.18818267879797,0.135902664579072,114,-197622.586075865,-197097.596674662,"mean_and_concentration",13,1000,100,10,0.95,20,100,81.2403840463596
"Eta path BIC + refit",NA,1.36265654095587,NA,NA,1,99181.7875086587,TRUE,2,0.13,13,1,0.0333333333333333,0.769230769230769,0.869565217391304,0.329000913312971,82.1947411511451,0.9,1,19.8200747530787,100.690089728294,5.0802073646394,2.94885875413271e-05,0.254298463788299,0.160298906654899,27,-198177.065624785,-198052.726029763,"mean_and_concentration",13,1000,100,10,0.95,20,100,81.2403840463596
"Rossi path BIC",305.90240160751,NA,NA,NA,1,99038.8160449651,TRUE,2,0.16,16,1,0.0666666666666667,0.625,0.769230769230769,0.324672992342735,82.9803952414694,0.9,1,19.878878041429,101.56678713314,5.10928166677555,6.94166948207811e-05,1.2347462247107,0.101992540756204,27,-197891.122697398,-197766.783102376,"mean_and_concentration",14,1000,100,10,0.95,20,100,81.2403840463596
"Rossi path BIC + refit",305.90240160751,NA,NA,NA,1,99056.8022989972,TRUE,2,0.16,16,1,0.0666666666666667,0.625,0.769230769230769,0.322644856240923,82.9582033961901,0.8,1,19.9637643601476,101.63894555687,5.09117137045385,4.70037107172807e-05,1.34372777999041,0.240845221788213,33,-197885.648673788,-197733.67805765,"mean_and_concentration",14,1000,100,10,0.95,20,100,81.2403840463596
"Separate 2D path/grid BIC",NA,NA,305.90240160751,0,1,99038.8160449651,TRUE,2,0.16,16,1,0.0666666666666667,0.625,0.769230769230769,0.324672992342735,82.9803952414694,0.9,1,19.878878041429,101.56678713314,5.10928166677555,6.94166948207811e-05,1.2347462247107,0.101992540756204,27,-197891.122697398,-197766.783102376,"mean_and_concentration",14,1000,100,10,0.95,20,100,81.2403840463596
"Separate 2D path/grid BIC + refit",NA,NA,305.90240160751,0,1,99056.8022989972,TRUE,2,0.16,16,1,0.0666666666666667,0.625,0.769230769230769,0.322644856240923,82.9582033961901,0.8,1,19.9637643601476,101.63894555687,5.09117137045385,4.70037107172807e-05,1.34372777999041,0.240845221788213,33,-197885.648673788,-197733.67805765,"mean_and_concentration",14,1000,100,10,0.95,20,100,81.2403840463596
"Eta path BIC",NA,1.36919589536613,NA,NA,1,99076.2559923161,TRUE,2,0.17,17,1,0.0777777777777778,0.588235294117647,0.740740740740741,0.338696797686903,78.9554746646646,0.8,1,22.4203956143885,99.7343878120333,4.44837769713696,0.000151473942379052,2.9644323822738,0.10687125440765,118,-197337.396861712,-196793.986779766,"mean_and_concentration",14,1000,100,10,0.95,20,100,81.2403840463596
"Eta path BIC + refit",NA,1.36919589536613,NA,NA,1,99059.9460911625,TRUE,3,0.17,17,1,0.0777777777777778,0.588235294117647,0.740740740740741,0.327383890527736,82.9777441342625,0.7,1,19.9916651543856,101.646469199223,5.08444236206731,5.98176884014822e-05,1.35546514682108,0.269261418984381,35,-197878.120747561,-197716.939791051,"mean_and_concentration",14,1000,100,10,0.95,20,100,81.2403840463596
"Rossi path BIC",335.157953015542,NA,NA,NA,0.995999986914343,98415.916401207,TRUE,2,0.12,12,1,0.0222222222222222,0.833333333333333,0.909090909090909,0.307409634432759,83.0365181042106,0.8,1,19.1380756187049,101.066570409008,5.2809160347464,7.16581222936971e-05,0.940243038221017,0.183968120152713,23,-196672.954430997,-196567.03551672,"mean_and_concentration",15,1000,100,10,0.95,20,100,81.2403840463596
"Rossi path BIC + refit",335.157953015542,NA,NA,NA,0.995999986914343,98426.2009479787,TRUE,2,0.12,12,1,0.0222222222222222,0.833333333333333,0.909090909090909,0.303024981763733,82.9949570148616,0.9,1,19.1856840570477,101.100597620912,5.26958524493023,2.08309891072969e-05,0.937212789051213,0.181957890711951,25,-196679.708013983,-196564.578759333,"mean_and_concentration",15,1000,100,10,0.95,20,100,81.2403840463596
"Separate 2D path/grid BIC",NA,NA,335.157953015542,0,0.995999986914343,98415.916401207,TRUE,2,0.12,12,1,0.0222222222222222,0.833333333333333,0.909090909090909,0.307409634432759,83.0365181042106,0.8,1,19.1380756187049,101.066570409008,5.2809160347464,7.16581222936971e-05,0.940243038221017,0.183968120152713,23,-196672.954430997,-196567.03551672,"mean_and_concentration",15,1000,100,10,0.95,20,100,81.2403840463596
"Separate 2D path/grid BIC + refit",NA,NA,335.157953015542,0,0.995999986914343,98426.2009479787,TRUE,2,0.12,12,1,0.0222222222222222,0.833333333333333,0.909090909090909,0.303024981763733,82.9949570148616,0.9,1,19.1856840570477,101.100597620912,5.26958524493023,2.08309891072969e-05,0.937212789051213,0.181957890711951,25,-196679.708013983,-196564.578759333,"mean_and_concentration",15,1000,100,10,0.95,20,100,81.2403840463596
"Eta path BIC",NA,1.32758350001987,NA,NA,0.995999986914343,98451.5268136679,TRUE,2,0.17,17,1,0.0777777777777778,0.588235294117647,0.740740740740741,0.330105380080871,79.2291491760427,0.8,1,21.6055566738867,99.3446472459662,4.59810634576418,0.00014613569215664,1.50364973264091,0.130922104346793,118,-196087.938504416,-195544.528422469,"mean_and_concentration",15,1000,100,10,0.95,20,100,81.2403840463596
"Eta path BIC + refit",NA,1.32758350001987,NA,NA,0.995999986914343,98436.6461450318,TRUE,3,0.17,17,1,0.0777777777777778,0.588235294117647,0.740740740740741,0.32108405749878,83.0822351281266,0.7,1,19.2808512813135,101.144197915352,5.24583673405429,6.33435178876032e-05,0.91318187454228,0.296440243994496,35,-196631.520855299,-196470.33989879,"mean_and_concentration",15,1000,100,10,0.95,20,100,81.2403840463596
"Rossi path BIC",400.380142881618,NA,NA,NA,0.995999999123111,98661.3900358731,TRUE,2,0.1,10,1,0,1,1,0.40970141502254,82.584007928258,1,1,19.5721134492974,100.139670869949,5.11644647520394,0.000147443061733464,0.101297426092282,0.153656104215039,21,-197177.717210888,-197081.008636982,"mean_and_concentration",16,1000,100,10,0.95,20,100,81.2403840463596
"Rossi path BIC + refit",400.380142881618,NA,NA,NA,0.995999999123111,98676.3874387152,TRUE,2,0.1,10,1,0,1,1,0.332176869331706,81.820107381351,1,1,19.7193424398843,100.196153024868,5.08111025153715,1.80875481766972e-05,0.0586223376074472,0.0446283140593425,21,-197207.712016572,-197111.003442666,"mean_and_concentration",16,1000,100,10,0.95,20,100,81.2403840463596
"Separate 2D path/grid BIC",NA,NA,400.380142881618,0,0.995999999123111,98661.3900358731,TRUE,2,0.1,10,1,0,1,1,0.40970141502254,82.584007928258,1,1,19.5721134492974,100.139670869949,5.11644647520394,0.000147443061733464,0.101297426092282,0.153656104215039,21,-197177.717210888,-197081.008636982,"mean_and_concentration",16,1000,100,10,0.95,20,100,81.2403840463596
"Separate 2D path/grid BIC + refit",NA,NA,400.380142881618,0,0.995999999123111,98676.3874387152,TRUE,2,0.1,10,1,0,1,1,0.332176869331706,81.820107381351,1,1,19.7193424398843,100.196153024868,5.08111025153715,1.80875481766972e-05,0.0586223376074472,0.0446283140593425,21,-197207.712016572,-197111.003442666,"mean_and_concentration",16,1000,100,10,0.95,20,100,81.2403840463596
"Eta path BIC",NA,1.50576522548161,NA,NA,0.995999999123111,98700.5368465424,TRUE,2,0.11,11,1,0.0111111111111111,0.909090909090909,0.952380952380952,0.354045592641538,77.5937956010125,0.7,1,22.3992872017248,98.1956719016694,4.38387485357607,0.000132119620200848,4.50608948139273,0.194453526800725,112,-196627.405101839,-196111.626041008,"mean_and_concentration",16,1000,100,10,0.95,20,100,81.2403840463596
"Eta path BIC + refit",NA,1.50576522548161,NA,NA,0.995999999123111,98679.9803566737,TRUE,3,0.11,11,1,0.0111111111111111,0.909090909090909,0.952380952380952,0.336746776555558,81.8403028647159,0.9,1,19.7363203317006,100.194956593196,5.07667867714239,2.88781487577893e-05,0.0537675203526184,0.0821326886049651,23,-197201.082341931,-197095.163427653,"mean_and_concentration",16,1000,100,10,0.95,20,100,81.2403840463596
"Rossi path BIC",409.236531036307,NA,NA,NA,0.988024000552049,98379.3015381847,TRUE,2,0.1,10,1,0,1,1,0.277945700311816,80.5441651101392,1,1,20.1851504910915,99.7577731335928,4.94213670478306,8.06931263255071e-05,0.0464772795804216,0.0600189204651245,21,-196613.540215511,-196516.831641605,"mean_and_concentration",17,1000,100,10,0.95,20,100,81.2403840463596
"Rossi path BIC + refit",409.236531036307,NA,NA,NA,0.988024000552049,98388.5371573905,TRUE,2,0.1,10,1,0,1,1,0.285455271681402,80.5552578047999,1,1,20.2502536132042,99.7770344093116,4.9271992497048,1.33661099079725e-05,0.0561702627764001,0.0535871380473908,21,-196632.011453922,-196535.302880017,"mean_and_concentration",17,1000,100,10,0.95,20,100,81.2403840463596
"Separate 2D path/grid BIC",NA,NA,409.236531036307,0,0.988024000552049,98379.3015381847,TRUE,2,0.1,10,1,0,1,1,0.277945700311816,80.5441651101392,1,1,20.1851504910915,99.7577731335928,4.94213670478306,8.06931263255071e-05,0.0464772795804216,0.0600189204651245,21,-196613.540215511,-196516.831641605,"mean_and_concentration",17,1000,100,10,0.95,20,100,81.2403840463596
"Separate 2D path/grid BIC + refit",NA,NA,409.236531036307,0,0.988024000552049,98388.5371573905,TRUE,2,0.1,10,1,0,1,1,0.285455271681402,80.5552578047999,1,1,20.2502536132042,99.7770344093116,4.9271992497048,1.33661099079725e-05,0.0561702627764001,0.0535871380473908,21,-196632.011453922,-196535.302880017,"mean_and_concentration",17,1000,100,10,0.95,20,100,81.2403840463596
"Eta path BIC",NA,1.24069637289441,NA,NA,0.988024000552049,98419.0743330242,TRUE,2,0.13,13,1,0.0333333333333333,0.769230769230769,0.869565217391304,0.312600589302847,77.0634755524492,0.9,1,22.49633957726,98.146987388514,4.36279809217158,0.000123629248114923,4.83268351166046,0.212648917462208,114,-196050.664564245,-195525.675163042,"mean_and_concentration",17,1000,100,10,0.95,20,100,81.2403840463596
"Eta path BIC + refit",NA,1.24069637289441,NA,NA,0.988024000552049,98397.8164247128,TRUE,3,0.13,13,1,0.0333333333333333,0.769230769230769,0.869565217391304,0.294879062804513,80.627495772849,0.9,1,20.2882087158989,99.8162156763594,4.91991269777001,3.405941331263e-05,0.058420470768069,0.136474309796097,27,-196609.123456893,-196484.783861871,"mean_and_concentration",17,1000,100,10,0.95,20,100,81.2403840463596
"Rossi path BIC",298.867677974798,NA,NA,NA,0.995999996912225,98724.0548939013,TRUE,2,0.12,12,1,0.0222222222222222,0.833333333333333,0.909090909090909,0.297374563105083,82.2868239559397,1,1,18.9584551291837,100.217936483157,5.28618686492483,8.60854110671282e-05,0.566156014307416,0.121934907081448,23,-197289.231416386,-197183.312502108,"mean_and_concentration",18,1000,100,10,0.95,20,100,81.2403840463596
"Rossi path BIC + refit",298.867677974798,NA,NA,NA,0.995999996912225,98732.865340422,TRUE,2,0.12,12,1,0.0222222222222222,0.833333333333333,0.909090909090909,0.297129959240053,82.2573960935231,0.9,1,19.0028209007874,100.231645066821,5.27456663356058,2.17715407299861e-05,0.524012796444437,0.102606534314701,25,-197293.036798869,-197177.90754422,"mean_and_concentration",18,1000,100,10,0.95,20,100,81.2403840463596
"Separate 2D path/grid BIC",NA,NA,298.867677974798,0,0.995999996912225,98724.0548939013,TRUE,2,0.12,12,1,0.0222222222222222,0.833333333333333,0.909090909090909,0.297374563105083,82.2868239559397,1,1,18.9584551291837,100.217936483157,5.28618686492483,8.60854110671282e-05,0.566156014307416,0.121934907081448,23,-197289.231416386,-197183.312502108,"mean_and_concentration",18,1000,100,10,0.95,20,100,81.2403840463596
"Separate 2D path/grid BIC + refit",NA,NA,298.867677974798,0,0.995999996912225,98732.865340422,TRUE,2,0.12,12,1,0.0222222222222222,0.833333333333333,0.909090909090909,0.297129959240053,82.2573960935231,0.9,1,19.0028209007874,100.231645066821,5.27456663356058,2.17715407299861e-05,0.524012796444437,0.102606534314701,25,-197293.036798869,-197177.90754422,"mean_and_concentration",18,1000,100,10,0.95,20,100,81.2403840463596
"Eta path BIC",NA,1.13743832662736,NA,NA,0.995999996912225,98761.8203824958,TRUE,2,0.13,13,1,0.0333333333333333,0.769230769230769,0.869565217391304,0.325181395100406,79.0157228552776,0.9,1,21.10628526615,98.7153538012767,4.67705958469136,0.000140918006934912,1.43709147299735,0.109925837745651,114,-196736.156663188,-196211.167261985,"mean_and_concentration",18,1000,100,10,0.95,20,100,81.2403840463596
"Eta path BIC + refit",NA,1.13743832662736,NA,NA,0.995999996912225,98737.6913494746,TRUE,3,0.13,13,1,0.0333333333333333,0.769230769230769,0.869565217391304,0.308913295210417,82.2766825514903,0.9,1,19.0666140079486,100.227508283192,5.2567020154396,5.29679426948785e-05,0.461484714539452,0.142097486159019,27,-197288.873306417,-197164.533711395,"mean_and_concentration",18,1000,100,10,0.95,20,100,81.2403840463596
"Rossi path BIC",356.183599849594,NA,NA,NA,0.98802401226328,98916.0065403059,TRUE,2,0.13,13,1,0.0333333333333333,0.769230769230769,0.869565217391304,0.282057414853818,80.2949611544087,1,1,20.5222261071488,99.7960949705257,4.86282991179803,4.63657320907218e-05,0.157148684016366,0.056434676985816,24,-197666.226953916,-197555.702869453,"mean_and_concentration",19,1000,100,10,0.95,20,100,81.2403840463596
"Rossi path BIC + refit",356.183599849594,NA,NA,NA,0.98802401226328,98929.1057194282,TRUE,2,0.13,13,1,0.0333333333333333,0.769230769230769,0.869565217391304,0.293785615928742,80.3843440663554,0.9,1,20.5693188351225,99.8434441474624,4.8539985668839,2.3218395777586e-05,0.174316835494491,0.0622231209209144,27,-197671.702046324,-197547.362451302,"mean_and_concentration",19,1000,100,10,0.95,20,100,81.2403840463596
"Separate 2D path/grid BIC",NA,NA,356.183599849594,0,0.98802401226328,98916.0065403059,TRUE,2,0.13,13,1,0.0333333333333333,0.769230769230769,0.869565217391304,0.282057414853818,80.2949611544087,1,1,20.5222261071488,99.7960949705257,4.86282991179803,4.63657320907218e-05,0.157148684016366,0.056434676985816,24,-197666.226953916,-197555.702869453,"mean_and_concentration",19,1000,100,10,0.95,20,100,81.2403840463596
"Separate 2D path/grid BIC + refit",NA,NA,356.183599849594,0,0.98802401226328,98929.1057194282,TRUE,2,0.13,13,1,0.0333333333333333,0.769230769230769,0.869565217391304,0.293785615928742,80.3843440663554,0.9,1,20.5693188351225,99.8434441474624,4.8539985668839,2.3218395777586e-05,0.174316835494491,0.0622231209209144,27,-197671.702046324,-197547.362451302,"mean_and_concentration",19,1000,100,10,0.95,20,100,81.2403840463596
"Eta path BIC",NA,1.64857837423664,NA,NA,0.98802401226328,98945.7938743142,TRUE,2,0.12,12,1,0.0222222222222222,0.833333333333333,0.909090909090909,0.322688449889559,75.6882021576,0.8,1,23.4872565438424,97.5821252457935,4.15468384158202,0.000129908727452655,9.00353826480039,0.365935465672813,113,-197111.011402103,-196590.627171087,"mean_and_concentration",19,1000,100,10,0.95,20,100,81.2403840463596
"Eta path BIC + refit",NA,1.64857837423664,NA,NA,0.98802401226328,98923.8459461671,TRUE,3,0.12,12,1,0.0222222222222222,0.833333333333333,0.909090909090909,0.30065522880434,80.3887895485676,0.8,1,20.5830355014395,99.8083887223949,4.84906070902004,2.61511790450768e-05,0.188322638822141,0.100700097275249,25,-197674.99801036,-197559.86875571,"mean_and_concentration",19,1000,100,10,0.95,20,100,81.2403840463596
"Rossi path BIC",369.67658427865,NA,NA,NA,0.992008005125127,98886.6355570624,TRUE,2,0.12,12,1,0.0222222222222222,0.833333333333333,0.909090909090909,0.399344948936248,83.449535162474,1,1,19.9196317039342,101.415985308972,5.09125805217279,0.000125561306662226,1.00573672911795,0.187230501914604,23,-197614.392742708,-197508.473828431,"mean_and_concentration",20,1000,100,10,0.95,20,100,81.2403840463596
"Rossi path BIC + refit",369.67658427865,NA,NA,NA,0.992008005125127,98902.1177584399,TRUE,2,0.12,12,1,0.0222222222222222,0.833333333333333,0.909090909090909,0.345462537030712,82.952662986418,0.9,1,20.0265807135847,101.503841776539,5.06845593005728,2.45032236300535e-05,1.13112331159918,0.105778510854064,25,-197631.541634905,-197516.412380255,"mean_and_concentration",20,1000,100,10,0.95,20,100,81.2403840463596
"Separate 2D path/grid BIC",NA,NA,369.67658427865,0,0.992008005125127,98886.6355570624,TRUE,2,0.12,12,1,0.0222222222222222,0.833333333333333,0.909090909090909,0.399344948936248,83.449535162474,1,1,19.9196317039342,101.415985308972,5.09125805217279,0.000125561306662226,1.00573672911795,0.187230501914604,23,-197614.392742708,-197508.473828431,"mean_and_concentration",20,1000,100,10,0.95,20,100,81.2403840463596
"Separate 2D path/grid BIC + refit",NA,NA,369.67658427865,0,0.992008005125127,98902.1177584399,TRUE,2,0.12,12,1,0.0222222222222222,0.833333333333333,0.909090909090909,0.345462537030712,82.952662986418,0.9,1,20.0265807135847,101.503841776539,5.06845593005728,2.45032236300535e-05,1.13112331159918,0.105778510854064,25,-197631.541634905,-197516.412380255,"mean_and_concentration",20,1000,100,10,0.95,20,100,81.2403840463596
"Eta path BIC",NA,1.55527797597292,NA,NA,0.992008005125127,98927.5388236036,TRUE,2,0.12,12,1,0.0222222222222222,0.833333333333333,0.909090909090909,0.368327970130919,78.5630816380702,0.8,1,22.812106028636,99.3924974001136,4.35700663828873,0.00014805316686031,4.13849986257997,0.201924046637785,113,-197074.501300682,-196554.117069666,"mean_and_concentration",20,1000,100,10,0.95,20,100,81.2403840463596
"Eta path BIC + refit",NA,1.55527797597292,NA,NA,0.992008005125127,98903.1025607806,TRUE,2,0.12,12,1,0.0222222222222222,0.833333333333333,0.909090909090909,0.351510506484132,82.9569109989281,0.8,1,20.0554638870544,101.482551939725,5.06009497019069,3.79887407156088e-05,1.10051824837449,0.136567980052,25,-197633.511239587,-197518.381984937,"mean_and_concentration",20,1000,100,10,0.95,20,100,81.2403840463596
