"method","K_fit","beta","lambda_mu","lambda_kappa","lambda_eta","ARI","loglik","pen_loglik","converged","iter","true_union_q","selected_q","TPR","FPR","Precision","F1","entry_TPR","entry_FPR","entry_Precision","entry_F1","MSE_mu","MSE_kappa","MSE_centered_eta","kappa_hat_mean","df","BIC","EBIC","scenario","rep","n","d","K_true"
"Rossi path BIC",4,103.928975220122,NA,NA,NA,0.944170610782986,90727.8001141288,89657.0065808064,TRUE,2,33,37,0.96969696969697,0.0746268656716418,0.864864864864865,0.914285714285714,0.9,0.0194444444444444,0.837209302325581,0.867469879518072,7.25276197436576e-05,1.42366999619597,0.0761118436666049,35.8045856414933,46,-181137.843485424,-180926.005656869,"paperlike_sparse_active",1,1000,100,4
"Rossi path BIC + refit",4,103.928975220122,NA,NA,NA,0.934156976191311,90797.9627874389,NA,TRUE,3,33,37,0.96969696969697,0.0746268656716418,0.864864864864865,0.914285714285714,NA,NA,NA,NA,0.00013988509288078,2.10634384213358,0.13525459081304,36.0939482511669,151,-180552.854527751,-179857.473829667,"paperlike_sparse_active",1,1000,100,4
"Separate 2D path/grid BIC",4,NA,103.928975220122,0,NA,0.944170610782986,90727.8001141288,89657.0065808064,TRUE,2,33,37,0.96969696969697,0.0746268656716418,0.864864864864865,0.914285714285714,0.9,0.0194444444444444,0.837209302325581,0.867469879518072,7.25276197436577e-05,1.42366999619597,0.0761118436666049,35.8045856414933,46,-181137.843485424,-180926.005656869,"paperlike_sparse_active",1,1000,100,4
"Separate 2D path/grid BIC + refit",4,NA,103.928975220122,0,NA,0.934156976191311,90797.9627874389,NA,TRUE,3,33,37,0.96969696969697,0.0746268656716418,0.864864864864865,0.914285714285714,NA,NA,NA,NA,0.00013988509288078,2.1063438421336,0.13525459081304,36.0939482511669,151,-180552.854527752,-179857.473829667,"paperlike_sparse_active",1,1000,100,4
"Eta centered path BIC",4,NA,NA,NA,2.0455176750762,0.931301897255566,90667.3782295476,90176.1038016716,TRUE,4,33,30,0.909090909090909,0,1,0.952380952380952,NA,NA,NA,NA,0.000320268000512409,9.17043009015547,0.311565753515921,31.9740383933814,193,-180001.559690252,-179112.761844356,"paperlike_sparse_active",1,1000,100,4
"Eta centered path BIC + refit",4,NA,NA,NA,2.0455176750762,0.931737180403769,90761.8341369797,NA,TRUE,3,33,30,0.909090909090909,0,1,0.952380952380952,NA,NA,NA,NA,0.000111726155640659,1.71884507856218,0.0994497866940566,35.9440205599512,123,-180674.014374645,-180107.578441768,"paperlike_sparse_active",1,1000,100,4
"Rossi path BIC",4,133.469649018957,NA,NA,NA,0.918966604323748,90683.1626728972,89467.2789968202,TRUE,2,32,33,0.90625,0.0588235294117647,0.878787878787879,0.892307692307692,0.9,0.0138888888888889,0.878048780487805,0.888888888888889,0.000194715365198269,0.881200070430254,0.159750298316869,35.3455774600649,44,-181062.384113519,-180859.756625336,"paperlike_sparse_active",2,1000,100,4
"Rossi path BIC + refit",4,133.469649018957,NA,NA,NA,0.91613637003813,90799.802616634,NA,TRUE,3,32,33,0.90625,0.0588235294117647,0.878787878787879,0.892307692307692,NA,NA,NA,NA,0.000148188663089503,0.629461601303747,0.121993930946067,35.8212994891879,135,-180667.058270605,-180045.360295497,"paperlike_sparse_active",2,1000,100,4
"Separate 2D path/grid BIC",4,NA,133.469649018957,0,NA,0.918966604323748,90683.1626728972,89467.2789968202,TRUE,2,32,33,0.90625,0.0588235294117647,0.878787878787879,0.892307692307692,0.9,0.0138888888888889,0.878048780487805,0.888888888888889,0.000194715365198269,0.881200070430254,0.159750298316869,35.3455774600649,44,-181062.384113519,-180859.756625336,"paperlike_sparse_active",2,1000,100,4
"Separate 2D path/grid BIC + refit",4,NA,133.469649018957,0,NA,0.91613637003813,90799.802616634,NA,TRUE,3,32,33,0.90625,0.0588235294117647,0.878787878787879,0.892307692307692,NA,NA,NA,NA,0.000148188663089503,0.629461601303729,0.121993930946067,35.8212994891879,135,-180667.058270605,-180045.360295497,"paperlike_sparse_active",2,1000,100,4
"Eta centered path BIC",4,NA,NA,NA,1.74073899474546,0.90807939825621,90736.3883810449,90342.5152068538,TRUE,4,32,31,0.875,0.0441176470588235,0.903225806451613,0.888888888888889,NA,NA,NA,NA,0.000340070318314893,8.35051825533203,0.308950227081588,32.7712473850702,196,-180118.856727409,-179216.243370956,"paperlike_sparse_active",2,1000,100,4
"Eta centered path BIC + refit",4,NA,NA,NA,1.74073899474546,0.913380513119103,90790.7088812153,NA,TRUE,3,32,31,0.875,0.0441176470588235,0.903225806451613,0.888888888888889,NA,NA,NA,NA,0.000151093029582002,0.655932246442117,0.138525914485491,35.7869834050209,127,-180704.132842,-180119.276228379,"paperlike_sparse_active",2,1000,100,4
"Rossi path BIC",4,118.389346605138,NA,NA,NA,0.863965888373875,89465.6983845866,88426.2395476537,TRUE,2,38,32,0.842105263157895,0,1,0.914285714285714,0.8,0.00555555555555556,0.941176470588235,0.864864864864865,0.000236189604648401,0.44065820332706,0.165716648127389,30.3552313950263,37,-178675.809823851,-178505.418526969,"paperlike_sparse_active",3,1000,100,4
"Rossi path BIC + refit",4,118.389346605138,NA,NA,NA,0.868787532080387,89568.3945431847,NA,TRUE,4,38,32,0.842105263157895,0,1,0.914285714285714,NA,NA,NA,NA,0.000220926508830074,0.779574112995173,0.156261283462336,30.8073107835307,131,-178231.873144823,-177628.595850458,"paperlike_sparse_active",3,1000,100,4
"Separate 2D path/grid BIC",4,NA,118.389346605139,0,NA,0.863965888373875,89465.6983845866,88426.2395476537,TRUE,2,38,32,0.842105263157895,0,1,0.914285714285714,0.8,0.00555555555555556,0.941176470588235,0.864864864864865,0.000236189604648402,0.440658203327054,0.16571664812739,30.3552313950263,37,-178675.809823851,-178505.418526969,"paperlike_sparse_active",3,1000,100,4
"Separate 2D path/grid BIC + refit",4,NA,118.389346605139,0,NA,0.868787532080387,89568.3945431848,NA,TRUE,4,38,32,0.842105263157895,0,1,0.914285714285714,NA,NA,NA,NA,0.000220926508830074,0.779574112995185,0.156261283462336,30.8073107835307,131,-178231.873144823,-177628.595850458,"paperlike_sparse_active",3,1000,100,4
"Eta centered path BIC",4,NA,NA,NA,1.78419061999214,0.866475977284358,89490.3461549347,89150.9008155669,TRUE,3,38,30,0.789473684210526,0,1,0.882352941176471,NA,NA,NA,NA,0.000518951867183926,8.6805521854374,0.397717504203554,27.4348364514568,193,-177647.495541026,-176758.69769513,"paperlike_sparse_active",3,1000,100,4
"Eta centered path BIC + refit",4,NA,NA,NA,1.78419061999214,0.868830286224381,89558.024994681,NA,TRUE,4,38,30,0.789473684210526,0,1,0.882352941176471,NA,NA,NA,NA,0.000218352826935556,0.681321954802291,0.155791296922275,30.764110588338,123,-178266.396090047,-177699.960157171,"paperlike_sparse_active",3,1000,100,4
"Rossi path BIC",4,144.29163107844,NA,NA,NA,0.906567614591696,89889.1477005956,88497.3125274155,TRUE,2,34,29,0.852941176470588,0,1,0.920634920634921,0.8,0,1,0.888888888888889,0.000137463515569941,0.858926157657915,0.116997782255803,32.2027514706317,35,-179536.523966427,-179375.343009917,"paperlike_sparse_active",4,1000,100,4
"Rossi path BIC + refit",4,144.29163107844,NA,NA,NA,0.900894404543596,89983.8069620032,NA,TRUE,4,34,29,0.852941176470588,0,1,0.920634920634921,NA,NA,NA,NA,0.000130479915778778,1.60334136810503,0.116531021498476,32.6202692009515,119,-179145.591045807,-178597.575793675,"paperlike_sparse_active",4,1000,100,4
"Separate 2D path/grid BIC",4,NA,144.29163107844,0,NA,0.906567614591696,89889.1477005955,88497.3125274155,TRUE,2,34,29,0.852941176470588,0,1,0.920634920634921,0.8,0,1,0.888888888888889,0.000137463515569941,0.858926157657916,0.116997782255803,32.2027514706317,35,-179536.523966427,-179375.343009917,"paperlike_sparse_active",4,1000,100,4
"Separate 2D path/grid BIC + refit",4,NA,144.29163107844,0,NA,0.900894404543596,89983.8069620031,NA,TRUE,4,34,29,0.852941176470588,0,1,0.920634920634921,NA,NA,NA,NA,0.000130479915778778,1.60334136810504,0.116531021498476,32.6202692009515,119,-179145.591045807,-178597.575793675,"paperlike_sparse_active",4,1000,100,4
"Eta centered path BIC",4,NA,NA,NA,2.04933552652246,0.903329805836602,89885.8709459369,89458.9137813023,TRUE,4,34,27,0.794117647058823,0,1,0.885245901639344,NA,NA,NA,NA,0.000394496668276323,9.79845917506941,0.345265446194435,28.6535397350058,184,-178500.714920541,-177653.363606319,"paperlike_sparse_active",4,1000,100,4
"Eta centered path BIC + refit",4,NA,NA,NA,2.04933552652246,0.895949005358394,89970.1414201026,NA,TRUE,4,34,27,0.794117647058823,0,1,0.885245901639344,NA,NA,NA,NA,0.000150945167107306,1.54730188198075,0.132052097355703,32.5585502254391,111,-179173.522004238,-178662.348113593,"paperlike_sparse_active",4,1000,100,4
"Rossi path BIC",4,101.940169497526,NA,NA,NA,0.901293151432861,89383.4999272798,88438.7596346199,TRUE,2,35,37,0.942857142857143,0.0615384615384615,0.891891891891892,0.916666666666667,0.925,0.0111111111111111,0.902439024390244,0.91358024691358,0.000187227949187374,0.257088205435847,0.126883877561315,30.0869991779225,44,-178463.058622284,-178260.431134101,"paperlike_sparse_active",5,1000,100,4
"Rossi path BIC + refit",4,101.940169497526,NA,NA,NA,0.908846707680057,89485.0776928471,NA,TRUE,4,35,37,0.942857142857143,0.0615384615384615,0.891891891891892,0.916666666666667,NA,NA,NA,NA,0.000199937007158378,0.115466067623645,0.134008689722253,30.5222980269071,151,-177927.084338568,-177231.703640484,"paperlike_sparse_active",5,1000,100,4
"Separate 2D path/grid BIC",4,NA,101.940169497526,0,NA,0.901293151432861,89383.4999272798,88438.7596346199,TRUE,2,35,37,0.942857142857143,0.0615384615384615,0.891891891891892,0.916666666666667,0.925,0.0111111111111111,0.902439024390244,0.91358024691358,0.000187227949187375,0.257088205435843,0.126883877561316,30.0869991779225,44,-178463.058622284,-178260.431134101,"paperlike_sparse_active",5,1000,100,4
"Separate 2D path/grid BIC + refit",4,NA,101.940169497526,0,NA,0.908846707680057,89485.0776928471,NA,TRUE,4,35,37,0.942857142857143,0.0615384615384615,0.891891891891892,0.916666666666667,NA,NA,NA,NA,0.000199937007158379,0.115466067623646,0.134008689722253,30.5222980269071,151,-177927.084338568,-177231.703640484,"paperlike_sparse_active",5,1000,100,4
"Eta centered path BIC",4,NA,NA,NA,1.74351509016073,0.896197579109172,89384.0781027319,89049.3010104244,TRUE,4,35,34,0.942857142857143,0.0153846153846154,0.970588235294118,0.956521739130435,NA,NA,NA,NA,0.000442876076224119,10.9968027371823,0.357012285068607,27.0794110279216,205,-177352.066373272,-176408.006485145,"paperlike_sparse_active",5,1000,100,4
"Eta centered path BIC + refit",4,NA,NA,NA,1.74351509016073,0.91131259243212,89471.8332161335,NA,TRUE,4,35,34,0.942857142857143,0.0153846153846154,0.970588235294118,0.956521739130435,NA,NA,NA,NA,0.000167469020806528,0.116207244078444,0.116747288249193,30.4700602405975,139,-177983.488448488,-177343.369792636,"paperlike_sparse_active",5,1000,100,4
"Rossi path BIC",4,106.136537962854,NA,NA,NA,0.89888218920534,89420.5399510378,88419.9323244186,TRUE,2,34,35,0.941176470588235,0.0454545454545455,0.914285714285714,0.927536231884058,0.875,0.0138888888888889,0.875,0.875,0.000136553861139674,0.868586397900083,0.100692899463416,30.2874205087554,43,-178544.046425079,-178346.024107082,"paperlike_sparse_active",6,1000,100,4
"Rossi path BIC + refit",4,106.136537962854,NA,NA,NA,0.886131730460591,89522.318930011,NA,TRUE,4,34,35,0.941176470588235,0.0454545454545455,0.914285714285714,0.927536231884058,NA,NA,NA,NA,0.000207148104338932,0.870613484805935,0.155817511981068,30.7496609878257,143,-178056.828855127,-177398.289518531,"paperlike_sparse_active",6,1000,100,4
"Separate 2D path/grid BIC",4,NA,106.136537962854,0,NA,0.89888218920534,89420.5399510378,88419.9323244186,TRUE,2,34,35,0.941176470588235,0.0454545454545455,0.914285714285714,0.927536231884058,0.875,0.0138888888888889,0.875,0.875,0.000136553861139674,0.868586397900079,0.100692899463417,30.2874205087554,43,-178544.046425079,-178346.024107082,"paperlike_sparse_active",6,1000,100,4
"Separate 2D path/grid BIC + refit",4,NA,106.136537962854,0,NA,0.886131730460591,89522.3189300109,NA,TRUE,4,34,35,0.941176470588235,0.0454545454545455,0.914285714285714,0.927536231884058,NA,NA,NA,NA,0.000207148104338932,0.870613484805923,0.155817511981068,30.7496609878257,143,-178056.828855127,-177398.289518531,"paperlike_sparse_active",6,1000,100,4
"Eta centered path BIC",4,NA,NA,NA,1.64572850073666,0.89641028344011,89447.1777986987,89110.0202194345,TRUE,4,34,34,0.911764705882353,0.0454545454545455,0.911764705882353,0.911764705882353,NA,NA,NA,NA,0.000354325259103127,9.81701674213166,0.282707718880499,27.4306194202355,205,-177478.265765206,-176534.205877078,"paperlike_sparse_active",6,1000,100,4
"Eta centered path BIC + refit",4,NA,NA,NA,1.64572850073666,0.893625166777449,89516.6633938466,NA,TRUE,4,34,34,0.911764705882353,0.0454545454545455,0.911764705882353,0.911764705882353,NA,NA,NA,NA,0.000225231795100347,0.834823608024948,0.177039405176609,30.7247113419529,139,-178073.148803915,-177433.030148062,"paperlike_sparse_active",6,1000,100,4
"Rossi path BIC",4,100.385076734296,NA,NA,NA,0.869788852468102,89331.5942535663,88350.3620575265,TRUE,2,32,33,0.96875,0.0294117647058824,0.939393939393939,0.953846153846154,0.9,0.0166666666666667,0.857142857142857,0.878048780487805,0.000146689866710844,0.0820296261081798,0.0983889325517056,29.8135042619723,45,-178352.339519578,-178145.106861209,"paperlike_sparse_active",7,1000,100,4
"Rossi path BIC + refit",4,100.385076734296,NA,NA,NA,0.876060238029168,89419.2614555194,NA,TRUE,4,32,33,0.96875,0.0294117647058824,0.939393939393939,0.953846153846154,NA,NA,NA,NA,0.000224907387194256,0.106088748895145,0.143807987432613,30.2244232031345,135,-177905.975948376,-177284.277973268,"paperlike_sparse_active",7,1000,100,4
"Separate 2D path/grid BIC",4,NA,100.385076734296,0,NA,0.869788852468102,89331.5942535663,88350.3620575265,TRUE,2,32,33,0.96875,0.0294117647058824,0.939393939393939,0.953846153846154,0.9,0.0166666666666667,0.857142857142857,0.878048780487805,0.000146689866710844,0.0820296261081837,0.0983889325517056,29.8135042619723,45,-178352.339519578,-178145.106861209,"paperlike_sparse_active",7,1000,100,4
"Separate 2D path/grid BIC + refit",4,NA,100.385076734296,0,NA,0.876060238029168,89419.2614555194,NA,TRUE,4,32,33,0.96875,0.0294117647058824,0.939393939393939,0.953846153846154,NA,NA,NA,NA,0.000224907387194256,0.106088748895154,0.143807987432613,30.2244232031345,135,-177905.975948376,-177284.277973268,"paperlike_sparse_active",7,1000,100,4
"Eta centered path BIC",4,NA,NA,NA,1.61340251438545,0.867350173810014,89351.5640743602,89024.7614489525,TRUE,4,32,34,0.96875,0.0441176470588235,0.911764705882353,0.939393939393939,NA,NA,NA,NA,0.000402449767353012,9.77881858152197,0.287891072779117,26.9733593181358,205,-177287.038316529,-176342.978428401,"paperlike_sparse_active",7,1000,100,4
"Eta centered path BIC + refit",4,NA,NA,NA,1.61340251438545,0.875882771100742,89424.1626498825,NA,TRUE,4,32,34,0.96875,0.0441176470588235,0.911764705882353,0.939393939393939,NA,NA,NA,NA,0.000238672391614627,0.11848675506641,0.153940244156432,30.2445820510355,139,-177888.147315986,-177248.028660134,"paperlike_sparse_active",7,1000,100,4
"Rossi path BIC",4,123.560017784551,NA,NA,NA,0.894249690761766,89716.9245381568,88437.1545307876,TRUE,2,36,34,0.888888888888889,0.03125,0.941176470588235,0.914285714285714,0.875,0.00555555555555556,0.945945945945946,0.909090909090909,9.39541653373561e-05,0.545870271133344,0.0739906872724688,31.5297943728107,40,-179157.538865154,-178973.332057715,"paperlike_sparse_active",8,1000,100,4
"Rossi path BIC + refit",4,123.560017784551,NA,NA,NA,0.891650980420384,89809.015312832,NA,TRUE,4,36,34,0.888888888888889,0.03125,0.941176470588235,0.914285714285714,NA,NA,NA,NA,0.000181139534543797,1.13748849748061,0.143857008699736,31.9475153855485,139,-178657.852641885,-178017.733986033,"paperlike_sparse_active",8,1000,100,4
"Separate 2D path/grid BIC",4,NA,123.560017784551,0,NA,0.894249690761766,89716.9245381568,88437.1545307876,TRUE,2,36,34,0.888888888888889,0.03125,0.941176470588235,0.914285714285714,0.875,0.00555555555555556,0.945945945945946,0.909090909090909,9.39541653373559e-05,0.545870271133379,0.0739906872724689,31.5297943728107,40,-179157.538865154,-178973.332057715,"paperlike_sparse_active",8,1000,100,4
"Separate 2D path/grid BIC + refit",4,NA,123.560017784551,0,NA,0.891650980420384,89809.015312832,NA,TRUE,4,36,34,0.888888888888889,0.03125,0.941176470588235,0.914285714285714,NA,NA,NA,NA,0.000181139534543797,1.13748849748062,0.143857008699736,31.9475153855485,139,-178657.852641885,-178017.733986033,"paperlike_sparse_active",8,1000,100,4
"Eta centered path BIC",4,NA,NA,NA,1.55857229518222,0.901430949763746,89760.1623290397,89385.646749139,TRUE,3,36,37,0.888888888888889,0.078125,0.864864864864865,0.876712328767123,NA,NA,NA,NA,0.000298377643087044,8.32760214899445,0.228763348192046,28.5813580908459,214,-178042.065028377,-177056.558608576,"paperlike_sparse_active",8,1000,100,4
"Eta centered path BIC + refit",4,NA,NA,NA,1.55857229518222,0.88938279028649,89822.9029525597,NA,TRUE,4,36,37,0.888888888888889,0.078125,0.864864864864865,0.876712328767123,NA,NA,NA,NA,0.000214975792151164,1.26547384418461,0.180034217411684,32.0166780883018,151,-178602.734857993,-177907.354159909,"paperlike_sparse_active",8,1000,100,4
"Rossi path BIC",4,124.951116223022,NA,NA,NA,0.960684504482751,91308.5265587697,90174.0893110968,TRUE,2,33,31,0.818181818181818,0.0597014925373134,0.870967741935484,0.84375,0.75,0.0222222222222222,0.789473684210526,0.769230769230769,0.000113101119932099,0.170818434172163,0.103440897952434,37.4698631403325,41,-182333.835151101,-182145.023173476,"paperlike_sparse_active",9,1000,100,4
"Rossi path BIC + refit",4,124.951116223022,NA,NA,NA,0.958034516687153,91386.4007021202,NA,TRUE,3,33,31,0.818181818181818,0.0597014925373134,0.870967741935484,0.84375,NA,NA,NA,NA,0.000141765402452386,0.237242556063622,0.164874673517881,37.7897785042801,127,-181895.51648381,-181310.659870189,"paperlike_sparse_active",9,1000,100,4
"Separate 2D path/grid BIC",4,NA,124.951116223022,0,NA,0.960684504482751,91308.5265587698,90174.0893110968,TRUE,2,33,31,0.818181818181818,0.0597014925373134,0.870967741935484,0.84375,0.75,0.0222222222222222,0.789473684210526,0.769230769230769,0.000113101119932099,0.170818434172167,0.103440897952434,37.4698631403325,41,-182333.835151101,-182145.023173476,"paperlike_sparse_active",9,1000,100,4
"Separate 2D path/grid BIC + refit",4,NA,124.951116223022,0,NA,0.958034516687153,91386.4007021202,NA,TRUE,3,33,31,0.818181818181818,0.0597014925373134,0.870967741935484,0.84375,NA,NA,NA,NA,0.000141765402452386,0.237242556063624,0.164874673517881,37.7897785042801,127,-181895.51648381,-181310.659870189,"paperlike_sparse_active",9,1000,100,4
"Eta centered path BIC",4,NA,NA,NA,1.99157677905875,0.958034516687153,91292.5326339947,90839.1803023025,TRUE,3,33,27,0.787878787878788,0.0149253731343284,0.962962962962963,0.866666666666666,NA,NA,NA,NA,0.000264417404723286,11.1573116937436,0.341364669689633,34.3881788724773,184,-181314.038296657,-180466.686982435,"paperlike_sparse_active",9,1000,100,4
"Eta centered path BIC + refit",4,NA,NA,NA,1.99157677905875,0.960530315348807,91369.3081357469,NA,TRUE,3,33,27,0.787878787878788,0.0149253731343284,0.962962962962963,0.866666666666666,NA,NA,NA,NA,0.000120465641293375,0.251222406762793,0.134727081951092,37.7290544060969,111,-181971.855435527,-181460.681544882,"paperlike_sparse_active",9,1000,100,4
"Rossi path BIC",4,102.338009530868,NA,NA,NA,0.891888718916501,89893.7324407986,88874.4540565017,TRUE,2,34,34,0.911764705882353,0.0454545454545455,0.911764705882353,0.911764705882353,0.85,0.0138888888888889,0.871794871794872,0.860759493670886,0.000132263179254631,0.688347674067834,0.0977304117438855,32.1047344947034,42,-179497.33915988,-179303.922012068,"paperlike_sparse_active",10,1000,100,4
"Rossi path BIC + refit",4,102.338009530868,NA,NA,NA,0.896415566805308,89970.3463904086,NA,TRUE,4,34,34,0.911764705882353,0.0454545454545455,0.911764705882353,0.911764705882353,NA,NA,NA,NA,0.000168872094369662,1.01636623610724,0.130909624365929,32.4503422991457,139,-178980.514797039,-178340.396141186,"paperlike_sparse_active",10,1000,100,4
"Separate 2D path/grid BIC",4,NA,102.338009530868,0,NA,0.891888718916501,89893.7324407986,88874.4540565017,TRUE,2,34,34,0.911764705882353,0.0454545454545455,0.911764705882353,0.911764705882353,0.85,0.0138888888888889,0.871794871794872,0.860759493670886,0.000132263179254631,0.688347674067836,0.0977304117438856,32.1047344947035,42,-179497.33915988,-179303.922012068,"paperlike_sparse_active",10,1000,100,4
"Separate 2D path/grid BIC + refit",4,NA,102.338009530868,0,NA,0.896415566805308,89970.3463904087,NA,TRUE,4,34,34,0.911764705882353,0.0454545454545455,0.911764705882353,0.911764705882353,NA,NA,NA,NA,0.000168872094369662,1.0163662361072,0.130909624365929,32.4503422991457,139,-178980.514797039,-178340.396141186,"paperlike_sparse_active",10,1000,100,4
"Eta centered path BIC",4,NA,NA,NA,1.57675030833809,0.889117654702337,89904.5295798397,89538.4305034187,TRUE,4,34,35,0.911764705882353,0.0606060606060606,0.885714285714286,0.898550724637681,NA,NA,NA,NA,0.000279021345410543,8.63053744456718,0.237262008575231,29.1462950955184,208,-178372.246061651,-177414.370662966,"paperlike_sparse_active",10,1000,100,4
"Eta centered path BIC + refit",4,NA,NA,NA,1.57675030833809,0.898848354136498,89976.5444913235,NA,TRUE,4,34,35,0.911764705882353,0.0606060606060606,0.885714285714286,0.898550724637681,NA,NA,NA,NA,0.000189919317709447,0.973841754158059,0.150586189142511,32.4854776850401,143,-178965.279977753,-178306.740641156,"paperlike_sparse_active",10,1000,100,4
"Rossi path BIC",4,116.999437029303,NA,NA,NA,0.841335601431257,89503.971620039,88400.9061572004,TRUE,2,36,31,0.833333333333333,0.015625,0.967741935483871,0.895522388059702,0.8,0.00277777777777778,0.96969696969697,0.876712328767123,0.000144971857669091,0.168749507058933,0.0984296250990382,30.4959575888456,36,-178759.264050035,-178593.477923339,"paperlike_sparse_active",11,1000,100,4
"Rossi path BIC + refit",4,116.999437029303,NA,NA,NA,0.836434391055166,89597.1911771912,NA,TRUE,4,36,31,0.833333333333333,0.015625,0.967741935483871,0.895522388059702,NA,NA,NA,NA,0.0001800995288673,0.441854073713658,0.12226281838094,30.9074592125549,127,-178317.097433952,-177732.240820331,"paperlike_sparse_active",11,1000,100,4
"Separate 2D path/grid BIC",4,NA,116.999437029303,0,NA,0.841335601431257,89503.971620039,88400.9061572004,TRUE,2,36,31,0.833333333333333,0.015625,0.967741935483871,0.895522388059702,0.8,0.00277777777777778,0.96969696969697,0.876712328767123,0.000144971857669092,0.16874950705893,0.0984296250990383,30.4959575888456,36,-178759.264050035,-178593.477923339,"paperlike_sparse_active",11,1000,100,4
"Separate 2D path/grid BIC + refit",4,NA,116.999437029303,0,NA,0.836434391055166,89597.1911771912,NA,TRUE,4,36,31,0.833333333333333,0.015625,0.967741935483871,0.895522388059702,NA,NA,NA,NA,0.000180099528867301,0.441854073713665,0.12226281838094,30.9074592125549,127,-178317.097433952,-177732.240820331,"paperlike_sparse_active",11,1000,100,4
"Eta centered path BIC",4,NA,NA,NA,1.77945495904493,0.821567429694705,89520.8798858975,89158.2315936045,TRUE,5,36,31,0.805555555555556,0.03125,0.935483870967742,0.865671641791045,NA,NA,NA,NA,0.000427901166978449,10.0226832796637,0.333254572355054,27.3436542184944,196,-177687.839737115,-176785.226380661,"paperlike_sparse_active",11,1000,100,4
"Eta centered path BIC + refit",4,NA,NA,NA,1.77945495904493,0.843663415331894,89593.3218257226,NA,TRUE,5,36,31,0.805555555555556,0.03125,0.935483870967742,0.865671641791045,NA,NA,NA,NA,0.000219731278554651,0.401588073012776,0.153988957565998,30.891688371646,127,-178309.358731014,-177724.502117394,"paperlike_sparse_active",11,1000,100,4
"Rossi path BIC",4,111.123159831473,NA,NA,NA,0.895868382757079,89746.7822979501,88709.8640786413,TRUE,2,35,33,0.914285714285714,0.0153846153846154,0.96969696969697,0.941176470588235,0.85,0.00833333333333333,0.918918918918919,0.883116883116883,0.000134963106861744,0.517836335220464,0.100289810833283,31.6156527614427,40,-179217.254384741,-179033.047577301,"paperlike_sparse_active",12,1000,100,4
"Rossi path BIC + refit",4,111.123159831473,NA,NA,NA,0.896009009970175,89829.063039908,NA,TRUE,4,35,33,0.914285714285714,0.0153846153846154,0.96969696969697,0.941176470588235,NA,NA,NA,NA,0.00016651531929935,0.409809870423181,0.124934001415433,31.9710324879402,135,-178725.579117153,-178103.881142045,"paperlike_sparse_active",12,1000,100,4
"Separate 2D path/grid BIC",4,NA,111.123159831473,0,NA,0.895868382757079,89746.7822979501,88709.8640786413,TRUE,2,35,33,0.914285714285714,0.0153846153846154,0.96969696969697,0.941176470588235,0.85,0.00833333333333333,0.918918918918919,0.883116883116883,0.000134963106861744,0.517836335220452,0.100289810833283,31.6156527614427,40,-179217.254384741,-179033.047577301,"paperlike_sparse_active",12,1000,100,4
"Separate 2D path/grid BIC + refit",4,NA,111.123159831473,0,NA,0.896009009970175,89829.063039908,NA,TRUE,4,35,33,0.914285714285714,0.0153846153846154,0.96969696969697,0.941176470588235,NA,NA,NA,NA,0.000166515319299349,0.409809870423184,0.124934001415433,31.9710324879402,135,-178725.579117153,-178103.881142045,"paperlike_sparse_active",12,1000,100,4
"Eta centered path BIC",4,NA,NA,NA,1.75841278747014,0.888349200381677,89740.3281420357,89383.4968495029,TRUE,4,35,32,0.885714285714286,0.0153846153846154,0.96875,0.925373134328358,NA,NA,NA,NA,0.000359435166379543,12.0696233388816,0.354803156627339,28.5632915114108,199,-178106.012983554,-177189.584116542,"paperlike_sparse_active",12,1000,100,4
"Eta centered path BIC + refit",4,NA,NA,NA,1.75841278747014,0.885987837989133,89820.0328104458,NA,TRUE,4,35,32,0.885714285714286,0.0153846153846154,0.96875,0.925373134328358,NA,NA,NA,NA,0.000167300579266051,0.332010260557594,0.134100570732124,31.9305115768376,131,-178735.149679345,-178131.87238498,"paperlike_sparse_active",12,1000,100,4
"Rossi path BIC",4,122.753474911711,NA,NA,NA,0.934405456545869,90654.8490094431,89417.3455708377,TRUE,2,31,36,0.967741935483871,0.0869565217391304,0.833333333333333,0.895522388059702,0.95,0.0194444444444444,0.844444444444444,0.894117647058824,0.000125637424426276,1.16753843999466,0.129319818270991,35.346777006201,48,-180978.125765495,-180757.077596568,"paperlike_sparse_active",13,1000,100,4
"Rossi path BIC + refit",4,122.753474911711,NA,NA,NA,0.931836490008699,90748.0058553979,NA,TRUE,4,31,36,0.967741935483871,0.0869565217391304,0.833333333333333,0.895522388059702,NA,NA,NA,NA,0.000157913263937065,1.05416935388851,0.159644577945742,35.7363580995153,147,-180480.571684785,-179803.611667445,"paperlike_sparse_active",13,1000,100,4
"Separate 2D path/grid BIC",4,NA,122.753474911711,0,NA,0.934405456545869,90654.8490094431,89417.3455708377,TRUE,2,31,36,0.967741935483871,0.0869565217391304,0.833333333333333,0.895522388059702,0.95,0.0194444444444444,0.844444444444444,0.894117647058824,0.000125637424426276,1.1675384399947,0.129319818270991,35.346777006201,48,-180978.125765495,-180757.077596568,"paperlike_sparse_active",13,1000,100,4
"Separate 2D path/grid BIC + refit",4,NA,122.753474911711,0,NA,0.931836490008699,90748.0058553979,NA,TRUE,4,31,36,0.967741935483871,0.0869565217391304,0.833333333333333,0.895522388059702,NA,NA,NA,NA,0.000157913263937065,1.05416935388853,0.159644577945742,35.7363580995153,147,-180480.571684785,-179803.611667445,"paperlike_sparse_active",13,1000,100,4
"Eta centered path BIC",4,NA,NA,NA,2.21735924260705,0.929344802079636,90587.659688067,90123.6201658792,TRUE,3,31,29,0.903225806451613,0.0144927536231884,0.96551724137931,0.933333333333333,NA,NA,NA,NA,0.000414699709894914,18.9701872188196,0.538460839236516,31.6714418776499,190,-179862.845873127,-178987.86353779,"paperlike_sparse_active",13,1000,100,4
"Eta centered path BIC + refit",4,NA,NA,NA,2.21735924260705,0.929437766080971,90707.1532792858,NA,TRUE,4,31,29,0.903225806451613,0.0144927536231884,0.96551724137931,0.933333333333333,NA,NA,NA,NA,0.000152533035631089,1.05505426326955,0.154157990133798,35.5588050051391,119,-180592.283680373,-180044.26842824,"paperlike_sparse_active",13,1000,100,4
"Rossi path BIC",4,114.122196942637,NA,NA,NA,0.913786448105256,89925.0654475076,88722.4234980805,TRUE,2,33,30,0.878787878787879,0.0149253731343284,0.966666666666667,0.920634920634921,0.875,0.00277777777777778,0.972222222222222,0.921052631578947,8.77231104028562e-05,0.481194320755414,0.0748365513827347,32.3502248739329,39,-179580.728439135,-179401.126801881,"paperlike_sparse_active",14,1000,100,4
"Rossi path BIC + refit",4,114.122196942637,NA,NA,NA,0.903416293791756,89986.9668376731,NA,TRUE,4,33,30,0.878787878787879,0.0149253731343284,0.966666666666667,0.920634920634921,NA,NA,NA,NA,0.000142921340436009,0.930743571635771,0.118305752190623,32.6235470903442,123,-179124.279776031,-178557.843843155,"paperlike_sparse_active",14,1000,100,4
"Separate 2D path/grid BIC",4,NA,114.122196942637,0,NA,0.913786448105256,89925.0654475076,88722.4234980805,TRUE,2,33,30,0.878787878787879,0.0149253731343284,0.966666666666667,0.920634920634921,0.875,0.00277777777777778,0.972222222222222,0.921052631578947,8.77231104028563e-05,0.481194320755412,0.0748365513827347,32.3502248739329,39,-179580.728439135,-179401.126801881,"paperlike_sparse_active",14,1000,100,4
"Separate 2D path/grid BIC + refit",4,NA,114.122196942637,0,NA,0.903416293791756,89986.9668376731,NA,TRUE,4,33,30,0.878787878787879,0.0149253731343284,0.966666666666667,0.920634920634921,NA,NA,NA,NA,0.000142921340436009,0.930743571635766,0.118305752190623,32.6235470903442,123,-179124.279776031,-178557.843843155,"paperlike_sparse_active",14,1000,100,4
"Eta centered path BIC",4,NA,NA,NA,1.7043511844331,0.898202592691711,89929.6947705507,89532.1623867684,TRUE,4,33,28,0.818181818181818,0.0149253731343284,0.964285714285714,0.885245901639344,NA,NA,NA,NA,0.000312892244279517,6.99765410443846,0.246939780686692,29.1139353446527,187,-178567.639303932,-177706.472479152,"paperlike_sparse_active",14,1000,100,4
"Eta centered path BIC + refit",4,NA,NA,NA,1.7043511844331,0.903416293791756,89972.8943798451,NA,TRUE,3,33,28,0.818181818181818,0.0149253731343284,0.964285714285714,0.885245901639344,NA,NA,NA,NA,0.000150756614969543,0.840872527938192,0.129080183728391,32.5636929960569,115,-179151.396902607,-178621.802331219,"paperlike_sparse_active",14,1000,100,4
"Rossi path BIC",4,130.980996321566,NA,NA,NA,0.873162112604354,89986.3326706565,88812.1550255369,TRUE,2,35,31,0.857142857142857,0.0153846153846154,0.967741935483871,0.909090909090909,0.8,0.00277777777777778,0.96969696969697,0.876712328767123,0.000174520627173612,0.148524286383065,0.13658503847352,32.532849963801,36,-179723.98615127,-179558.200024574,"paperlike_sparse_active",15,1000,100,4
"Rossi path BIC + refit",4,130.980996321566,NA,NA,NA,0.868231055648632,90084.7200792686,NA,TRUE,4,35,31,0.857142857142857,0.0153846153846154,0.967741935483871,0.909090909090909,NA,NA,NA,NA,0.000147626292212895,0.577995747913207,0.130705502481209,32.9368915916222,127,-179292.155238106,-178707.298624486,"paperlike_sparse_active",15,1000,100,4
"Separate 2D path/grid BIC",4,NA,130.980996321566,0,NA,0.873162112604354,89986.3326706565,88812.1550255369,TRUE,2,35,31,0.857142857142857,0.0153846153846154,0.967741935483871,0.909090909090909,0.8,0.00277777777777778,0.96969696969697,0.876712328767123,0.000174520627173612,0.148524286383059,0.13658503847352,32.532849963801,36,-179723.98615127,-179558.200024574,"paperlike_sparse_active",15,1000,100,4
"Separate 2D path/grid BIC + refit",4,NA,130.980996321566,0,NA,0.868231055648632,90084.7200792686,NA,TRUE,4,35,31,0.857142857142857,0.0153846153846154,0.967741935483871,0.909090909090909,NA,NA,NA,NA,0.000147626292212895,0.57799574791321,0.13070550248121,32.9368915916222,127,-179292.155238106,-178707.298624486,"paperlike_sparse_active",15,1000,100,4
"Eta centered path BIC",4,NA,NA,NA,1.73078495279733,0.873262604245904,90031.8513150898,89662.9129732652,TRUE,3,35,32,0.857142857142857,0.0307692307692308,0.9375,0.895522388059701,NA,NA,NA,NA,0.000381682325488851,6.37418707043331,0.3010730009278,29.755827278707,199,-178689.059329662,-177772.630462651,"paperlike_sparse_active",15,1000,100,4
"Eta centered path BIC + refit",4,NA,NA,NA,1.73078495279733,0.873065063993818,90089.3465794598,NA,TRUE,4,35,32,0.857142857142857,0.0307692307692308,0.9375,0.895522388059701,NA,NA,NA,NA,0.000173587570491482,0.587833005407778,0.159030222416643,32.9602362689908,131,-179273.777217373,-178670.499923009,"paperlike_sparse_active",15,1000,100,4
"Rossi path BIC",4,103.301139523968,NA,NA,NA,0.897008104580735,90187.258020307,89245.2901408749,TRUE,2,35,36,0.857142857142857,0.0923076923076923,0.833333333333333,0.845070422535211,0.85,0.025,0.790697674418605,0.819277108433735,0.000148790341474909,0.957281730949714,0.133201472770272,33.2881515932292,46,-180056.759297781,-179844.921469225,"paperlike_sparse_active",16,1000,100,4
"Rossi path BIC + refit",4,103.301139523968,NA,NA,NA,0.920095332398647,90280.8566493955,NA,TRUE,4,35,36,0.857142857142857,0.0923076923076923,0.833333333333333,0.845070422535211,NA,NA,NA,NA,0.000213459487400355,1.00029640249274,0.189418229997427,33.685978619496,147,-179546.273272781,-178869.31325544,"paperlike_sparse_active",16,1000,100,4
"Separate 2D path/grid BIC",4,NA,103.301139523968,0,NA,0.897008104580735,90187.258020307,89245.290140875,TRUE,2,35,36,0.857142857142857,0.0923076923076923,0.833333333333333,0.845070422535211,0.85,0.025,0.790697674418605,0.819277108433735,0.00014879034147491,0.957281730949725,0.133201472770272,33.2881515932292,46,-180056.759297781,-179844.921469225,"paperlike_sparse_active",16,1000,100,4
"Separate 2D path/grid BIC + refit",4,NA,103.301139523968,0,NA,0.920095332398647,90280.8566493955,NA,TRUE,4,35,36,0.857142857142857,0.0923076923076923,0.833333333333333,0.845070422535211,NA,NA,NA,NA,0.000213459487400355,1.00029640249276,0.189418229997427,33.685978619496,147,-179546.273272781,-178869.31325544,"paperlike_sparse_active",16,1000,100,4
"Eta centered path BIC",4,NA,NA,NA,1.82136051921592,0.907630459256316,90189.2306229078,89807.1781837323,TRUE,4,35,30,0.8,0.0307692307692308,0.933333333333333,0.861538461538462,NA,NA,NA,NA,0.000357708002958904,9.23558724709292,0.335094394081873,30.2978402552862,193,-179045.264476972,-178156.466631076,"paperlike_sparse_active",16,1000,100,4
"Eta centered path BIC + refit",4,NA,NA,NA,1.82136051921592,0.920095332398647,90253.2807953693,NA,TRUE,4,35,30,0.8,0.0307692307692308,0.933333333333333,0.861538461538462,NA,NA,NA,NA,0.000195075340380837,0.740410493242077,0.17640059226023,33.5722218863694,123,-179656.907691424,-179090.471758547,"paperlike_sparse_active",16,1000,100,4
"Rossi path BIC",4,115.226647227404,NA,NA,NA,0.866635713817848,90208.5819530895,89019.1355623373,TRUE,2,39,40,0.948717948717949,0.0491803278688525,0.925,0.936708860759494,0.95,0.0138888888888889,0.883720930232558,0.91566265060241,0.000106891787220837,0.576227675649166,0.0915765040750928,33.4186152690956,46,-180099.407163346,-179887.56933479,"paperlike_sparse_active",17,1000,100,4
"Rossi path BIC + refit",4,115.226647227404,NA,NA,NA,0.852225496000987,90310.2619195934,NA,TRUE,4,39,40,0.948717948717949,0.0491803278688525,0.925,0.936708860759494,NA,NA,NA,NA,0.000184324436300745,0.471315273831584,0.151760600495619,33.8477480177423,163,-179494.559728713,-178743.916988397,"paperlike_sparse_active",17,1000,100,4
"Separate 2D path/grid BIC",4,NA,115.226647227403,0,NA,0.866635713817848,90208.5819530895,89019.1355623373,TRUE,2,39,40,0.948717948717949,0.0491803278688525,0.925,0.936708860759494,0.95,0.0138888888888889,0.883720930232558,0.91566265060241,0.000106891787220836,0.576227675649171,0.0915765040750921,33.4186152690956,46,-180099.407163346,-179887.56933479,"paperlike_sparse_active",17,1000,100,4
"Separate 2D path/grid BIC + refit",4,NA,115.226647227403,0,NA,0.852225496000987,90310.2619195934,NA,TRUE,4,39,40,0.948717948717949,0.0491803278688525,0.925,0.936708860759494,NA,NA,NA,NA,0.000184324436300745,0.471315273831544,0.151760600495619,33.8477480177423,163,-179494.559728713,-178743.916988397,"paperlike_sparse_active",17,1000,100,4
"Eta centered path BIC",4,NA,NA,NA,1.40770500173807,0.852298851076537,90259.3524395943,89901.8891449718,TRUE,4,39,41,0.923076923076923,0.0819672131147541,0.878048780487805,0.9,NA,NA,NA,NA,0.000321732013792292,10.1445638076901,0.309484131511613,30.8472096049625,226,-178957.552186139,-177916.783724105,"paperlike_sparse_active",17,1000,100,4
"Eta centered path BIC + refit",4,NA,NA,NA,1.40770500173807,0.85717185869057,90309.8697745052,NA,TRUE,4,39,41,0.923076923076923,0.0819672131147541,0.878048780487805,0.9,NA,NA,NA,NA,0.0002174149406156,0.485807388375652,0.189986003978656,33.8552534362267,167,-179466.14441742,-178697.08099636,"paperlike_sparse_active",17,1000,100,4
"Rossi path BIC",4,94.7889820133148,NA,NA,NA,0.882794818009901,89640.675591802,88722.9844817189,TRUE,2,33,38,0.96969696969697,0.0895522388059701,0.842105263157895,0.901408450704225,0.925,0.0222222222222222,0.822222222222222,0.870588235294118,0.00013303924746374,0.795281554010082,0.101299866021346,31.2781780082636,48,-178949.778930213,-178728.730761285,"paperlike_sparse_active",18,1000,100,4
"Rossi path BIC + refit",4,94.7889820133148,NA,NA,NA,0.893246591560881,89723.3431903121,NA,TRUE,4,33,38,0.96969696969697,0.0895522388059701,0.842105263157895,0.901408450704225,NA,NA,NA,NA,0.000184017085937187,1.10870138666149,0.148395685175947,31.6368889578444,155,-178375.984312382,-177662.182933554,"paperlike_sparse_active",18,1000,100,4
"Separate 2D path/grid BIC",4,NA,94.7889820133148,0,NA,0.882794818009901,89640.675591802,88722.9844817189,TRUE,2,33,38,0.96969696969697,0.0895522388059701,0.842105263157895,0.901408450704225,0.925,0.0222222222222222,0.822222222222222,0.870588235294118,0.00013303924746374,0.795281554010087,0.101299866021346,31.2781780082636,48,-178949.778930213,-178728.730761285,"paperlike_sparse_active",18,1000,100,4
"Separate 2D path/grid BIC + refit",4,NA,94.7889820133148,0,NA,0.893246591560881,89723.3431903121,NA,TRUE,4,33,38,0.96969696969697,0.0895522388059701,0.842105263157895,0.901408450704225,NA,NA,NA,NA,0.000184017085937187,1.10870138666144,0.148395685175947,31.6368889578444,155,-178375.984312382,-177662.182933554,"paperlike_sparse_active",18,1000,100,4
"Eta centered path BIC",4,NA,NA,NA,1.48915330441931,0.888088251562064,89665.1816443864,89336.9489603616,TRUE,4,33,37,0.96969696969697,0.0746268656716418,0.864864864864865,0.914285714285714,NA,NA,NA,NA,0.000339095180143045,6.60986838068973,0.250057470086618,28.6054385498225,214,-177852.103659071,-176866.597239269,"paperlike_sparse_active",18,1000,100,4
"Eta centered path BIC + refit",4,NA,NA,NA,1.48915330441931,0.893141997843775,89717.7872047222,NA,TRUE,4,33,37,0.96969696969697,0.0746268656716418,0.864864864864865,0.914285714285714,NA,NA,NA,NA,0.000172691852885397,1.05075534566992,0.152396746687497,31.6116902742946,151,-178392.503362318,-177697.122664234,"paperlike_sparse_active",18,1000,100,4
"Rossi path BIC",4,209.798773153705,NA,NA,NA,0.989137654979905,95264.2380438555,93002.445260941,TRUE,2,30,29,0.9,0.0285714285714286,0.931034482758621,0.915254237288136,0.925,0.00555555555555556,0.948717948717949,0.936708860759494,5.54879557211398e-05,0.673109141118033,0.11391654333387,52.0576151507095,42,-190238.350365994,-190044.933218182,"paperlike_sparse_active",19,1000,100,4
"Rossi path BIC + refit",4,209.798773153705,NA,NA,NA,0.98642192327415,95338.424558911,NA,TRUE,3,30,29,0.9,0.0285714285714286,0.931034482758621,0.915254237288136,NA,NA,NA,NA,6.45892987373179e-05,0.863582311965096,0.137096945305016,52.314270157377,119,-189854.826239623,-189306.81098749,"paperlike_sparse_active",19,1000,100,4
"Separate 2D path/grid BIC",4,NA,151.666239965551,0,NA,0.989137654979905,95295.8251952776,93633.7605617941,TRUE,2,30,41,0.933333333333333,0.185714285714286,0.682926829268293,0.788732394366197,0.95,0.0361111111111111,0.745098039215686,0.835164835164835,4.18527955868411e-05,0.716410039027067,0.086498606845215,52.1665774389655,54,-190218.63160549,-189969.952415447,"paperlike_sparse_active",19,1000,100,4
"Separate 2D path/grid BIC + refit",4,NA,151.666239965551,0,NA,0.989137654979905,95386.5645053734,NA,TRUE,3,30,41,0.933333333333333,0.185714285714286,0.682926829268293,0.788732394366197,NA,NA,NA,NA,0.000104859780692732,1.01389503668357,0.230120501566482,52.4787475518498,167,-189619.533879157,-188850.470458097,"paperlike_sparse_active",19,1000,100,4
"Eta centered path BIC",4,NA,NA,NA,1.96120714441888,0.98642192327415,95281.185535436,94577.5755957029,TRUE,3,30,31,0.9,0.0571428571428571,0.870967741935484,0.885245901639344,NA,NA,NA,NA,0.000124473471658521,9.96511301713761,0.279396377448042,48.7727336898328,196,-189208.451036192,-188305.837679738,"paperlike_sparse_active",19,1000,100,4
"Eta centered path BIC + refit",4,NA,NA,NA,1.96120714441888,0.989137654979905,95350.0826491588,NA,TRUE,3,30,31,0.9,0.0571428571428571,0.870967741935484,0.885245901639344,NA,NA,NA,NA,7.5007628274458e-05,0.874470782130365,0.165228286946932,52.3542949044137,127,-189822.880377887,-189238.023764266,"paperlike_sparse_active",19,1000,100,4
"Rossi path BIC",4,150.920228598014,NA,NA,NA,0.918835158457582,90887.7082225722,89289.0510243231,TRUE,2,34,32,0.911764705882353,0.0151515151515152,0.96875,0.939393939393939,0.925,0.00277777777777778,0.973684210526316,0.948717948717949,7.60404418111331e-05,0.0347540024584927,0.0769586296070705,36.2247828390968,41,-181492.198478706,-181303.386501081,"paperlike_sparse_active",20,1000,100,4
"Rossi path BIC + refit",4,150.920228598014,NA,NA,NA,0.911214364331473,90970.8107935903,NA,TRUE,4,34,32,0.911764705882353,0.0151515151515152,0.96875,0.939393939393939,NA,NA,NA,NA,0.00012395760988214,0.14088511637544,0.134959674250928,36.5525233445384,131,-181036.705645634,-180433.42835127,"paperlike_sparse_active",20,1000,100,4
"Separate 2D path/grid BIC",4,NA,150.920228598014,0,NA,0.918835158457582,90887.7082225722,89289.0510243231,TRUE,2,34,32,0.911764705882353,0.0151515151515152,0.96875,0.939393939393939,0.925,0.00277777777777778,0.973684210526316,0.948717948717949,7.60404418111331e-05,0.0347540024584969,0.0769586296070704,36.2247828390968,41,-181492.198478706,-181303.386501081,"paperlike_sparse_active",20,1000,100,4
"Separate 2D path/grid BIC + refit",4,NA,150.920228598014,0,NA,0.911214364331473,90970.8107935903,NA,TRUE,4,34,32,0.911764705882353,0.0151515151515152,0.96875,0.939393939393939,NA,NA,NA,NA,0.00012395760988214,0.140885116375438,0.134959674250928,36.5525233445384,131,-181036.705645634,-180433.42835127,"paperlike_sparse_active",20,1000,100,4
"Eta centered path BIC",4,NA,NA,NA,1.90752493572657,0.921342114372361,90889.0773190777,90396.7651909432,TRUE,3,34,33,0.911764705882353,0.0303030303030303,0.939393939393939,0.925373134328358,NA,NA,NA,NA,0.000262499688031087,12.7880839272232,0.322735094165754,32.6613251220487,202,-180382.788071801,-179452.543694231,"paperlike_sparse_active",20,1000,100,4
"Eta centered path BIC + refit",4,NA,NA,NA,1.90752493572657,0.911303442186834,90975.21282242,NA,TRUE,3,34,33,0.911764705882353,0.0303030303030303,0.939393939393939,0.925373134328358,NA,NA,NA,NA,0.000130584110760141,0.152930034743154,0.145271008329836,36.567794080545,135,-181017.878682177,-180396.180707069,"paperlike_sparse_active",20,1000,100,4
"Rossi path BIC",4,42.1113554604282,NA,NA,NA,0.404732716473592,96866.3212290175,96239.7773246094,TRUE,2,10,97,1,0.966666666666667,0.103092783505155,0.186915887850467,1,0.455555555555556,0.196078431372549,0.327868852459016,0.000682768974896156,2061.24499572376,21.1755062926543,57.2941383006157,207,-192302.737115286,-191349.466886786,"same_mu_kappa_stress",1,1000,100,4
"Rossi path BIC + refit",4,42.1113554604282,NA,NA,NA,0.385149974536679,96957.8319657606,NA,TRUE,26,10,97,1,0.966666666666667,0.103092783505155,0.186915887850467,NA,NA,NA,NA,0.00138767254247007,2079.46679484485,22.1779252844087,57.9784031236324,391,-191214.731617439,-189414.110074718,"same_mu_kappa_stress",1,1000,100,4
"Separate 2D path/grid BIC",4,NA,42.1113554577562,0,NA,0.404732716473592,96866.3212290309,96239.7773246487,TRUE,2,10,97,1,0.966666666666667,0.103092783505155,0.186915887850467,1,0.455555555555556,0.196078431372549,0.327868852459016,0.000682768974788953,133.34383368008,3.02693705715944,57.2941383002198,207,-192302.737115313,-191349.466886813,"same_mu_kappa_stress",1,1000,100,4
"Separate 2D path/grid BIC + refit",4,NA,42.1113554577562,0,NA,0.385149974536679,96957.8319657606,NA,TRUE,26,10,97,1,0.966666666666667,0.103092783505155,0.186915887850467,NA,NA,NA,NA,0.0013876725424567,115.455453009898,4.6993782512403,57.978403123556,391,-191214.731617439,-189414.110074718,"same_mu_kappa_stress",1,1000,100,4
"Eta centered path BIC",4,NA,NA,NA,1.54207542657959,0.399705352997192,96792.8122742605,96391.8277923907,TRUE,6,10,59,1,0.544444444444444,0.169491525423729,0.289855072463768,NA,NA,NA,NA,0.000965417962700187,1760.45957661413,19.7690134053257,56.3652611593605,280,-191651.453070406,-190362.005418329,"same_mu_kappa_stress",1,1000,100,4
"Eta centered path BIC + refit",4,NA,NA,NA,1.54207542657959,0.412155260914028,96895.2599035383,NA,TRUE,20,10,59,1,0.544444444444444,0.169491525423729,0.289855072463768,NA,NA,NA,NA,0.00151733008442332,2032.94964760407,24.4916147305253,57.7237538278161,239,-192139.5662954,-191038.930620949,"same_mu_kappa_stress",1,1000,100,4
"Rossi path BIC",4,23.4428378555814,NA,NA,NA,0.45639758116541,96769.8526675126,96480.7640071616,TRUE,2,10,100,1,1,0.1,0.181818181818182,0.775,0.555555555555556,0.134199134199134,0.228782287822878,0.00351009231599635,3849.4375088321,40.2179191861643,49.7753044720696,235,-191916.382844464,-190834.167850757,"same_mu_kappa_stress",2,1000,100,4
"Rossi path BIC + refit",4,23.4428378555814,NA,NA,NA,0.441891485202377,96858.2052021943,NA,TRUE,36,10,100,1,1,0.1,0.181818181818182,NA,NA,NA,NA,0.00375603518144606,3322.55106810161,39.8755426087187,54.9372563314827,403,-190932.585026959,-189076.701442006,"same_mu_kappa_stress",2,1000,100,4
"Separate 2D path/grid BIC",4,NA,23.4428378233076,0,NA,0.45639758116541,96769.8526675373,96480.764007541,TRUE,2,10,100,1,1,0.1,0.181818181818182,0.775,0.555555555555556,0.134199134199134,0.228782287822878,0.00351009231594605,3871.70093321759,41.7328904077625,49.7753045112678,235,-191916.382844514,-190834.167850807,"same_mu_kappa_stress",2,1000,100,4
"Separate 2D path/grid BIC + refit",4,NA,23.4428378233076,0,NA,0.441891485202377,96858.2052021917,NA,TRUE,36,10,100,1,1,0.1,0.181818181818182,NA,NA,NA,NA,0.00375603518166639,2863.03395452475,39.905430943642,54.9372563373316,403,-190932.585026954,-189076.701442,"same_mu_kappa_stress",2,1000,100,4
"Eta centered path BIC",4,NA,NA,NA,2.2210073354081,0.377738502770799,96558.2030432204,96174.4354889611,TRUE,86,10,25,1,0.166666666666667,0.4,0.571428571428572,NA,NA,NA,NA,0.000555695228072031,243.712440478082,3.55880935120511,58.7163383872016,178,-191886.825646782,-191067.105353676,"same_mu_kappa_stress",2,1000,100,4
"Eta centered path BIC + refit",4,NA,NA,NA,2.2210073354081,0.477222080520776,96711.2846164685,NA,TRUE,17,10,25,1,0.166666666666667,0.4,0.571428571428572,NA,NA,NA,NA,0.000868603411182231,153.614853507917,3.88919167223337,61.0921685606674,103,-192711.070439202,-192236.737910045,"same_mu_kappa_stress",2,1000,100,4
"Rossi path BIC",4,27.2758791492129,NA,NA,NA,0.418381700371734,96825.5731895932,96421.0548952325,TRUE,4,10,99,1,0.988888888888889,0.101010101010101,0.18348623853211,1,0.533333333333333,0.172413793103448,0.294117647058824,0.000779441643092012,38.9785872981682,0.937385150988842,51.1404817287262,235,-192027.823888626,-190945.608894918,"same_mu_kappa_stress",3,1000,100,4
"Rossi path BIC + refit",4,27.2758791492129,NA,NA,NA,0.407531792907225,96914.7535536042,NA,TRUE,46,10,99,1,0.988888888888889,0.101010101010101,0.18348623853211,NA,NA,NA,NA,0.00169923805804032,33.5059688715678,1.62982037123498,50.9705826253547,399,-191073.312750895,-189235.849846685,"same_mu_kappa_stress",3,1000,100,4
"Separate 2D path/grid BIC",4,NA,27.2915413021813,0,NA,0.418381700371734,96825.4337800392,96420.830662978,TRUE,5,10,99,1,0.988888888888889,0.101010101010101,0.18348623853211,1,0.533333333333333,0.172413793103448,0.294117647058824,0.00078076235487957,2359.99757905235,24.3366785825312,51.1372897255159,235,-192027.545069518,-190945.33007581,"same_mu_kappa_stress",3,1000,100,4
"Separate 2D path/grid BIC + refit",4,NA,27.2915413021813,0,NA,0.406806510807789,96914.7460372568,NA,TRUE,45,10,99,1,0.988888888888889,0.101010101010101,0.18348623853211,NA,NA,NA,NA,0.00169711599005543,2328.06896119393,25.0324011779728,50.9713044256354,399,-191073.2977182,-189235.83481399,"same_mu_kappa_stress",3,1000,100,4
"Eta centered path BIC",4,NA,NA,NA,0.879309117177126,0.459183595017261,96777.2759274545,96597.9124364422,TRUE,2,10,49,1,0.433333333333333,0.204081632653061,0.338983050847458,NA,NA,NA,NA,0.000529639267738884,1857.80033908329,18.8920141086821,52.546621400782,250,-191827.613035164,-190676.320488667,"same_mu_kappa_stress",3,1000,100,4
"Eta centered path BIC + refit",4,NA,NA,NA,0.879309117177126,0.435356881613794,96819.5192239286,NA,TRUE,48,10,49,1,0.433333333333333,0.204081632653061,0.338983050847458,NA,NA,NA,NA,0.0011809378889777,1926.89140748903,20.2618116733034,52.1501333088517,199,-192264.39514734,-191347.966280328,"same_mu_kappa_stress",3,1000,100,4
"Rossi path BIC",4,38.8273053683776,NA,NA,NA,0.409800024601448,97098.8475529919,96520.903163067,TRUE,4,10,89,1,0.877777777777778,0.112359550561798,0.202020202020202,1,0.466666666666667,0.192307692307692,0.32258064516129,0.000929546784810921,3235.13391373291,33.3528432416215,60.153573847299,211,-192740.158742119,-191768.467832875,"same_mu_kappa_stress",4,1000,100,4
"Rossi path BIC + refit",4,38.8273053683776,NA,NA,NA,0.419546246253467,97171.3034851239,NA,TRUE,25,10,89,1,0.877777777777778,0.112359550561798,0.202020202020202,NA,NA,NA,NA,0.00153314903043177,3195.42032647911,34.0377155455175,60.6928440251988,359,-191862.722825093,-190209.466728324,"same_mu_kappa_stress",4,1000,100,4
"Separate 2D path/grid BIC",4,NA,48.7530752517266,0,NA,0.406189387521193,97067.5966760972,96382.647111955,TRUE,2,10,88,1,0.866666666666667,0.113636363636364,0.204081632653061,1,0.352777777777778,0.239520958083832,0.386473429951691,0.000301631481838433,3283.52367045458,33.4993451290037,58.8181675225024,170,-192960.874954767,-192177.996023149,"same_mu_kappa_stress",4,1000,100,4
"Separate 2D path/grid BIC + refit",4,NA,48.7530752517266,0,NA,0.386347295395984,97169.7149257093,NA,TRUE,59,10,88,1,0.866666666666667,0.113636363636364,0.204081632653061,NA,NA,NA,NA,0.000929361709683683,3272.2422628794,34.9207019288434,56.5748124373695,355,-191887.17672738,-190252.341311354,"same_mu_kappa_stress",4,1000,100,4
"Eta centered path BIC",4,NA,NA,NA,1.5870005467929,0.371589480833096,96925.2430269479,96686.4529212235,TRUE,78,10,14,1,0.0444444444444444,0.714285714285714,0.833333333333333,NA,NA,NA,NA,0.000154904536212159,2851.04349887672,27.4504136775424,65.4330319214736,145,-192848.861538443,-192181.111861475,"same_mu_kappa_stress",4,1000,100,4
"Eta centered path BIC + refit",4,NA,NA,NA,1.5870005467929,0.414323699869604,96975.3576903763,NA,TRUE,30,10,14,1,0.0444444444444444,0.714285714285714,0.833333333333333,NA,NA,NA,NA,0.000147387382105346,3327.04643101673,32.784925248945,63.1714204709964,59,-193543.157819293,-193271.452778319,"same_mu_kappa_stress",4,1000,100,4
"Rossi path BIC",4,117.507370789402,NA,NA,NA,0.403528250713733,97431.9620622919,95909.0249283412,TRUE,2,10,46,1,0.4,0.217391304347826,0.357142857142857,1,0.113888888888889,0.493827160493827,0.661157024793388,8.78667133095237e-05,1143.91646803065,9.87219640173411,68.2426682060611,84,-194283.672681149,-193896.838385526,"same_mu_kappa_stress",5,1000,100,4
"Rossi path BIC + refit",4,117.507370789402,NA,NA,NA,0.382578394803254,97528.2048934736,NA,TRUE,13,10,46,1,0.4,0.217391304347826,0.357142857142857,NA,NA,NA,NA,0.000242138819277633,1145.15066689812,10.3261510851036,69.375203188543,187,-193764.659549778,-192903.492724998,"same_mu_kappa_stress",5,1000,100,4
"Separate 2D path/grid BIC",4,NA,72.8049771855618,0,NA,0.377861425580798,97499.8592790386,96502.1375283372,TRUE,2,10,79,1,0.766666666666667,0.126582278481013,0.224719101123596,1,0.286111111111111,0.27972027972028,0.437158469945355,0.00011632031672168,3694.59538612299,34.9512504205122,69.1963996827814,146,-193991.186287346,-193318.831440191,"same_mu_kappa_stress",5,1000,100,4
"Separate 2D path/grid BIC + refit",4,NA,72.8049771855618,0,NA,0.36071929047659,97591.4201418268,NA,TRUE,21,10,79,1,0.766666666666667,0.126582278481013,0.224719101123596,NA,NA,NA,NA,0.000337682024763633,3674.31796916487,35.1500353073938,70.1221837111102,319,-192979.266349658,-191510.217060328,"same_mu_kappa_stress",5,1000,100,4
"Eta centered path BIC",4,NA,NA,NA,2.05285188920797,0.329517066034671,97301.3509595068,97017.0981856556,TRUE,76,10,12,1,0.0222222222222222,0.833333333333333,0.909090909090909,NA,NA,NA,NA,0.000240603047116114,868.013272638976,8.0616555701707,63.9489905080163,139,-193642.523935235,-193002.405279383,"same_mu_kappa_stress",5,1000,100,4
"Eta centered path BIC + refit",4,NA,NA,NA,2.05285188920797,0.461559419065274,97397.5337899337,NA,TRUE,35,10,12,1,0.0222222222222222,0.833333333333333,0.909090909090909,NA,NA,NA,NA,0.000225253504144009,737.063996457455,7.45969770078076,59.3582821347577,51,-194442.772060639,-194207.908381154,"same_mu_kappa_stress",5,1000,100,4
"Rossi path BIC",4,29.411243831249,NA,NA,NA,0.433340440936938,96615.8566109362,96166.5358882562,TRUE,2,10,99,1,0.988888888888889,0.101010101010101,0.18348623853211,0.975,0.586111111111111,0.156,0.268965517241379,0.00194040274713777,930.562429867707,11.4755815063928,54.966622322204,253,-191484.05113629,-190318.943079235,"same_mu_kappa_stress",6,1000,100,4
"Rossi path BIC + refit",4,29.411243831249,NA,NA,NA,0.414889523763184,96694.6109479363,NA,TRUE,45,10,99,1,0.988888888888889,0.101010101010101,0.18348623853211,NA,NA,NA,NA,0.00242057171476104,942.050195144089,12.2651487975742,54.6728022469974,399,-190633.027539559,-188795.56463535,"same_mu_kappa_stress",6,1000,100,4
"Separate 2D path/grid BIC",4,NA,25.7738629703078,0,NA,0.438556073055941,96600.0413154344,96219.387971328,TRUE,2,10,99,1,0.988888888888889,0.101010101010101,0.18348623853211,0.875,0.577777777777778,0.1440329218107,0.247349823321555,0.00274540106297509,2579.8198562574,35.0084518012282,54.1865684724112,246,-191500.774832239,-190367.902966486,"same_mu_kappa_stress",6,1000,100,4
"Separate 2D path/grid BIC + refit",4,NA,25.7738629703078,0,NA,0.425500868365257,96685.7167672084,NA,TRUE,24,10,99,1,0.988888888888889,0.101010101010101,0.18348623853211,NA,NA,NA,NA,0.00323250980468947,2141.1699695748,35.6711568652153,56.8899190283166,399,-190615.239178103,-188777.776273894,"same_mu_kappa_stress",6,1000,100,4
"Eta centered path BIC",4,NA,NA,NA,1.92213928643338,0.346587061679626,96427.4506755435,96030.7357053642,TRUE,13,10,37,1,0.3,0.27027027027027,0.425531914893617,NA,NA,NA,NA,0.000468051115700276,2074.91298156123,20.8748178501429,62.2259068473073,214,-191376.641721385,-190391.135301583,"same_mu_kappa_stress",6,1000,100,4
"Eta centered path BIC + refit",4,NA,NA,NA,1.92213928643338,0.446617629962268,96567.7881735651,NA,TRUE,26,10,37,1,0.3,0.27027027027027,0.425531914893617,NA,NA,NA,NA,0.000936198253237211,2737.59870992497,28.7256104364697,61.4838889816188,151,-192092.505300004,-191397.12460192,"same_mu_kappa_stress",6,1000,100,4
"Rossi path BIC",4,21.4842219819781,NA,NA,NA,0.49519218516645,97232.8867230766,96967.4728398448,FALSE,100,10,98,1,0.977777777777778,0.102040816326531,0.185185185185185,0.775,0.558333333333333,0.133620689655172,0.227941176470588,0.00352758505645281,2147.43478288444,23.4408353393899,50.0993890456757,236,-192835.543200313,-191748.72303642,"same_mu_kappa_stress",7,1000,100,4
"Rossi path BIC + refit",4,21.4842219819781,NA,NA,NA,0.467515646152693,97327.5944627829,NA,TRUE,44,10,98,1,0.977777777777778,0.102040816326531,0.185185185185185,NA,NA,NA,NA,0.00367021263874665,2312.41966525119,28.960656000918,60.4731384121581,395,-191926.625590368,-190107.583366902,"same_mu_kappa_stress",7,1000,100,4
"Separate 2D path/grid BIC",4,NA,48.6324415451537,0,NA,0.434613832094484,97258.2465921195,96558.3141374762,TRUE,2,10,92,1,0.911111111111111,0.108695652173913,0.196078431372549,1,0.444444444444444,0.2,0.333333333333333,0.000234169524339748,517.294346393745,5.56027514799344,64.1055655724788,203,-193114.218862606,-192179.36931485,"same_mu_kappa_stress",7,1000,100,4
"Separate 2D path/grid BIC + refit",4,NA,48.6324415451537,0,NA,0.419504049671698,97337.3572422856,NA,TRUE,67,10,92,1,0.911111111111111,0.108695652173913,0.196078431372549,NA,NA,NA,NA,0.000623036295049977,575.718352906167,7.93440084406905,61.6925850769752,371,-192111.937276069,-190403.419137067,"same_mu_kappa_stress",7,1000,100,4
"Eta centered path BIC",4,NA,NA,NA,1.59950104564757,0.356942282148363,97079.150052583,96861.6608665847,TRUE,66,10,11,1,0.0111111111111111,0.909090909090909,0.952380952380952,NA,NA,NA,NA,0.000131145293066565,2356.2933452373,23.2537989818748,60.9968375435087,136,-193218.845387224,-192592.54224193,"same_mu_kappa_stress",7,1000,100,4
"Eta centered path BIC + refit",4,NA,NA,NA,1.59950104564757,0.448999315792027,97139.2624405037,NA,FALSE,100,10,11,1,0.0111111111111111,0.909090909090909,0.952380952380952,NA,NA,NA,NA,0.000100964122584647,2975.00062519575,29.9383946803271,55.451183150512,47,-193953.860382895,-193737.417384154,"same_mu_kappa_stress",7,1000,100,4
"Rossi path BIC",4,68.8612732213707,NA,NA,NA,0.421634554882603,96625.3732743433,95704.828993457,TRUE,17,10,74,1,0.711111111111111,0.135135135135135,0.238095238095238,1,0.238888888888889,0.317460317460317,0.481927710843373,0.000154942564941933,1679.03866093711,16.605415974605,61.1537671696423,129,-192359.646117698,-191765.579163705,"same_mu_kappa_stress",8,1000,100,4
"Rossi path BIC + refit",4,68.8612732213707,NA,NA,NA,0.404617937157325,96740.6651809687,NA,TRUE,90,10,74,1,0.711111111111111,0.135135135135135,0.238095238095238,NA,NA,NA,NA,0.000584875746421483,1566.34357730888,17.3008974191601,59.4967250526175,299,-191415.911533522,-190038.965647911,"same_mu_kappa_stress",8,1000,100,4
"Separate 2D path/grid BIC",4,NA,63.1231021654617,0,NA,0.420596025838215,96640.3712424911,95781.8907134776,TRUE,2,10,80,1,0.777777777777778,0.125,0.222222222222222,1,0.275,0.287769784172662,0.446927374301676,0.000177834238887059,1760.97323959011,17.6850309596167,61.4668664459864,142,-192299.841235367,-191645.907068956,"same_mu_kappa_stress",8,1000,100,4
"Separate 2D path/grid BIC + refit",4,NA,63.1231021654617,0,NA,0.397613093773782,96747.3243317941,NA,TRUE,40,10,80,1,0.777777777777778,0.125,0.222222222222222,NA,NA,NA,NA,0.000513971771461127,1749.1358753941,18.8406748351234,60.908106722175,323,-191263.443708477,-189775.973738403,"same_mu_kappa_stress",8,1000,100,4
"Eta centered path BIC",4,NA,NA,NA,1.46732810485864,0.3949900575425,96529.9368828519,96299.097923046,FALSE,100,10,19,1,0.1,0.526315789473684,0.689655172413793,NA,NA,NA,NA,0.000165678724559142,2879.82322595219,27.9387069294893,65.0875629798888,160,-191954.632921067,-191217.805691308,"same_mu_kappa_stress",8,1000,100,4
"Eta centered path BIC + refit",4,NA,NA,NA,1.46732810485864,0.434686264563137,96585.6501623248,NA,TRUE,35,10,19,1,0.1,0.526315789473684,0.689655172413793,NA,NA,NA,NA,0.000222845325320799,3206.34294608184,32.293138375149,60.6398128756435,79,-192625.58765761,-192261.779212917,"same_mu_kappa_stress",8,1000,100,4
"Rossi path BIC",4,28.2999047424585,NA,NA,NA,0.456085619655564,97401.1803526625,96970.9536693567,TRUE,4,10,95,1,0.944444444444444,0.105263157894737,0.19047619047619,1,0.522222222222222,0.175438596491228,0.298507462686567,0.000659906807807983,600.155631678898,7.01588414161194,54.3243507855957,231,-193206.66923588,-192142.874922917,"same_mu_kappa_stress",9,1000,100,4
"Rossi path BIC + refit",4,28.2999047424585,NA,NA,NA,0.442064586863812,97458.1231311728,NA,TRUE,71,10,95,1,0.944444444444444,0.105263157894737,0.19047619047619,NA,NA,NA,NA,0.00136425492597384,489.78823889646,7.19309562774878,54.0307237277008,383,-192270.575990495,-190506.795809262,"same_mu_kappa_stress",9,1000,100,4
"Separate 2D path/grid BIC",4,NA,60.3910737995315,0,NA,0.473755455887799,97327.0115675539,96529.9130478364,TRUE,2,10,69,1,0.655555555555556,0.144927536231884,0.253164556962025,1,0.216666666666667,0.338983050847458,0.506329113924051,0.00017960364970569,2409.08152162858,24.3368744027512,58.9594403547576,121,-193818.184746351,-193260.959153846,"same_mu_kappa_stress",9,1000,100,4
"Separate 2D path/grid BIC + refit",4,NA,60.3910737995315,0,NA,0.475471526543399,97428.6474285027,NA,TRUE,94,10,69,1,0.655555555555556,0.144927536231884,0.253164556962025,NA,NA,NA,NA,0.00109286167498929,2108.01271774651,26.0684759971462,60.3977828272866,279,-192930.031134169,-191645.188652279,"same_mu_kappa_stress",9,1000,100,4
"Eta centered path BIC",4,NA,NA,NA,1.72723933941412,0.443573003894054,97261.3038741259,96987.0451875177,TRUE,13,10,10,1,0,1,1,NA,NA,NA,NA,0.000218195208855501,366.870517268759,3.73071125039378,51.1742997750913,133,-193603.876296147,-192991.388661411,"same_mu_kappa_stress",9,1000,100,4
"Eta centered path BIC + refit",4,NA,NA,NA,1.72723933941412,0.455175883360283,97270.0075130433,NA,TRUE,36,10,10,1,0,1,1,NA,NA,NA,NA,0.000370435610786426,408.073996183341,4.27226753124216,50.8987014943453,43,-194242.98154909,-194044.959231093,"same_mu_kappa_stress",9,1000,100,4
"Rossi path BIC",4,80.8107462403605,NA,NA,NA,0.3745459174382,97128.416193349,96065.5926320365,FALSE,100,10,78,1,0.755555555555556,0.128205128205128,0.227272727272727,1,0.233333333333333,0.32258064516129,0.48780487804878,0.000138154462602661,2779.50988440645,27.6893475618086,59.9578385631543,127,-193379.547466267,-192794.690852647,"same_mu_kappa_stress",10,1000,100,4
"Rossi path BIC + refit",4,80.8107462403605,NA,NA,NA,0.367297132493439,97260.0102091571,NA,FALSE,100,10,78,1,0.755555555555556,0.128205128205128,0.227272727272727,NA,NA,NA,NA,0.000409865942409116,2656.09140107111,26.5588839751383,63.5945050335579,315,-192344.077505435,-190893.448896849,"same_mu_kappa_stress",10,1000,100,4
"Separate 2D path/grid BIC",4,NA,33.8065414275461,0,NA,0.405852385249582,97200.1734304298,96707.1328531438,FALSE,100,10,97,1,0.966666666666667,0.103092783505155,0.186915887850467,1,0.544444444444444,0.169491525423729,0.289855072463768,0.000690139823455831,856.333218660723,9.29320682142533,56.6050187159592,239,-192749.393349183,-191648.757674732,"same_mu_kappa_stress",10,1000,100,4
"Separate 2D path/grid BIC + refit",4,NA,33.8065414275461,0,NA,0.353312395907602,97292.3585517642,NA,TRUE,84,10,97,1,0.966666666666667,0.103092783505155,0.186915887850467,NA,NA,NA,NA,0.00103408380008947,804.930082265213,9.11274604443852,57.0628284254108,391,-191883.784789446,-190083.163246725,"same_mu_kappa_stress",10,1000,100,4
"Eta centered path BIC",4,NA,NA,NA,1.71232346513891,0.393642717300168,97070.8487069551,96687.0143269931,FALSE,100,10,38,1,0.311111111111111,0.263157894736842,0.416666666666667,NA,NA,NA,NA,0.000765260592163634,213.443482470642,3.75734866526873,60.4800866146066,217,-192642.714518371,-191643.392588012,"same_mu_kappa_stress",10,1000,100,4
"Eta centered path BIC + refit",4,NA,NA,NA,1.71232346513891,0.440194314078351,97158.8175719132,NA,TRUE,18,10,38,1,0.311111111111111,0.263157894736842,0.416666666666667,NA,NA,NA,NA,0.0010805944116021,154.795616172574,4.4717472216554,61.5902018353446,155,-193246.933075584,-192533.131696756,"same_mu_kappa_stress",10,1000,100,4
"Rossi path BIC",4,49.3741984429624,NA,NA,NA,0.426677212142049,96567.6039023255,95862.1820816683,TRUE,2,10,87,1,0.855555555555556,0.114942528735632,0.206185567010309,1,0.391666666666667,0.220994475138122,0.361990950226244,0.000249400357812219,2109.03958974631,21.7618207689749,58.3939346375469,184,-191864.180833318,-191016.829519097,"same_mu_kappa_stress",11,1000,100,4
"Rossi path BIC + refit",4,49.3741984429624,NA,NA,NA,0.407789874062986,96653.3340072313,NA,TRUE,44,10,87,1,0.855555555555556,0.114942528735632,0.206185567010309,NA,NA,NA,NA,0.000697920919637378,2038.11267832848,22.7329985845422,59.0787146858124,351,-190882.04591154,-189265.631176258,"same_mu_kappa_stress",11,1000,100,4
"Separate 2D path/grid BIC",4,NA,49.3741989937355,0,NA,0.426677212142049,96567.60390102,95862.1820738314,TRUE,2,10,87,1,0.855555555555556,0.114942528735632,0.206185567010309,1,0.391666666666667,0.220994475138122,0.361990950226244,0.00024940035505918,308.750929244039,3.50101354984958,58.3939347198494,184,-191864.180830707,-191016.829516486,"same_mu_kappa_stress",11,1000,100,4
"Separate 2D path/grid BIC + refit",4,NA,49.3741989937355,0,NA,0.407789874062986,96653.3340072546,NA,TRUE,44,10,87,1,0.855555555555556,0.114942528735632,0.206185567010309,NA,NA,NA,NA,0.000697920918981586,333.844524835942,4.79942148119528,59.0787147495863,351,-190882.045911587,-189265.631176305,"same_mu_kappa_stress",11,1000,100,4
"Eta centered path BIC",4,NA,NA,NA,2.41916286438387,0.295570347661165,96271.806275693,95889.2614284112,TRUE,65,10,19,1,0.1,0.526315789473684,0.689655172413793,NA,NA,NA,NA,0.000289637255371887,1731.8681848341,16.5839207741964,68.0601790234652,160,-191438.371706749,-190701.544476991,"same_mu_kappa_stress",11,1000,100,4
"Eta centered path BIC + refit",4,NA,NA,NA,2.41916286438387,0.426002094569217,96498.2033582869,NA,TRUE,41,10,19,1,0.1,0.526315789473684,0.689655172413793,NA,NA,NA,NA,0.000351742925666726,2119.47313382909,22.5520223131177,62.5882287371296,79,-192450.694049534,-192086.885604841,"same_mu_kappa_stress",11,1000,100,4
"Rossi path BIC",4,25.058486201651,NA,NA,NA,0.465206107064615,97270.4006743898,96854.3016721105,TRUE,7,10,99,1,0.988888888888889,0.101010101010101,0.18348623853211,0.975,0.658333333333333,0.141304347826087,0.246835443037975,0.00159036095648792,3012.53181438466,31.9653075231255,55.4810963637059,279,-192613.537625944,-191328.695144053,"same_mu_kappa_stress",12,1000,100,4
"Rossi path BIC + refit",4,25.058486201651,NA,NA,NA,0.469741553846035,97320.5384136126,NA,TRUE,40,10,99,1,0.988888888888889,0.101010101010101,0.18348623853211,NA,NA,NA,NA,0.00211592465996126,2972.33298653591,32.3405524263532,55.4025293682717,399,-191884.882470911,-190047.419566702,"same_mu_kappa_stress",12,1000,100,4
"Separate 2D path/grid BIC",4,NA,23.2014239459851,1.10260289525278,NA,0.445062096940462,97246.2614473093,96672.7897536657,TRUE,10,10,98,1,0.977777777777778,0.102040816326531,0.185185185185185,1,0.572222222222222,0.16260162601626,0.27972027972028,0.0012489208356131,1768.82904304188,19.8419406228556,49.0181919532155,249,-192772.491830152,-191625.804453841,"same_mu_kappa_stress",12,1000,100,4
"Separate 2D path/grid BIC + refit",4,NA,23.2014239459851,1.10260289525278,NA,0.460870456865206,97307.8342769334,NA,TRUE,36,10,98,1,0.977777777777778,0.102040816326531,0.185185185185185,NA,NA,NA,NA,0.00162058358774173,1602.35887695539,20.2960152806225,53.7397334708189,395,-191887.105218669,-190068.062995204,"same_mu_kappa_stress",12,1000,100,4
"Eta centered path BIC",4,NA,NA,NA,1.80183314313234,0.437812664912242,97124.0185983203,96614.4787169349,TRUE,5,10,54,1,0.488888888888889,0.185185185185185,0.3125,NA,NA,NA,NA,0.000716639760498772,1795.93692780443,18.760499994979,65.9260568841615,265,-192417.48204771,-191197.111948424,"same_mu_kappa_stress",12,1000,100,4
"Eta centered path BIC + refit",4,NA,NA,NA,1.80183314313234,0.47133619161125,97243.5990533261,NA,TRUE,27,10,54,1,0.488888888888889,0.185185185185185,0.3125,NA,NA,NA,NA,0.00110196904866996,2202.49746679049,25.0640261424202,65.3803524497189,219,-192974.399700555,-191965.867429824,"same_mu_kappa_stress",12,1000,100,4
"Rossi path BIC",4,34.5335195835117,NA,NA,NA,0.421436640594733,96748.5790694324,96226.5067230751,TRUE,4,10,96,1,0.955555555555556,0.104166666666667,0.188679245283019,0.975,0.466666666666667,0.188405797101449,0.315789473684211,0.00153840031472466,248.166097094803,5.61637609639774,56.3000710663235,210,-192046.529530279,-191079.443791221,"same_mu_kappa_stress",13,1000,100,4
"Rossi path BIC + refit",4,34.5335195835117,NA,NA,NA,0.404674671701159,96827.9639611965,NA,TRUE,23,10,96,1,0.955555555555556,0.104166666666667,0.188679245283019,NA,NA,NA,NA,0.00178995992975999,176.349556014265,5.7246648103333,56.7351503150687,387,-190982.626629427,-189200.425767449,"same_mu_kappa_stress",13,1000,100,4
"Separate 2D path/grid BIC",4,NA,34.5257188940516,0,NA,0.422261328814667,96748.6080304626,96226.6223665797,TRUE,4,10,96,1,0.955555555555556,0.104166666666667,0.188679245283019,0.975,0.469444444444444,0.1875,0.314516129032258,0.00153929341981097,14.8608810999882,1.90692365772027,56.3038659745714,211,-192039.67969706,-191067.988787816,"same_mu_kappa_stress",13,1000,100,4
"Separate 2D path/grid BIC + refit",4,NA,34.5257188940516,0,NA,0.404674671701159,96827.9639085132,NA,TRUE,23,10,96,1,0.955555555555556,0.104166666666667,0.188679245283019,NA,NA,NA,NA,0.00178996780702094,36.8820185181487,2.66651373986666,56.7360431725196,387,-190982.62652406,-189200.425662083,"same_mu_kappa_stress",13,1000,100,4
"Eta centered path BIC",4,NA,NA,NA,0.67654943072811,0.398545685991588,96726.8027305385,96562.4867667383,TRUE,12,10,64,1,0.6,0.15625,0.27027027027027,NA,NA,NA,NA,0.000553181772158683,432.279924368421,4.7265990332881,53.5648201599152,295,-191415.817653777,-190057.292448911,"same_mu_kappa_stress",13,1000,100,4
"Eta centered path BIC + refit",4,NA,NA,NA,0.67654943072811,0.377015370394567,96768.0646803791,NA,TRUE,24,10,64,1,0.6,0.15625,0.27027027027027,NA,NA,NA,NA,0.00111401283908016,443.972945875684,5.39834761164029,54.1085957725979,259,-191747.020743502,-190554.281665331,"same_mu_kappa_stress",13,1000,100,4
"Rossi path BIC",4,84.1865866653776,NA,NA,NA,0.482666635043282,97098.6114371625,96013.642328571,FALSE,100,10,63,1,0.588888888888889,0.158730158730159,0.273972602739726,1,0.163888888888889,0.404040404040404,0.575539568345324,0.000175158127722411,3229.09382402997,32.107234497757,62.4358762831116,102,-193492.631835869,-193022.904476898,"same_mu_kappa_stress",14,1000,100,4
"Rossi path BIC + refit",4,84.1865866653776,NA,NA,NA,0.466612940784882,97226.9905633157,NA,TRUE,90,10,63,1,0.588888888888889,0.158730158730159,0.273972602739726,NA,NA,NA,NA,0.000664528625660523,3109.94072337241,32.7181212962052,61.13382465106,255,-192692.503530491,-191518.185133064,"same_mu_kappa_stress",14,1000,100,4
"Separate 2D path/grid BIC",4,NA,46.261794126757,0,NA,0.472198421128498,97189.3635521398,96522.9191223771,TRUE,2,10,91,1,0.9,0.10989010989011,0.198019801980198,1,0.433333333333333,0.204081632653061,0.338983050847458,0.000261204001252037,2678.69313961717,26.3732221859356,63.3760454043853,199,-193004.083803762,-192087.65493675,"same_mu_kappa_stress",14,1000,100,4
"Separate 2D path/grid BIC + refit",4,NA,46.261794126757,0,NA,0.445683152490464,97272.7217959011,NA,TRUE,39,10,91,1,0.9,0.10989010989011,0.198019801980198,NA,NA,NA,NA,0.000732782977365582,2587.96392858074,26.4327580304501,61.7909614905429,367,-192010.297404416,-190320.199946158,"same_mu_kappa_stress",14,1000,100,4
"Eta centered path BIC",4,NA,NA,NA,1.91507855491581,0.393220308986243,96976.9878210288,96721.8577849042,TRUE,20,10,11,1,0.0111111111111111,0.909090909090909,0.952380952380952,NA,NA,NA,NA,0.000143858620690614,2566.6962865296,25.2691730121121,62.1728795915032,136,-193014.520924116,-192388.217778822,"same_mu_kappa_stress",14,1000,100,4
"Eta centered path BIC + refit",4,NA,NA,NA,1.91507855491581,0.475504617689216,97062.2319202533,NA,TRUE,55,10,11,1,0.0111111111111111,0.909090909090909,0.952380952380952,NA,NA,NA,NA,0.000120096426531062,3350.88166705509,33.3150451741376,60.8661250761113,47,-193799.799342394,-193583.356343653,"same_mu_kappa_stress",14,1000,100,4
"Rossi path BIC",4,71.8298713128652,NA,NA,NA,0.411120038278552,96684.7556967693,95713.1270052964,TRUE,6,10,82,1,0.8,0.121951219512195,0.217391304347826,1,0.286111111111111,0.27972027972028,0.437158469945355,0.000192862062524182,684.517166369021,6.56727019121649,66.4400974108836,146,-192360.979122807,-191688.624275653,"same_mu_kappa_stress",15,1000,100,4
"Rossi path BIC + refit",4,71.8298713128652,NA,NA,NA,0.391482336948211,96806.9959991315,NA,TRUE,32,10,82,1,0.8,0.121951219512195,0.217391304347826,NA,NA,NA,NA,0.000540956041741841,595.553638073697,7.16011049846598,67.3887795513647,331,-191327.52500092,-189803.213669358,"same_mu_kappa_stress",15,1000,100,4
"Separate 2D path/grid BIC",4,NA,28.7474707705624,0,NA,0.417683316103939,96738.1258271985,96310.4940668553,FALSE,100,10,99,1,0.988888888888889,0.101010101010101,0.18348623853211,1,0.561111111111111,0.165289256198347,0.283687943262411,0.000701627332072605,880.427778967274,9.60599157432527,57.5471849901983,245,-191783.851611046,-190655.584915479,"same_mu_kappa_stress",15,1000,100,4
"Separate 2D path/grid BIC + refit",4,NA,28.7474707705624,0,NA,0.400891504124717,96826.5748421023,NA,TRUE,68,10,99,1,0.988888888888889,0.101010101010101,0.18348623853211,NA,NA,NA,NA,0.00122837011812466,935.851694278686,11.0574360406565,58.8846912750569,399,-190896.955327891,-189059.492423681,"same_mu_kappa_stress",15,1000,100,4
"Eta centered path BIC",4,NA,NA,NA,1.47709100113273,0.369723234701602,96579.6545132836,96352.3883254259,FALSE,100,10,16,1,0.0666666666666667,0.625,0.769230769230769,NA,NA,NA,NA,0.000143381279685833,2231.69424205521,21.3933770736477,64.3685370397353,151,-192116.237979441,-191420.857281357,"same_mu_kappa_stress",15,1000,100,4
"Eta centered path BIC + refit",4,NA,NA,NA,1.47709100113273,0.396714342265349,96620.0701604485,NA,TRUE,43,10,16,1,0.0666666666666667,0.625,0.769230769230769,NA,NA,NA,NA,0.00016998979615281,2636.8384930495,25.9197573724019,62.5239986354727,67,-192777.320717205,-192468.774314744,"same_mu_kappa_stress",15,1000,100,4
"Rossi path BIC",4,21.8921918566869,NA,NA,NA,0.423764341075896,96359.7203236255,96000.9596071698,TRUE,2,10,99,1,0.988888888888889,0.101010101010101,0.18348623853211,0.95,0.652777777777778,0.139194139194139,0.242811501597444,0.00210398315850652,1994.06574398242,21.8710458968862,51.4602410781456,276,-190812.900190252,-189541.873218919,"same_mu_kappa_stress",16,1000,100,4
"Rossi path BIC + refit",4,21.8921918566869,NA,NA,NA,0.392064079585737,96413.9412930599,NA,TRUE,70,10,99,1,0.988888888888889,0.101010101010101,0.18348623853211,NA,NA,NA,NA,0.00260240009706269,1942.38072341548,22.2123760206495,52.1620255650537,399,-190071.688229806,-188234.225325597,"same_mu_kappa_stress",16,1000,100,4
"Separate 2D path/grid BIC",4,NA,21.3354499298172,0,NA,0.432239298923913,96347.0512313366,96024.7312731607,TRUE,2,10,100,1,1,0.1,0.181818181818182,0.975,0.625,0.147727272727273,0.256578947368421,0.00184724640953975,531.801508260713,6.24808584589263,53.1098480666274,267,-190849.731803185,-189620.151363526,"same_mu_kappa_stress",16,1000,100,4
"Separate 2D path/grid BIC + refit",4,NA,21.3354499298172,0,NA,0.406276443312663,96399.8877419184,NA,TRUE,31,10,100,1,1,0.1,0.181818181818182,NA,NA,NA,NA,0.00213471533523711,608.360991804357,7.34075332909212,53.9056476011132,403,-190015.950106407,-188160.066521454,"same_mu_kappa_stress",16,1000,100,4
"Eta centered path BIC",4,NA,NA,NA,2.38400787309194,0.301879614597109,96062.4505563762,95755.1661145356,FALSE,100,10,13,1,0.0333333333333333,0.769230769230769,0.869565217391304,NA,NA,NA,NA,0.000346705979551305,1332.13860896574,14.2543590457484,59.1996012139374,142,-191143.999863137,-190490.065696727,"same_mu_kappa_stress",16,1000,100,4
"Eta centered path BIC + refit",4,NA,NA,NA,2.38400787309194,0.431033847774206,96219.9410095524,NA,TRUE,34,10,13,1,0.0333333333333333,0.769230769230769,0.869565217391304,NA,NA,NA,NA,0.000218530960363103,1958.63648155571,20.2558962001474,55.4076502591459,55,-192059.955478761,-191806.671118532,"same_mu_kappa_stress",16,1000,100,4
"Rossi path BIC",4,39.7231272834506,NA,NA,NA,0.457034748540642,96493.8644065964,95914.0942101213,TRUE,4,10,94,1,0.933333333333333,0.106382978723404,0.192307692307692,0.975,0.488888888888889,0.181395348837209,0.305882352941176,0.000850352898265263,2917.82652541316,32.7194610905442,60.4614907385086,218,-191481.838162375,-190477.911061829,"same_mu_kappa_stress",17,1000,100,4
"Rossi path BIC + refit",4,39.7231272834506,NA,NA,NA,0.431625574069985,96581.9596856855,NA,TRUE,33,10,94,1,0.933333333333333,0.106382978723404,0.192307692307692,NA,NA,NA,NA,0.00127233592834513,2704.47859904518,32.8674042480431,62.3432493406113,379,-190545.880120637,-188800.520620147,"same_mu_kappa_stress",17,1000,100,4
"Separate 2D path/grid BIC",4,NA,51.7381093911546,0,NA,0.439863616706315,96496.7662052908,95750.8887055333,TRUE,2,10,94,1,0.933333333333333,0.106382978723404,0.192307692307692,1,0.447222222222222,0.199004975124378,0.33195020746888,0.000390795967455214,2526.26838154348,24.9467849929803,62.9299220437202,204,-191584.350333669,-190644.895615728,"same_mu_kappa_stress",17,1000,100,4
"Separate 2D path/grid BIC + refit",4,NA,51.7381093911546,0,NA,0.416486986919609,96587.1830456908,NA,TRUE,25,10,94,1,0.933333333333333,0.106382978723404,0.192307692307692,NA,NA,NA,NA,0.000773131662194397,2490.61594512546,25.2479744026467,62.5513917855821,379,-190556.326840647,-188810.967340158,"same_mu_kappa_stress",17,1000,100,4
"Eta centered path BIC",4,NA,NA,NA,1.65607563724948,0.384050984776974,96315.8408622888,96055.7761539797,TRUE,3,10,12,1,0.0222222222222222,0.833333333333333,0.909090909090909,NA,NA,NA,NA,0.000139778749946529,2701.31365172989,25.9390456906599,65.003396787435,139,-191671.503740799,-191031.385084947,"same_mu_kappa_stress",17,1000,100,4
"Eta centered path BIC + refit",4,NA,NA,NA,1.65607563724948,0.433858299031514,96360.9887236748,NA,TRUE,25,10,12,1,0.0222222222222222,0.833333333333333,0.909090909090909,NA,NA,NA,NA,0.000133006126380086,3025.11169169218,29.8055340028095,62.0483639139263,51,-192369.681928121,-192134.818248636,"same_mu_kappa_stress",17,1000,100,4
"Rossi path BIC",4,123.205686498346,NA,NA,NA,0.426130919513431,96430.6056699389,94857.2742914786,TRUE,3,10,30,1,0.222222222222222,0.333333333333333,0.5,1,0.0555555555555556,0.666666666666667,0.8,6.97033339829008e-05,601.404465806595,3.94802095248328,69.3647415770639,63,-192426.022757302,-192135.897035585,"same_mu_kappa_stress",18,1000,100,4
"Rossi path BIC + refit",4,123.205686498346,NA,NA,NA,0.464296547185401,96487.9843282945,NA,FALSE,100,10,30,1,0.222222222222222,0.333333333333333,0.5,NA,NA,NA,NA,0.00026831726352036,767.588601792851,5.98602449616078,73.4215951792726,123,-192126.314757274,-191559.878824398,"same_mu_kappa_stress",18,1000,100,4
"Separate 2D path/grid BIC",4,NA,41.5245182742784,0,NA,0.429798114048936,96573.8090521014,95956.6521269079,TRUE,2,10,98,1,0.977777777777778,0.102040816326531,0.185185185185185,1,0.522222222222222,0.175438596491228,0.298507462686567,0.000163328270007905,1437.76078463116,12.6579992228183,69.8765826890397,231,-191551.926634758,-190488.132321795,"same_mu_kappa_stress",18,1000,100,4
"Separate 2D path/grid BIC + refit",4,NA,41.5245182742784,0,NA,0.392615237930883,96627.8800260344,NA,TRUE,32,10,98,1,0.977777777777778,0.102040816326531,0.185185185185185,NA,NA,NA,NA,0.000376384554999662,1371.19668121605,12.9231045012712,68.9294034005094,395,-190527.196716871,-188708.154493406,"same_mu_kappa_stress",18,1000,100,4
"Eta centered path BIC",4,NA,NA,NA,1.43627461307182,0.438949098529903,96495.2449865223,95987.6720279851,TRUE,2,10,70,1,0.666666666666667,0.142857142857143,0.25,NA,NA,NA,NA,0.000911861348221987,2333.08087608043,23.7184424688316,65.2407298452168,313,-190828.362570723,-189386.944302509,"same_mu_kappa_stress",18,1000,100,4
"Eta centered path BIC + refit",4,NA,NA,NA,1.43627461307182,0.481292029765871,96594.6774082668,NA,TRUE,33,10,70,1,0.666666666666667,0.142857142857143,0.25,NA,NA,NA,NA,0.00124125164081045,2642.96576390701,28.0525088652481,64.44710786743,283,-191234.460072582,-189931.196909947,"same_mu_kappa_stress",18,1000,100,4
"Rossi path BIC",4,49.563552778754,NA,NA,NA,0.441679189910609,97185.1877715585,96486.9901906999,TRUE,2,10,92,1,0.911111111111111,0.108695652173913,0.196078431372549,1,0.388888888888889,0.222222222222222,0.363636363636364,0.000204265907478855,2070.94131396721,20.9248303530396,60.8858313885237,183,-193106.256327063,-192263.510183027,"same_mu_kappa_stress",19,1000,100,4
"Rossi path BIC + refit",4,49.563552778754,NA,NA,NA,0.445577838816624,97285.4194326253,NA,TRUE,62,10,92,1,0.911111111111111,0.108695652173913,0.196078431372549,NA,NA,NA,NA,0.000663789234643086,2094.26954480885,22.5609031654261,60.7430062359677,371,-192008.061656748,-190299.543517747,"same_mu_kappa_stress",19,1000,100,4
"Separate 2D path/grid BIC",4,NA,49.5635524163656,0,NA,0.441679189910609,97185.1877727032,96486.9901957326,TRUE,2,10,92,1,0.911111111111111,0.108695652173913,0.196078431372549,1,0.388888888888889,0.222222222222222,0.363636363636364,0.000204265906743389,3188.9011941235,31.9026546822319,60.8858314634869,183,-193106.256329353,-192263.510185317,"same_mu_kappa_stress",19,1000,100,4
"Separate 2D path/grid BIC + refit",4,NA,49.5635524163656,0,NA,0.445577838816624,97285.4194326184,NA,TRUE,62,10,92,1,0.911111111111111,0.108695652173913,0.196078431372549,NA,NA,NA,NA,0.000663789234163994,3189.69539032046,32.9115256025316,60.7430062416369,371,-192008.061656734,-190299.543517733,"same_mu_kappa_stress",19,1000,100,4
"Eta centered path BIC",4,NA,NA,NA,1.51263019041267,0.379166995715354,97041.416851917,96822.8878199212,TRUE,23,10,10,1,0,1,1,NA,NA,NA,NA,0.000127798406709252,2492.32467797563,24.3408893853867,63.0182352038577,133,-193164.102251729,-192551.614616993,"same_mu_kappa_stress",19,1000,100,4
"Eta centered path BIC + refit",4,NA,NA,NA,1.51263019041267,0.446419417047817,97070.9199267161,NA,TRUE,67,10,10,1,0,1,1,NA,NA,NA,NA,9.45505946352629e-05,2852.96817063164,28.156950316567,62.1858902054313,43,-193844.806376436,-193646.784058438,"same_mu_kappa_stress",19,1000,100,4
"Rossi path BIC",4,31.7467345374032,NA,NA,NA,0.414746556075895,97071.6208917933,96613.1921469129,TRUE,2,10,96,1,0.955555555555556,0.104166666666667,0.188679245283019,0.95,0.516666666666667,0.169642857142857,0.287878787878788,0.0013653970892451,1831.14198901065,20.764626093215,54.5995115828094,227,-192575.181335258,-191529.807703038,"same_mu_kappa_stress",20,1000,100,4
"Rossi path BIC + refit",4,31.7467345374032,NA,NA,NA,0.399072773541569,97157.808633706,NA,TRUE,34,10,96,1,0.955555555555556,0.104166666666667,0.188679245283019,NA,NA,NA,NA,0.00210792620877154,1783.42288617251,21.8444883045673,55.0409324280232,387,-191642.315974446,-189860.115112469,"same_mu_kappa_stress",20,1000,100,4
"Separate 2D path/grid BIC",4,NA,31.7467368402972,0,NA,0.414746556075895,97071.6208641929,96613.1921143856,TRUE,2,10,96,1,0.955555555555556,0.104166666666667,0.188679245283019,0.95,0.516666666666667,0.169642857142857,0.287878787878788,0.00136539734544583,2418.7956851408,26.6487138078316,54.5995117054299,227,-192575.181280057,-191529.807647838,"same_mu_kappa_stress",20,1000,100,4
"Separate 2D path/grid BIC + refit",4,NA,31.7467368402972,0,NA,0.399072773541569,97157.8086336413,NA,TRUE,34,10,96,1,0.955555555555556,0.104166666666667,0.188679245283019,NA,NA,NA,NA,0.00210792620442664,2359.14833995451,27.6560109396577,55.0409324870071,387,-191642.315974317,-189860.115112339,"same_mu_kappa_stress",20,1000,100,4
"Eta centered path BIC",4,NA,NA,NA,1.95008389166946,0.328696116576462,96853.5129203347,96561.3905724864,TRUE,59,10,16,1,0.0666666666666667,0.625,0.769230769230769,NA,NA,NA,NA,0.000201975314758349,2170.38342848688,20.7603737018149,65.9433240255625,151,-192663.954793543,-191968.574095459,"same_mu_kappa_stress",20,1000,100,4
"Eta centered path BIC + refit",4,NA,NA,NA,1.95008389166946,0.436885092311112,96964.7565760146,NA,TRUE,66,10,16,1,0.0666666666666667,0.625,0.769230769230769,NA,NA,NA,NA,0.000324965813176925,2933.03595130665,29.2111288869806,63.0166371017194,67,-193466.693548337,-193158.147145876,"same_mu_kappa_stress",20,1000,100,4
"Rossi path BIC",4,142.84674193505,NA,NA,NA,0.642813418379217,97153.8537620411,95425.270141804,TRUE,2,19,43,1,0.296296296296296,0.441860465116279,0.612903225806452,1,0.0805555555555556,0.579710144927536,0.73394495412844,0.000174971299664939,0.264514565855115,0.18271905812431,57.5139416251542,72,-193810.349143995,-193478.776890604,"realistic_concdom",1,1000,100,4
"Rossi path BIC + refit",4,142.84674193505,NA,NA,NA,0.642788324716613,97255.7629629756,NA,TRUE,13,19,43,1,0.296296296296296,0.441860465116279,0.612903225806452,NA,NA,NA,NA,0.00020180312462183,0.596182485428354,0.372850607799016,57.4397860446205,175,-193302.668752129,-192496.763969581,"realistic_concdom",1,1000,100,4
"Separate 2D path/grid BIC",4,NA,142.846741935049,0,NA,0.642813418379217,97153.8537620411,95425.270141804,TRUE,2,19,43,1,0.296296296296296,0.441860465116279,0.612903225806452,1,0.0805555555555556,0.579710144927536,0.73394495412844,0.000174971299664935,0.26451456585516,0.182719058124308,57.5139416251543,72,-193810.349143996,-193478.776890604,"realistic_concdom",1,1000,100,4
"Separate 2D path/grid BIC + refit",4,NA,142.846741935049,0,NA,0.642788324716613,97255.7629629756,NA,TRUE,13,19,43,1,0.296296296296296,0.441860465116279,0.612903225806452,NA,NA,NA,NA,0.000201803124621829,0.596182485428488,0.372850607799017,57.4397860446205,175,-193302.668752129,-192496.763969581,"realistic_concdom",1,1000,100,4
"Eta centered path BIC",4,NA,NA,NA,2.15509240711064,0.525508746182246,97086.7613341908,96654.0266283414,TRUE,31,19,18,0.894736842105263,0.0123456790123457,0.944444444444444,0.918918918918919,NA,NA,NA,NA,0.0003650436256276,51.3666063476937,0.706280133843003,60.3383589931298,157,-193089.005089581,-192365.993370381,"realistic_concdom",1,1000,100,4
"Eta centered path BIC + refit",4,NA,NA,NA,2.15509240711064,0.63178336910442,97135.1233242415,NA,TRUE,53,19,18,0.894736842105263,0.0123456790123457,0.944444444444444,0.918918918918919,NA,NA,NA,NA,0.000228510646237388,0.420681958456388,0.20556890361178,57.1267081198713,75,-193752.165002559,-193406.77723861,"realistic_concdom",1,1000,100,4
"Rossi path BIC",4,108.183916657518,NA,NA,NA,0.642769045743379,97427.8255528587,96116.6285966327,TRUE,2,19,58,1,0.481481481481481,0.327586206896552,0.493506493506494,1,0.130555555555556,0.459770114942529,0.62992125984252,0.000186433593328292,0.940056654803021,0.170779540219209,56.7737534371272,90,-194233.953130609,-193819.48781387,"realistic_concdom",2,1000,100,4
"Rossi path BIC + refit",4,108.183916657518,NA,NA,NA,0.6281268745878,97539.366319042,NA,TRUE,41,19,58,1,0.481481481481481,0.327586206896552,0.493506493506494,NA,NA,NA,NA,0.000288274991249988,1.46741007411057,0.500090261031499,57.81492587302,235,-193455.410147523,-192373.195153816,"realistic_concdom",2,1000,100,4
"Separate 2D path/grid BIC",4,NA,52.1543284807228,0,NA,0.647133150795623,97505.3416499895,96818.8080560052,TRUE,2,19,91,1,0.888888888888889,0.208791208791209,0.345454545454546,1,0.380555555555556,0.225988700564972,0.368663594470046,0.0001039611123585,0.412646377552133,0.195542784460183,57.3433450801881,180,-193767.287349762,-192938.356716284,"realistic_concdom",2,1000,100,4
"Separate 2D path/grid BIC + refit",4,NA,52.1543284807228,0,NA,0.626219741848342,97586.6173381732,NA,TRUE,29,19,91,1,0.888888888888889,0.208791208791209,0.345454545454546,NA,NA,NA,NA,0.00041911040701197,1.13702230445147,0.644166428221061,57.4852770456967,367,-192638.08848896,-190947.991030702,"realistic_concdom",2,1000,100,4
"Eta centered path BIC",4,NA,NA,NA,0.8850090940023,0.560653457386708,97486.6636296837,97265.6139951671,FALSE,100,19,63,1,0.54320987654321,0.301587301587302,0.463414634146341,NA,NA,NA,NA,0.000380479882979437,35.1625733576715,0.699471710163546,60.5799985584707,292,-192956.262717905,-191611.553023596,"realistic_concdom",2,1000,100,4
"Eta centered path BIC + refit",4,NA,NA,NA,0.8850090940023,0.575790079995375,97548.7091159072,NA,TRUE,77,19,63,1,0.54320987654321,0.301587301587302,0.463414634146341,NA,NA,NA,NA,0.000390672766753611,6.62337126069011,0.702710461052833,58.8435270411935,255,-193335.940635674,-192161.622238247,"realistic_concdom",2,1000,100,4
"Rossi path BIC",4,148.129994622625,NA,NA,NA,0.626511479406573,97648.0377920686,95863.6602999831,TRUE,2,19,41,1,0.271604938271605,0.463414634146341,0.633333333333333,1,0.0638888888888889,0.634920634920635,0.776699029126214,0.000192097250648641,3.00765662696357,0.196017659755125,59.1808433156488,66,-194840.163735724,-194536.222503449,"realistic_concdom",3,1000,100,4
"Rossi path BIC + refit",4,148.129994622625,NA,NA,NA,0.637265338540145,97727.9635649733,NA,TRUE,12,19,41,1,0.271604938271605,0.463414634146341,0.633333333333333,NA,NA,NA,NA,0.000154036578511721,3.6888959104304,0.298706603459453,59.3940931982514,167,-194302.331998357,-193533.268577297,"realistic_concdom",3,1000,100,4
"Separate 2D path/grid BIC",4,NA,56.3795497177228,0,NA,0.646756176496543,97737.1296359164,97003.0393361378,TRUE,2,19,86,1,0.827160493827161,0.22093023255814,0.361904761904762,1,0.344444444444444,0.24390243902439,0.392156862745098,0.000103452703064605,3.89069346166831,0.201621665634381,59.4346433573209,167,-194320.664140243,-193551.600719183,"realistic_concdom",3,1000,100,4
"Separate 2D path/grid BIC + refit",4,NA,56.3795497177228,0,NA,0.578453022105685,97811.1156815682,NA,TRUE,29,19,86,1,0.827160493827161,0.22093023255814,0.361904761904762,NA,NA,NA,NA,0.000401051961564553,4.99293582867496,0.665025105886807,59.418956672919,347,-193225.24028133,-191627.246226792,"realistic_concdom",3,1000,100,4
"Eta centered path BIC",4,NA,NA,NA,1.98361194595088,0.537869661355526,97600.7139716828,97101.3772425697,TRUE,12,19,38,1,0.234567901234568,0.5,0.666666666666667,NA,NA,NA,NA,0.000683724422849493,163.809502598054,1.84877797060221,65.5398531397081,217,-193702.445047827,-192703.123117467,"realistic_concdom",3,1000,100,4
"Eta centered path BIC + refit",4,NA,NA,NA,1.98361194595088,0.560474195168924,97721.8180962833,NA,TRUE,14,19,38,1,0.234567901234568,0.5,0.666666666666667,NA,NA,NA,NA,0.000768722083274494,139.361887000722,2.30817579407469,65.3531835536088,155,-194372.934124324,-193659.132745496,"realistic_concdom",3,1000,100,4
"Rossi path BIC",4,141.666171249315,NA,NA,NA,0.647400163590452,97743.5204493703,96039.3674707599,TRUE,2,19,35,1,0.197530864197531,0.542857142857143,0.703703703703704,1,0.0527777777777778,0.677966101694915,0.808080808080808,0.000143874820965461,2.73940587493288,0.146185593551584,59.0019131725917,62,-195058.760071444,-194773.239519913,"realistic_concdom",4,1000,100,4
"Rossi path BIC + refit",4,141.666171249315,NA,NA,NA,0.668563071092323,97813.417898259,NA,TRUE,18,19,35,1,0.197530864197531,0.542857142857143,0.703703703703704,NA,NA,NA,NA,0.000129942375722361,3.37582599844122,0.261831409441406,59.1640261836926,143,-194639.026791623,-193980.487455027,"realistic_concdom",4,1000,100,4
"Separate 2D path/grid BIC",4,NA,95.7044047759325,2.25111882950028,NA,0.639058485941119,97754.1256772036,96085.9535296878,TRUE,2,19,57,1,0.469135802469136,0.333333333333333,0.5,1,0.15,0.425531914893617,0.597014925373134,0.000139405327677596,7.89355361826312,0.163124784671216,54.7877902497109,97,-194838.199092346,-194391.497584305,"realistic_concdom",4,1000,100,4
"Separate 2D path/grid BIC + refit",4,NA,95.7044047759325,2.25111882950028,NA,0.63174424131616,97850.7133106657,NA,TRUE,38,19,57,1,0.469135802469136,0.333333333333333,0.5,NA,NA,NA,NA,0.000202935916185219,5.433146944927,0.399156646413042,59.5012464850405,231,-194105.735151887,-193041.940838923,"realistic_concdom",4,1000,100,4
"Eta centered path BIC",4,NA,NA,NA,1.62520091645549,0.571119814789489,97751.5325063608,97279.2281793151,TRUE,3,19,62,0.947368421052632,0.54320987654321,0.290322580645161,0.444444444444444,NA,NA,NA,NA,0.0007750094917729,214.3444197279,2.59877418826798,66.443860184383,289,-193506.723737096,-192175.829553345,"realistic_concdom",4,1000,100,4
"Eta centered path BIC + refit",4,NA,NA,NA,1.62520091645549,0.597278864119031,97858.2960272327,NA,TRUE,10,19,62,0.947368421052632,0.54320987654321,0.290322580645161,0.444444444444444,NA,NA,NA,NA,0.000991611828954924,224.860343423214,3.50665937820246,66.7680558318626,251,-193982.745479441,-192826.847762758,"realistic_concdom",4,1000,100,4
"Rossi path BIC",4,146.413490103505,NA,NA,NA,0.651066874147163,97412.7094147401,95651.7004943183,TRUE,2,19,42,1,0.283950617283951,0.452380952380952,0.622950819672131,0.975,0.0777777777777778,0.582089552238806,0.728971962616823,0.000177599334622551,3.36743526261852,0.155952713567189,56.8116377331763,70,-194341.875959951,-194019.514046932,"realistic_concdom",5,1000,100,4
"Rossi path BIC + refit",4,146.413490103505,NA,NA,NA,0.623034166862077,97521.4279445192,NA,TRUE,13,19,42,1,0.283950617283951,0.452380952380952,0.622950819672131,NA,NA,NA,NA,0.000231499232412925,1.20692227763758,0.348189989703535,56.9135423332952,171,-193861.629736332,-193074.145634528,"realistic_concdom",5,1000,100,4
"Separate 2D path/grid BIC",4,NA,96.6293903524466,0,NA,0.647177905732879,97463.6603999723,96260.0777053711,TRUE,2,19,63,1,0.54320987654321,0.301587301587302,0.463414634146341,1,0.161111111111111,0.408163265306122,0.579710144927536,9.83656804202244e-05,2.39229967786553,0.138414373843608,57.1281103345406,101,-194229.637516767,-193764.515327983,"realistic_concdom",5,1000,100,4
"Separate 2D path/grid BIC + refit",4,NA,96.6293903524466,0,NA,0.619875116007533,97569.9477428837,NA,TRUE,15,19,63,1,0.54320987654321,0.301587301587302,0.463414634146341,NA,NA,NA,NA,0.000343718777107642,0.847408358068895,0.49400919724076,57.4868908196728,255,-193378.417889627,-192204.0994922,"realistic_concdom",5,1000,100,4
"Eta centered path BIC",4,NA,NA,NA,1.81618364245376,0.58080912511308,97386.9972271821,96980.2373265272,TRUE,2,19,27,1,0.0987654320987654,0.703703703703704,0.826086956521739,NA,NA,NA,NA,0.000530997397592254,56.4706968907346,0.91894843477204,61.0407010418462,184,-193502.967483032,-192655.61616881,"realistic_concdom",5,1000,100,4
"Eta centered path BIC + refit",4,NA,NA,NA,1.81618364245376,0.646882672904926,97467.2535658497,NA,TRUE,80,19,27,1,0.0987654320987654,0.703703703703704,0.826086956521739,NA,NA,NA,NA,0.000144811610853611,0.704041329148787,0.194939958009555,57.1751046368007,111,-194167.746295732,-193656.572405088,"realistic_concdom",5,1000,100,4
"Rossi path BIC",4,145.622823594323,NA,NA,NA,0.614013361994842,97613.6280109458,95859.3804712145,TRUE,2,19,39,1,0.246913580246914,0.487179487179487,0.655172413793103,1,0.0611111111111111,0.645161290322581,0.784313725490196,0.000189222398902137,4.2768015360651,0.200618698474665,59.4584535619205,65,-194778.251928758,-194478.915866669,"realistic_concdom",6,1000,100,4
"Rossi path BIC + refit",4,145.622823594323,NA,NA,NA,0.640720168057579,97695.2476390122,NA,TRUE,17,19,39,1,0.246913580246914,0.487179487179487,0.655172413793103,NA,NA,NA,NA,0.000172584693336951,3.97807690507887,0.320653730379041,59.2942038591706,159,-194292.162188666,-193559.940129094,"realistic_concdom",6,1000,100,4
"Separate 2D path/grid BIC",4,NA,145.622823594322,0,NA,0.614013361994842,97613.6280109458,95859.3804712145,TRUE,2,19,39,1,0.246913580246914,0.487179487179487,0.655172413793103,1,0.0611111111111111,0.645161290322581,0.784313725490196,0.000189222398902136,4.27680153606518,0.200618698474665,59.4584535619206,65,-194778.251928758,-194478.915866669,"realistic_concdom",6,1000,100,4
"Separate 2D path/grid BIC + refit",4,NA,145.622823594322,0,NA,0.640720168057579,97695.2476390122,NA,TRUE,17,19,39,1,0.246913580246914,0.487179487179487,0.655172413793103,NA,NA,NA,NA,0.000172584693336953,3.97807690507901,0.320653730379044,59.2942038591707,159,-194292.162188666,-193559.940129094,"realistic_concdom",6,1000,100,4
"Eta centered path BIC",4,NA,NA,NA,2.03564534501353,0.557903202630768,97579.4553272574,97136.122369703,TRUE,46,19,22,0.947368421052632,0.0493827160493827,0.818181818181818,0.878048780487805,NA,NA,NA,NA,0.000363494835199776,41.1614922271673,0.526463202828297,61.3268484852982,169,-193991.500012367,-193213.226250935,"realistic_concdom",6,1000,100,4
"Eta centered path BIC + refit",4,NA,NA,NA,2.03564534501353,0.634098506450159,97631.5202841005,NA,TRUE,51,19,22,0.947368421052632,0.0493827160493827,0.818181818181818,0.878048780487805,NA,NA,NA,NA,0.000189891749227603,3.7663614551486,0.225276522231121,59.3861494254346,91,-194634.434837814,-194215.364350889,"realistic_concdom",6,1000,100,4
"Rossi path BIC",4,89.7445654555529,NA,NA,NA,0.599231082026201,97417.3997786147,96303.9693748565,TRUE,3,19,70,1,0.62962962962963,0.271428571428571,0.426966292134831,1,0.188888888888889,0.37037037037037,0.540540540540541,0.0002724422634429,2.49560667971781,0.227977120066813,56.307785503655,111,-194068.038721262,-193556.864830618,"realistic_concdom",7,1000,100,4
"Rossi path BIC + refit",4,89.7445654555529,NA,NA,NA,0.584655393743849,97525.0329452185,NA,TRUE,24,19,70,1,0.62962962962963,0.271428571428571,0.426966292134831,NA,NA,NA,NA,0.000437289421234929,0.631791725314393,0.553070327992874,57.0561892719691,283,-193095.171146485,-191791.90798385,"realistic_concdom",7,1000,100,4
"Separate 2D path/grid BIC",4,NA,44.0370142168349,0,NA,0.608650964877968,97481.9737129131,96889.5914954511,TRUE,2,19,93,1,0.91358024691358,0.204301075268817,0.339285714285714,1,0.430555555555556,0.205128205128205,0.340425531914894,0.000146374304410101,0.351327970544383,0.230673357346154,57.1324669137519,198,-193596.211880588,-192684.388183762,"realistic_concdom",7,1000,100,4
"Separate 2D path/grid BIC + refit",4,NA,44.0370142168349,0,NA,0.572631566149288,97557.97868843,NA,TRUE,44,19,93,1,0.91358024691358,0.204301075268817,0.339285714285714,NA,NA,NA,NA,0.000615580083598431,1.2008236463336,0.709960375825754,57.0906732448853,375,-192525.549147242,-190798.610327496,"realistic_concdom",7,1000,100,4
"Eta centered path BIC",4,NA,NA,NA,1.79451167204792,0.555136877790788,97341.2992985794,96953.3002968118,TRUE,4,19,29,0.947368421052632,0.135802469135802,0.620689655172414,0.75,NA,NA,NA,NA,0.000572298009482715,79.3384915084024,1.21850970182558,61.7469211700465,190,-193370.125094152,-192495.142758814,"realistic_concdom",7,1000,100,4
"Eta centered path BIC + refit",4,NA,NA,NA,1.79451167204792,0.618151924906839,97410.3930383071,NA,FALSE,100,19,29,0.947368421052632,0.135802469135802,0.620689655172414,0.75,NA,NA,NA,NA,0.000321290124106883,7.68391068450714,0.442696859506926,58.7456251156289,119,-193998.763198415,-193450.747946283,"realistic_concdom",7,1000,100,4
"Rossi path BIC",4,107.822000996461,NA,NA,NA,0.597295182804782,97633.8428330267,96319.3202374025,TRUE,2,19,63,1,0.54320987654321,0.301587301587302,0.463414634146341,1,0.158333333333333,0.412371134020619,0.583941605839416,0.000180533535562814,1.73013223595761,0.179518320563407,57.4515851119168,100,-194576.910138155,-194116.393119556,"realistic_concdom",8,1000,100,4
"Rossi path BIC + refit",4,107.822000996461,NA,NA,NA,0.558966738800416,97751.5519688028,NA,TRUE,19,19,63,1,0.54320987654321,0.301587301587302,0.463414634146341,NA,NA,NA,NA,0.000354823604089117,1.81736685425435,0.532705615624201,58.5936236063583,255,-193741.626341465,-192567.307944038,"realistic_concdom",8,1000,100,4
"Separate 2D path/grid BIC",4,NA,81.457338535352,0,NA,0.611236925614387,97670.7776710792,96645.6302998025,TRUE,2,19,79,1,0.740740740740741,0.240506329113924,0.387755102040816,1,0.255555555555556,0.303030303030303,0.465116279069767,0.000102998816994392,1.49073303580624,0.153717758954443,57.8394601663707,135,-194409.008379496,-193787.310404388,"realistic_concdom",8,1000,100,4
"Separate 2D path/grid BIC + refit",4,NA,81.457338535352,0,NA,0.54039744332158,97784.9758895149,NA,TRUE,16,19,79,1,0.740740740740741,0.240506329113924,0.387755102040816,NA,NA,NA,NA,0.000461801731553174,2.52276196647089,0.633204649641211,58.8489210900897,319,-193366.377845034,-191897.328555704,"realistic_concdom",8,1000,100,4
"Eta centered path BIC",4,NA,NA,NA,1.65170185224657,0.538641556306736,97586.0154479284,97236.3161418084,TRUE,44,19,27,1,0.0987654320987654,0.703703703703704,0.826086956521739,NA,NA,NA,NA,0.000443096394717078,53.5669608131364,0.767030762376441,61.8563293288719,184,-193901.003924524,-193053.652610302,"realistic_concdom",8,1000,100,4
"Eta centered path BIC + refit",4,NA,NA,NA,1.65170185224657,0.600473624830642,97669.6212810999,NA,TRUE,72,19,27,1,0.0987654320987654,0.703703703703704,0.826086956521739,NA,NA,NA,NA,0.00014675939583478,1.1112079588636,0.243720986754166,58.3426939438375,111,-194572.481726233,-194061.307835588,"realistic_concdom",8,1000,100,4
"Rossi path BIC",4,133.141181090986,NA,NA,NA,0.639235466678203,97617.8798775312,96007.5386715005,TRUE,4,19,51,1,0.395061728395062,0.372549019607843,0.542857142857143,1,0.1,0.526315789473684,0.689655172413793,0.00026776600060456,1.22154012115568,0.224851354252921,57.6688898562494,79,-194690.047088023,-194326.23864333,"realistic_concdom",9,1000,100,4
"Rossi path BIC + refit",4,133.141181090986,NA,NA,NA,0.632378369895488,97742.1768739863,NA,TRUE,16,19,51,1,0.395061728395062,0.372549019607843,0.542857142857143,NA,NA,NA,NA,0.000344151010028312,2.93618249939632,0.478807180405403,58.4502956854342,207,-194054.448405223,-193101.178176724,"realistic_concdom",9,1000,100,4
"Separate 2D path/grid BIC",4,NA,133.141181090987,0,NA,0.639235466678203,97617.8798775312,96007.5386715005,TRUE,4,19,51,1,0.395061728395062,0.372549019607843,0.542857142857143,1,0.1,0.526315789473684,0.689655172413793,0.000267766000604567,1.22154012115559,0.224851354252923,57.6688898562493,79,-194690.047088023,-194326.23864333,"realistic_concdom",9,1000,100,4
"Separate 2D path/grid BIC + refit",4,NA,133.141181090987,0,NA,0.632378369895488,97742.1768739863,NA,TRUE,16,19,51,1,0.395061728395062,0.372549019607843,0.542857142857143,NA,NA,NA,NA,0.00034415101002831,2.93618249939651,0.478807180405405,58.4502956854343,207,-194054.448405223,-193101.178176724,"realistic_concdom",9,1000,100,4
"Eta centered path BIC",4,NA,NA,NA,1.92864431191305,0.583376933578394,97599.8799428124,97197.052289555,TRUE,23,19,21,0.947368421052632,0.037037037037037,0.857142857142857,0.9,NA,NA,NA,NA,0.00042179957103206,47.7002779279396,0.673306605176372,60.3204835842904,166,-194053.072509314,-193288.61425844,"realistic_concdom",9,1000,100,4
"Eta centered path BIC + refit",4,NA,NA,NA,1.92864431191305,0.6324674570949,97644.5210357307,NA,TRUE,30,19,21,0.947368421052632,0.037037037037037,0.857142857142857,0.9,NA,NA,NA,NA,0.000294360104253763,9.11272116508294,0.360033651165444,58.9601587677923,87,-194688.06736219,-194287.417556009,"realistic_concdom",9,1000,100,4
"Rossi path BIC",4,141.708134451253,NA,NA,NA,0.68323069854043,97889.52098697,96170.6815546318,TRUE,2,19,42,1,0.283950617283951,0.452380952380952,0.622950819672131,1,0.075,0.597014925373134,0.747663551401869,0.000115583843696689,3.57505951699918,0.119704421663459,59.12412076824,70,-195295.499104411,-194973.137191392,"realistic_concdom",10,1000,100,4
"Rossi path BIC + refit",4,141.708134451253,NA,NA,NA,0.668316973086446,97980.204415368,NA,TRUE,14,19,42,1,0.283950617283951,0.452380952380952,0.622950819672131,NA,NA,NA,NA,0.000183386839593941,5.16818099527873,0.3301885156059,59.6867240437924,171,-194779.18267803,-193991.698576226,"realistic_concdom",10,1000,100,4
"Separate 2D path/grid BIC",4,NA,93.4565213769427,0,NA,0.687263056137368,97924.983982118,96762.6910030635,TRUE,2,19,58,1,0.481481481481481,0.327586206896552,0.493506493506494,1,0.155555555555556,0.416666666666667,0.588235294117647,6.44482601692459e-05,3.87209440758291,0.116410721916938,59.1862809538237,99,-195166.100191617,-194710.188343204,"realistic_concdom",10,1000,100,4
"Separate 2D path/grid BIC + refit",4,NA,93.4565213769427,0,NA,0.657971535968494,98015.8466247731,NA,TRUE,31,19,58,1,0.481481481481481,0.327586206896552,0.493506493506494,NA,NA,NA,NA,0.000284753457390628,7.15359451374405,0.476735661659382,60.126440766672,235,-194408.370758985,-193326.155765278,"realistic_concdom",10,1000,100,4
"Eta centered path BIC",4,NA,NA,NA,1.30823353178697,0.600327796468352,97912.9240404802,97601.231955094,TRUE,57,19,38,1,0.234567901234568,0.5,0.666666666666667,NA,NA,NA,NA,0.000312770681423227,41.1731026096337,0.466010160256874,62.0487736224152,217,-194326.865185421,-193327.543255062,"realistic_concdom",10,1000,100,4
"Eta centered path BIC + refit",4,NA,NA,NA,1.30823353178697,0.649005541615541,97971.240419618,NA,TRUE,32,19,38,1,0.234567901234568,0.5,0.666666666666667,NA,NA,NA,NA,0.0002383622022268,14.0611381934265,0.443442677068607,60.9087020824593,155,-194871.778770994,-194157.977392166,"realistic_concdom",10,1000,100,4
"Rossi path BIC",4,86.6735988875556,NA,NA,NA,0.607066447424275,97258.8026041757,96207.2908088844,TRUE,3,19,71,1,0.641975308641975,0.267605633802817,0.422222222222222,1,0.188888888888889,0.37037037037037,0.540540540540541,0.000259682207591462,1.8596587594409,0.250268179578164,57.5627669560302,111,-193750.844372384,-193239.67048174,"realistic_concdom",11,1000,100,4
"Rossi path BIC + refit",4,86.6735988875556,NA,NA,NA,0.595186695251461,97352.4775421432,NA,TRUE,21,19,71,1,0.641975308641975,0.267605633802817,0.422222222222222,NA,NA,NA,NA,0.000354149295394372,1.53378668265576,0.490790456715442,57.5492003279049,287,-192722.429319219,-191400.74547584,"realistic_concdom",11,1000,100,4
"Separate 2D path/grid BIC",4,NA,86.6735988875571,0,NA,0.607066447424275,97258.8026041757,96207.2908088843,TRUE,3,19,71,1,0.641975308641975,0.267605633802817,0.422222222222222,1,0.188888888888889,0.37037037037037,0.540540540540541,0.000259682207591466,1.85965875944094,0.250268179578165,57.5627669560301,111,-193750.844372384,-193239.67048174,"realistic_concdom",11,1000,100,4
"Separate 2D path/grid BIC + refit",4,NA,86.6735988875571,0,NA,0.595186695251461,97352.4775421432,NA,TRUE,21,19,71,1,0.641975308641975,0.267605633802817,0.422222222222222,NA,NA,NA,NA,0.000354149295394372,1.53378668265577,0.490790456715444,57.5492003279049,287,-192722.429319219,-191400.74547584,"realistic_concdom",11,1000,100,4
"Eta centered path BIC",4,NA,NA,NA,1.76999158291933,0.543411199128184,97202.632437644,96783.007087663,TRUE,2,19,35,0.894736842105263,0.222222222222222,0.485714285714286,0.62962962962963,NA,NA,NA,NA,0.000667514372453631,108.813240876441,1.4656609986138,63.4668902974177,208,-192968.45177726,-192010.576378574,"realistic_concdom",11,1000,100,4
"Eta centered path BIC + refit",4,NA,NA,NA,1.76999158291933,0.549033487363853,97276.0588790749,NA,TRUE,20,19,35,0.894736842105263,0.222222222222222,0.485714285714286,0.62962962962963,NA,NA,NA,NA,0.000756547826052393,55.7408213632889,1.3479209993092,62.1718205167355,143,-193564.308753255,-192905.769416659,"realistic_concdom",11,1000,100,4
"Rossi path BIC",4,130.63433324614,NA,NA,NA,0.615120508107637,97643.4131070808,96054.9146629544,TRUE,2,19,45,1,0.320987654320988,0.422222222222222,0.59375,1,0.0888888888888889,0.555555555555556,0.714285714285714,0.000194201136196538,2.1826846110492,0.21534296063093,57.9168329218495,75,-194768.744568238,-194423.356804289,"realistic_concdom",12,1000,100,4
"Rossi path BIC + refit",4,130.63433324614,NA,NA,NA,0.609782243717242,97726.3182205095,NA,TRUE,20,19,45,1,0.320987654320988,0.422222222222222,0.59375,NA,NA,NA,NA,0.000205218508222923,2.97987227950635,0.360835476003888,58.0820743873275,183,-194188.517224965,-193345.771080929,"realistic_concdom",12,1000,100,4
"Separate 2D path/grid BIC",4,NA,75.1431218244079,1.37439733724763,NA,0.594343403979624,97695.2233260826,96432.464371088,TRUE,2,19,79,1,0.740740740740741,0.240506329113924,0.387755102040816,1,0.230555555555556,0.32520325203252,0.49079754601227,0.00021746093333817,5.99592955172141,0.247117158159813,55.543431109274,126,-194520.069487013,-193939.818043579,"realistic_concdom",12,1000,100,4
"Separate 2D path/grid BIC + refit",4,NA,75.1431218244079,1.37439733724763,NA,0.59748797973705,97787.282940224,NA,TRUE,15,19,79,1,0.740740740740741,0.240506329113924,0.387755102040816,NA,NA,NA,NA,0.000414035546736566,3.09797817822075,0.527327168312684,58.0322561233534,319,-193370.991946453,-191901.942657123,"realistic_concdom",12,1000,100,4
"Eta centered path BIC",4,NA,NA,NA,1.90879549390745,0.522435419362834,97623.0786393547,97030.0071344402,TRUE,28,19,55,1,0.444444444444444,0.345454545454545,0.513513513513513,NA,NA,NA,NA,0.000867365715711371,233.871638975357,2.68689825429154,66.5573974096314,268,-193394.878863942,-192160.693254097,"realistic_concdom",12,1000,100,4
"Eta centered path BIC + refit",4,NA,NA,NA,1.90879549390745,0.538088735207007,97752.015904649,NA,TRUE,14,19,55,1,0.444444444444444,0.345454545454545,0.513513513513513,NA,NA,NA,NA,0.00106913868694201,312.041507550045,4.48067699158873,67.4580911841559,223,-193963.602382085,-192936.64943061,"realistic_concdom",12,1000,100,4
"Rossi path BIC",4,159.126465845272,NA,NA,NA,0.646794115049316,97462.8194012947,95553.0908673435,TRUE,3,19,38,1,0.234567901234568,0.5,0.666666666666667,1,0.0583333333333333,0.655737704918033,0.792079207920792,0.000217980024654629,1.8918388446028,0.186228258175877,58.5492609542875,64,-194483.542464735,-194188.811572831,"realistic_concdom",13,1000,100,4
"Rossi path BIC + refit",4,159.126465845272,NA,NA,NA,0.636633765502726,97558.9505479253,NA,TRUE,24,19,38,1,0.234567901234568,0.5,0.666666666666667,NA,NA,NA,NA,0.000167791825346651,2.38928486326822,0.312520556103294,58.6047015204346,155,-194047.199027608,-193333.39764878,"realistic_concdom",13,1000,100,4
"Separate 2D path/grid BIC",4,NA,159.126465845271,0,NA,0.646794115049316,97462.8194012947,95553.0908673435,TRUE,3,19,38,1,0.234567901234568,0.5,0.666666666666667,1,0.0583333333333333,0.655737704918033,0.792079207920792,0.000217980024654625,1.89183884460282,0.186228258175874,58.5492609542875,64,-194483.542464735,-194188.811572831,"realistic_concdom",13,1000,100,4
"Separate 2D path/grid BIC + refit",4,NA,159.126465845271,0,NA,0.636633765502726,97558.9505479253,NA,TRUE,24,19,38,1,0.234567901234568,0.5,0.666666666666667,NA,NA,NA,NA,0.000167791825346653,2.38928486326821,0.312520556103295,58.6047015204346,155,-194047.199027608,-193333.39764878,"realistic_concdom",13,1000,100,4
"Eta centered path BIC",4,NA,NA,NA,1.68396985222238,0.588024828991116,97458.4997678096,97069.8463242587,TRUE,11,19,32,1,0.160493827160494,0.59375,0.745098039215686,NA,NA,NA,NA,0.000360853853881818,67.8760967160788,0.667183188977734,62.5595755656361,199,-193542.356235102,-192625.92736809,"realistic_concdom",13,1000,100,4
"Eta centered path BIC + refit",4,NA,NA,NA,1.68396985222238,0.626221177292303,97535.026735917,NA,TRUE,55,19,32,1,0.160493827160494,0.59375,0.745098039215686,NA,NA,NA,NA,0.000156104545173214,5.18186375346008,0.309273125757698,59.4193850674414,131,-194165.137530287,-193561.860235923,"realistic_concdom",13,1000,100,4
"Rossi path BIC",4,74.8791520434532,NA,NA,NA,0.646043985577891,97763.5503270366,96825.1658862193,TRUE,3,19,81,1,0.765432098765432,0.234567901234568,0.38,1,0.244444444444444,0.3125,0.476190476190476,0.00022380381814843,2.06309047943267,0.232413811773821,56.7557882570786,131,-194622.184712527,-194018.907418162,"realistic_concdom",14,1000,100,4
"Rossi path BIC + refit",4,74.8791520434532,NA,NA,NA,0.602092229121513,97889.0716614122,NA,TRUE,21,19,81,1,0.765432098765432,0.234567901234568,0.38,NA,NA,NA,NA,0.000596396737467596,3.96075203085033,0.763141342574851,57.7014134627991,327,-193519.307346597,-192013.416695779,"realistic_concdom",14,1000,100,4
"Separate 2D path/grid BIC",4,NA,74.8791520434521,0,NA,0.646043985577891,97763.5503270366,96825.1658862193,TRUE,3,19,81,1,0.765432098765432,0.234567901234568,0.38,1,0.244444444444444,0.3125,0.476190476190476,0.000223803818148431,2.06309047943254,0.232413811773822,56.7557882570787,131,-194622.184712527,-194018.907418162,"realistic_concdom",14,1000,100,4
"Separate 2D path/grid BIC + refit",4,NA,74.8791520434521,0,NA,0.602092229121513,97889.0716614122,NA,TRUE,21,19,81,1,0.765432098765432,0.234567901234568,0.38,NA,NA,NA,NA,0.000596396737467591,3.96075203085018,0.763141342574848,57.7014134627992,327,-193519.307346597,-192013.416695779,"realistic_concdom",14,1000,100,4
"Eta centered path BIC",4,NA,NA,NA,1.24246967327121,0.593993832775606,97766.7977797758,97470.1547745041,TRUE,69,19,41,1,0.271604938271605,0.463414634146341,0.633333333333333,NA,NA,NA,NA,0.000457951634028652,31.1051154837086,0.727052825653787,60.4729109579604,226,-193972.442866502,-192931.674404468,"realistic_concdom",14,1000,100,4
"Eta centered path BIC + refit",4,NA,NA,NA,1.24246967327121,0.606003037340078,97812.1857137803,NA,TRUE,23,19,41,1,0.271604938271605,0.463414634146341,0.633333333333333,NA,NA,NA,NA,0.000490183346699503,9.42349785290166,0.767316507890305,59.5623499343567,167,-194470.776295971,-193701.712874911,"realistic_concdom",14,1000,100,4
"Rossi path BIC",4,143.575609954409,NA,NA,NA,0.687860298578462,97619.7687164606,95894.4663267589,TRUE,2,19,37,1,0.222222222222222,0.513513513513513,0.678571428571428,1,0.0583333333333333,0.655737704918033,0.792079207920792,0.00014656440569813,0.930565296654972,0.139687704689675,56.9189079076291,64,-194797.441095066,-194502.710203163,"realistic_concdom",15,1000,100,4
"Rossi path BIC + refit",4,143.575609954409,NA,NA,NA,0.641632459425746,97706.0949480958,NA,TRUE,38,19,37,1,0.222222222222222,0.513513513513513,0.678571428571428,NA,NA,NA,NA,0.000255001858292062,3.21238862848802,0.336697823039932,56.0865612819383,151,-194369.118849065,-193673.738150981,"realistic_concdom",15,1000,100,4
"Separate 2D path/grid BIC",4,NA,44.6077789122541,0,NA,0.677297376183338,97734.37227301,97133.3379336355,TRUE,2,19,95,1,0.938271604938272,0.2,0.333333333333333,1,0.419444444444444,0.209424083769634,0.346320346320346,0.000101446091674867,0.76961890485363,0.202063172767179,57.604586221542,194,-194128.640021897,-193235.237005816,"realistic_concdom",15,1000,100,4
"Separate 2D path/grid BIC + refit",4,NA,44.6077789122541,0,NA,0.632420763537674,97807.179804079,NA,TRUE,68,19,95,1,0.938271604938272,0.2,0.333333333333333,NA,NA,NA,NA,0.000529919915610898,0.807419007611862,0.755934416139967,57.9319557744968,383,-192968.689336308,-191204.909155074,"realistic_concdom",15,1000,100,4
"Eta centered path BIC",4,NA,NA,NA,3.01003311898636,0.580426246069248,97436.0927487862,96713.7620595129,TRUE,23,19,34,0.842105263157895,0.222222222222222,0.470588235294118,0.60377358490566,NA,NA,NA,NA,0.000875035568655669,224.058451136714,2.74111143160275,64.6778189530417,205,-193456.095665381,-192512.035777254,"realistic_concdom",15,1000,100,4
"Eta centered path BIC + refit",4,NA,NA,NA,3.01003311898636,0.632425494636105,97641.4016460249,NA,TRUE,12,19,34,0.842105263157895,0.222222222222222,0.470588235294118,0.60377358490566,NA,NA,NA,NA,0.00116831790157454,271.062867820621,4.32064176670888,65.5676102174489,139,-194322.625308271,-193682.506652419,"realistic_concdom",15,1000,100,4
"Rossi path BIC",4,160.523835752301,NA,NA,NA,0.62981532147432,97477.2049223278,95558.2924472709,TRUE,2,19,34,1,0.185185185185185,0.558823529411765,0.716981132075472,1,0.05,0.689655172413793,0.816326530612245,0.000169255666772724,6.47922027281866,0.229691358356441,58.3824440028829,61,-194533.036772638,-194252.121391293,"realistic_concdom",16,1000,100,4
"Rossi path BIC + refit",4,160.523835752301,NA,NA,NA,0.618156687431267,97564.8155885624,NA,TRUE,10,19,34,1,0.185185185185185,0.558823529411765,0.716981132075472,NA,NA,NA,NA,0.000145563905263242,6.06486851279829,0.337190562978746,58.6821406850518,139,-194169.453193346,-193529.334537494,"realistic_concdom",16,1000,100,4
"Separate 2D path/grid BIC",4,NA,81.051339347667,0,NA,0.624392766720244,97546.3607176165,96528.3199887597,TRUE,2,19,70,1,0.62962962962963,0.271428571428571,0.426966292134831,1,0.222222222222222,0.333333333333333,0.5,7.66461088090163e-05,5.77063406427486,0.190024183835272,58.491034144751,123,-194243.067535918,-193676.631603042,"realistic_concdom",16,1000,100,4
"Separate 2D path/grid BIC + refit",4,NA,81.051339347667,0,NA,0.602172300488137,97642.6292100501,NA,TRUE,14,19,70,1,0.62962962962963,0.271428571428571,0.426966292134831,NA,NA,NA,NA,0.000306134275085278,5.64735369526897,0.553219722223147,58.852661739585,283,-193330.363676148,-192027.100513514,"realistic_concdom",16,1000,100,4
"Eta centered path BIC",4,NA,NA,NA,1.8685331645959,0.544937326610326,97410.9174211522,97050.2692125638,TRUE,33,19,21,1,0.0246913580246914,0.904761904761905,0.95,NA,NA,NA,NA,0.000476489616789707,153.599658537188,1.67480235030662,64.1341931597863,166,-193675.147465993,-192910.689215119,"realistic_concdom",16,1000,100,4
"Eta centered path BIC + refit",4,NA,NA,NA,1.8685331645959,0.621654637926267,97517.9392890505,NA,TRUE,42,19,21,1,0.0246913580246914,0.904761904761905,0.95,NA,NA,NA,NA,8.27915118015678e-05,8.01641699514789,0.225824003214848,58.7903834629297,87,-194434.90386883,-194034.254062649,"realistic_concdom",16,1000,100,4
"Rossi path BIC",4,130.238050650221,NA,NA,NA,0.659378874737271,97855.5679756091,96282.1713546434,TRUE,2,19,52,1,0.407407407407407,0.365384615384615,0.535211267605634,1,0.119444444444444,0.481927710843373,0.650406504065041,0.000185014846545421,5.58451087267809,0.194509914321317,58.8506348566376,86,-195117.068997226,-194721.024361231,"realistic_concdom",17,1000,100,4
"Rossi path BIC + refit",4,130.238050650221,NA,NA,NA,0.63111853916774,97968.5535341397,NA,TRUE,32,19,52,1,0.407407407407407,0.365384615384615,0.535211267605634,NA,NA,NA,NA,0.000229448471650123,7.84337751924848,0.434222991487365,60.1092175313035,211,-194479.570704414,-193507.879795171,"realistic_concdom",17,1000,100,4
"Separate 2D path/grid BIC",4,NA,130.238050650221,0,NA,0.659378874737271,97855.5679756091,96282.1713546434,TRUE,2,19,52,1,0.407407407407407,0.365384615384615,0.535211267605634,1,0.119444444444444,0.481927710843373,0.650406504065041,0.000185014846545419,5.58451087267776,0.194509914321311,58.8506348566376,86,-195117.068997226,-194721.024361231,"realistic_concdom",17,1000,100,4
"Separate 2D path/grid BIC + refit",4,NA,130.238050650221,0,NA,0.63111853916774,97968.5535341397,NA,TRUE,32,19,52,1,0.407407407407407,0.365384615384615,0.535211267605634,NA,NA,NA,NA,0.000229448471650123,7.84337751924852,0.434222991487365,60.1092175313035,211,-194479.570704414,-193507.879795171,"realistic_concdom",17,1000,100,4
"Eta centered path BIC",4,NA,NA,NA,1.73494270463397,0.54686538260656,97847.8685242397,97359.6999019841,TRUE,38,19,49,0.947368421052632,0.382716049382716,0.36734693877551,0.529411764705882,NA,NA,NA,NA,0.000898135694168836,243.177965735452,2.74682090034445,67.9893618942587,250,-193968.798228734,-192817.505682237,"realistic_concdom",17,1000,100,4
"Eta centered path BIC + refit",4,NA,NA,NA,1.73494270463397,0.564248745097901,97936.389356976,NA,TRUE,10,19,49,0.947368421052632,0.382716049382716,0.36734693877551,0.529411764705882,NA,NA,NA,NA,0.00102438909167514,268.41372054566,3.81439021093602,68.456873211244,199,-194498.135413435,-193581.706546423,"realistic_concdom",17,1000,100,4
"Rossi path BIC",4,138.975705950074,NA,NA,NA,0.673234401443394,97270.1247495102,95590.4928828311,TRUE,2,19,36,1,0.209876543209877,0.527777777777778,0.690909090909091,1,0.0555555555555556,0.666666666666667,0.8,0.000128563425305884,0.930136567782895,0.124329578645844,57.7807599733605,63,-194105.060916445,-193814.935194727,"realistic_concdom",18,1000,100,4
"Rossi path BIC + refit",4,138.975705950074,NA,NA,NA,0.648137941630165,97341.8763298477,NA,TRUE,20,19,36,1,0.209876543209877,0.527777777777778,0.690909090909091,NA,NA,NA,NA,0.000160108887598954,1.83737050504127,0.275292499837835,57.4706392921787,147,-193668.312633685,-192991.352616345,"realistic_concdom",18,1000,100,4
"Separate 2D path/grid BIC",4,NA,65.1404962362005,0,NA,0.674442088280558,97329.3086271378,96500.4951094895,TRUE,2,19,82,1,0.777777777777778,0.231707317073171,0.376237623762376,1,0.277777777777778,0.285714285714286,0.444444444444444,5.25682963333764e-05,1.02085093262176,0.120487878072437,57.7741929589748,143,-193670.808249381,-193012.268912785,"realistic_concdom",18,1000,100,4
"Separate 2D path/grid BIC + refit",4,NA,65.1404962362005,0,NA,0.619630049592812,97423.5182723033,NA,TRUE,26,19,82,1,0.777777777777778,0.231707317073171,0.376237623762376,NA,NA,NA,NA,0.000372724036123883,1.9810060563315,0.519876927385973,57.7454878197277,331,-192560.569547264,-191036.258215701,"realistic_concdom",18,1000,100,4
"Eta centered path BIC",4,NA,NA,NA,2.26615405465493,0.576089782240465,97197.3867614459,96695.2782621067,TRUE,4,19,27,1,0.0987654320987654,0.703703703703704,0.826086956521739,NA,NA,NA,NA,0.000489815045870938,74.9173255382424,0.989909621936765,61.8011414540772,184,-193123.746551559,-192276.395237337,"realistic_concdom",18,1000,100,4
"Eta centered path BIC + refit",4,NA,NA,NA,2.26615405465493,0.64548837351736,97301.1148554462,NA,FALSE,100,19,27,1,0.0987654320987654,0.703703703703704,0.826086956521739,NA,NA,NA,NA,0.000124668554090088,3.72054319017612,0.214445271516105,58.578424947494,111,-193835.468874925,-193324.294984281,"realistic_concdom",18,1000,100,4
"Rossi path BIC",4,157.501115080622,NA,NA,NA,0.644939774826076,97467.1997091712,95561.2401095901,TRUE,3,19,39,1,0.246913580246914,0.487179487179487,0.655172413793103,1,0.0694444444444444,0.615384615384615,0.761904761904762,0.000190204094175877,1.51315782780539,0.176550462693312,57.562296601311,68,-194464.672059372,-194151.520486724,"realistic_concdom",19,1000,100,4
"Rossi path BIC + refit",4,157.501115080622,NA,NA,NA,0.658927733036275,97570.7455857821,NA,TRUE,14,19,39,1,0.246913580246914,0.487179487179487,0.655172413793103,NA,NA,NA,NA,0.000220710059693758,2.43806603450749,0.326082244720719,57.7370181240342,159,-194043.158082206,-193310.936022634,"realistic_concdom",19,1000,100,4
"Separate 2D path/grid BIC",4,NA,109.674434320978,0,NA,0.664196059195072,97516.025529303,96148.3346346242,TRUE,2,19,66,1,0.580246913580247,0.287878787878788,0.447058823529412,1,0.172222222222222,0.392156862745098,0.563380281690141,9.32511840644344e-05,1.58060370878411,0.12978866637979,57.8142371374903,105,-194306.736754313,-193823.193884784,"realistic_concdom",19,1000,100,4
"Separate 2D path/grid BIC + refit",4,NA,109.674434320978,0,NA,0.654596839958391,97626.0881084419,NA,TRUE,12,19,66,1,0.580246913580247,0.287878787878788,0.447058823529412,NA,NA,NA,NA,0.000306781774568284,2.10137655221055,0.443929959783125,58.1736029327813,267,-193407.805557396,-192178.225117737,"realistic_concdom",19,1000,100,4
"Eta centered path BIC",4,NA,NA,NA,1.40556560247688,0.624319357934634,97520.5373001674,97158.3862338899,TRUE,95,19,46,1,0.333333333333333,0.41304347826087,0.584615384615385,NA,NA,NA,NA,0.000379258882977129,48.0486541668801,0.655206976671495,61.4864694019348,241,-193376.3055781,-192266.459563277,"realistic_concdom",19,1000,100,4
"Eta centered path BIC + refit",4,NA,NA,NA,1.40556560247688,0.636814612085422,97582.9717914349,NA,FALSE,100,19,46,1,0.333333333333333,0.41304347826087,0.584615384615385,NA,NA,NA,NA,0.000265345210633071,5.99348607288976,0.501260056951322,59.249520185092,187,-193874.1933457,-193013.02652092,"realistic_concdom",19,1000,100,4
"Rossi path BIC",4,110.663895202948,NA,NA,NA,0.644980951644274,97589.7775931327,96234.5214734281,TRUE,4,19,60,1,0.506172839506173,0.316666666666667,0.481012658227848,1,0.147222222222222,0.43010752688172,0.601503759398496,0.000169482394321302,0.547820154480213,0.167568963956971,56.8641435775296,96,-194516.410679483,-194074.314341628,"realistic_concdom",20,1000,100,4
"Rossi path BIC + refit",4,110.663895202948,NA,NA,NA,0.595456673478594,97694.4114115338,NA,TRUE,68,19,60,1,0.506172839506173,0.316666666666667,0.481012658227848,NA,NA,NA,NA,0.000370157398670671,7.8589404328665,0.633477910877446,58.951845982113,243,-193710.238290275,-192591.18193508,"realistic_concdom",20,1000,100,4
"Separate 2D path/grid BIC",4,NA,110.663895202947,0,NA,0.644980951644274,97589.7775931327,96234.5214734282,TRUE,4,19,60,1,0.506172839506173,0.316666666666667,0.481012658227848,1,0.147222222222222,0.43010752688172,0.601503759398496,0.000169482394321312,0.547820154480333,0.167568963956977,56.8641435775295,96,-194516.410679483,-194074.314341628,"realistic_concdom",20,1000,100,4
"Separate 2D path/grid BIC + refit",4,NA,110.663895202947,0,NA,0.595456673478594,97694.4114115338,NA,TRUE,68,19,60,1,0.506172839506173,0.316666666666667,0.481012658227848,NA,NA,NA,NA,0.000370157398670675,7.85894043286718,0.633477910877458,58.9518459821131,243,-193710.238290275,-192591.18193508,"realistic_concdom",20,1000,100,4
"Eta centered path BIC",4,NA,NA,NA,0.935240162582696,0.613925690508291,97649.8726136142,97422.8605313401,TRUE,5,19,59,1,0.493827160493827,0.322033898305085,0.487179487179487,NA,NA,NA,NA,0.00026253469975436,21.2755478452344,0.401777253326703,59.2332049482387,280,-193365.573749113,-192076.126097037,"realistic_concdom",20,1000,100,4
"Eta centered path BIC + refit",4,NA,NA,NA,0.935240162582696,0.603750977180853,97696.5941533639,NA,TRUE,24,19,59,1,0.493827160493827,0.322033898305085,0.487179487179487,NA,NA,NA,NA,0.000377302755427222,7.44514182690695,0.627064880109948,58.8811145124306,239,-193742.234795051,-192641.5991206,"realistic_concdom",20,1000,100,4
