"method","K_fit","beta","lambda_mu","lambda_kappa","lambda_eta","ARI","loglik","pen_loglik","converged","iter","true_union_q","selected_q","TPR","FPR","Precision","F1","entry_TPR","entry_FPR","entry_Precision","entry_F1","MSE_mu","MSE_kappa","MSE_centered_eta","kappa_hat_mean","df","BIC","EBIC","common_selection_rate","specific_selection_rate","noise_selection_rate","scenario","rep","n","d","K_true","common_q","specific_q_per_component","specific_weight","true_entry_q","mu_pairwise_cos_mean","kappa_true_min","kappa_true_max","kappa_true_ratio"
"Rossi path BIC",4,44.7318206192884,NA,NA,NA,0.573334576176924,97706.210205586,97119.2864721311,TRUE,2,22,93,1,0.91025641025641,0.236559139784946,0.382608695652174,1,0.475,0.18957345971564,0.318725099601594,0.000114969332778016,1.59727954345532,0.279256237584021,58.5593626665622,214,-193934.16078147,-192948.654361668,1,1,0.91025641025641,"specific_effect_common6_specific4",1,1000,100,4,6,4,0.35,40,0.924499229583975,30,90,3
"Rossi path BIC + refit",4,44.7318206192884,NA,NA,NA,0.499137951148523,97775.7474137321,NA,TRUE,23,22,93,1,0.91025641025641,0.236559139784946,0.382608695652174,NA,NA,NA,NA,0.000406355338724375,3.20746899643682,0.799999411998299,59.1417711417268,375,-192961.086597846,-191234.1477781,1,1,0.91025641025641,"specific_effect_common6_specific4",1,1000,100,4,6,4,0.35,40,0.924499229583975,30,90,3
"Separate 2D path/grid BIC",4,NA,59.1185020664412,1.53291628424069,NA,0.527037664675116,97665.465936688,96587.7887985981,TRUE,3,22,84,1,0.794871794871795,0.261904761904762,0.415094339622642,1,0.344444444444444,0.24390243902439,0.392156862745098,0.000141506512786035,6.14127866665886,0.253540809464774,55.1820311454491,167,-194177.336741786,-193408.273320726,1,1,0.794871794871795,"specific_effect_common6_specific4",1,1000,100,4,6,4,0.35,40,0.924499229583975,30,90,3
"Separate 2D path/grid BIC + refit",4,NA,59.1185020664412,1.53291628424069,NA,0.508724728449861,97764.5295466049,NA,TRUE,33,22,84,1,0.794871794871795,0.261904761904762,0.415094339622642,NA,NA,NA,NA,0.000397562380837953,2.7183847151686,0.770841294989455,58.9508956109058,339,-193187.330053635,-191626.177360585,1,1,0.794871794871795,"specific_effect_common6_specific4",1,1000,100,4,6,4,0.35,40,0.924499229583975,30,90,3
"Eta centered path BIC",4,NA,NA,NA,1.54834493331012,0.466105464360241,97589.3861815917,97170.0466394273,TRUE,5,22,64,1,0.538461538461538,0.34375,0.511627906976744,NA,NA,NA,NA,0.000874832828017534,130.12146931206,2.4320065497371,64.7074665807945,295,-193140.984555884,-191782.459351017,1,1,0.538461538461538,"specific_effect_common6_specific4",1,1000,100,4,6,4,0.35,40,0.924499229583975,30,90,3
"Eta centered path BIC + refit",4,NA,NA,NA,1.54834493331012,0.471908192790974,97717.1975691731,NA,TRUE,16,22,64,1,0.538461538461538,0.34375,0.511627906976744,NA,NA,NA,NA,0.00130146999709734,153.986922182224,4.17470476927065,65.6897840195291,259,-193645.28652109,-192452.547442919,1,1,0.538461538461538,"specific_effect_common6_specific4",1,1000,100,4,6,4,0.35,40,0.924499229583975,30,90,3
"Rossi path BIC",4,11.166170746197,NA,NA,NA,0.546024816511825,97705.2773998213,97531.7460163231,TRUE,2,22,100,1,1,0.22,0.360655737704918,1,0.85,0.115606936416185,0.207253886010363,0.000312552238129637,0.771036492705127,0.587808687297815,58.1666559659222,349,-192999.748207278,-191392.543812368,1,1,1,"specific_effect_common6_specific4",2,1000,100,4,6,4,0.35,40,0.924499229583975,30,90,3
"Rossi path BIC + refit",4,11.166170746197,NA,NA,NA,0.539627592424403,97712.8216267934,NA,TRUE,17,22,100,1,1,0.22,0.360655737704918,NA,NA,NA,NA,0.000449417026389682,0.382914469563599,0.785763919183961,57.8436966372985,403,-192641.817876157,-190785.934291204,1,1,1,"specific_effect_common6_specific4",2,1000,100,4,6,4,0.35,40,0.924499229583975,30,90,3
"Separate 2D path/grid BIC",4,NA,28.5744708926981,3.13927332766197,NA,0.523160492781699,97628.7077227545,96583.5939991531,TRUE,2,22,99,1,0.987179487179487,0.222222222222222,0.363636363636364,1,0.544444444444444,0.169491525423729,0.289855072463768,0.000206722726537004,30.076719115677,0.309101981489565,52.066565342896,239,-193606.461933832,-192505.826259381,1,1,0.987179487179487,"specific_effect_common6_specific4",2,1000,100,4,6,4,0.35,40,0.924499229583975,30,90,3
"Separate 2D path/grid BIC + refit",4,NA,28.5744708926981,3.13927332766197,NA,0.540166796346751,97711.7045059231,NA,TRUE,28,22,99,1,0.987179487179487,0.222222222222222,0.363636363636364,NA,NA,NA,NA,0.000489157089550122,0.956328489904721,0.774854580724327,57.510971981518,399,-192667.214655532,-190829.751751323,1,1,0.987179487179487,"specific_effect_common6_specific4",2,1000,100,4,6,4,0.35,40,0.924499229583975,30,90,3
"Eta centered path BIC",4,NA,NA,NA,1.52262203074157,0.502739054923255,97492.0081437531,97226.4104210326,TRUE,57,22,29,0.954545454545455,0.102564102564103,0.724137931034483,0.823529411764706,NA,NA,NA,NA,0.000283756631907266,16.9368865507287,0.490571801823362,59.2381051358043,190,-193671.5427845,-192796.560449162,1,0.9375,0.102564102564103,"specific_effect_common6_specific4",2,1000,100,4,6,4,0.35,40,0.924499229583975,30,90,3
"Eta centered path BIC + refit",4,NA,NA,NA,1.52262203074157,0.556120344223845,97570.1378516767,NA,TRUE,60,22,29,0.954545454545455,0.102564102564103,0.724137931034483,0.823529411764706,NA,NA,NA,NA,0.000190700152995454,0.345985991162612,0.307671359491947,57.4335787096392,119,-194318.252825154,-193770.237573022,1,0.9375,0.102564102564103,"specific_effect_common6_specific4",2,1000,100,4,6,4,0.35,40,0.924499229583975,30,90,3
"Rossi path BIC",4,25.5059621219517,NA,NA,NA,0.506423544427506,97818.0747721238,97452.4303105236,TRUE,2,22,100,1,1,0.22,0.360655737704918,1,0.722222222222222,0.133333333333333,0.235294117647059,0.000217086906191918,4.31062747562267,0.485646317294783,59.1233543370083,303,-193543.099694716,-192147.733128362,1,1,1,"specific_effect_common6_specific4",3,1000,100,4,6,4,0.35,40,0.924499229583975,30,90,3
"Rossi path BIC + refit",4,25.5059621219517,NA,NA,NA,0.483157508719622,97852.3973134842,NA,TRUE,43,22,100,1,1,0.22,0.360655737704918,NA,NA,NA,NA,0.000506568723254315,10.0723606544096,1.10126367940129,59.9234161210779,403,-192920.969249539,-191065.085664585,1,1,1,"specific_effect_common6_specific4",3,1000,100,4,6,4,0.35,40,0.924499229583975,30,90,3
"Separate 2D path/grid BIC",4,NA,40.0079509048396,1.40846918039301,NA,0.520178217348589,97775.1689454582,96932.8718218882,TRUE,2,22,95,1,0.935897435897436,0.231578947368421,0.376068376068376,1,0.488888888888889,0.185185185185185,0.3125,0.000153294401525051,5.76423981804783,0.315853083140278,55.5376125661193,219,-194037.539484819,-193029.007214088,1,1,0.935897435897436,"specific_effect_common6_specific4",3,1000,100,4,6,4,0.35,40,0.924499229583975,30,90,3
"Separate 2D path/grid BIC + refit",4,NA,40.0079509048396,1.40846918039301,NA,0.475883794761783,97848.6355828874,NA,TRUE,41,22,95,1,0.935897435897436,0.231578947368421,0.376068376068376,NA,NA,NA,NA,0.000503090628570839,2.17101388584538,0.909900239416844,58.0645735492873,383,-193051.600893925,-191287.820712691,1,1,0.935897435897436,"specific_effect_common6_specific4",3,1000,100,4,6,4,0.35,40,0.924499229583975,30,90,3
"Eta centered path BIC",4,NA,NA,NA,1.17183249985904,0.483521260468496,97704.6759441074,97464.3667215468,TRUE,13,22,48,1,0.333333333333333,0.458333333333333,0.628571428571429,NA,NA,NA,NA,0.000369390705826014,58.4326153964689,0.954124322373819,61.74802435389,247,-193703.136334306,-192565.659298367,1,1,0.333333333333333,"specific_effect_common6_specific4",3,1000,100,4,6,4,0.35,40,0.924499229583975,30,90,3
"Eta centered path BIC + refit",4,NA,NA,NA,1.17183249985904,0.475206162702294,97761.6041046901,NA,TRUE,17,22,48,1,0.333333333333333,0.458333333333333,0.628571428571429,NA,NA,NA,NA,0.00048017616877444,56.7675274413646,1.41351893457354,62.2791058143413,195,-194176.195929979,-193278.187743711,1,1,0.333333333333333,"specific_effect_common6_specific4",3,1000,100,4,6,4,0.35,40,0.924499229583975,30,90,3
"Rossi path BIC",4,21.3555652568938,NA,NA,NA,0.452858584468705,97777.7588556108,97461.6568465727,TRUE,2,22,100,1,1,0.22,0.360655737704918,1,0.744444444444444,0.12987012987013,0.229885057471264,0.000232824141952158,2.6033691000829,0.45254974441656,58.4237232633332,311,-193407.205819458,-191974.997891616,1,1,1,"specific_effect_common6_specific4",4,1000,100,4,6,4,0.35,40,0.924499229583975,30,90,3
"Rossi path BIC + refit",4,21.3555652568938,NA,NA,NA,0.415060651032511,97806.7797537691,NA,TRUE,38,22,100,1,1,0.22,0.360655737704918,NA,NA,NA,NA,0.000626359433340704,1.60818165633753,0.887451832450237,57.5173533859219,403,-192829.734130108,-190973.850545155,1,1,1,"specific_effect_common6_specific4",4,1000,100,4,6,4,0.35,40,0.924499229583975,30,90,3
"Separate 2D path/grid BIC",4,NA,78.2429080460391,1.97398783426028,NA,0.483509677433613,97637.0849191254,96277.4495561658,TRUE,2,22,76,1,0.692307692307692,0.289473684210526,0.448979591836735,1,0.238888888888889,0.317460317460317,0.481927710843373,8.00741559408025e-05,16.0819023890198,0.182221019209881,53.6771198350599,129,-194383.069407262,-193789.00245327,1,1,0.692307692307692,"specific_effect_common6_specific4",4,1000,100,4,6,4,0.35,40,0.924499229583975,30,90,3
"Separate 2D path/grid BIC + refit",4,NA,78.2429080460391,1.97398783426028,NA,0.426679857993121,97771.4230126229,NA,TRUE,21,22,76,1,0.692307692307692,0.289473684210526,0.448979591836735,NA,NA,NA,NA,0.000504761025452652,2.27905425259929,0.725385910062286,57.2219114356231,307,-193422.165154598,-192008.3779075,1,1,0.692307692307692,"specific_effect_common6_specific4",4,1000,100,4,6,4,0.35,40,0.924499229583975,30,90,3
"Eta centered path BIC",4,NA,NA,NA,1.06145624938499,0.453853132683153,97637.0781696959,97422.2524366588,TRUE,50,22,53,1,0.397435897435897,0.415094339622642,0.586666666666667,NA,NA,NA,NA,0.000430913709149408,84.4474992980772,1.32023945099258,63.0215352368819,262,-193464.324456298,-192257.76986757,1,1,0.397435897435897,"specific_effect_common6_specific4",4,1000,100,4,6,4,0.35,40,0.924499229583975,30,90,3
"Eta centered path BIC + refit",4,NA,NA,NA,1.06145624938499,0.443930948984046,97720.4634238089,NA,FALSE,100,22,53,1,0.397435897435897,0.415094339622642,0.586666666666667,NA,NA,NA,NA,0.000284886702236791,3.12361043812509,0.565101892872235,58.3503069914217,215,-193955.759462637,-192965.647872649,1,1,0.397435897435897,"specific_effect_common6_specific4",4,1000,100,4,6,4,0.35,40,0.924499229583975,30,90,3
"Rossi path BIC",4,20.5174074305509,NA,NA,NA,0.55665059239118,97949.0467775718,97637.959004471,TRUE,2,22,100,1,1,0.22,0.360655737704918,1,0.755555555555556,0.128205128205128,0.227272727272727,0.000248220035829661,4.61962449084445,0.502387229791962,59.2922515353591,315,-193722.150642264,-192271.522033678,1,1,1,"specific_effect_common6_specific4",5,1000,100,4,6,4,0.35,40,0.924499229583975,30,90,3
"Rossi path BIC + refit",4,20.5174074305509,NA,NA,NA,0.530311923513096,97971.0751147527,NA,TRUE,31,22,100,1,1,0.22,0.360655737704918,NA,NA,NA,NA,0.00048633366506345,3.52243177035246,0.893354171893213,58.6157213562976,403,-193158.324852076,-191302.441267122,1,1,1,"specific_effect_common6_specific4",5,1000,100,4,6,4,0.35,40,0.924499229583975,30,90,3
"Separate 2D path/grid BIC",4,NA,33.5466145742596,0,NA,0.590350484844111,97918.8582305805,97448.9664582929,TRUE,2,22,98,1,0.974358974358974,0.224489795918367,0.366666666666667,1,0.638888888888889,0.148148148148148,0.258064516129032,0.000152278591475417,4.87241997361915,0.32752153411962,59.3476529801199,273,-193951.899269999,-192694.687809224,1,1,0.974358974358974,"specific_effect_common6_specific4",5,1000,100,4,6,4,0.35,40,0.924499229583975,30,90,3
"Separate 2D path/grid BIC + refit",4,NA,33.5466145742596,0,NA,0.543245382656076,97966.0403533292,NA,TRUE,35,22,98,1,0.974358974358974,0.224489795918367,0.366666666666667,NA,NA,NA,NA,0.00042912038177202,3.39067017553904,0.794343228548821,58.727392418288,395,-193203.51737146,-191384.475147995,1,1,0.974358974358974,"specific_effect_common6_specific4",5,1000,100,4,6,4,0.35,40,0.924499229583975,30,90,3
"Eta centered path BIC",4,NA,NA,NA,1.40965382019417,0.548309595860919,97764.6872467599,97512.2907819091,TRUE,27,22,29,1,0.0897435897435897,0.758620689655172,0.862745098039216,NA,NA,NA,NA,0.000268025651572836,17.3194576109483,0.433427481172808,58.7626168304988,190,-194216.900990513,-193341.918655175,1,1,0.0897435897435897,"specific_effect_common6_specific4",5,1000,100,4,6,4,0.35,40,0.924499229583975,30,90,3
"Eta centered path BIC + refit",4,NA,NA,NA,1.40965382019417,0.599881659721087,97813.9691807488,NA,TRUE,53,22,29,1,0.0897435897435897,0.758620689655172,0.862745098039216,NA,NA,NA,NA,0.000141312714191011,1.41467675658442,0.248577826856784,57.5295476712844,119,-194805.915483299,-194257.900231166,1,1,0.0897435897435897,"specific_effect_common6_specific4",5,1000,100,4,6,4,0.35,40,0.924499229583975,30,90,3
"Rossi path BIC",4,14.5178981413943,NA,NA,NA,0.526819108317741,97737.7230809956,97516.0887735294,TRUE,2,22,100,1,1,0.22,0.360655737704918,1,0.794444444444444,0.122699386503067,0.218579234972678,0.000302756899647267,3.93574249145648,0.617160828484629,58.4762984384184,329,-193202.794675206,-191687.693684016,1,1,1,"specific_effect_common6_specific4",6,1000,100,4,6,4,0.35,40,0.924499229583975,30,90,3
"Rossi path BIC + refit",4,14.5178981413943,NA,NA,NA,0.471986992920128,97749.8470993234,NA,TRUE,22,22,100,1,1,0.22,0.360655737704918,NA,NA,NA,NA,0.000484282956731603,6.53845484921079,0.975278600126012,58.5008937521132,403,-192715.868821217,-190859.985236264,1,1,1,"specific_effect_common6_specific4",6,1000,100,4,6,4,0.35,40,0.924499229583975,30,90,3
"Separate 2D path/grid BIC",4,NA,30.7585759822919,3.25606276915678,NA,0.461461720368472,97657.1120586542,96571.1272509393,TRUE,2,22,98,1,0.974358974358974,0.224489795918367,0.366666666666667,1,0.552777777777778,0.167364016736402,0.28673835125448,0.000198306518127557,41.5430907258292,0.321658864433633,51.2097703749667,242,-193642.547339795,-192528.096154786,1,1,0.974358974358974,"specific_effect_common6_specific4",6,1000,100,4,6,4,0.35,40,0.924499229583975,30,90,3
"Separate 2D path/grid BIC + refit",4,NA,30.7585759822919,3.25606276915678,NA,0.474249688670922,97748.6161501851,NA,TRUE,65,22,98,1,0.974358974358974,0.224489795918367,0.366666666666667,NA,NA,NA,NA,0.00049996205343949,3.84409835958878,0.92047620983834,57.8859291794003,395,-192768.668965172,-190949.626741707,1,1,0.974358974358974,"specific_effect_common6_specific4",6,1000,100,4,6,4,0.35,40,0.924499229583975,30,90,3
"Eta centered path BIC",4,NA,NA,NA,1.35734915437136,0.492651626397386,97570.071708994,97325.1405380155,TRUE,37,22,29,0.954545454545455,0.102564102564103,0.724137931034483,0.823529411764706,NA,NA,NA,NA,0.000263059029194694,14.9731372303909,0.414738252351156,58.3361236744546,190,-193827.669914981,-192952.687579644,1,0.9375,0.102564102564103,"specific_effect_common6_specific4",6,1000,100,4,6,4,0.35,40,0.924499229583975,30,90,3
"Eta centered path BIC + refit",4,NA,NA,NA,1.35734915437136,0.530657922301608,97620.2922907089,NA,TRUE,38,22,29,0.954545454545455,0.102564102564103,0.724137931034483,0.823529411764706,NA,NA,NA,NA,0.000233373655302531,2.24025573968382,0.384512051648658,57.5700732041849,119,-194418.561703219,-193870.546451086,1,0.9375,0.102564102564103,"specific_effect_common6_specific4",6,1000,100,4,6,4,0.35,40,0.924499229583975,30,90,3
"Rossi path BIC",4,18.0478184229117,NA,NA,NA,0.489691319468959,98067.9437310263,97795.5590169608,TRUE,2,22,100,1,1,0.22,0.360655737704918,1,0.797222222222222,0.122324159021407,0.217983651226158,0.000254319404788562,15.845046252595,0.596099749844958,60.7483444052214,330,-193856.328219989,-192336.622058613,1,1,1,"specific_effect_common6_specific4",7,1000,100,4,6,4,0.35,40,0.924499229583975,30,90,3
"Rossi path BIC + refit",4,18.0478184229117,NA,NA,NA,0.477478961570434,98084.8768911296,NA,TRUE,69,22,100,1,1,0.22,0.360655737704918,NA,NA,NA,NA,0.000480237908141864,25.8011674711799,1.11548522530001,61.3985241195388,403,-193385.928404829,-191530.044819876,1,1,1,"specific_effect_common6_specific4",7,1000,100,4,6,4,0.35,40,0.924499229583975,30,90,3
"Separate 2D path/grid BIC",4,NA,28.8413424706332,2.9705091502961,NA,0.507472915409061,97997.8814806978,96972.4109845474,TRUE,2,22,97,1,0.961538461538462,0.22680412371134,0.369747899159664,1,0.561111111111111,0.165289256198347,0.283687943262411,0.00020935943047009,22.0055447028624,0.344628698100932,52.982345471595,245,-194303.362918045,-193175.096222478,1,1,0.961538461538462,"specific_effect_common6_specific4",7,1000,100,4,6,4,0.35,40,0.924499229583975,30,90,3
"Separate 2D path/grid BIC + refit",4,NA,28.8413424706332,2.9705091502961,NA,0.482488136886497,98078.2785353478,NA,FALSE,100,22,97,1,0.961538461538462,0.22680412371134,0.369747899159664,NA,NA,NA,NA,0.000397890992249385,13.8281709459953,0.868460156966142,60.5646908409857,391,-193455.624756613,-191655.003213892,1,1,0.961538461538462,"specific_effect_common6_specific4",7,1000,100,4,6,4,0.35,40,0.924499229583975,30,90,3
"Eta centered path BIC",4,NA,NA,NA,1.47023610100935,0.497617859046268,97873.6376021438,97621.310289361,TRUE,17,22,25,1,0.0384615384615385,0.88,0.936170212765957,NA,NA,NA,NA,0.000281828084683781,35.3938024280235,0.519843004131121,61.046390031023,178,-194517.694764629,-193697.974471523,1,1,0.0384615384615385,"specific_effect_common6_specific4",7,1000,100,4,6,4,0.35,40,0.924499229583975,30,90,3
"Eta centered path BIC + refit",4,NA,NA,NA,1.47023610100935,0.531865357762522,97920.4542539849,NA,TRUE,31,22,25,1,0.0384615384615385,0.88,0.936170212765957,NA,NA,NA,NA,9.81861393380233e-05,8.27058641550872,0.226485051834295,59.7842095771307,103,-195129.409714235,-194655.077185078,1,1,0.0384615384615385,"specific_effect_common6_specific4",7,1000,100,4,6,4,0.35,40,0.924499229583975,30,90,3
"Rossi path BIC",4,7.0882363784942,NA,NA,NA,0.475861570259013,97463.0442455932,97343.7050112326,TRUE,2,22,100,1,1,0.22,0.360655737704918,1,0.902777777777778,0.10958904109589,0.197530864197531,0.00070987732482285,145.957873145052,2.63660496598392,65.3233720799153,368,-192384.034548521,-190689.331920077,1,1,1,"specific_effect_common6_specific4",8,1000,100,4,6,4,0.35,40,0.924499229583975,30,90,3
"Rossi path BIC + refit",4,7.0882363784942,NA,NA,NA,0.477773984079336,97465.2176588221,NA,TRUE,6,22,100,1,1,0.22,0.360655737704918,NA,NA,NA,NA,0.000789442871308208,151.645170898621,2.90266982029615,65.4213667462579,403,-192146.609940214,-190290.726355261,1,1,1,"specific_effect_common6_specific4",8,1000,100,4,6,4,0.35,40,0.924499229583975,30,90,3
"Separate 2D path/grid BIC",4,NA,142.466243440599,1.72075921560543,NA,0.549343271141016,97222.3207555329,95213.2907101674,TRUE,2,22,45,1,0.294871794871795,0.488888888888889,0.656716417910448,1,0.075,0.597014925373134,0.747663551401869,0.000106195308160216,8.65384675144009,0.207937623009531,55.0996566536722,70,-193961.098641537,-193638.736728518,1,1,0.294871794871795,"specific_effect_common6_specific4",8,1000,100,4,6,4,0.35,40,0.924499229583975,30,90,3
"Separate 2D path/grid BIC + refit",4,NA,142.466243440599,1.72075921560543,NA,0.517782771108125,97359.6222348936,NA,TRUE,28,22,45,1,0.294871794871795,0.488888888888889,0.656716417910448,NA,NA,NA,NA,0.000204920836030592,7.70953025244326,0.485540272622643,59.9026988763851,183,-193455.125253734,-192612.379109698,1,1,0.294871794871795,"specific_effect_common6_specific4",8,1000,100,4,6,4,0.35,40,0.924499229583975,30,90,3
"Eta centered path BIC",4,NA,NA,NA,1.63815673747382,0.493108066771558,97252.0271203048,96928.061028582,TRUE,8,22,35,1,0.166666666666667,0.628571428571429,0.771929824561403,NA,NA,NA,NA,0.000361948213408784,63.2291114903474,0.877021496574526,62.3023654540404,208,-193067.241142581,-192109.365743896,1,1,0.166666666666667,"specific_effect_common6_specific4",8,1000,100,4,6,4,0.35,40,0.924499229583975,30,90,3
"Eta centered path BIC + refit",4,NA,NA,NA,1.63815673747382,0.48182623492294,97332.3484715117,NA,TRUE,12,22,35,1,0.166666666666667,0.628571428571429,0.771929824561403,NA,NA,NA,NA,0.000409041540102159,51.9216750401954,1.16881352256542,62.5442133615414,143,-193676.887938129,-193018.348601533,1,1,0.166666666666667,"specific_effect_common6_specific4",8,1000,100,4,6,4,0.35,40,0.924499229583975,30,90,3
"Rossi path BIC",4,13.4836427536506,NA,NA,NA,0.49909729996219,97459.5684849572,97239.8069199677,TRUE,2,22,100,1,1,0.22,0.360655737704918,1,0.861111111111111,0.114285714285714,0.205128205128205,0.000566301780155012,31.4344793945346,1.37901689832491,59.7240450861096,353,-192480.699356434,-190855.07428078,1,1,1,"specific_effect_common6_specific4",9,1000,100,4,6,4,0.35,40,0.924499229583975,30,90,3
"Rossi path BIC + refit",4,13.4836427536506,NA,NA,NA,0.489371048230398,97468.7563516601,NA,TRUE,11,22,100,1,1,0.22,0.360655737704918,NA,NA,NA,NA,0.000757194625700815,37.3836902501591,1.80273950139036,59.9297018527961,403,-192153.68732589,-190297.803740937,1,1,1,"specific_effect_common6_specific4",9,1000,100,4,6,4,0.35,40,0.924499229583975,30,90,3
"Separate 2D path/grid BIC",4,NA,38.8873548924736,0,NA,0.548192793443756,97394.6359603469,96868.5505802184,TRUE,3,22,97,1,0.961538461538462,0.22680412371134,0.369747899159664,1,0.541666666666667,0.170212765957447,0.290909090909091,0.000130260109564789,3.3915742420678,0.290046090699108,56.9181972985551,238,-193145.226164296,-192049.195660031,1,1,0.961538461538462,"specific_effect_common6_specific4",9,1000,100,4,6,4,0.35,40,0.924499229583975,30,90,3
"Separate 2D path/grid BIC + refit",4,NA,38.8873548924736,0,NA,0.476104442492664,97457.8187792201,NA,TRUE,33,22,97,1,0.961538461538462,0.22680412371134,0.369747899159664,NA,NA,NA,NA,0.000500411933881879,6.70577415464345,0.934444201848406,56.8187173863465,391,-192214.705244358,-190414.083701637,1,1,0.961538461538462,"specific_effect_common6_specific4",9,1000,100,4,6,4,0.35,40,0.924499229583975,30,90,3
"Eta centered path BIC",4,NA,NA,NA,1.47888220403009,0.487013846238958,97260.2861770354,96993.4271092402,TRUE,53,22,32,1,0.128205128205128,0.6875,0.814814814814815,NA,NA,NA,NA,0.000372759173089278,34.3608129650361,0.742865415408802,58.5882818343668,199,-193145.929053553,-192229.500186542,1,1,0.128205128205128,"specific_effect_common6_specific4",9,1000,100,4,6,4,0.35,40,0.924499229583975,30,90,3
"Eta centered path BIC + refit",4,NA,NA,NA,1.47888220403009,0.528782148776072,97314.1936055413,NA,TRUE,35,22,32,1,0.128205128205128,0.6875,0.814814814814815,NA,NA,NA,NA,0.000277245013726593,11.1212429737044,0.60813458047214,57.8231760892126,131,-193723.471269536,-193120.193975171,1,1,0.128205128205128,"specific_effect_common6_specific4",9,1000,100,4,6,4,0.35,40,0.924499229583975,30,90,3
"Rossi path BIC",4,27.3689880955462,NA,NA,NA,0.529890190845101,97292.3143790619,96907.4147341117,TRUE,2,22,100,1,1,0.22,0.360655737704918,1,0.658333333333333,0.144404332129964,0.252365930599369,0.000155542514743453,6.31900538569525,0.383501250644864,58.7573194764095,280,-192650.457280009,-191361.009627932,1,1,1,"specific_effect_common6_specific4",10,1000,100,4,6,4,0.35,40,0.924499229583975,30,90,3
"Rossi path BIC + refit",4,27.3689880955462,NA,NA,NA,0.463366048046964,97325.9331162952,NA,TRUE,20,22,100,1,1,0.22,0.360655737704918,NA,NA,NA,NA,0.000401972450256362,5.1700512034825,0.750164153156318,58.5608073183155,403,-191868.040855161,-190012.157270207,1,1,1,"specific_effect_common6_specific4",10,1000,100,4,6,4,0.35,40,0.924499229583975,30,90,3
"Separate 2D path/grid BIC",4,NA,53.2090306225709,0,NA,0.553677623147853,97240.7711129099,96564.0819299102,TRUE,2,22,90,1,0.871794871794872,0.244444444444444,0.392857142857143,1,0.372222222222222,0.229885057471264,0.373831775700935,7.234330811855e-05,5.64132235869122,0.238809705133151,58.5211780266134,177,-193258.86954144,-192443.75441852,1,1,0.871794871794872,"specific_effect_common6_specific4",10,1000,100,4,6,4,0.35,40,0.924499229583975,30,90,3
"Separate 2D path/grid BIC + refit",4,NA,53.2090306225709,0,NA,0.486298587720768,97320.8517534605,NA,TRUE,16,22,90,1,0.871794871794872,0.244444444444444,0.392857142857143,NA,NA,NA,NA,0.000373147931890456,6.1245831467392,0.718426031619697,58.6941322804353,363,-192134.18834065,-190462.511563137,1,1,0.871794871794872,"specific_effect_common6_specific4",10,1000,100,4,6,4,0.35,40,0.924499229583975,30,90,3
"Eta centered path BIC",4,NA,NA,NA,1.54323465704379,0.456245440384851,97113.1617991314,96847.8149552203,TRUE,33,22,27,1,0.0641025641025641,0.814814814814815,0.897959183673469,NA,NA,NA,NA,0.000220056427185638,29.5701874537476,0.48658445918805,59.7143160249631,184,-192955.29662693,-192107.945312708,1,1,0.0641025641025641,"specific_effect_common6_specific4",10,1000,100,4,6,4,0.35,40,0.924499229583975,30,90,3
"Eta centered path BIC + refit",4,NA,NA,NA,1.54323465704379,0.557203466232105,97186.6637759119,NA,TRUE,39,22,27,1,0.0641025641025641,0.814814814814815,0.897959183673469,NA,NA,NA,NA,0.00010378211120933,5.58764685050263,0.279734815225148,58.213891777491,111,-193606.566715857,-193095.392825212,1,1,0.0641025641025641,"specific_effect_common6_specific4",10,1000,100,4,6,4,0.35,40,0.924499229583975,30,90,3
"Rossi path BIC",4,28.4717285447336,NA,NA,NA,0.545294629311107,97536.8898388122,97140.3698922862,TRUE,2,22,100,1,1,0.22,0.360655737704918,1,0.608333333333333,0.154440154440154,0.267558528428094,0.000168403375245946,4.75182634040783,0.375846522947451,59.3011492365371,262,-193263.947794531,-192057.393205802,1,1,1,"specific_effect_common6_specific4",11,1000,100,4,6,4,0.35,40,0.924499229583975,30,90,3
"Rossi path BIC + refit",4,28.4717285447336,NA,NA,NA,0.517717549029024,97568.437595542,NA,TRUE,47,22,100,1,1,0.22,0.360655737704918,NA,NA,NA,NA,0.000386282492667653,1.8267596980349,0.688253979715296,58.4353010819993,403,-192353.049813654,-190497.166228701,1,1,1,"specific_effect_common6_specific4",11,1000,100,4,6,4,0.35,40,0.924499229583975,30,90,3
"Separate 2D path/grid BIC",4,NA,34.3763141851575,0,NA,0.552671524693735,97527.436848232,97059.0850415391,TRUE,2,22,100,1,1,0.22,0.360655737704918,1,0.555555555555556,0.166666666666667,0.285714285714286,0.00015101510275371,4.43667556981159,0.339376726715342,59.2032593638174,243,-193376.289163671,-192257.232808476,1,1,1,"specific_effect_common6_specific4",11,1000,100,4,6,4,0.35,40,0.924499229583975,30,90,3
"Separate 2D path/grid BIC + refit",4,NA,34.3763141851575,0,NA,0.520661403136821,97568.4618364869,NA,TRUE,45,22,100,1,1,0.22,0.360655737704918,NA,NA,NA,NA,0.000385516358341125,1.82377250941961,0.685730292281686,58.4180161508183,403,-192353.098295544,-190497.214710591,1,1,1,"specific_effect_common6_specific4",11,1000,100,4,6,4,0.35,40,0.924499229583975,30,90,3
"Eta centered path BIC",4,NA,NA,NA,1.97430716328104,0.406656008115441,97283.1705746789,96910.5164100437,TRUE,5,22,35,0.863636363636364,0.205128205128205,0.542857142857143,0.666666666666667,NA,NA,NA,NA,0.000703377595623616,302.50710224146,3.2372240012036,68.3649808087662,208,-193129.52805133,-192171.652652644,1,0.8125,0.205128205128205,"specific_effect_common6_specific4",11,1000,100,4,6,4,0.35,40,0.924499229583975,30,90,3
"Eta centered path BIC + refit",4,NA,NA,NA,1.97430716328104,0.469946725881854,97372.8338711621,NA,TRUE,22,22,35,0.863636363636364,0.205128205128205,0.542857142857143,0.666666666666667,NA,NA,NA,NA,0.000760697857070414,366.674542149189,4.65050212366027,68.0192523531185,143,-193757.85873743,-193099.319400833,1,0.8125,0.205128205128205,"specific_effect_common6_specific4",11,1000,100,4,6,4,0.35,40,0.924499229583975,30,90,3
"Rossi path BIC",4,35.0513767343562,NA,NA,NA,0.534005375588486,98152.5251514072,97668.7764403069,TRUE,2,22,98,1,0.974358974358974,0.224489795918367,0.366666666666667,1,0.580555555555556,0.160642570281124,0.27681660899654,0.000159747611552514,8.4069333224902,0.393190660488175,60.1713736977144,252,-194564.295972511,-193403.793085642,1,1,0.974358974358974,"specific_effect_common6_specific4",12,1000,100,4,6,4,0.35,40,0.924499229583975,30,90,3
"Rossi path BIC + refit",4,35.0513767343562,NA,NA,NA,0.486088597887743,98205.1371287949,NA,TRUE,36,22,98,1,0.974358974358974,0.224489795918367,0.366666666666667,NA,NA,NA,NA,0.000428711221468242,13.1309025724047,0.951650779636737,61.1093284837952,395,-193681.710922392,-191862.668698927,1,1,0.974358974358974,"specific_effect_common6_specific4",12,1000,100,4,6,4,0.35,40,0.924499229583975,30,90,3
"Separate 2D path/grid BIC",4,NA,35.2611599507783,0,NA,0.534077375660771,98151.9301525742,97665.8943400166,TRUE,2,22,98,1,0.974358974358974,0.224489795918367,0.366666666666667,1,0.572222222222222,0.16260162601626,0.27972027972028,0.000158737264138619,8.30246129423548,0.391009894591609,60.1453513551264,249,-194583.829240682,-193437.141864371,1,1,0.974358974358974,"specific_effect_common6_specific4",12,1000,100,4,6,4,0.35,40,0.924499229583975,30,90,3
"Separate 2D path/grid BIC + refit",4,NA,35.2611599507783,0,NA,0.486088597887743,98205.1405686303,NA,TRUE,37,22,98,1,0.974358974358974,0.224489795918367,0.366666666666667,NA,NA,NA,NA,0.000428922540351766,13.1517995849419,0.952153385304132,61.1120246560613,395,-193681.717802063,-191862.675578597,1,1,0.974358974358974,"specific_effect_common6_specific4",12,1000,100,4,6,4,0.35,40,0.924499229583975,30,90,3
"Eta centered path BIC",4,NA,NA,NA,2.21517024104502,0.476320925121907,97904.262132053,97557.5464170456,TRUE,32,22,19,0.818181818181818,0.0128205128205128,0.947368421052632,0.878048780487805,NA,NA,NA,NA,0.000379773788549104,58.3921124876051,0.843678493947027,62.0963598268636,160,-194703.283419469,-193966.456189711,1,0.75,0.0128205128205128,"specific_effect_common6_specific4",12,1000,100,4,6,4,0.35,40,0.924499229583975,30,90,3
"Eta centered path BIC + refit",4,NA,NA,NA,2.21517024104502,0.495668446748478,97969.2344896563,NA,TRUE,51,22,19,0.818181818181818,0.0128205128205128,0.947368421052632,0.878048780487805,NA,NA,NA,NA,0.000327287095544366,9.15108302945352,0.382932175542034,60.142944394296,79,-195392.756312273,-195028.94786758,1,0.75,0.0128205128205128,"specific_effect_common6_specific4",12,1000,100,4,6,4,0.35,40,0.924499229583975,30,90,3
"Rossi path BIC",4,21.9109671049027,NA,NA,NA,0.444906786581059,97291.294256589,96964.2762143746,TRUE,2,22,99,1,0.987179487179487,0.222222222222222,0.363636363636364,1,0.686111111111111,0.139372822299652,0.244648318042813,0.000449554321987645,31.7418582860379,1.10494298331761,61.7998896944154,290,-192579.339482273,-191243.840128337,1,1,0.987179487179487,"specific_effect_common6_specific4",13,1000,100,4,6,4,0.35,40,0.924499229583975,30,90,3
"Rossi path BIC + refit",4,21.9109671049027,NA,NA,NA,0.432688573670567,97316.381307573,NA,TRUE,37,22,99,1,0.987179487179487,0.222222222222222,0.363636363636364,NA,NA,NA,NA,0.000894399299112755,52.2554374628244,2.27577500599739,62.8752475039056,399,-191876.568258832,-190039.105354623,1,1,0.987179487179487,"specific_effect_common6_specific4",13,1000,100,4,6,4,0.35,40,0.924499229583975,30,90,3
"Separate 2D path/grid BIC",4,NA,24.1329500959434,0,NA,0.465340146882476,97295.8707551081,96945.0089789818,TRUE,4,22,98,1,0.974358974358974,0.224489795918367,0.366666666666667,1,0.672222222222222,0.141843971631206,0.248447204968944,0.000285616391960274,11.8162399165744,0.661934462868386,60.394016369758,285,-192623.031255706,-191310.5577527,1,1,0.974358974358974,"specific_effect_common6_specific4",13,1000,100,4,6,4,0.35,40,0.924499229583975,30,90,3
"Separate 2D path/grid BIC + refit",4,NA,24.1329500959434,0,NA,0.442799206304524,97320.3117652023,NA,TRUE,25,22,98,1,0.974358974358974,0.224489795918367,0.366666666666667,NA,NA,NA,NA,0.000455355087025183,10.650544545426,1.02809898768574,60.219900211296,395,-191912.060195207,-190093.017971741,1,1,0.974358974358974,"specific_effect_common6_specific4",13,1000,100,4,6,4,0.35,40,0.924499229583975,30,90,3
"Eta centered path BIC",4,NA,NA,NA,1.47749513408387,0.458404455071026,97093.1632382572,96873.6579912101,TRUE,42,22,23,0.863636363636364,0.0512820512820513,0.826086956521739,0.844444444444444,NA,NA,NA,NA,0.000387660549445163,14.4264114741544,0.804098005743217,57.5864900314966,172,-192998.192568529,-192206.10329654,1,0.8125,0.0512820512820513,"specific_effect_common6_specific4",13,1000,100,4,6,4,0.35,40,0.924499229583975,30,90,3
"Eta centered path BIC + refit",4,NA,NA,NA,1.47749513408387,0.499460892307954,97132.3451519287,NA,TRUE,61,22,23,0.863636363636364,0.0512820512820513,0.826086956521739,0.844444444444444,NA,NA,NA,NA,0.000241355656640648,0.662694901258743,0.379739901755963,58.0890017355254,95,-193608.453552354,-193170.962384685,1,0.8125,0.0512820512820513,"specific_effect_common6_specific4",13,1000,100,4,6,4,0.35,40,0.924499229583975,30,90,3
"Rossi path BIC",4,27.7858568638783,NA,NA,NA,0.47629671634614,97732.0708605105,97340.6572930095,TRUE,2,22,100,1,1,0.22,0.360655737704918,1,0.636111111111111,0.148698884758364,0.258899676375405,0.000168532463487825,20.228974854807,0.444009037319115,61.4430859252042,272,-193585.232285138,-192332.625994549,1,1,1,"specific_effect_common6_specific4",14,1000,100,4,6,4,0.35,40,0.924499229583975,30,90,3
"Rossi path BIC + refit",4,27.7858568638783,NA,NA,NA,0.436420505997453,97766.9080851067,NA,TRUE,85,22,100,1,1,0.22,0.360655737704918,NA,NA,NA,NA,0.00049290201448865,75.1795935039146,1.56773774299499,63.7447238497993,403,-192749.990792784,-190894.10720783,1,1,1,"specific_effect_common6_specific4",14,1000,100,4,6,4,0.35,40,0.924499229583975,30,90,3
"Separate 2D path/grid BIC",4,NA,40.1448784375707,0,NA,0.481283711649677,97709.4660918277,97171.1429259456,TRUE,2,22,97,1,0.961538461538462,0.22680412371134,0.369747899159664,1,0.502777777777778,0.180995475113122,0.306513409961686,0.00011937464779865,16.1255047275232,0.320560653461195,61.0876037153978,224,-193871.595001163,-192840.036879502,1,1,0.961538461538462,"specific_effect_common6_specific4",14,1000,100,4,6,4,0.35,40,0.924499229583975,30,90,3
"Separate 2D path/grid BIC + refit",4,NA,40.1448784375707,0,NA,0.438604445301609,97766.0017359136,NA,TRUE,77,22,97,1,0.961538461538462,0.22680412371134,0.369747899159664,NA,NA,NA,NA,0.000482844787958531,70.7920204912613,1.50810593430389,63.5794548601738,391,-192831.071157745,-191030.449615024,1,1,0.961538461538462,"specific_effect_common6_specific4",14,1000,100,4,6,4,0.35,40,0.924499229583975,30,90,3
"Eta centered path BIC",4,NA,NA,NA,1.59732694707718,0.432795156060347,97556.884570714,97266.1371003283,TRUE,43,22,33,1,0.141025641025641,0.666666666666667,0.8,NA,NA,NA,NA,0.000325147404037469,93.1319901742381,0.99797488556095,63.4425098479899,202,-193718.402575074,-192788.158197504,1,1,0.141025641025641,"specific_effect_common6_specific4",14,1000,100,4,6,4,0.35,40,0.924499229583975,30,90,3
"Eta centered path BIC + refit",4,NA,NA,NA,1.59732694707718,0.461464986688667,97643.2313752232,NA,TRUE,36,22,33,1,0.141025641025641,0.666666666666667,0.8,NA,NA,NA,NA,0.000251901636355014,35.2007367532488,0.711472884000984,61.6414527408209,135,-194353.915787784,-193732.217812675,1,1,0.141025641025641,"specific_effect_common6_specific4",14,1000,100,4,6,4,0.35,40,0.924499229583975,30,90,3
"Rossi path BIC",4,21.3596090494922,NA,NA,NA,0.503917546091263,97649.2379062077,97333.2083378602,TRUE,2,22,100,1,1,0.22,0.360655737704918,1,0.769444444444444,0.126182965299685,0.224089635854342,0.00027372124636431,7.88727235401351,0.591726463732867,59.5558591811696,320,-193087.994123141,-191614.339663625,1,1,1,"specific_effect_common6_specific4",15,1000,100,4,6,4,0.35,40,0.924499229583975,30,90,3
"Rossi path BIC + refit",4,21.3596090494922,NA,NA,NA,0.469447044333383,97676.4352632319,NA,TRUE,24,22,100,1,1,0.22,0.360655737704918,NA,NA,NA,NA,0.000542049535422308,6.87457649697103,1.07496589005327,58.9473853606906,403,-192569.045149034,-190713.161564081,1,1,1,"specific_effect_common6_specific4",15,1000,100,4,6,4,0.35,40,0.924499229583975,30,90,3
"Separate 2D path/grid BIC",4,NA,50.361112939074,0,NA,0.539364253527271,97585.933482662,96937.5788111085,TRUE,2,22,92,1,0.897435897435897,0.239130434782609,0.385964912280702,1,0.444444444444444,0.2,0.333333333333333,0.000104588799075483,3.56913492776245,0.248574489332359,58.5049021660778,203,-193769.592643691,-192834.743095935,1,1,0.897435897435897,"specific_effect_common6_specific4",15,1000,100,4,6,4,0.35,40,0.924499229583975,30,90,3
"Separate 2D path/grid BIC + refit",4,NA,50.361112939074,0,NA,0.472478179450871,97667.9047794994,NA,TRUE,61,22,92,1,0.897435897435897,0.239130434782609,0.385964912280702,NA,NA,NA,NA,0.000498216427690227,7.92074591387742,1.00048329609917,59.2089652430177,371,-192773.032350496,-191064.514211495,1,1,0.897435897435897,"specific_effect_common6_specific4",15,1000,100,4,6,4,0.35,40,0.924499229583975,30,90,3
"Eta centered path BIC",4,NA,NA,NA,1.50605259007645,0.456203340585514,97462.2208356229,97190.8281052478,FALSE,100,22,33,1,0.141025641025641,0.666666666666667,0.8,NA,NA,NA,NA,0.000303996747723635,51.3150544289076,0.702700614638667,61.6483864724564,202,-193529.075104891,-192598.830727322,1,1,0.141025641025641,"specific_effect_common6_specific4",15,1000,100,4,6,4,0.35,40,0.924499229583975,30,90,3
"Eta centered path BIC + refit",4,NA,NA,NA,1.50605259007645,0.51401600515558,97550.1011200121,NA,TRUE,45,22,33,1,0.141025641025641,0.666666666666667,0.8,NA,NA,NA,NA,0.000195524369091062,8.41090028196565,0.429162202331538,59.3923615127978,135,-194167.655277362,-193545.957302253,1,1,0.141025641025641,"specific_effect_common6_specific4",15,1000,100,4,6,4,0.35,40,0.924499229583975,30,90,3
"Rossi path BIC",4,21.1760374686547,NA,NA,NA,0.53782626711935,97551.1811912916,97240.4701313676,TRUE,2,22,100,1,1,0.22,0.360655737704918,1,0.752777777777778,0.128617363344051,0.227920227920228,0.000198023814729606,1.9373335780603,0.40281268380836,58.6774144558413,314,-192933.327224983,-191487.303786583,1,1,1,"specific_effect_common6_specific4",16,1000,100,4,6,4,0.35,40,0.924499229583975,30,90,3
"Rossi path BIC + refit",4,21.1760374686547,NA,NA,NA,0.482989001556349,97575.2239965428,NA,TRUE,26,22,100,1,1,0.22,0.360655737704918,NA,NA,NA,NA,0.0004441594375131,3.35734850332291,0.831168960670375,58.6792001783908,403,-192366.622615656,-190510.739030703,1,1,1,"specific_effect_common6_specific4",16,1000,100,4,6,4,0.35,40,0.924499229583975,30,90,3
"Separate 2D path/grid BIC",4,NA,37.6795522558599,0,NA,0.569339205078289,97513.0368288848,97009.6877919024,TRUE,2,22,100,1,1,0.22,0.360655737704918,1,0.569444444444444,0.163265306122449,0.280701754385965,0.000101014602690902,1.48481153883265,0.227443000067115,58.5286609407004,248,-193312.950348582,-192170.868142457,1,1,1,"specific_effect_common6_specific4",16,1000,100,4,6,4,0.35,40,0.924499229583975,30,90,3
"Separate 2D path/grid BIC + refit",4,NA,37.6795522558599,0,NA,0.485559680203947,97575.2250610671,NA,TRUE,30,22,100,1,1,0.22,0.360655737704918,NA,NA,NA,NA,0.000443345609122916,3.35355411203087,0.831364187056794,58.6979214715099,403,-192366.624744704,-190510.741159751,1,1,1,"specific_effect_common6_specific4",16,1000,100,4,6,4,0.35,40,0.924499229583975,30,90,3
"Eta centered path BIC",4,NA,NA,NA,1.48480598152637,0.475890633090599,97369.0220773612,97112.2388767518,TRUE,44,22,27,0.954545454545455,0.0769230769230769,0.777777777777778,0.857142857142857,NA,NA,NA,NA,0.000255533764490609,16.4901981686148,0.395484195223341,58.7745679010806,184,-193467.01718339,-192619.665869168,1,0.9375,0.0769230769230769,"specific_effect_common6_specific4",16,1000,100,4,6,4,0.35,40,0.924499229583975,30,90,3
"Eta centered path BIC + refit",4,NA,NA,NA,1.48480598152637,0.560799013793801,97422.8664536782,NA,TRUE,45,22,27,0.954545454545455,0.0769230769230769,0.777777777777778,0.857142857142857,NA,NA,NA,NA,0.000136396318324725,0.320997631077129,0.230978084575584,57.9391081588412,111,-194078.972071389,-193567.798180745,1,0.9375,0.0769230769230769,"specific_effect_common6_specific4",16,1000,100,4,6,4,0.35,40,0.924499229583975,30,90,3
"Rossi path BIC",4,9.34071351845917,NA,NA,NA,0.560961600789286,97798.2514614538,97649.6582865049,TRUE,2,22,100,1,1,0.22,0.360655737704918,1,0.872222222222222,0.112994350282486,0.203045685279188,0.000353936460837828,2.43389818559477,0.590121841156738,58.6814771573383,357,-193130.434288311,-191486.388531913,1,1,1,"specific_effect_common6_specific4",17,1000,100,4,6,4,0.35,40,0.924499229583975,30,90,3
"Rossi path BIC + refit",4,9.34071351845917,NA,NA,NA,0.525791242463164,97803.5667653352,NA,TRUE,25,22,100,1,1,0.22,0.360655737704918,NA,NA,NA,NA,0.000524527381190044,1.93330920081127,0.775114895854403,58.3460699587089,403,-192823.308153241,-190967.424568287,1,1,1,"specific_effect_common6_specific4",17,1000,100,4,6,4,0.35,40,0.924499229583975,30,90,3
"Separate 2D path/grid BIC",4,NA,44.6707759199067,2.65242717002934,NA,0.522527616874949,97682.4068300121,96544.3023268286,TRUE,2,22,94,1,0.923076923076923,0.234042553191489,0.379310344827586,1,0.452777777777778,0.197044334975369,0.329218106995885,0.000162488813291948,25.4489604814342,0.281305753428087,52.642805015043,206,-193941.816072554,-192993.15101424,1,1,0.923076923076923,"specific_effect_common6_specific4",17,1000,100,4,6,4,0.35,40,0.924499229583975,30,90,3
"Separate 2D path/grid BIC + refit",4,NA,44.6707759199067,2.65242717002934,NA,0.531728129455708,97799.8152269867,NA,TRUE,19,22,94,1,0.923076923076923,0.234042553191489,0.379310344827586,NA,NA,NA,NA,0.000532169342235186,1.51079209308396,0.767442992316747,58.1791382559555,379,-192981.591203239,-191236.23170275,1,1,0.923076923076923,"specific_effect_common6_specific4",17,1000,100,4,6,4,0.35,40,0.924499229583975,30,90,3
"Eta centered path BIC",4,NA,NA,NA,1.62262883603332,0.497727517259999,97569.7560760455,97305.0776682038,TRUE,23,22,24,1,0.0256410256410256,0.916666666666667,0.956521739130435,NA,NA,NA,NA,0.000239182952694627,32.8990744115684,0.549649992064389,59.8992192989947,175,-193930.654978269,-193124.750195721,1,1,0.0256410256410256,"specific_effect_common6_specific4",17,1000,100,4,6,4,0.35,40,0.924499229583975,30,90,3
"Eta centered path BIC + refit",4,NA,NA,NA,1.62262883603332,0.585951279651688,97640.607457927,NA,TRUE,39,22,24,1,0.0256410256410256,0.916666666666667,0.956521739130435,NA,NA,NA,NA,0.000116375352155838,1.23582579897462,0.192965401518225,58.1920712100527,99,-194597.347143235,-194141.435294822,1,1,0.0256410256410256,"specific_effect_common6_specific4",17,1000,100,4,6,4,0.35,40,0.924499229583975,30,90,3
"Rossi path BIC",4,38.1911585065602,NA,NA,NA,0.519345847320367,97392.656433591,96879.9834971412,TRUE,2,22,97,1,0.961538461538462,0.22680412371134,0.369747899159664,1,0.552777777777778,0.167364016736402,0.28673835125448,0.000133986392603688,6.11389064997622,0.286601424897154,59.4434926196542,242,-193113.636089668,-191999.184904659,1,1,0.961538461538462,"specific_effect_common6_specific4",18,1000,100,4,6,4,0.35,40,0.924499229583975,30,90,3
"Rossi path BIC + refit",4,38.1911585065602,NA,NA,NA,0.476420843108887,97448.5991384118,NA,TRUE,41,22,97,1,0.961538461538462,0.22680412371134,0.369747899159664,NA,NA,NA,NA,0.000390257242835801,3.80507960623311,0.783920731983217,59.3258403912403,391,-192196.265962742,-190395.64442002,1,1,0.961538461538462,"specific_effect_common6_specific4",18,1000,100,4,6,4,0.35,40,0.924499229583975,30,90,3
"Separate 2D path/grid BIC",4,NA,59.6996117495701,0,NA,0.550320153482986,97345.2645712215,96602.9944831131,TRUE,2,22,86,1,0.82051282051282,0.255813953488372,0.407407407407407,1,0.341666666666667,0.245398773006135,0.394088669950739,8.62023288449772e-05,2.28207146849987,0.161351648209588,58.6275483653862,166,-193543.841766132,-192779.383515258,1,1,0.82051282051282,"specific_effect_common6_specific4",18,1000,100,4,6,4,0.35,40,0.924499229583975,30,90,3
"Separate 2D path/grid BIC + refit",4,NA,59.6996117495701,0,NA,0.485077879974651,97437.3395797277,NA,TRUE,21,22,86,1,0.82051282051282,0.255813953488372,0.407407407407407,NA,NA,NA,NA,0.000343836323770949,4.98780867258932,0.723670149779233,59.5134646430657,347,-192477.688077649,-190879.694023111,1,1,0.82051282051282,"specific_effect_common6_specific4",18,1000,100,4,6,4,0.35,40,0.924499229583975,30,90,3
"Eta centered path BIC",4,NA,NA,NA,1.7405881035545,0.389733341175302,97225.3377388176,96897.4569292733,TRUE,39,22,30,0.909090909090909,0.128205128205128,0.666666666666667,0.769230769230769,NA,NA,NA,NA,0.000375355874872317,168.680296370397,1.59887281348989,64.9664059625428,193,-193117.478708792,-192228.680862896,1,0.875,0.128205128205128,"specific_effect_common6_specific4",18,1000,100,4,6,4,0.35,40,0.924499229583975,30,90,3
"Eta centered path BIC + refit",4,NA,NA,NA,1.7405881035545,0.474804948081916,97313.7815901297,NA,TRUE,41,22,30,0.909090909090909,0.128205128205128,0.666666666666667,0.769230769230769,NA,NA,NA,NA,0.000325576771127766,35.7665747497636,0.7677178995524,61.2703207716882,123,-193777.909280945,-193211.473348068,1,0.875,0.128205128205128,"specific_effect_common6_specific4",18,1000,100,4,6,4,0.35,40,0.924499229583975,30,90,3
"Rossi path BIC",4,11.956469934454,NA,NA,NA,0.55408805508411,97686.2215601046,97500.1497654408,TRUE,2,22,99,1,0.987179487179487,0.222222222222222,0.363636363636364,1,0.830555555555556,0.117994100294985,0.211081794195251,0.000324335302502682,0.940498370075707,0.575791962647114,57.9838135544688,342,-193009.990814797,-191435.022611189,1,1,0.987179487179487,"specific_effect_common6_specific4",19,1000,100,4,6,4,0.35,40,0.924499229583975,30,90,3
"Rossi path BIC + refit",4,11.956469934454,NA,NA,NA,0.564431153889217,97692.7610836833,NA,TRUE,10,22,99,1,0.987179487179487,0.222222222222222,0.363636363636364,NA,NA,NA,NA,0.000424231967032217,1.08632777324184,0.74149870783628,57.8489260052991,399,-192629.327811053,-190791.864906843,1,1,0.987179487179487,"specific_effect_common6_specific4",19,1000,100,4,6,4,0.35,40,0.924499229583975,30,90,3
"Separate 2D path/grid BIC",4,NA,41.007125453247,0,NA,0.5701165528795,97630.5770586514,97081.5737490753,TRUE,2,22,93,1,0.91025641025641,0.236559139784946,0.382608695652174,1,0.5,0.181818181818182,0.307692307692308,0.000155735719370353,0.503271722887617,0.279638294040392,57.9053321059576,223,-193720.72469009,-192693.771738614,1,1,0.91025641025641,"specific_effect_common6_specific4",19,1000,100,4,6,4,0.35,40,0.924499229583975,30,90,3
"Separate 2D path/grid BIC + refit",4,NA,41.007125453247,0,NA,0.549678379315407,97690.5856724127,NA,TRUE,17,22,93,1,0.91025641025641,0.236559139784946,0.382608695652174,NA,NA,NA,NA,0.000421282394286496,0.911861508294535,0.72515918093394,57.7478615332545,375,-192790.763115207,-191063.824295462,1,1,0.91025641025641,"specific_effect_common6_specific4",19,1000,100,4,6,4,0.35,40,0.924499229583975,30,90,3
"Eta centered path BIC",4,NA,NA,NA,1.62272069811431,0.511404334883206,97467.9188631262,97194.8419126783,TRUE,6,22,24,0.909090909090909,0.0512820512820513,0.833333333333333,0.869565217391304,NA,NA,NA,NA,0.000284238635785801,20.602342491121,0.524494897760227,58.2951133126391,175,-193726.98055243,-192921.075769883,1,0.875,0.0512820512820513,"specific_effect_common6_specific4",19,1000,100,4,6,4,0.35,40,0.924499229583975,30,90,3
"Eta centered path BIC + refit",4,NA,NA,NA,1.62272069811431,0.594537896605164,97523.9792598256,NA,TRUE,35,22,24,0.909090909090909,0.0512820512820513,0.833333333333333,0.869565217391304,NA,NA,NA,NA,0.0002250057598824,0.708676494656041,0.275006010826186,57.2401963701573,99,-194364.090747032,-193908.178898619,1,0.875,0.0512820512820513,"specific_effect_common6_specific4",19,1000,100,4,6,4,0.35,40,0.924499229583975,30,90,3
"Rossi path BIC",4,31.8286932527769,NA,NA,NA,0.445153383930914,97672.3193921549,97205.0139435438,TRUE,2,22,96,1,0.948717948717949,0.229166666666667,0.372881355932203,1,0.697222222222222,0.13745704467354,0.241691842900302,0.000505873604708458,54.8166778510183,1.33289552288344,63.1884721697804,294,-193313.758732289,-191959.838697608,1,1,0.948717948717949,"specific_effect_common6_specific4",20,1000,100,4,6,4,0.35,40,0.924499229583975,30,90,3
"Rossi path BIC + refit",4,31.8286932527769,NA,NA,NA,0.430156478374807,97711.3035320481,NA,TRUE,41,22,96,1,0.948717948717949,0.229166666666667,0.372881355932203,NA,NA,NA,NA,0.000772855401719566,56.8760096846813,2.06662722480272,63.0285585735429,387,-192749.30577113,-190967.104909153,1,1,0.948717948717949,"specific_effect_common6_specific4",20,1000,100,4,6,4,0.35,40,0.924499229583975,30,90,3
"Separate 2D path/grid BIC",4,NA,50.4724446809861,0,NA,0.497943240621785,97605.7639966571,96969.7330131925,TRUE,2,22,93,1,0.91025641025641,0.236559139784946,0.382608695652174,1,0.394444444444444,0.21978021978022,0.36036036036036,0.0001076546276394,1.18518078290064,0.243717645034183,57.5367588625359,185,-193933.593266703,-193081.636782295,1,1,0.91025641025641,"specific_effect_common6_specific4",20,1000,100,4,6,4,0.35,40,0.924499229583975,30,90,3
"Separate 2D path/grid BIC + refit",4,NA,50.4724446809861,0,NA,0.445716597545429,97692.9149988964,NA,FALSE,100,22,93,1,0.91025641025641,0.236559139784946,0.382608695652174,NA,NA,NA,NA,0.000788610859006015,11.3424144728653,1.1494156581502,57.5373874949391,375,-192795.421768175,-191068.482948429,1,1,0.91025641025641,"specific_effect_common6_specific4",20,1000,100,4,6,4,0.35,40,0.924499229583975,30,90,3
"Eta centered path BIC",4,NA,NA,NA,1.4927315181957,0.470189725638109,97482.6182596448,97255.0163964844,TRUE,79,22,25,1,0.0384615384615385,0.88,0.936170212765957,NA,NA,NA,NA,0.000339564934064905,15.43381926682,0.694589822797197,57.899272314939,178,-193735.656079631,-192915.935786525,1,1,0.0384615384615385,"specific_effect_common6_specific4",20,1000,100,4,6,4,0.35,40,0.924499229583975,30,90,3
"Eta centered path BIC + refit",4,NA,NA,NA,1.4927315181957,0.464549165997912,97552.2008039407,NA,TRUE,39,22,25,1,0.0384615384615385,0.88,0.936170212765957,NA,NA,NA,NA,0.000182384798298939,7.42893665143772,0.377792868347497,59.6296055170621,103,-194392.902814146,-193918.570284989,1,1,0.0384615384615385,"specific_effect_common6_specific4",20,1000,100,4,6,4,0.35,40,0.924499229583975,30,90,3
"Rossi path BIC",4,24.3563037972209,NA,NA,NA,0.515252503949015,97804.2774535523,97450.4657380403,TRUE,2,22,100,1,1,0.22,0.360655737704918,1,0.705555555555556,0.136054421768707,0.239520958083832,0.000311824289984939,7.02667567610875,0.625345348167376,59.7462985986026,297,-193556.951589247,-192189.216044008,1,1,1,"specific_effect_common6_specific4",21,1000,100,4,6,4,0.35,40,0.924499229583975,30,90,3
"Rossi path BIC + refit",4,24.3563037972209,NA,NA,NA,0.48199059849546,97832.9823588803,NA,TRUE,24,22,100,1,1,0.22,0.360655737704918,NA,NA,NA,NA,0.000511445127862552,4.79650792265003,1.01238369582359,59.2885452549108,403,-192882.139340331,-191026.255755377,1,1,1,"specific_effect_common6_specific4",21,1000,100,4,6,4,0.35,40,0.924499229583975,30,90,3
"Separate 2D path/grid BIC",4,NA,20.2683181182756,3.45046775893057,NA,0.456157920892782,97755.5754814528,96744.5516656716,TRUE,2,22,100,1,1,0.22,0.360655737704918,1,0.677777777777778,0.140845070422535,0.246913580246914,0.000331443143141976,37.9462619969167,0.499598574012102,51.485500876176,287,-193528.625197838,-192206.941354459,1,1,1,"specific_effect_common6_specific4",21,1000,100,4,6,4,0.35,40,0.924499229583975,30,90,3
"Separate 2D path/grid BIC + refit",4,NA,20.2683181182756,3.45046775893057,NA,0.47752069767798,97832.9692514414,NA,TRUE,47,22,100,1,1,0.22,0.360655737704918,NA,NA,NA,NA,0.000507151565505246,3.03615883175317,0.970355903959689,58.9854970351659,403,-192882.113125453,-191026.2295405,1,1,1,"specific_effect_common6_specific4",21,1000,100,4,6,4,0.35,40,0.924499229583975,30,90,3
"Eta centered path BIC",4,NA,NA,NA,2.07858917367131,0.413315668889855,97577.860451562,97167.5043584031,TRUE,34,22,32,0.863636363636364,0.166666666666667,0.59375,0.703703703703704,NA,NA,NA,NA,0.000686925624938436,131.05508491508,2.0032985882064,64.3584670587562,199,-193781.077602607,-192864.648735595,1,0.8125,0.166666666666667,"specific_effect_common6_specific4",21,1000,100,4,6,4,0.35,40,0.924499229583975,30,90,3
"Eta centered path BIC + refit",4,NA,NA,NA,2.07858917367131,0.487638364413227,97692.8109845995,NA,TRUE,17,22,32,0.863636363636364,0.166666666666667,0.59375,0.703703703703704,NA,NA,NA,NA,0.000821007535616321,100.838226840561,2.33715924379094,63.9032168942918,131,-194480.706027652,-193877.428733288,1,0.8125,0.166666666666667,"specific_effect_common6_specific4",21,1000,100,4,6,4,0.35,40,0.924499229583975,30,90,3
"Rossi path BIC",4,28.4127909870543,NA,NA,NA,0.538735798757997,97710.0788494809,97311.2330479871,TRUE,2,22,99,1,0.987179487179487,0.222222222222222,0.363636363636364,1,0.658333333333333,0.144404332129964,0.252365930599369,0.000185050380819232,8.54458737933606,0.450322830088321,59.9440478677406,280,-193485.986220847,-192196.53856877,1,1,0.987179487179487,"specific_effect_common6_specific4",22,1000,100,4,6,4,0.35,40,0.924499229583975,30,90,3
"Rossi path BIC + refit",4,28.4127909870543,NA,NA,NA,0.492713783908246,97744.4988457463,NA,TRUE,29,22,99,1,0.987179487179487,0.222222222222222,0.363636363636364,NA,NA,NA,NA,0.000396961008095751,6.23232255360948,0.844811660877234,59.6912350010116,399,-192732.803335179,-190895.340430969,1,1,0.987179487179487,"specific_effect_common6_specific4",22,1000,100,4,6,4,0.35,40,0.924499229583975,30,90,3
"Separate 2D path/grid BIC",4,NA,37.5673911064208,0,NA,0.552064698674492,97691.0741037496,97185.537849407,TRUE,2,22,97,1,0.961538461538462,0.22680412371134,0.369747899159664,1,0.55,0.168067226890756,0.287769784172662,0.000151484831857673,7.92318953152734,0.373576729626675,59.7945280082352,241,-193717.379185265,-192607.533170441,1,1,0.961538461538462,"specific_effect_common6_specific4",22,1000,100,4,6,4,0.35,40,0.924499229583975,30,90,3
"Separate 2D path/grid BIC + refit",4,NA,37.5673911064208,0,NA,0.492655102259205,97744.2584862874,NA,TRUE,28,22,97,1,0.961538461538462,0.22680412371134,0.369747899159664,NA,NA,NA,NA,0.000395308711272636,6.36155154768252,0.841810822722861,59.7067520385377,391,-192787.584658493,-190986.963115772,1,1,0.961538461538462,"specific_effect_common6_specific4",22,1000,100,4,6,4,0.35,40,0.924499229583975,30,90,3
"Eta centered path BIC",4,NA,NA,NA,2.44298730727825,0.403642789445326,97376.8557880883,96993.6041269443,TRUE,22,22,22,0.727272727272727,0.0769230769230769,0.727272727272727,0.727272727272727,NA,NA,NA,NA,0.000608230406980698,153.327884353867,2.04122656716743,64.5060444976504,169,-193586.300934029,-192808.027172597,1,0.625,0.0769230769230769,"specific_effect_common6_specific4",22,1000,100,4,6,4,0.35,40,0.924499229583975,30,90,3
"Eta centered path BIC + refit",4,NA,NA,NA,2.44298730727825,0.453316254413794,97489.3142786626,NA,TRUE,40,22,22,0.727272727272727,0.0769230769230769,0.727272727272727,0.727272727272727,NA,NA,NA,NA,0.000553682446670282,55.9486016366331,1.30391353171318,62.2751999734328,91,-194350.022826938,-193930.952340013,1,0.625,0.0769230769230769,"specific_effect_common6_specific4",22,1000,100,4,6,4,0.35,40,0.924499229583975,30,90,3
"Rossi path BIC",4,29.2901108075075,NA,NA,NA,0.526123775805534,97720.1293534715,97310.7377427444,TRUE,2,22,100,1,1,0.22,0.360655737704918,1,0.619444444444444,0.152091254752852,0.264026402640264,0.000190527410581349,3.7806023306659,0.411345037466744,59.1221259469237,266,-193602.795802734,-192377.820533261,1,1,1,"specific_effect_common6_specific4",23,1000,100,4,6,4,0.35,40,0.924499229583975,30,90,3
"Rossi path BIC + refit",4,29.2901108075075,NA,NA,NA,0.455812758834146,97758.4878686611,NA,TRUE,23,22,100,1,1,0.22,0.360655737704918,NA,NA,NA,NA,0.000434739619146082,5.15038794828787,0.876366178995485,59.5774443134061,403,-192733.150359892,-190877.266774939,1,1,1,"specific_effect_common6_specific4",23,1000,100,4,6,4,0.35,40,0.924499229583975,30,90,3
"Separate 2D path/grid BIC",4,NA,56.6976113481011,0,NA,0.536585751511833,97662.0610155681,96948.5191360918,TRUE,2,22,91,1,0.884615384615385,0.241758241758242,0.389380530973451,1,0.386111111111111,0.223463687150838,0.365296803652968,0.000112584462917827,2.85786606546775,0.247198840974813,58.7960826604356,182,-194066.910570361,-193228.769596512,1,1,0.884615384615385,"specific_effect_common6_specific4",23,1000,100,4,6,4,0.35,40,0.924499229583975,30,90,3
"Separate 2D path/grid BIC + refit",4,NA,56.6976113481011,0,NA,0.472081358066362,97753.1250186713,NA,TRUE,29,22,91,1,0.884615384615385,0.241758241758242,0.389380530973451,NA,NA,NA,NA,0.000439954917669912,2.73426290331941,0.837722883347335,59.0711923378882,367,-192971.103849956,-191281.006391698,1,1,0.884615384615385,"specific_effect_common6_specific4",23,1000,100,4,6,4,0.35,40,0.924499229583975,30,90,3
"Eta centered path BIC",4,NA,NA,NA,2.21958499695129,0.412718295822252,97460.1208650617,97053.8064713214,TRUE,33,22,30,0.909090909090909,0.128205128205128,0.666666666666667,0.769230769230769,NA,NA,NA,NA,0.000609000225673144,132.08606689622,1.88265925350799,64.4839282845817,193,-193587.04496128,-192698.247115384,1,0.875,0.128205128205128,"specific_effect_common6_specific4",23,1000,100,4,6,4,0.35,40,0.924499229583975,30,90,3
"Eta centered path BIC + refit",4,NA,NA,NA,2.21958499695129,0.469312371574202,97589.5809743586,NA,TRUE,21,22,30,0.909090909090909,0.128205128205128,0.666666666666667,0.769230769230769,NA,NA,NA,NA,0.000660110451647381,90.7253190003631,1.93265675745884,63.5996851176417,123,-194329.508049402,-193763.072116526,1,0.875,0.128205128205128,"specific_effect_common6_specific4",23,1000,100,4,6,4,0.35,40,0.924499229583975,30,90,3
"Rossi path BIC",4,10.1135204377342,NA,NA,NA,0.507627261171168,97860.8106038538,97700.197317223,TRUE,2,22,100,1,1,0.22,0.360655737704918,1,0.880555555555556,0.112044817927171,0.201511335012594,0.000369565621062353,15.8739925601454,0.835774286311377,60.5830672147675,360,-193234.829307274,-191576.968040318,1,1,1,"specific_effect_common6_specific4",24,1000,100,4,6,4,0.35,40,0.924499229583975,30,90,3
"Rossi path BIC + refit",4,10.1135204377342,NA,NA,NA,0.490363707527937,97865.8406528279,NA,TRUE,27,22,100,1,1,0.22,0.360655737704918,NA,NA,NA,NA,0.000487448390837349,15.4290137746486,1.0681272585307,60.4392830328161,403,-192947.855928226,-191091.972343273,1,1,1,"specific_effect_common6_specific4",24,1000,100,4,6,4,0.35,40,0.924499229583975,30,90,3
"Separate 2D path/grid BIC",4,NA,52.1848441777371,2.82057317480407,NA,0.544690403387469,97729.026489288,96481.3744596075,TRUE,2,22,90,1,0.871794871794872,0.244444444444444,0.392857142857143,1,0.380555555555556,0.225988700564972,0.368663594470046,0.000149402459047351,20.9364356441947,0.244847254976771,53.1052305296806,180,-194214.657028359,-193385.726394881,1,1,0.871794871794872,"specific_effect_common6_specific4",24,1000,100,4,6,4,0.35,40,0.924499229583975,30,90,3
"Separate 2D path/grid BIC + refit",4,NA,52.1848441777371,2.82057317480407,NA,0.495160213107572,97856.4251988371,NA,TRUE,56,22,90,1,0.871794871794872,0.244444444444444,0.392857142857143,NA,NA,NA,NA,0.00043043325351006,10.9639898060972,0.931131099879637,60.1228650895364,363,-193205.335231404,-191533.65845389,1,1,0.871794871794872,"specific_effect_common6_specific4",24,1000,100,4,6,4,0.35,40,0.924499229583975,30,90,3
"Eta centered path BIC",4,NA,NA,NA,2.02484377876404,0.481531789697936,97614.4708198783,97265.4095621914,TRUE,38,22,20,0.863636363636364,0.0128205128205128,0.95,0.904761904761905,NA,NA,NA,NA,0.000328282590961559,65.684187083886,0.829131368733962,61.822620175898,163,-194102.977529283,-193352.334788967,1,0.8125,0.0128205128205128,"specific_effect_common6_specific4",24,1000,100,4,6,4,0.35,40,0.924499229583975,30,90,3
"Eta centered path BIC + refit",4,NA,NA,NA,2.02484377876404,0.520495044734089,97676.8732782587,NA,TRUE,45,22,20,0.863636363636364,0.0128205128205128,0.95,0.904761904761905,NA,NA,NA,NA,0.000254732961994574,9.89328378703547,0.372520837825017,59.4678035222544,83,-194780.402868362,-194398.173742925,1,0.8125,0.0128205128205128,"specific_effect_common6_specific4",24,1000,100,4,6,4,0.35,40,0.924499229583975,30,90,3
"Rossi path BIC",4,40.8072893792279,NA,NA,NA,0.566789966187666,97757.9308249241,97210.1018015128,TRUE,2,22,96,1,0.948717948717949,0.229166666666667,0.372881355932203,1,0.533333333333333,0.172413793103448,0.294117647058824,0.000119519657077574,1.38553567944231,0.26625398332863,57.7475989480951,235,-193892.539159287,-192810.32416558,1,1,0.948717948717949,"specific_effect_common6_specific4",25,1000,100,4,6,4,0.35,40,0.924499229583975,30,90,3
"Rossi path BIC + refit",4,40.8072893792279,NA,NA,NA,0.508018324837325,97823.6270999752,NA,TRUE,18,22,96,1,0.948717948717949,0.229166666666667,0.372881355932203,NA,NA,NA,NA,0.000413439648809987,2.80248621168975,0.712246405547242,58.3511278042605,387,-192973.952906984,-191191.752045007,1,1,0.948717948717949,"specific_effect_common6_specific4",25,1000,100,4,6,4,0.35,40,0.924499229583975,30,90,3
"Separate 2D path/grid BIC",4,NA,89.1725213395678,0,NA,0.564675281074807,97660.9483881851,96608.1591933366,TRUE,2,22,72,1,0.641025641025641,0.305555555555556,0.468085106382979,1,0.202777777777778,0.353982300884956,0.522875816993464,6.60162617836231e-05,0.986682690409364,0.142806083008806,57.1855207969545,116,-194520.597164008,-193986.397422434,1,1,0.641025641025641,"specific_effect_common6_specific4",25,1000,100,4,6,4,0.35,40,0.924499229583975,30,90,3
"Separate 2D path/grid BIC + refit",4,NA,89.1725213395678,0,NA,0.520800717499654,97784.2738482569,NA,TRUE,16,22,72,1,0.641025641025641,0.305555555555556,0.468085106382979,NA,NA,NA,NA,0.000327463629233733,1.05848556444258,0.561285584284318,57.7786970124146,291,-193558.39091033,-192218.286386207,1,1,0.641025641025641,"specific_effect_common6_specific4",25,1000,100,4,6,4,0.35,40,0.924499229583975,30,90,3
"Eta centered path BIC",4,NA,NA,NA,1.2453682102617,0.509525003746063,97638.3271161263,97418.9448926878,TRUE,95,22,32,1,0.128205128205128,0.6875,0.814814814814815,NA,NA,NA,NA,0.000214940649260251,35.3440847238432,0.547493390372528,59.7787225170022,199,-193902.010931735,-192985.582064723,1,1,0.128205128205128,"specific_effect_common6_specific4",25,1000,100,4,6,4,0.35,40,0.924499229583975,30,90,3
"Eta centered path BIC + refit",4,NA,NA,NA,1.2453682102617,0.562690313913808,97690.5728268444,NA,TRUE,44,22,32,1,0.128205128205128,0.6875,0.814814814814815,NA,NA,NA,NA,0.00017378975171557,1.07629503541948,0.314737325795315,57.4066782498656,131,-194476.229712142,-193872.952417778,1,1,0.128205128205128,"specific_effect_common6_specific4",25,1000,100,4,6,4,0.35,40,0.924499229583975,30,90,3
"Rossi path BIC",4,24.9769995555039,NA,NA,NA,0.51461446381775,97710.8434525332,97357.249004539,TRUE,2,22,99,1,0.987179487179487,0.222222222222222,0.363636363636364,1,0.691666666666667,0.13840830449827,0.243161094224924,0.000155814805169002,6.01006911843927,0.367991888102283,59.8959933275723,292,-193404.622363604,-192059.912669295,1,1,0.987179487179487,"specific_effect_common6_specific4",26,1000,100,4,6,4,0.35,40,0.924499229583975,30,90,3
"Rossi path BIC + refit",4,24.9769995555039,NA,NA,NA,0.473008733292408,97738.6549573902,NA,TRUE,28,22,99,1,0.987179487179487,0.222222222222222,0.363636363636364,NA,NA,NA,NA,0.0003644289704571,4.23419122460155,0.704667121447653,59.5151965309067,399,-192721.115558466,-190883.652654257,1,1,0.987179487179487,"specific_effect_common6_specific4",26,1000,100,4,6,4,0.35,40,0.924499229583975,30,90,3
"Separate 2D path/grid BIC",4,NA,39.733833674082,3.31218532074754,NA,0.490250634824974,97627.957786053,96413.3867047833,TRUE,2,22,93,1,0.91025641025641,0.236559139784946,0.382608695652174,1,0.441666666666667,0.201005025125628,0.334728033472803,0.000150684899504599,24.4531764617239,0.256338968659103,52.8576681662062,202,-193860.549005752,-192930.304628182,1,1,0.91025641025641,"specific_effect_common6_specific4",26,1000,100,4,6,4,0.35,40,0.924499229583975,30,90,3
"Separate 2D path/grid BIC + refit",4,NA,39.733833674082,3.31218532074754,NA,0.485731886735542,97733.0643289924,NA,TRUE,34,22,93,1,0.91025641025641,0.236559139784946,0.382608695652174,NA,NA,NA,NA,0.000361269382817543,3.62092923906971,0.667157900817908,59.2878203977391,375,-192875.720428366,-191148.781608621,1,1,0.91025641025641,"specific_effect_common6_specific4",26,1000,100,4,6,4,0.35,40,0.924499229583975,30,90,3
"Eta centered path BIC",4,NA,NA,NA,1.93301267378442,0.401228412488312,97482.7933012572,97087.8707971216,FALSE,100,22,39,0.909090909090909,0.243589743589744,0.512820512820513,0.655737704918033,NA,NA,NA,NA,0.000550150970217069,286.367796548659,2.59107344419133,68.7423751996471,220,-193445.880441138,-192432.743000221,1,0.875,0.243589743589744,"specific_effect_common6_specific4",26,1000,100,4,6,4,0.35,40,0.924499229583975,30,90,3
"Eta centered path BIC + refit",4,NA,NA,NA,1.93301267378442,0.436587293959414,97579.7479522875,NA,TRUE,40,22,39,0.909090909090909,0.243589743589744,0.512820512820513,0.655737704918033,NA,NA,NA,NA,0.000473696789958313,186.148970803963,2.29335325890906,66.4269260076842,159,-194061.162815217,-193328.940755645,1,0.875,0.243589743589744,"specific_effect_common6_specific4",26,1000,100,4,6,4,0.35,40,0.924499229583975,30,90,3
"Rossi path BIC",4,22.7009995571878,NA,NA,NA,0.533325888307569,97973.5924694656,97639.0826162557,TRUE,2,22,100,1,1,0.22,0.360655737704918,1,0.705555555555556,0.136054421768707,0.239520958083832,0.000219403562161299,8.68417773756747,0.491071266660025,59.8458730835661,297,-193895.581621074,-192527.846075835,1,1,1,"specific_effect_common6_specific4",27,1000,100,4,6,4,0.35,40,0.924499229583975,30,90,3
"Rossi path BIC + refit",4,22.7009995571878,NA,NA,NA,0.511312604729599,97998.1656462657,NA,TRUE,17,22,100,1,1,0.22,0.360655737704918,NA,NA,NA,NA,0.00042079673999963,7.78931964032905,0.852310824299881,59.5600127694092,403,-193212.505915102,-191356.622330148,1,1,1,"specific_effect_common6_specific4",27,1000,100,4,6,4,0.35,40,0.924499229583975,30,90,3
"Separate 2D path/grid BIC",4,NA,27.748349399407,3.03164405289474,NA,0.491409729212996,97921.5284729789,96882.0462327915,TRUE,2,22,100,1,1,0.22,0.360655737704918,1,0.605555555555556,0.155038759689922,0.268456375838926,0.00025706089261086,18.3463719636273,0.376911220520961,53.4693290337587,261,-194040.132818144,-192838.183399601,1,1,1,"specific_effect_common6_specific4",27,1000,100,4,6,4,0.35,40,0.924499229583975,30,90,3
"Separate 2D path/grid BIC + refit",4,NA,27.748349399407,3.03164405289474,NA,0.513835438362527,97998.166818962,NA,TRUE,42,22,100,1,1,0.22,0.360655737704918,NA,NA,NA,NA,0.000446790937410367,5.81681239596048,0.840050969560324,59.0698695018422,403,-193212.508260494,-191356.624675541,1,1,1,"specific_effect_common6_specific4",27,1000,100,4,6,4,0.35,40,0.924499229583975,30,90,3
"Eta centered path BIC",4,NA,NA,NA,1.70823594149537,0.488024957927778,97769.9639386874,97458.6822722572,TRUE,37,22,29,0.909090909090909,0.115384615384615,0.689655172413793,0.784313725490196,NA,NA,NA,NA,0.000410850379883293,28.0501975956055,0.800123592924547,60.8912874846946,190,-194227.454374368,-193352.472039031,1,0.875,0.115384615384615,"specific_effect_common6_specific4",27,1000,100,4,6,4,0.35,40,0.924499229583975,30,90,3
"Eta centered path BIC + refit",4,NA,NA,NA,1.70823594149537,0.519671905956577,97830.832914283,NA,TRUE,60,22,29,0.909090909090909,0.115384615384615,0.689655172413793,0.784313725490196,NA,NA,NA,NA,0.000419817240865908,9.08416932410664,0.753635866017557,59.5510203688027,119,-194839.642950367,-194291.627698235,1,0.875,0.115384615384615,"specific_effect_common6_specific4",27,1000,100,4,6,4,0.35,40,0.924499229583975,30,90,3
"Rossi path BIC",4,30.3631758000711,NA,NA,NA,0.523255910466792,97872.6325889717,97448.0826879058,TRUE,2,22,99,1,0.987179487179487,0.222222222222222,0.363636363636364,1,0.608333333333333,0.154440154440154,0.267558528428094,0.000205544189367434,14.3098918823919,0.461957955803389,60.347222261637,262,-193935.43329485,-192728.878706121,1,1,0.987179487179487,"specific_effect_common6_specific4",28,1000,100,4,6,4,0.35,40,0.924499229583975,30,90,3
"Rossi path BIC + refit",4,30.3631758000711,NA,NA,NA,0.477586595712296,97912.6457994153,NA,TRUE,64,22,99,1,0.987179487179487,0.222222222222222,0.363636363636364,NA,NA,NA,NA,0.000644695425451716,35.924097273801,1.51251682723473,61.4390622574134,399,-193069.097242517,-191231.634338307,1,1,0.987179487179487,"specific_effect_common6_specific4",28,1000,100,4,6,4,0.35,40,0.924499229583975,30,90,3
"Separate 2D path/grid BIC",4,NA,58.2246783751534,0,NA,0.543847708159363,97803.2110366236,97084.5664203399,TRUE,2,22,94,1,0.923076923076923,0.234042553191489,0.379310344827586,1,0.372222222222222,0.229885057471264,0.373831775700935,0.000102937400178005,2.34319642317471,0.200785024752334,58.4647332853855,177,-194383.749388867,-193568.634265948,1,1,0.923076923076923,"specific_effect_common6_specific4",28,1000,100,4,6,4,0.35,40,0.924499229583975,30,90,3
"Separate 2D path/grid BIC + refit",4,NA,58.2246783751534,0,NA,0.491657472398909,97902.4686063918,NA,TRUE,71,22,94,1,0.923076923076923,0.234042553191489,0.379310344827586,NA,NA,NA,NA,0.000431235804782047,28.9279557778757,1.01385195258244,61.116322699865,379,-193186.897962049,-191441.53846156,1,1,0.923076923076923,"specific_effect_common6_specific4",28,1000,100,4,6,4,0.35,40,0.924499229583975,30,90,3
"Eta centered path BIC",4,NA,NA,NA,1.15754198680563,0.494971223422225,97765.9366739066,97521.1057610625,TRUE,11,22,50,1,0.358974358974359,0.44,0.611111111111111,NA,NA,NA,NA,0.000371039629703742,62.3093998879137,0.847219441898856,62.5998880196318,253,-193784.211262231,-192619.103205176,1,1,0.358974358974359,"specific_effect_common6_specific4",28,1000,100,4,6,4,0.35,40,0.924499229583975,30,90,3
"Eta centered path BIC + refit",4,NA,NA,NA,1.15754198680563,0.513876822321174,97825.5332438457,NA,TRUE,22,22,50,1,0.358974358974359,0.44,0.611111111111111,NA,NA,NA,NA,0.000389564031122003,46.0966469408846,1.02719227854744,62.0567479903478,203,-194248.792166058,-193313.942618303,1,1,0.358974358974359,"specific_effect_common6_specific4",28,1000,100,4,6,4,0.35,40,0.924499229583975,30,90,3
"Rossi path BIC",4,20.8619276181052,NA,NA,NA,0.441059007805121,97786.8224067718,97473.8921072512,TRUE,2,22,100,1,1,0.22,0.360655737704918,1,0.711111111111111,0.135135135135135,0.238095238095238,0.000457562207923051,17.233296142303,0.824535481881964,57.6650369764616,299,-193508.225985128,-192131.280099517,1,1,1,"specific_effect_common6_specific4",29,1000,100,4,6,4,0.35,40,0.924499229583975,30,90,3
"Rossi path BIC + refit",4,20.8619276181052,NA,NA,NA,0.42672978896724,97815.4173656487,NA,TRUE,34,22,100,1,1,0.22,0.360655737704918,NA,NA,NA,NA,0.000999214227506873,40.1168950622687,1.65526155143726,57.9569018929836,403,-192847.009353867,-190991.125768914,1,1,1,"specific_effect_common6_specific4",29,1000,100,4,6,4,0.35,40,0.924499229583975,30,90,3
"Separate 2D path/grid BIC",4,NA,62.2116567179966,0,NA,0.564372923443233,97709.774451905,96946.2115369489,TRUE,2,22,81,1,0.756410256410256,0.271604938271605,0.427184466019418,1,0.305555555555556,0.266666666666667,0.421052631578947,5.93352737078995e-05,7.05863557938398,0.164151649951307,59.4651866798925,153,-194362.662346126,-193658.07130767,1,1,0.756410256410256,"specific_effect_common6_specific4",29,1000,100,4,6,4,0.35,40,0.924499229583975,30,90,3
"Separate 2D path/grid BIC + refit",4,NA,62.2116567179966,0,NA,0.498246103487101,97798.7499200994,NA,TRUE,37,22,81,1,0.756410256410256,0.271604938271605,0.427184466019418,NA,NA,NA,NA,0.000330083713029969,15.3899234966812,0.83484085323783,59.9519999484462,327,-193338.663863972,-191832.773213154,1,1,0.756410256410256,"specific_effect_common6_specific4",29,1000,100,4,6,4,0.35,40,0.924499229583975,30,90,3
"Eta centered path BIC",4,NA,NA,NA,1.52584546859923,0.500251131542965,97622.0030951984,97360.630132915,TRUE,29,22,29,1,0.0897435897435897,0.758620689655172,0.862745098039216,NA,NA,NA,NA,0.000322381815007841,32.4873599157021,0.674607861124777,59.3147730347583,190,-193931.53268739,-193056.550352052,1,1,0.0897435897435897,"specific_effect_common6_specific4",29,1000,100,4,6,4,0.35,40,0.924499229583975,30,90,3
"Eta centered path BIC + refit",4,NA,NA,NA,1.52584546859923,0.523813349758799,97701.1447764146,NA,TRUE,63,22,29,1,0.0897435897435897,0.758620689655172,0.862745098039216,NA,NA,NA,NA,0.000154916487620184,6.18134365927512,0.365304304659639,58.9403105114889,119,-194580.26667463,-194032.251422498,1,1,0.0897435897435897,"specific_effect_common6_specific4",29,1000,100,4,6,4,0.35,40,0.924499229583975,30,90,3
"Rossi path BIC",4,19.9184902078319,NA,NA,NA,0.453247344558085,97245.8391881525,96952.0879448712,TRUE,2,22,100,1,1,0.22,0.360655737704918,1,0.775,0.125391849529781,0.222841225626741,0.000255371206883447,25.3492261297389,0.708640459507202,61.4096187613548,322,-192267.381176473,-190784.516376585,1,1,1,"specific_effect_common6_specific4",30,1000,100,4,6,4,0.35,40,0.924499229583975,30,90,3
"Rossi path BIC + refit",4,19.9184902078319,NA,NA,NA,0.426446911957675,97265.8081641676,NA,TRUE,64,22,100,1,1,0.22,0.360655737704918,NA,NA,NA,NA,0.000587209763907089,67.5098239367651,1.78348440148906,63.0983570725634,403,-191747.790950905,-189891.907365952,1,1,1,"specific_effect_common6_specific4",30,1000,100,4,6,4,0.35,40,0.924499229583975,30,90,3
"Separate 2D path/grid BIC",4,NA,23.6515091571621,0,NA,0.457081423099443,97239.06926291,96897.7150445276,TRUE,2,22,100,1,1,0.22,0.360655737704918,1,0.716666666666667,0.134228187919463,0.236686390532544,0.000227136373552293,21.5318239088084,0.617871657928994,61.1536823528781,301,-192398.904186846,-191012.747960864,1,1,1,"specific_effect_common6_specific4",30,1000,100,4,6,4,0.35,40,0.924499229583975,30,90,3
"Separate 2D path/grid BIC + refit",4,NA,23.6515091571621,0,NA,0.426446911957675,97265.8063786611,NA,TRUE,67,22,100,1,1,0.22,0.360655737704918,NA,NA,NA,NA,0.000586743379858623,67.4251345692004,1.78179574022433,63.0956498844159,403,-191747.787379892,-189891.903794939,1,1,1,"specific_effect_common6_specific4",30,1000,100,4,6,4,0.35,40,0.924499229583975,30,90,3
"Eta centered path BIC",4,NA,NA,NA,1.99312336594588,0.393469254609099,97005.1319401886,96656.7855498724,TRUE,37,22,29,0.954545454545455,0.102564102564103,0.724137931034483,0.823529411764706,NA,NA,NA,NA,0.000441704454852871,93.9967825239128,1.21182355656236,62.8218048176435,190,-192697.790377371,-191822.808042033,1,0.9375,0.102564102564103,"specific_effect_common6_specific4",30,1000,100,4,6,4,0.35,40,0.924499229583975,30,90,3
"Eta centered path BIC + refit",4,NA,NA,NA,1.99312336594588,0.478232050474513,97114.5969685068,NA,TRUE,32,22,29,0.954545454545455,0.102564102564103,0.724137931034483,0.823529411764706,NA,NA,NA,NA,0.000275975919054278,25.9652008200971,0.651796758917646,60.951267383908,119,-193407.171058815,-192859.155806682,1,0.9375,0.102564102564103,"specific_effect_common6_specific4",30,1000,100,4,6,4,0.35,40,0.924499229583975,30,90,3
"Rossi path BIC",4,33.4782759539655,NA,NA,NA,0.517888941213051,97538.0802224932,97073.48614689,TRUE,2,22,98,1,0.974358974358974,0.224489795918367,0.366666666666667,1,0.591666666666667,0.158102766798419,0.273037542662116,0.000148629780239967,8.33583776142334,0.370124416064927,59.8260132689332,256,-193307.775093567,-192128.851525954,1,1,0.974358974358974,"specific_effect_common6_specific4",31,1000,100,4,6,4,0.35,40,0.924499229583975,30,90,3
"Rossi path BIC + refit",4,33.4782759539655,NA,NA,NA,0.457053207887539,97593.7006565068,NA,TRUE,70,22,98,1,0.974358974358974,0.224489795918367,0.366666666666667,NA,NA,NA,NA,0.000621017605122172,24.1636894021035,1.39908054635347,60.7414501863016,395,-192458.837977816,-190639.79575435,1,1,0.974358974358974,"specific_effect_common6_specific4",31,1000,100,4,6,4,0.35,40,0.924499229583975,30,90,3
"Separate 2D path/grid BIC",4,NA,37.0759243915314,0,NA,0.523942173854314,97529.4254184446,97024.075073825,TRUE,2,22,97,1,0.961538461538462,0.22680412371134,0.369747899159664,1,0.547222222222222,0.168776371308017,0.288808664259928,0.000129383148704344,7.96890431740539,0.333758071847589,59.7586402505738,240,-193400.989569933,-192295.748725296,1,1,0.961538461538462,"specific_effect_common6_specific4",31,1000,100,4,6,4,0.35,40,0.924499229583975,30,90,3
"Separate 2D path/grid BIC + refit",4,NA,37.0759243915314,0,NA,0.470669320002172,97592.0858693107,NA,TRUE,37,22,97,1,0.961538461538462,0.22680412371134,0.369747899159664,NA,NA,NA,NA,0.000562793675034325,16.7213402892264,1.21255847908655,60.1909269998991,391,-192483.239424539,-190682.617881818,1,1,0.961538461538462,"specific_effect_common6_specific4",31,1000,100,4,6,4,0.35,40,0.924499229583975,30,90,3
"Eta centered path BIC",4,NA,NA,NA,1.1681202952923,0.503342794570109,97436.1760846475,97189.4869362736,TRUE,26,22,45,1,0.294871794871795,0.488888888888889,0.656716417910448,NA,NA,NA,NA,0.0002634482216454,29.7827443828651,0.531984753286016,61.0075712496706,238,-193228.306412897,-192132.275908632,1,1,0.294871794871795,"specific_effect_common6_specific4",31,1000,100,4,6,4,0.35,40,0.924499229583975,30,90,3
"Eta centered path BIC + refit",4,NA,NA,NA,1.1681202952923,0.4825087294991,97506.4645743074,NA,TRUE,21,22,45,1,0.294871794871795,0.488888888888889,0.656716417910448,NA,NA,NA,NA,0.000383315852756295,22.1028989453259,0.92944484900777,60.5572503345155,183,-193748.809932561,-192906.063788525,1,1,0.294871794871795,"specific_effect_common6_specific4",31,1000,100,4,6,4,0.35,40,0.924499229583975,30,90,3
"Rossi path BIC",4,13.7806967609234,NA,NA,NA,0.515236277481014,97523.0503049834,97316.138922754,TRUE,2,22,100,1,1,0.22,0.360655737704918,1,0.811111111111111,0.120481927710843,0.21505376344086,0.000246119828356954,10.8346842738484,0.558354694863213,59.9631703757102,335,-192732.002591508,-191189.270579202,1,1,1,"specific_effect_common6_specific4",32,1000,100,4,6,4,0.35,40,0.924499229583975,30,90,3
"Rossi path BIC + refit",4,13.7806967609234,NA,NA,NA,0.503175723333023,97530.8014270563,NA,TRUE,13,22,100,1,1,0.22,0.360655737704918,NA,NA,NA,NA,0.000335556862582299,11.7864931042899,0.746567595396723,60.0225108048733,403,-192277.777476683,-190421.89389173,1,1,1,"specific_effect_common6_specific4",32,1000,100,4,6,4,0.35,40,0.924499229583975,30,90,3
"Separate 2D path/grid BIC",4,NA,65.0126041649285,0,NA,0.567116299569638,97426.2979833743,96626.6293679634,TRUE,2,22,87,1,0.833333333333333,0.252873563218391,0.403669724770642,1,0.297222222222222,0.272108843537415,0.427807486631016,9.40748820773397e-05,5.31320685265487,0.204809356943019,59.1157198647338,150,-193816.432674901,-193125.657147003,1,1,0.833333333333333,"specific_effect_common6_specific4",32,1000,100,4,6,4,0.35,40,0.924499229583975,30,90,3
"Separate 2D path/grid BIC + refit",4,NA,65.0126041649285,0,NA,0.521794196549232,97521.9013179113,NA,TRUE,18,22,87,1,0.833333333333333,0.252873563218391,0.403669724770642,NA,NA,NA,NA,0.000304792244692785,9.12271486025947,0.656374572281749,59.7146469399684,351,-192619.1805329,-191002.765797618,1,1,0.833333333333333,"specific_effect_common6_specific4",32,1000,100,4,6,4,0.35,40,0.924499229583975,30,90,3
"Eta centered path BIC",4,NA,NA,NA,1.89007878666836,0.472842833165016,97279.4103945691,96980.1421341228,TRUE,37,22,20,0.818181818181818,0.0256410256410256,0.9,0.857142857142857,NA,NA,NA,NA,0.000344876064229409,65.4549502613816,0.891687203254155,61.5010070632996,163,-193432.856678664,-192682.213938348,1,0.75,0.0256410256410256,"specific_effect_common6_specific4",32,1000,100,4,6,4,0.35,40,0.924499229583975,30,90,3
"Eta centered path BIC + refit",4,NA,NA,NA,1.89007878666836,0.537165348283274,97325.0457093107,NA,TRUE,46,22,20,0.818181818181818,0.0256410256410256,0.9,0.857142857142857,NA,NA,NA,NA,0.000273214406059167,6.77584409334303,0.356460603680663,58.9265910963557,83,-194076.747730466,-193694.518605029,1,0.75,0.0256410256410256,"specific_effect_common6_specific4",32,1000,100,4,6,4,0.35,40,0.924499229583975,30,90,3
"Rossi path BIC",4,16.6396878563434,NA,NA,NA,0.524454410032193,97850.5943358077,97597.9927697156,TRUE,2,22,100,1,1,0.22,0.360655737704918,1,0.822222222222222,0.119047619047619,0.212765957446808,0.000271852444415953,8.11469119227483,0.632966025212691,59.8520408833038,339,-193359.459632041,-191798.306938991,1,1,1,"specific_effect_common6_specific4",33,1000,100,4,6,4,0.35,40,0.924499229583975,30,90,3
"Rossi path BIC + refit",4,16.6396878563434,NA,NA,NA,0.49976114119425,97863.290164778,NA,TRUE,14,22,100,1,1,0.22,0.360655737704918,NA,NA,NA,NA,0.000396243440188855,8.95898752264677,0.899856241480908,59.9653992765936,403,-192942.754952126,-191086.871367173,1,1,1,"specific_effect_common6_specific4",33,1000,100,4,6,4,0.35,40,0.924499229583975,30,90,3
"Separate 2D path/grid BIC",4,NA,30.162772775326,0,NA,0.541282728814142,97825.0895426754,97401.083851796,TRUE,2,22,99,1,0.987179487179487,0.222222222222222,0.363636363636364,1,0.666666666666667,0.142857142857143,0.25,0.000197126181154778,6.03387506888651,0.453852227686952,59.4739400662062,283,-193695.284341399,-192392.021178764,1,1,0.987179487179487,"specific_effect_common6_specific4",33,1000,100,4,6,4,0.35,40,0.924499229583975,30,90,3
"Separate 2D path/grid BIC + refit",4,NA,30.162772775326,0,NA,0.499856641075624,97863.0829536689,NA,TRUE,18,22,99,1,0.987179487179487,0.222222222222222,0.363636363636364,NA,NA,NA,NA,0.000396219546323165,8.66064089150997,0.895030800232805,59.9232900523677,399,-192969.971551024,-191132.508646815,1,1,0.987179487179487,"specific_effect_common6_specific4",33,1000,100,4,6,4,0.35,40,0.924499229583975,30,90,3
"Eta centered path BIC",4,NA,NA,NA,1.83962234762961,0.471833519999502,97605.3516065044,97308.4264119559,TRUE,32,22,21,0.863636363636364,0.0256410256410256,0.904761904761905,0.883720930232558,NA,NA,NA,NA,0.000317108235255016,38.3631052998058,0.755830780225828,60.0850494786923,166,-194064.015836698,-193299.557585824,1,0.8125,0.0256410256410256,"specific_effect_common6_specific4",33,1000,100,4,6,4,0.35,40,0.924499229583975,30,90,3
"Eta centered path BIC + refit",4,NA,NA,NA,1.83962234762961,0.514877475825572,97658.4823216356,NA,TRUE,54,22,21,0.863636363636364,0.0256410256410256,0.904761904761905,0.883720930232558,NA,NA,NA,NA,0.000278478833797587,3.66356548210994,0.425628359999697,58.9272813185897,87,-194715.989934,-194315.340127819,1,0.8125,0.0256410256410256,"specific_effect_common6_specific4",33,1000,100,4,6,4,0.35,40,0.924499229583975,30,90,3
"Rossi path BIC",4,20.5170233592731,NA,NA,NA,0.500812555672704,97890.1045232435,97562.2148868667,TRUE,2,22,100,1,1,0.22,0.360655737704918,0.95,0.697222222222222,0.131487889273356,0.231003039513678,0.0020210730331422,137.107264592843,3.64124914705549,59.9603776504254,292,-193763.144505024,-192418.434810716,1,1,1,"specific_effect_common6_specific4",34,1000,100,4,6,4,0.35,40,0.924499229583975,30,90,3
"Rossi path BIC + refit",4,20.5170233592731,NA,NA,NA,0.506242546483172,97914.317072536,NA,TRUE,14,22,100,1,1,0.22,0.360655737704918,NA,NA,NA,NA,0.00245983976473422,193.397217999821,4.87658954683473,60.8966608188142,403,-193044.808767642,-191188.925182689,1,1,1,"specific_effect_common6_specific4",34,1000,100,4,6,4,0.35,40,0.924499229583975,30,90,3
"Separate 2D path/grid BIC",4,NA,34.6496997662859,0,NA,0.565690383567764,97852.4557180802,97392.8374824027,TRUE,2,22,97,1,0.961538461538462,0.22680412371134,0.369747899159664,1,0.522222222222222,0.175438596491228,0.298507462686567,0.000152193156230291,2.40149522595909,0.309499056916952,57.8391545514397,231,-194109.219966716,-193045.425653752,1,1,0.961538461538462,"specific_effect_common6_specific4",34,1000,100,4,6,4,0.35,40,0.924499229583975,30,90,3
"Separate 2D path/grid BIC + refit",4,NA,34.6496997662859,0,NA,0.492494972999481,97909.8513561537,NA,TRUE,90,22,97,1,0.961538461538462,0.22680412371134,0.369747899159664,NA,NA,NA,NA,0.000487931257423486,13.1163616805929,1.06884022669251,59.3936810730221,391,-193118.770398225,-191318.148855504,1,1,0.961538461538462,"specific_effect_common6_specific4",34,1000,100,4,6,4,0.35,40,0.924499229583975,30,90,3
"Eta centered path BIC",4,NA,NA,NA,1.97338850989137,0.508437935438989,97703.4633739743,97285.1507329642,TRUE,7,22,42,0.863636363636364,0.294871794871795,0.452380952380952,0.59375,NA,NA,NA,NA,0.000679703263734626,52.5747770331938,1.41016817772249,59.4588928071741,229,-193825.050789062,-192770.46681647,1,0.8125,0.294871794871795,"specific_effect_common6_specific4",34,1000,100,4,6,4,0.35,40,0.924499229583975,30,90,3
"Eta centered path BIC + refit",4,NA,NA,NA,1.97338850989137,0.529073145865697,97804.5328682305,NA,TRUE,12,22,42,0.863636363636364,0.294871794871795,0.452380952380952,0.59375,NA,NA,NA,NA,0.00109410859587128,51.7789606188,2.41635034895437,61.1550670649269,171,-194427.839583755,-193640.355481951,1,0.8125,0.294871794871795,"specific_effect_common6_specific4",34,1000,100,4,6,4,0.35,40,0.924499229583975,30,90,3
"Rossi path BIC",4,28.8899691084196,NA,NA,NA,0.541078442262454,97859.4635737858,97457.8091519754,TRUE,2,22,99,1,0.987179487179487,0.222222222222222,0.363636363636364,1,0.633333333333333,0.149253731343284,0.25974025974026,0.000167554452401288,4.16621748065133,0.348692748541626,59.4912642910149,271,-193846.925466967,-192598.924346565,1,1,0.987179487179487,"specific_effect_common6_specific4",35,1000,100,4,6,4,0.35,40,0.924499229583975,30,90,3
"Rossi path BIC + refit",4,28.8899691084196,NA,NA,NA,0.498669394925771,97894.6176090778,NA,TRUE,20,22,99,1,0.987179487179487,0.222222222222222,0.363636363636364,NA,NA,NA,NA,0.000376549190506632,3.10696834064709,0.68377961523039,59.137236258287,399,-193033.040861842,-191195.577957633,1,1,0.987179487179487,"specific_effect_common6_specific4",35,1000,100,4,6,4,0.35,40,0.924499229583975,30,90,3
"Separate 2D path/grid BIC",4,NA,57.6177609335122,0,NA,0.55048659283585,97799.9188300732,97082.8756098176,TRUE,2,22,86,1,0.82051282051282,0.255813953488372,0.407407407407407,1,0.352777777777778,0.239520958083832,0.386473429951691,0.000100732362352463,3.17506139830135,0.203757309462994,59.121723457824,170,-194425.519262719,-193642.640331101,1,1,0.82051282051282,"specific_effect_common6_specific4",35,1000,100,4,6,4,0.35,40,0.924499229583975,30,90,3
"Separate 2D path/grid BIC + refit",4,NA,57.6177609335122,0,NA,0.4971052292431,97886.3025258869,NA,TRUE,29,22,86,1,0.82051282051282,0.255813953488372,0.407407407407407,NA,NA,NA,NA,0.000374323615815537,2.68398579896767,0.655050239495482,58.9064645749052,347,-193375.613969967,-191777.619915429,1,1,0.82051282051282,"specific_effect_common6_specific4",35,1000,100,4,6,4,0.35,40,0.924499229583975,30,90,3
"Eta centered path BIC",4,NA,NA,NA,1.25788504426331,0.480503242304482,97708.5050426305,97482.3283823385,FALSE,100,22,33,0.954545454545455,0.153846153846154,0.636363636363636,0.763636363636364,NA,NA,NA,NA,0.00036952581799552,35.6329316638307,0.712543030932363,61.1483889113711,202,-194021.643518907,-193091.399141337,1,0.9375,0.153846153846154,"specific_effect_common6_specific4",35,1000,100,4,6,4,0.35,40,0.924499229583975,30,90,3
"Eta centered path BIC + refit",4,NA,NA,NA,1.25788504426331,0.541888152797023,97766.8269079001,NA,TRUE,51,22,33,0.954545454545455,0.153846153846154,0.636363636363636,0.763636363636364,NA,NA,NA,NA,0.000199736567461293,0.866999505189266,0.340688051338892,58.3600372331056,135,-194601.106853138,-193979.408878029,1,0.9375,0.153846153846154,"specific_effect_common6_specific4",35,1000,100,4,6,4,0.35,40,0.924499229583975,30,90,3
"Rossi path BIC",4,25.299879365043,NA,NA,NA,0.530215471137325,97614.6080049745,97255.1677734742,TRUE,2,22,99,1,0.987179487179487,0.222222222222222,0.363636363636364,1,0.680555555555556,0.140350877192982,0.246153846153846,0.00019747960189781,5.27586135895064,0.402224958549608,59.4208452954703,288,-193239.782489602,-191913.493476038,1,1,0.987179487179487,"specific_effect_common6_specific4",36,1000,100,4,6,4,0.35,40,0.924499229583975,30,90,3
"Rossi path BIC + refit",4,25.299879365043,NA,NA,NA,0.513486386561558,97640.5831133693,NA,TRUE,23,22,99,1,0.987179487179487,0.222222222222222,0.363636363636364,NA,NA,NA,NA,0.000365517151796546,6.22450724086216,0.742016902338716,59.6219795876591,399,-192524.971870425,-190687.508966215,1,1,0.987179487179487,"specific_effect_common6_specific4",36,1000,100,4,6,4,0.35,40,0.924499229583975,30,90,3
"Separate 2D path/grid BIC",4,NA,51.8142641134617,0,NA,0.547216370111128,97565.0358728526,96898.1033263016,TRUE,2,22,89,1,0.858974358974359,0.247191011235955,0.396396396396396,1,0.402777777777778,0.216216216216216,0.355555555555556,0.000116867245305371,3.32063810109667,0.228684615137797,58.8584815455592,188,-193831.413753257,-192965.641758291,1,1,0.858974358974359,"specific_effect_common6_specific4",36,1000,100,4,6,4,0.35,40,0.924499229583975,30,90,3
"Separate 2D path/grid BIC + refit",4,NA,51.8142641134617,0,NA,0.51740834359862,97633.6041820717,NA,TRUE,26,22,89,1,0.858974358974359,0.247191011235955,0.396396396396396,NA,NA,NA,NA,0.000347869932208124,5.26566015640883,0.693509688500569,59.4456296940861,359,-192787.324218989,-191134.068122219,1,1,0.858974358974359,"specific_effect_common6_specific4",36,1000,100,4,6,4,0.35,40,0.924499229583975,30,90,3
"Eta centered path BIC",4,NA,NA,NA,1.85766490768483,0.449498215856721,97399.2455450074,97094.5782035222,TRUE,34,22,22,0.863636363636364,0.0384615384615385,0.863636363636364,0.863636363636364,NA,NA,NA,NA,0.000285912258201385,26.9427538305482,0.557912497220792,59.6859353969303,169,-193631.080447867,-192852.806686435,1,0.8125,0.0384615384615385,"specific_effect_common6_specific4",36,1000,100,4,6,4,0.35,40,0.924499229583975,30,90,3
"Eta centered path BIC + refit",4,NA,NA,NA,1.85766490768483,0.539042683755435,97463.9234361751,NA,TRUE,48,22,22,0.863636363636364,0.0384615384615385,0.863636363636364,0.863636363636364,NA,NA,NA,NA,0.00030857812914275,2.93456777319319,0.326508372521627,57.5653739128725,91,-194299.241141963,-193880.170655038,1,0.8125,0.0384615384615385,"specific_effect_common6_specific4",36,1000,100,4,6,4,0.35,40,0.924499229583975,30,90,3
"Rossi path BIC",4,41.4746763334813,NA,NA,NA,0.533083625388316,98074.4867632135,97528.5812807085,TRUE,2,22,98,1,0.974358974358974,0.224489795918367,0.366666666666667,1,0.527777777777778,0.173913043478261,0.296296296296296,0.000146278353792982,5.11803057455761,0.314389451349959,59.5410141598267,233,-194539.466546424,-193466.461893089,1,1,0.974358974358974,"specific_effect_common6_specific4",37,1000,100,4,6,4,0.35,40,0.924499229583975,30,90,3
"Rossi path BIC + refit",4,41.4746763334813,NA,NA,NA,0.484069590801696,98136.1499773503,NA,TRUE,21,22,98,1,0.974358974358974,0.224489795918367,0.366666666666667,NA,NA,NA,NA,0.000397537605964959,5.45977978537625,0.782594534006177,59.7905171322351,395,-193543.736619503,-191724.694396037,1,1,0.974358974358974,"specific_effect_common6_specific4",37,1000,100,4,6,4,0.35,40,0.924499229583975,30,90,3
"Separate 2D path/grid BIC",4,NA,45.7165545184393,0,NA,0.539986144970261,98064.5892460885,97473.3058336941,TRUE,2,22,97,1,0.961538461538462,0.22680412371134,0.369747899159664,1,0.483333333333333,0.186915887850467,0.31496062992126,0.000136458648512035,4.74154775570082,0.289791588147654,59.4192725173527,217,-194630.195596638,-193630.873666278,1,1,0.961538461538462,"specific_effect_common6_specific4",37,1000,100,4,6,4,0.35,40,0.924499229583975,30,90,3
"Separate 2D path/grid BIC + refit",4,NA,45.7165545184393,0,NA,0.479345578639838,98135.726766632,NA,TRUE,23,22,97,1,0.961538461538462,0.22680412371134,0.369747899159664,NA,NA,NA,NA,0.00039707205287111,5.42463823018578,0.782350105843506,59.7814770393909,391,-193570.521219182,-191769.899676461,1,1,0.961538461538462,"specific_effect_common6_specific4",37,1000,100,4,6,4,0.35,40,0.924499229583975,30,90,3
"Eta centered path BIC",4,NA,NA,NA,1.60037172885104,0.463812060707562,97906.0385439375,97634.6519017733,TRUE,3,22,26,0.954545454545455,0.0641025641025641,0.807692307692308,0.875,NA,NA,NA,NA,0.000300645377046755,19.4471652252318,0.497854092913618,59.6070179211354,181,-194561.773382379,-193728.237578715,1,0.9375,0.0641025641025641,"specific_effect_common6_specific4",37,1000,100,4,6,4,0.35,40,0.924499229583975,30,90,3
"Eta centered path BIC + refit",4,NA,NA,NA,1.60037172885104,0.558360525600976,97977.7486321659,NA,TRUE,43,22,26,0.954545454545455,0.0641025641025641,0.807692307692308,0.875,NA,NA,NA,NA,0.000173285572502288,1.29018356815702,0.272216556497879,58.2408507690086,107,-195216.367449481,-194723.61423958,1,0.9375,0.0641025641025641,"specific_effect_common6_specific4",37,1000,100,4,6,4,0.35,40,0.924499229583975,30,90,3
"Rossi path BIC",4,17.1828386613974,NA,NA,NA,0.568636583125949,97977.0768355516,97722.1445699521,TRUE,2,22,100,1,1,0.22,0.360655737704918,1,0.802777777777778,0.121580547112462,0.21680216802168,0.000210429328971346,9.63850513869612,0.473829774491881,60.5407791176184,332,-193660.778918481,-192131.862416733,1,1,1,"specific_effect_common6_specific4",38,1000,100,4,6,4,0.35,40,0.924499229583975,30,90,3
"Rossi path BIC + refit",4,17.1828386613974,NA,NA,NA,0.557125418247287,97990.3527061997,NA,TRUE,19,22,100,1,1,0.22,0.360655737704918,NA,NA,NA,NA,0.000335526419674746,9.39666968646442,0.714251010625366,60.4814180195755,403,-193196.88003497,-191340.996450016,1,1,1,"specific_effect_common6_specific4",38,1000,100,4,6,4,0.35,40,0.924499229583975,30,90,3
"Separate 2D path/grid BIC",4,NA,35.8102766280623,0,NA,0.591928204943916,97944.1465025438,97458.6751688149,TRUE,2,22,98,1,0.974358974358974,0.224489795918367,0.366666666666667,1,0.608333333333333,0.154440154440154,0.267558528428094,0.000133654092200058,8.65326633380613,0.314306296824809,60.3585607228066,262,-194078.461121994,-192871.906533265,1,1,0.974358974358974,"specific_effect_common6_specific4",38,1000,100,4,6,4,0.35,40,0.924499229583975,30,90,3
"Separate 2D path/grid BIC + refit",4,NA,35.8102766280623,0,NA,0.555568181399819,97990.0053896946,NA,TRUE,21,22,98,1,0.974358974358974,0.224489795918367,0.366666666666667,NA,NA,NA,NA,0.000335198871900885,9.43139191176788,0.713449805824962,60.4855356212648,395,-193251.447444191,-191432.405220726,1,1,0.974358974358974,"specific_effect_common6_specific4",38,1000,100,4,6,4,0.35,40,0.924499229583975,30,90,3
"Eta centered path BIC",4,NA,NA,NA,2.11129832869029,0.504785053786219,97725.7192121581,97377.7525598521,TRUE,6,22,19,0.818181818181818,0.0128205128205128,0.947368421052632,0.878048780487805,NA,NA,NA,NA,0.000325222185039978,45.2710017072981,0.636831112502322,61.750059639002,160,-194346.197579679,-193609.370349921,1,0.75,0.0128205128205128,"specific_effect_common6_specific4",38,1000,100,4,6,4,0.35,40,0.924499229583975,30,90,3
"Eta centered path BIC + refit",4,NA,NA,NA,2.11129832869029,0.565110807267985,97756.1746734021,NA,TRUE,56,22,19,0.818181818181818,0.0128205128205128,0.947368421052632,0.878048780487805,NA,NA,NA,NA,0.000284861811444325,6.95360025815724,0.311038710243959,59.9712889234212,79,-194966.636679765,-194602.828235072,1,0.75,0.0128205128205128,"specific_effect_common6_specific4",38,1000,100,4,6,4,0.35,40,0.924499229583975,30,90,3
"Rossi path BIC",4,31.580330622704,NA,NA,NA,0.526342565055506,97837.6333556722,97393.0093602632,TRUE,2,22,100,1,1,0.22,0.360655737704918,1,0.630555555555556,0.149812734082397,0.260586319218241,0.000208065970834632,2.34615345099541,0.407491386512892,58.8915198720236,270,-193810.172786019,-192566.776835802,1,1,1,"specific_effect_common6_specific4",39,1000,100,4,6,4,0.35,40,0.924499229583975,30,90,3
"Rossi path BIC + refit",4,31.580330622704,NA,NA,NA,0.499667069060927,97882.1104312375,NA,TRUE,29,22,100,1,1,0.22,0.360655737704918,NA,NA,NA,NA,0.000502771577678935,2.80436170743302,0.880080986975143,58.7335347369368,403,-192980.395485045,-191124.511900092,1,1,1,"specific_effect_common6_specific4",39,1000,100,4,6,4,0.35,40,0.924499229583975,30,90,3
"Separate 2D path/grid BIC",4,NA,41.5494396191472,0,NA,0.531192891990539,97814.8675051542,97256.1045115635,TRUE,2,22,98,1,0.974358974358974,0.224489795918367,0.366666666666667,1,0.541666666666667,0.170212765957447,0.290909090909091,0.000164171776816571,2.11623283140227,0.33189681521644,58.8295926541595,238,-193985.689253911,-192889.658749645,1,1,0.974358974358974,"specific_effect_common6_specific4",39,1000,100,4,6,4,0.35,40,0.924499229583975,30,90,3
"Separate 2D path/grid BIC + refit",4,NA,41.5494396191472,0,NA,0.501395006960912,97881.1099847366,NA,TRUE,34,22,98,1,0.974358974358974,0.224489795918367,0.366666666666667,NA,NA,NA,NA,0.000503577309116537,2.95024111563931,0.894446303988541,58.7822855840499,395,-193033.656634275,-191214.61441081,1,1,0.974358974358974,"specific_effect_common6_specific4",39,1000,100,4,6,4,0.35,40,0.924499229583975,30,90,3
"Eta centered path BIC",4,NA,NA,NA,1.61914546574775,0.520312967841101,97684.7473469564,97394.1139975207,TRUE,21,22,23,1,0.0128205128205128,0.956521739130435,0.977777777777778,NA,NA,NA,NA,0.000263419577969513,11.2288434861166,0.446527469835596,58.1978432228508,172,-194181.360785928,-193389.271513938,1,1,0.0128205128205128,"specific_effect_common6_specific4",39,1000,100,4,6,4,0.35,40,0.924499229583975,30,90,3
"Eta centered path BIC + refit",4,NA,NA,NA,1.61914546574775,0.537960028116343,97721.2898145155,NA,TRUE,30,22,23,1,0.0128205128205128,0.956521739130435,0.977777777777778,NA,NA,NA,NA,0.000186686701675311,0.989955666285135,0.322094513814089,57.8514958923961,95,-194786.342877528,-194348.851709859,1,1,0.0128205128205128,"specific_effect_common6_specific4",39,1000,100,4,6,4,0.35,40,0.924499229583975,30,90,3
"Rossi path BIC",4,5.74825630642095,NA,NA,NA,0.540722170762774,97911.0564327868,97818.9699999755,TRUE,2,22,100,1,1,0.22,0.360655737704918,1,0.930555555555556,0.106666666666667,0.192771084337349,0.000331573000295619,3.45846484360416,0.668999975735654,58.842034888936,378,-193210.981370118,-191470.227039815,1,1,1,"specific_effect_common6_specific4",40,1000,100,4,6,4,0.35,40,0.924499229583975,30,90,3
"Rossi path BIC + refit",4,5.74825630642095,NA,NA,NA,0.527099846625588,97912.8279003098,NA,TRUE,10,22,100,1,1,0.22,0.360655737704918,NA,NA,NA,NA,0.000384106116166362,3.30837568983078,0.760101292374316,58.770450505841,403,-193041.83042319,-191185.946838237,1,1,1,"specific_effect_common6_specific4",40,1000,100,4,6,4,0.35,40,0.924499229583975,30,90,3
"Separate 2D path/grid BIC",4,NA,48.6945612042229,3.20012886441021,NA,0.488300357940036,97773.0736303061,96494.742375256,TRUE,2,22,93,1,0.91025641025641,0.236559139784946,0.382608695652174,1,0.394444444444444,0.21978021978022,0.36036036036036,0.000205108641904773,35.9101712626701,0.304635741098601,51.7046960947972,185,-194268.212534001,-193416.256049593,1,1,0.91025641025641,"specific_effect_common6_specific4",40,1000,100,4,6,4,0.35,40,0.924499229583975,30,90,3
"Separate 2D path/grid BIC + refit",4,NA,48.6945612042229,3.20012886441021,NA,0.526013826557564,97904.3632627058,NA,TRUE,41,22,93,1,0.91025641025641,0.236559139784946,0.382608695652174,NA,NA,NA,NA,0.000356851746682408,3.54120165650561,0.734756549415345,58.7614365763647,375,-193218.318295793,-191491.379476048,1,1,0.91025641025641,"specific_effect_common6_specific4",40,1000,100,4,6,4,0.35,40,0.924499229583975,30,90,3
"Eta centered path BIC",4,NA,NA,NA,1.47786801583188,0.496758484944107,97684.6130255912,97429.3077370523,TRUE,49,22,28,0.909090909090909,0.102564102564103,0.714285714285714,0.8,NA,NA,NA,NA,0.000279582515849708,22.5576709919248,0.50192340802113,59.3935805874057,187,-194077.475814013,-193216.308989233,1,0.875,0.102564102564103,"specific_effect_common6_specific4",40,1000,100,4,6,4,0.35,40,0.924499229583975,30,90,3
"Eta centered path BIC + refit",4,NA,NA,NA,1.47786801583188,0.556474595880507,97740.7686341029,NA,TRUE,39,22,28,0.909090909090909,0.102564102564103,0.714285714285714,0.8,NA,NA,NA,NA,0.000222193226618452,1.78222829803441,0.340110194344212,57.8476922217891,115,-194687.145411123,-194157.550839734,1,0.875,0.102564102564103,"specific_effect_common6_specific4",40,1000,100,4,6,4,0.35,40,0.924499229583975,30,90,3
"Rossi path BIC",4,39.832365054094,NA,NA,NA,0.583600124390879,98277.4707949115,97743.9283974291,TRUE,3,22,99,1,0.987179487179487,0.222222222222222,0.363636363636364,1,0.555555555555556,0.166666666666667,0.285714285714286,0.000150025145988957,3.90281706157543,0.292076306723778,59.0817366775987,243,-194876.35705703,-193757.300701835,1,1,0.987179487179487,"specific_effect_common6_specific4",41,1000,100,4,6,4,0.35,40,0.924499229583975,30,90,3
"Rossi path BIC + refit",4,39.832365054094,NA,NA,NA,0.51257838897653,98354.7350628091,NA,TRUE,77,22,99,1,0.987179487179487,0.222222222222222,0.363636363636364,NA,NA,NA,NA,0.000719125712330625,5.21366439710557,1.23540744582909,58.4380332258744,399,-193953.275769304,-192115.812865095,1,1,0.987179487179487,"specific_effect_common6_specific4",41,1000,100,4,6,4,0.35,40,0.924499229583975,30,90,3
"Separate 2D path/grid BIC",4,NA,39.9548628447643,1.60584894902719,NA,0.580431626913685,98258.3429717786,97377.6317564553,TRUE,2,22,98,1,0.974358974358974,0.224489795918367,0.366666666666667,1,0.511111111111111,0.178571428571429,0.303030303030303,0.000127763780112116,6.62178153439772,0.226705524831148,55.0134123227198,227,-194948.625495228,-193903.251863009,1,1,0.974358974358974,"specific_effect_common6_specific4",41,1000,100,4,6,4,0.35,40,0.924499229583975,30,90,3
"Separate 2D path/grid BIC + refit",4,NA,39.9548628447643,1.60584894902719,NA,0.503096868559231,98349.8475513163,NA,FALSE,100,22,98,1,0.974358974358974,0.224489795918367,0.366666666666667,NA,NA,NA,NA,0.000809723861959717,11.6280957830313,1.16476123638622,57.4955892957879,395,-193971.131767435,-192152.089543969,1,1,0.974358974358974,"specific_effect_common6_specific4",41,1000,100,4,6,4,0.35,40,0.924499229583975,30,90,3
"Eta centered path BIC",4,NA,NA,NA,1.77351891755708,0.517920282709138,98126.3375628784,97792.2802667024,TRUE,36,22,31,0.954545454545455,0.128205128205128,0.67741935483871,0.792452830188679,NA,NA,NA,NA,0.000363907073991464,91.2642548291779,1.03499583986605,62.3094272218493,196,-194898.755091076,-193996.141734623,1,0.9375,0.128205128205128,"specific_effect_common6_specific4",41,1000,100,4,6,4,0.35,40,0.924499229583975,30,90,3
"Eta centered path BIC + refit",4,NA,NA,NA,1.77351891755708,0.548603381496274,98194.0766097946,NA,TRUE,17,22,31,0.954545454545455,0.128205128205128,0.67741935483871,0.792452830188679,NA,NA,NA,NA,0.000369799267777073,70.1716076566901,1.13154515187876,62.2134690537936,127,-195510.868299158,-194926.011685538,1,0.9375,0.128205128205128,"specific_effect_common6_specific4",41,1000,100,4,6,4,0.35,40,0.924499229583975,30,90,3
"Rossi path BIC",4,17.5802015057934,NA,NA,NA,0.462357713022309,97568.0400122682,97310.10582927,TRUE,2,22,100,1,1,0.22,0.360655737704918,1,0.75,0.129032258064516,0.228571428571429,0.000226259976199867,12.1731309995909,0.532762469795489,60.4060015787376,313,-192973.952622215,-191532.534354001,1,1,1,"specific_effect_common6_specific4",42,1000,100,4,6,4,0.35,40,0.924499229583975,30,90,3
"Rossi path BIC + refit",4,17.5802015057934,NA,NA,NA,0.448228377443409,97581.1664269027,NA,TRUE,16,22,100,1,1,0.22,0.360655737704918,NA,NA,NA,NA,0.000340452125662394,12.8999177779306,0.817375831231439,60.392422229497,403,-192378.507476376,-190522.623891422,1,1,1,"specific_effect_common6_specific4",42,1000,100,4,6,4,0.35,40,0.924499229583975,30,90,3
"Separate 2D path/grid BIC",4,NA,49.4251117170136,1.47528171293713,NA,0.510763214543789,97491.7549075689,96535.6859604291,TRUE,2,22,88,1,0.846153846153846,0.25,0.4,1,0.363888888888889,0.233918128654971,0.37914691943128,0.000101776088110005,3.68562273169587,0.220296518379917,56.1488027751201,174,-193781.560396595,-192980.260784233,1,1,0.846153846153846,"specific_effect_common6_specific4",42,1000,100,4,6,4,0.35,40,0.924499229583975,30,90,3
"Separate 2D path/grid BIC + refit",4,NA,49.4251117170136,1.47528171293713,NA,0.457071293047771,97575.1006070417,NA,TRUE,30,22,88,1,0.846153846153846,0.25,0.4,NA,NA,NA,NA,0.000324541032504047,10.5046411648899,0.749816932488693,60.1650061239259,355,-192697.948090045,-191063.112674019,1,1,0.846153846153846,"specific_effect_common6_specific4",42,1000,100,4,6,4,0.35,40,0.924499229583975,30,90,3
"Eta centered path BIC",4,NA,NA,NA,1.72525056805265,0.413049707697301,97365.4902598576,97087.8322192398,TRUE,33,22,22,0.909090909090909,0.0256410256410256,0.909090909090909,0.909090909090909,NA,NA,NA,NA,0.000302818690430565,53.6064110031473,0.762789867136727,61.4671614308924,169,-193563.569877567,-192785.296116135,1,0.875,0.0256410256410256,"specific_effect_common6_specific4",42,1000,100,4,6,4,0.35,40,0.924499229583975,30,90,3
"Eta centered path BIC + refit",4,NA,NA,NA,1.72525056805265,0.500362811671988,97418.3575324758,NA,TRUE,46,22,22,0.909090909090909,0.0256410256410256,0.909090909090909,0.909090909090909,NA,NA,NA,NA,0.000201050704084874,3.44856920076037,0.297052637971268,58.8931320030651,91,-194208.109334564,-193789.038847639,1,0.875,0.0256410256410256,"specific_effect_common6_specific4",42,1000,100,4,6,4,0.35,40,0.924499229583975,30,90,3
"Rossi path BIC",4,4.9513334635584,NA,NA,NA,0.467325894171194,97716.9064717169,97635.8755445309,TRUE,2,22,100,1,1,0.22,0.360655737704918,1,0.933333333333333,0.106382978723404,0.192307692307692,0.000502026229549606,3.27828039129251,0.76778708121367,58.4944129975277,379,-192815.7736927,-191070.41419221,1,1,1,"specific_effect_common6_specific4",43,1000,100,4,6,4,0.35,40,0.924499229583975,30,90,3
"Rossi path BIC + refit",4,4.9513334635584,NA,NA,NA,0.464174006220564,97718.6326441206,NA,TRUE,20,22,100,1,1,0.22,0.360655737704918,NA,NA,NA,NA,0.000589293980178595,3.37788713210039,0.86104535121992,58.3456226110487,403,-192653.439910811,-190797.556325858,1,1,1,"specific_effect_common6_specific4",43,1000,100,4,6,4,0.35,40,0.924499229583975,30,90,3
"Separate 2D path/grid BIC",4,NA,27.2013481292497,1.26638688793758,NA,0.496805763527385,97669.0501820113,97009.7738608849,TRUE,2,22,99,1,0.987179487179487,0.222222222222222,0.363636363636364,1,0.622222222222222,0.151515151515152,0.263157894736842,0.000303459652225713,4.18535495563506,0.449782277565102,55.6814580239321,267,-193493.729704534,-192264.149264876,1,1,0.987179487179487,"specific_effect_common6_specific4",43,1000,100,4,6,4,0.35,40,0.924499229583975,30,90,3
"Separate 2D path/grid BIC + refit",4,NA,27.2013481292497,1.26638688793758,NA,0.451748098150278,97718.780186629,NA,TRUE,24,22,99,1,0.987179487179487,0.222222222222222,0.363636363636364,NA,NA,NA,NA,0.000654004650596616,3.83202216314089,0.898049178244737,58.1365984929504,399,-192681.366016944,-190843.903112735,1,1,0.987179487179487,"specific_effect_common6_specific4",43,1000,100,4,6,4,0.35,40,0.924499229583975,30,90,3
"Eta centered path BIC",4,NA,NA,NA,2.27010166312243,0.420659793891008,97435.2609447345,97007.789615294,TRUE,42,22,33,0.909090909090909,0.166666666666667,0.606060606060606,0.727272727272727,NA,NA,NA,NA,0.00064178104095101,199.804563587919,2.18515428054194,66.0781386250954,202,-193475.155323115,-192544.910945545,1,0.875,0.166666666666667,"specific_effect_common6_specific4",43,1000,100,4,6,4,0.35,40,0.924499229583975,30,90,3
"Eta centered path BIC + refit",4,NA,NA,NA,2.27010166312243,0.469165054584363,97578.1356366649,NA,TRUE,19,22,33,0.909090909090909,0.166666666666667,0.606060606060606,0.727272727272727,NA,NA,NA,NA,0.000641254447818214,133.476189727457,2.11319014999416,64.7242949907245,135,-194223.724310667,-193602.026335559,1,0.875,0.166666666666667,"specific_effect_common6_specific4",43,1000,100,4,6,4,0.35,40,0.924499229583975,30,90,3
"Rossi path BIC",4,38.0538903218991,NA,NA,NA,0.507321684062965,97344.2420123602,96825.7449725164,TRUE,2,22,97,1,0.961538461538462,0.22680412371134,0.369747899159664,1,0.541666666666667,0.170212765957447,0.290909090909091,0.000152614050898459,4.78998883980632,0.363725870823375,59.1639125529968,238,-193044.438268323,-191948.407764057,1,1,0.961538461538462,"specific_effect_common6_specific4",44,1000,100,4,6,4,0.35,40,0.924499229583975,30,90,3
"Rossi path BIC + refit",4,38.0538903218991,NA,NA,NA,0.465613420139374,97396.0237699809,NA,TRUE,19,22,97,1,0.961538461538462,0.22680412371134,0.369747899159664,NA,NA,NA,NA,0.000384875480256411,6.45811332242747,0.884910886887555,59.2278485169701,391,-192091.11522588,-190290.493683158,1,1,0.961538461538462,"specific_effect_common6_specific4",44,1000,100,4,6,4,0.35,40,0.924499229583975,30,90,3
"Separate 2D path/grid BIC",4,NA,53.5226731397799,0,NA,0.538043443367409,97309.2092186081,96621.4505755216,TRUE,2,22,88,1,0.846153846153846,0.25,0.4,1,0.388888888888889,0.222222222222222,0.363636363636364,0.000108390462036039,3.24467133801087,0.255263352739395,58.7984192862927,183,-193354.299221162,-192511.553077127,1,1,0.846153846153846,"specific_effect_common6_specific4",44,1000,100,4,6,4,0.35,40,0.924499229583975,30,90,3
"Separate 2D path/grid BIC + refit",4,NA,53.5226731397799,0,NA,0.467698034426767,97390.2430731718,NA,TRUE,21,22,88,1,0.846153846153846,0.25,0.4,NA,NA,NA,NA,0.000369110708112856,5.86880714317446,0.838795889527298,59.1320552593872,355,-192328.233022305,-190693.397606279,1,1,0.846153846153846,"specific_effect_common6_specific4",44,1000,100,4,6,4,0.35,40,0.924499229583975,30,90,3
"Eta centered path BIC",4,NA,NA,NA,1.34390823822605,0.457131889600079,97202.9905130054,96942.6827439651,TRUE,39,22,43,0.954545454545455,0.282051282051282,0.488372093023256,0.646153846153846,NA,NA,NA,NA,0.000347447445997523,68.9061122575251,0.985111194936938,62.1034733385547,232,-192803.381801287,-191734.982318138,1,0.9375,0.282051282051282,"specific_effect_common6_specific4",44,1000,100,4,6,4,0.35,40,0.924499229583975,30,90,3
"Eta centered path BIC + refit",4,NA,NA,NA,1.34390823822605,0.475865467851495,97281.8995416402,NA,TRUE,75,22,43,0.954545454545455,0.282051282051282,0.488372093023256,0.646153846153846,NA,NA,NA,NA,0.000337224090104834,10.9605789555434,0.792215804217063,59.6847749752124,175,-193354.941909459,-192549.037126911,1,0.9375,0.282051282051282,"specific_effect_common6_specific4",44,1000,100,4,6,4,0.35,40,0.924499229583975,30,90,3
"Rossi path BIC",4,16.2832209774492,NA,NA,NA,0.486406974371535,98091.511407988,97840.819728628,TRUE,2,22,100,1,1,0.22,0.360655737704918,1,0.813888888888889,0.12012012012012,0.214477211796247,0.000302037004071572,12.7989823930548,0.71025175794275,60.3204342653143,336,-193862.017042238,-192314.679859746,1,1,1,"specific_effect_common6_specific4",45,1000,100,4,6,4,0.35,40,0.924499229583975,30,90,3
"Rossi path BIC + refit",4,16.2832209774492,NA,NA,NA,0.45095037894578,98106.5680150712,NA,TRUE,27,22,100,1,1,0.22,0.360655737704918,NA,NA,NA,NA,0.000535095938130663,8.6953146381624,1.09306621014183,60.0906094560438,403,-193429.310652713,-191573.427067759,1,1,1,"specific_effect_common6_specific4",45,1000,100,4,6,4,0.35,40,0.924499229583975,30,90,3
"Separate 2D path/grid BIC",4,NA,31.5716308634545,0,NA,0.499643301851067,98056.2908046044,97617.2076010186,TRUE,2,22,99,1,0.987179487179487,0.222222222222222,0.363636363636364,1,0.663888888888889,0.14336917562724,0.250783699059561,0.00017700257985048,14.6852157174217,0.471792405177581,60.4138709668088,282,-194164.594620536,-192865.936628087,1,1,0.987179487179487,"specific_effect_common6_specific4",45,1000,100,4,6,4,0.35,40,0.924499229583975,30,90,3
"Separate 2D path/grid BIC + refit",4,NA,31.5716308634545,0,NA,0.449127920500919,98106.3527909207,NA,TRUE,35,22,99,1,0.987179487179487,0.222222222222222,0.363636363636364,NA,NA,NA,NA,0.000533252491206121,9.05749549465249,1.09519699184076,60.1358561344844,399,-193456.511225527,-191619.048321318,1,1,0.987179487179487,"specific_effect_common6_specific4",45,1000,100,4,6,4,0.35,40,0.924499229583975,30,90,3
"Eta centered path BIC",4,NA,NA,NA,2.34377048126164,0.325930305150258,97722.8169199258,97370.6237349534,TRUE,24,22,19,0.772727272727273,0.0256410256410256,0.894736842105263,0.829268292682927,NA,NA,NA,NA,0.000651666604706937,463.991856212471,4.52053356576083,67.3112970549079,160,-194340.392995214,-193603.565765456,1,0.6875,0.0256410256410256,"specific_effect_common6_specific4",45,1000,100,4,6,4,0.35,40,0.924499229583975,30,90,3
"Eta centered path BIC + refit",4,NA,NA,NA,2.34377048126164,0.493267692786914,97867.7479648305,NA,FALSE,100,22,19,0.772727272727273,0.0256410256410256,0.894736842105263,0.829268292682927,NA,NA,NA,NA,0.000326271884253428,28.1513634947072,0.621926430861483,60.9043613396015,79,-195189.783262621,-194825.974817928,1,0.6875,0.0256410256410256,"specific_effect_common6_specific4",45,1000,100,4,6,4,0.35,40,0.924499229583975,30,90,3
"Rossi path BIC",4,30.57005139834,NA,NA,NA,0.485694853234355,97387.7511165966,96967.4759872552,TRUE,2,22,100,1,1,0.22,0.360655737704918,1,0.602777777777778,0.155642023346304,0.269360269360269,0.000183824409002257,1.19817084532187,0.401343625212882,58.0727654725327,260,-192979.485860658,-191782.141612301,1,1,1,"specific_effect_common6_specific4",46,1000,100,4,6,4,0.35,40,0.924499229583975,30,90,3
"Rossi path BIC + refit",4,30.57005139834,NA,NA,NA,0.44109541181823,97432.8848039455,NA,TRUE,43,22,100,1,1,0.22,0.360655737704918,NA,NA,NA,NA,0.000458196416485027,2.42325885459935,0.914072816300453,58.4974526110253,403,-192081.944230461,-190226.060645508,1,1,1,"specific_effect_common6_specific4",46,1000,100,4,6,4,0.35,40,0.924499229583975,30,90,3
"Separate 2D path/grid BIC",4,NA,82.1331432423955,0,NA,0.523958750197516,97292.3291762184,96318.3112609642,TRUE,2,22,75,1,0.67948717948718,0.293333333333333,0.45360824742268,0.975,0.219444444444444,0.330508474576271,0.493670886075949,0.000133865140405366,1.24782774423798,0.219062825691047,57.3086905697406,121,-193748.81996368,-193191.594371175,1,1,0.67948717948718,"specific_effect_common6_specific4",46,1000,100,4,6,4,0.35,40,0.924499229583975,30,90,3
"Separate 2D path/grid BIC + refit",4,NA,82.1331432423955,0,NA,0.459615305427293,97403.3543877881,NA,TRUE,66,22,75,1,0.67948717948718,0.293333333333333,0.45360824742268,NA,NA,NA,NA,0.000355633162738698,1.70678755943933,0.712799624800756,58.0226356113928,303,-192713.658926045,-191318.29235969,1,1,0.67948717948718,"specific_effect_common6_specific4",46,1000,100,4,6,4,0.35,40,0.924499229583975,30,90,3
"Eta centered path BIC",4,NA,NA,NA,1.60056555650464,0.468168043477549,97223.49211774,96950.9307318857,TRUE,34,22,26,0.909090909090909,0.0769230769230769,0.769230769230769,0.833333333333333,NA,NA,NA,NA,0.000322671412378849,21.0935235346305,0.557066564531132,59.2626357074995,181,-193196.680529984,-192363.14472632,1,0.875,0.0769230769230769,"specific_effect_common6_specific4",46,1000,100,4,6,4,0.35,40,0.924499229583975,30,90,3
"Eta centered path BIC + refit",4,NA,NA,NA,1.60056555650464,0.503165427037047,97279.8998248465,NA,TRUE,45,22,26,0.909090909090909,0.0769230769230769,0.769230769230769,0.833333333333333,NA,NA,NA,NA,0.000284059310477779,1.3890379554971,0.419257926803648,57.9635815656003,107,-193820.669834842,-193327.916624941,1,0.875,0.0769230769230769,"specific_effect_common6_specific4",46,1000,100,4,6,4,0.35,40,0.924499229583975,30,90,3
"Rossi path BIC",4,41.3211472772712,NA,NA,NA,0.518226310117397,97841.0462693488,97289.5287354008,TRUE,2,22,95,1,0.935897435897436,0.231578947368421,0.376068376068376,1,0.483333333333333,0.186915887850467,0.31496062992126,0.000176884249860744,2.11761253483669,0.362806015107139,58.7231044813864,217,-194183.109643158,-193183.787712799,1,1,0.935897435897436,"specific_effect_common6_specific4",47,1000,100,4,6,4,0.35,40,0.924499229583975,30,90,3
"Rossi path BIC + refit",4,41.3211472772712,NA,NA,NA,0.489505434082248,97906.3597187786,NA,TRUE,18,22,95,1,0.935897435897436,0.231578947368421,0.376068376068376,NA,NA,NA,NA,0.00047280001999398,1.87058885055635,0.888387549724719,58.8426533258204,383,-193167.049165707,-191403.268984474,1,1,0.935897435897436,"specific_effect_common6_specific4",47,1000,100,4,6,4,0.35,40,0.924499229583975,30,90,3
"Separate 2D path/grid BIC",4,NA,57.4383642906833,0,NA,0.530576604643002,97797.5354093099,97082.5131147766,TRUE,2,22,87,1,0.833333333333333,0.252873563218391,0.403669724770642,1,0.333333333333333,0.25,0.4,0.000122759827944772,1.70637470085467,0.255516307592055,58.1886467915795,163,-194469.106708146,-193718.46396783,1,1,0.833333333333333,"specific_effect_common6_specific4",47,1000,100,4,6,4,0.35,40,0.924499229583975,30,90,3
"Separate 2D path/grid BIC + refit",4,NA,57.4383642906833,0,NA,0.486764630590183,97897.8128758376,NA,TRUE,24,22,87,1,0.833333333333333,0.252873563218391,0.403669724770642,NA,NA,NA,NA,0.00046879175317926,1.67281509676936,0.890520406501581,58.7363534177443,351,-193371.003648752,-191754.588913471,1,1,0.833333333333333,"specific_effect_common6_specific4",47,1000,100,4,6,4,0.35,40,0.924499229583975,30,90,3
"Eta centered path BIC",4,NA,NA,NA,2.08815372339201,0.468277646077277,97637.889486487,97255.3313492761,TRUE,34,22,31,0.863636363636364,0.153846153846154,0.612903225806452,0.716981132075472,NA,NA,NA,NA,0.000692659613588956,62.5168405973387,1.54997887909203,61.5561964783954,196,-193921.858938294,-193019.24558184,1,0.8125,0.153846153846154,"specific_effect_common6_specific4",47,1000,100,4,6,4,0.35,40,0.924499229583975,30,90,3
"Eta centered path BIC + refit",4,NA,NA,NA,2.08815372339201,0.486786473880868,97732.1750404839,NA,TRUE,14,22,31,0.863636363636364,0.153846153846154,0.612903225806452,0.716981132075472,NA,NA,NA,NA,0.000895768439346746,46.1401505077994,1.96428404291283,61.6956569380546,127,-194587.065160537,-194002.208546917,1,0.8125,0.153846153846154,"specific_effect_common6_specific4",47,1000,100,4,6,4,0.35,40,0.924499229583975,30,90,3
"Rossi path BIC",4,15.0434952664862,NA,NA,NA,0.507745189646977,97943.2770582609,97713.7951816385,TRUE,2,22,100,1,1,0.22,0.360655737704918,1,0.833333333333333,0.117647058823529,0.210526315789474,0.000256107886533202,5.79577124537172,0.54108575732458,58.5595353601956,343,-193517.194055831,-191937.620682037,1,1,1,"specific_effect_common6_specific4",48,1000,100,4,6,4,0.35,40,0.924499229583975,30,90,3
"Rossi path BIC + refit",4,15.0434952664862,NA,NA,NA,0.451622253331152,97959.7909210961,NA,TRUE,87,22,100,1,1,0.22,0.360655737704918,NA,NA,NA,NA,0.000559414359235415,0.864738094054072,0.886588863380757,57.7832953932829,403,-193135.756464762,-191279.872879809,1,1,1,"specific_effect_common6_specific4",48,1000,100,4,6,4,0.35,40,0.924499229583975,30,90,3
"Separate 2D path/grid BIC",4,NA,33.8661969317443,2.36543137646643,NA,0.495367064344743,97882.2163273043,96913.9772276975,TRUE,2,22,98,1,0.974358974358974,0.224489795918367,0.366666666666667,1,0.55,0.168067226890756,0.287769784172662,0.000162401355901174,18.6062795202417,0.32431790368215,53.5064700312161,241,-194099.663632374,-192989.817617551,1,1,0.974358974358974,"specific_effect_common6_specific4",48,1000,100,4,6,4,0.35,40,0.924499229583975,30,90,3
"Separate 2D path/grid BIC + refit",4,NA,33.8661969317443,2.36543137646643,NA,0.468224238788967,97957.1915000037,NA,TRUE,54,22,98,1,0.974358974358974,0.224489795918367,0.366666666666667,NA,NA,NA,NA,0.000521416102720538,1.43398313127763,0.851187895477966,57.7352353825699,395,-193185.819664809,-191366.777441344,1,1,0.974358974358974,"specific_effect_common6_specific4",48,1000,100,4,6,4,0.35,40,0.924499229583975,30,90,3
"Eta centered path BIC",4,NA,NA,NA,1.56250595156188,0.482580859373209,97736.9046126097,97479.7062868689,TRUE,43,22,25,1,0.0384615384615385,0.88,0.936170212765957,NA,NA,NA,NA,0.000257040623270411,24.6852733690062,0.529174003532489,58.5662637891963,178,-194244.22878556,-193424.508492455,1,1,0.0384615384615385,"specific_effect_common6_specific4",48,1000,100,4,6,4,0.35,40,0.924499229583975,30,90,3
"Eta centered path BIC + refit",4,NA,NA,NA,1.56250595156188,0.539056022536418,97792.3590570037,NA,TRUE,36,22,25,1,0.0384615384615385,0.88,0.936170212765957,NA,NA,NA,NA,8.81968250940679e-05,2.30228765115045,0.206715459788854,57.5207363612123,103,-194873.219320272,-194398.886791116,1,1,0.0384615384615385,"specific_effect_common6_specific4",48,1000,100,4,6,4,0.35,40,0.924499229583975,30,90,3
"Rossi path BIC",4,59.5383702667421,NA,NA,NA,0.542804714710142,98144.1385115145,97379.4656651607,TRUE,2,22,93,1,0.91025641025641,0.236559139784946,0.382608695652174,1,0.433333333333333,0.204081632653061,0.338983050847458,0.000163589610056084,7.40129787148982,0.297282699051461,59.9792905832132,199,-194913.633722511,-193997.2048555,1,1,0.91025641025641,"specific_effect_common6_specific4",49,1000,100,4,6,4,0.35,40,0.924499229583975,30,90,3
"Rossi path BIC + refit",4,59.5383702667421,NA,NA,NA,0.485812984977332,98245.2746870532,NA,TRUE,20,22,93,1,0.91025641025641,0.236559139784946,0.382608695652174,NA,NA,NA,NA,0.000468841781050754,14.6194430043931,0.943637167969135,60.8932261620521,375,-193900.141144488,-192173.202324743,1,1,0.91025641025641,"specific_effect_common6_specific4",49,1000,100,4,6,4,0.35,40,0.924499229583975,30,90,3
"Separate 2D path/grid BIC",4,NA,94.5183185157677,0,NA,0.563313204677244,98063.2600407608,96952.3882308632,TRUE,2,22,67,1,0.576923076923077,0.328358208955224,0.49438202247191,0.975,0.197222222222222,0.354545454545455,0.52,0.000147570603816452,2.04198094107561,0.205323346080886,58.5298712581399,113,-195345.943734997,-194825.55950398,1,1,0.576923076923077,"specific_effect_common6_specific4",49,1000,100,4,6,4,0.35,40,0.924499229583975,30,90,3
"Separate 2D path/grid BIC + refit",4,NA,94.5183185157677,0,NA,0.497598768167539,98198.2879202327,NA,TRUE,42,22,67,1,0.576923076923077,0.328358208955224,0.49438202247191,NA,NA,NA,NA,0.000364312646575004,14.925161184955,0.774306651473475,60.8626163735572,271,-194524.574159861,-193276.573039458,1,1,0.576923076923077,"specific_effect_common6_specific4",49,1000,100,4,6,4,0.35,40,0.924499229583975,30,90,3
"Eta centered path BIC",4,NA,NA,NA,1.8891169624405,0.419300306944755,97991.0958070159,97672.4389414511,TRUE,26,22,27,0.954545454545455,0.0769230769230769,0.777777777777778,0.857142857142857,NA,NA,NA,NA,0.000390666131932697,67.0442571551438,0.945183112135759,62.1334294613629,184,-194711.164642699,-193863.813328477,1,0.9375,0.0769230769230769,"specific_effect_common6_specific4",49,1000,100,4,6,4,0.35,40,0.924499229583975,30,90,3
"Eta centered path BIC + refit",4,NA,NA,NA,1.8891169624405,0.498666710141907,98070.2054172811,NA,TRUE,31,22,27,0.954545454545455,0.0769230769230769,0.777777777777778,0.857142857142857,NA,NA,NA,NA,0.000328284188401362,25.7506498521388,0.743513767158511,61.0614548724793,111,-195373.649998595,-194862.476107951,1,0.9375,0.0769230769230769,"specific_effect_common6_specific4",49,1000,100,4,6,4,0.35,40,0.924499229583975,30,90,3
"Rossi path BIC",4,27.959046803065,NA,NA,NA,0.506027667123091,97983.8846224464,97578.5931852083,TRUE,2,22,99,1,0.987179487179487,0.222222222222222,0.363636363636364,1,0.680555555555556,0.140350877192982,0.246153846153846,0.000277463597221941,13.4577489796301,0.590661169137276,60.7527124208125,288,-193978.335724546,-192652.046710981,1,1,0.987179487179487,"specific_effect_common6_specific4",50,1000,100,4,6,4,0.35,40,0.924499229583975,30,90,3
"Rossi path BIC + refit",4,27.959046803065,NA,NA,NA,0.470558179204058,98029.0296744061,NA,TRUE,32,22,99,1,0.987179487179487,0.222222222222222,0.363636363636364,NA,NA,NA,NA,0.000790817345373095,30.5310762096036,1.78169066559479,61.9167700191199,399,-193301.864992498,-191464.402088289,1,1,0.987179487179487,"specific_effect_common6_specific4",50,1000,100,4,6,4,0.35,40,0.924499229583975,30,90,3
"Separate 2D path/grid BIC",4,NA,41.8204919292857,1.72893177996328,NA,0.537708219307727,97928.6231207538,96984.33256756,TRUE,2,22,98,1,0.974358974358974,0.224489795918367,0.366666666666667,1,0.475,0.18957345971564,0.318725099601594,0.000151982235312708,1.43539705789972,0.283874257650354,56.3617945675074,214,-194378.986611805,-193393.480192004,1,1,0.974358974358974,"specific_effect_common6_specific4",50,1000,100,4,6,4,0.35,40,0.924499229583975,30,90,3
"Separate 2D path/grid BIC + refit",4,NA,41.8204919292857,1.72893177996328,NA,0.470558179204058,98028.8598553839,NA,TRUE,51,22,98,1,0.974358974358974,0.224489795918367,0.366666666666667,NA,NA,NA,NA,0.000790813456117449,30.5381906040834,1.78067154058095,61.9099321836945,395,-193329.15637557,-191510.114152105,1,1,0.974358974358974,"specific_effect_common6_specific4",50,1000,100,4,6,4,0.35,40,0.924499229583975,30,90,3
"Eta centered path BIC",4,NA,NA,NA,1.95480360446659,0.481787815137213,97775.5718771599,97374.9215061526,TRUE,2,22,35,0.909090909090909,0.192307692307692,0.571428571428571,0.701754385964912,NA,NA,NA,NA,0.000467474060521887,132.57337329375,1.47532366972694,64.111305967891,208,-194114.330656291,-193156.455257606,1,0.875,0.192307692307692,"specific_effect_common6_specific4",50,1000,100,4,6,4,0.35,40,0.924499229583975,30,90,3
"Eta centered path BIC + refit",4,NA,NA,NA,1.95480360446659,0.509105235191442,97866.6374141978,NA,TRUE,13,22,35,0.909090909090909,0.192307692307692,0.571428571428571,0.701754385964912,NA,NA,NA,NA,0.000623484053080511,135.385981578375,2.12884690751885,64.5916042052297,143,-194745.465823501,-194086.926486905,1,0.875,0.192307692307692,"specific_effect_common6_specific4",50,1000,100,4,6,4,0.35,40,0.924499229583975,30,90,3
"Rossi path BIC",4,13.3215042374026,NA,NA,NA,0.551423432526126,98149.7661043433,97947.4476679324,TRUE,2,22,100,1,1,0.22,0.360655737704918,1,0.811111111111111,0.120481927710843,0.21505376344086,0.000294768197896193,8.01639314986414,0.591816229236429,60.2051082012626,335,-193985.434190228,-192442.702177922,1,1,1,"specific_effect_common6_specific4",51,1000,100,4,6,4,0.35,40,0.924499229583975,30,90,3
"Rossi path BIC + refit",4,13.3215042374026,NA,NA,NA,0.559599022081866,98158.177405409,NA,TRUE,13,22,100,1,1,0.22,0.360655737704918,NA,NA,NA,NA,0.000405099384942528,6.93344036638579,0.794274382762768,60.0376858647766,403,-193532.529433388,-191676.645848435,1,1,1,"specific_effect_common6_specific4",51,1000,100,4,6,4,0.35,40,0.924499229583975,30,90,3
"Separate 2D path/grid BIC",4,NA,36.2495014786748,0,NA,0.580034038655567,98107.9415193555,97621.1119139065,TRUE,2,22,94,1,0.923076923076923,0.234042553191489,0.379310344827586,1,0.533333333333333,0.172413793103448,0.294117647058824,0.000164250721393295,7.66133901221773,0.325247301296548,60.1038674027607,235,-194592.56054815,-193510.345554443,1,1,0.923076923076923,"specific_effect_common6_specific4",51,1000,100,4,6,4,0.35,40,0.924499229583975,30,90,3
"Separate 2D path/grid BIC + refit",4,NA,36.2495014786748,0,NA,0.552292120358304,98154.2810862605,NA,TRUE,15,22,94,1,0.923076923076923,0.234042553191489,0.379310344827586,NA,NA,NA,NA,0.000383420803181435,8.72556355226765,0.778178501458955,60.2973429229901,379,-193690.522921787,-191945.163421297,1,1,0.923076923076923,"specific_effect_common6_specific4",51,1000,100,4,6,4,0.35,40,0.924499229583975,30,90,3
"Eta centered path BIC",4,NA,NA,NA,1.94589709916372,0.516645682353395,97906.9781007757,97586.7441096594,TRUE,34,22,20,0.863636363636364,0.0128205128205128,0.95,0.904761904761905,NA,NA,NA,NA,0.000373998748626332,61.7483960284815,0.833755560616951,61.7884998860791,163,-194687.992091077,-193937.349350761,1,0.8125,0.0128205128205128,"specific_effect_common6_specific4",51,1000,100,4,6,4,0.35,40,0.924499229583975,30,90,3
"Eta centered path BIC + refit",4,NA,NA,NA,1.94589709916372,0.542671216204575,97971.50538508,NA,TRUE,50,22,20,0.863636363636364,0.0128205128205128,0.95,0.904761904761905,NA,NA,NA,NA,0.00028117675317496,3.76199796484542,0.352693934124696,59.2321105310201,83,-195369.667082004,-194987.437956567,1,0.8125,0.0128205128205128,"specific_effect_common6_specific4",51,1000,100,4,6,4,0.35,40,0.924499229583975,30,90,3
"Rossi path BIC",4,29.8420696256478,NA,NA,NA,0.543736258799826,97873.8512266016,97468.9912482301,TRUE,2,22,97,1,0.961538461538462,0.22680412371134,0.369747899159664,1,0.641666666666667,0.14760147601476,0.257234726688103,0.000124271582985738,8.33901257732432,0.340508589976247,59.9025363484983,274,-193854.977506762,-192593.160875801,1,1,0.961538461538462,"specific_effect_common6_specific4",52,1000,100,4,6,4,0.35,40,0.924499229583975,30,90,3
"Rossi path BIC + refit",4,29.8420696256478,NA,NA,NA,0.489994413724267,97907.6320490601,NA,TRUE,19,22,97,1,0.961538461538462,0.22680412371134,0.369747899159664,NA,NA,NA,NA,0.00029044719634058,8.19881908356473,0.649514844157372,59.7617696197217,391,-193114.331784038,-191313.710241317,1,1,0.961538461538462,"specific_effect_common6_specific4",52,1000,100,4,6,4,0.35,40,0.924499229583975,30,90,3
"Separate 2D path/grid BIC",4,NA,34.6502176468442,0,NA,0.551375305188563,97864.4020505761,97404.5641920738,TRUE,2,22,97,1,0.961538461538462,0.22680412371134,0.369747899159664,1,0.588888888888889,0.158730158730159,0.273972602739726,0.000110564855129744,7.65362801596916,0.305447609360785,59.79560880072,255,-193967.326505012,-192793.008107585,1,1,0.961538461538462,"specific_effect_common6_specific4",52,1000,100,4,6,4,0.35,40,0.924499229583975,30,90,3
"Separate 2D path/grid BIC + refit",4,NA,34.6502176468442,0,NA,0.493823174658895,97907.6420433105,NA,TRUE,19,22,97,1,0.961538461538462,0.22680412371134,0.369747899159664,NA,NA,NA,NA,0.000290832709971369,8.08014855373989,0.64724072355891,59.7373442776627,391,-193114.351772539,-191313.730229818,1,1,0.961538461538462,"specific_effect_common6_specific4",52,1000,100,4,6,4,0.35,40,0.924499229583975,30,90,3
"Eta centered path BIC",4,NA,NA,NA,1.9037601904337,0.437442950551312,97662.6794058983,97347.8761867117,TRUE,69,22,23,0.772727272727273,0.0769230769230769,0.739130434782609,0.755555555555556,NA,NA,NA,NA,0.000414251086848176,140.340676378229,1.53444233229138,64.6823133649573,172,-194137.224903812,-193345.135631822,1,0.6875,0.0769230769230769,"specific_effect_common6_specific4",52,1000,100,4,6,4,0.35,40,0.924499229583975,30,90,3
"Eta centered path BIC + refit",4,NA,NA,NA,1.9037601904337,0.490688422034891,97698.0132824197,NA,TRUE,83,22,23,0.772727272727273,0.0769230769230769,0.739130434782609,0.755555555555556,NA,NA,NA,NA,0.000343137935273411,16.3641275550668,0.546070274132124,60.5144539452525,95,-194739.789813336,-194302.298645667,1,0.6875,0.0769230769230769,"specific_effect_common6_specific4",52,1000,100,4,6,4,0.35,40,0.924499229583975,30,90,3
"Rossi path BIC",4,12.984911444207,NA,NA,NA,0.543817886252651,97844.4160306542,97646.0130142311,TRUE,2,22,100,1,1,0.22,0.360655737704918,1,0.855555555555556,0.114942528735632,0.206185567010309,0.000226262024523583,3.975205708591,0.479202903343604,59.108764549601,351,-193264.209958386,-191647.795223104,1,1,1,"specific_effect_common6_specific4",53,1000,100,4,6,4,0.35,40,0.924499229583975,30,90,3
"Rossi path BIC + refit",4,12.984911444207,NA,NA,NA,0.510804873880141,97854.0004775608,NA,TRUE,87,22,100,1,1,0.22,0.360655737704918,NA,NA,NA,NA,0.000379279177602417,7.93909385782281,0.779006516152158,59.1877230622963,403,-192924.175577692,-191068.291992739,1,1,1,"specific_effect_common6_specific4",53,1000,100,4,6,4,0.35,40,0.924499229583975,30,90,3
"Separate 2D path/grid BIC",4,NA,43.4497204069952,3.64815916165413,NA,0.458241859476755,97717.0544197521,96414.9211762748,TRUE,3,22,98,1,0.974358974358974,0.224489795918367,0.366666666666667,1,0.447222222222222,0.199004975124378,0.33195020746888,0.000203163453248259,46.8851441402214,0.292211111754985,50.7525838724257,204,-194024.926762592,-193085.47204465,1,1,0.974358974358974,"specific_effect_common6_specific4",53,1000,100,4,6,4,0.35,40,0.924499229583975,30,90,3
"Separate 2D path/grid BIC + refit",4,NA,43.4497204069952,3.64815916165413,NA,0.526429489029245,97850.573985958,NA,TRUE,41,22,98,1,0.974358974358974,0.224489795918367,0.366666666666667,NA,NA,NA,NA,0.000357411384229988,1.56449457051997,0.629683634395415,58.3948832857783,395,-192972.584636718,-191153.542413253,1,1,0.974358974358974,"specific_effect_common6_specific4",53,1000,100,4,6,4,0.35,40,0.924499229583975,30,90,3
"Eta centered path BIC",4,NA,NA,NA,1.52985042879048,0.493027826445443,97648.5046018032,97381.3295347644,TRUE,30,22,24,0.909090909090909,0.0512820512820513,0.833333333333333,0.869565217391304,NA,NA,NA,NA,0.000255010469667305,48.3080904766071,0.627873689410216,61.2069149364795,175,-194088.152029785,-193282.247247237,1,0.875,0.0512820512820513,"specific_effect_common6_specific4",53,1000,100,4,6,4,0.35,40,0.924499229583975,30,90,3
"Eta centered path BIC + refit",4,NA,NA,NA,1.52985042879048,0.522538776790099,97677.5087110042,NA,TRUE,37,22,24,0.909090909090909,0.0512820512820513,0.833333333333333,0.869565217391304,NA,NA,NA,NA,0.000213592693465338,11.532344646149,0.394924715866616,59.137443516966,99,-194671.149649389,-194215.237800976,1,0.875,0.0512820512820513,"specific_effect_common6_specific4",53,1000,100,4,6,4,0.35,40,0.924499229583975,30,90,3
"Rossi path BIC",4,33.38503141223,NA,NA,NA,0.540294891954875,97697.590291914,97231.9671244024,TRUE,3,22,98,1,0.974358974358974,0.224489795918367,0.366666666666667,1,0.597222222222222,0.156862745098039,0.271186440677966,0.000143609130666333,6.8743508285113,0.351087649482466,59.2295939219812,258,-193612.979721851,-192424.845813866,1,1,0.974358974358974,"specific_effect_common6_specific4",54,1000,100,4,6,4,0.35,40,0.924499229583975,30,90,3
"Rossi path BIC + refit",4,33.38503141223,NA,NA,NA,0.520655038672224,97738.4679697878,NA,TRUE,16,22,98,1,0.974358974358974,0.224489795918367,0.366666666666667,NA,NA,NA,NA,0.000342582410080551,6.68534158606368,0.71150292146443,59.3823134758968,395,-192748.372604378,-190929.330380912,1,1,0.974358974358974,"specific_effect_common6_specific4",54,1000,100,4,6,4,0.35,40,0.924499229583975,30,90,3
"Separate 2D path/grid BIC",4,NA,60.9148879350119,0,NA,0.556830668855555,97644.1252251399,96865.9902553251,TRUE,2,22,91,1,0.884615384615385,0.241758241758242,0.389380530973451,1,0.386111111111111,0.223463687150838,0.365296803652968,7.67525360355919e-05,4.39465224909374,0.19705737657416,58.6721336570333,182,-194031.038989505,-193192.898015655,1,1,0.884615384615385,"specific_effect_common6_specific4",54,1000,100,4,6,4,0.35,40,0.924499229583975,30,90,3
"Separate 2D path/grid BIC + refit",4,NA,60.9148879350119,0,NA,0.524661067671065,97732.0727370476,NA,TRUE,19,22,91,1,0.884615384615385,0.241758241758242,0.389380530973451,NA,NA,NA,NA,0.000323693793940362,6.15546735546289,0.670479107924186,59.2518767914434,367,-192928.999286709,-191238.901828451,1,1,0.884615384615385,"specific_effect_common6_specific4",54,1000,100,4,6,4,0.35,40,0.924499229583975,30,90,3
"Eta centered path BIC",4,NA,NA,NA,1.909504326748,0.35614805849785,97379.7735016402,97115.2899264158,TRUE,28,22,17,0.727272727272727,0.0128205128205128,0.941176470588235,0.82051282051282,NA,NA,NA,NA,0.000584920911519142,436.370110972178,4.62710919316072,64.9107949306876,154,-193695.752690317,-192986.556481675,1,0.625,0.0128205128205128,"specific_effect_common6_specific4",54,1000,100,4,6,4,0.35,40,0.924499229583975,30,90,3
"Eta centered path BIC + refit",4,NA,NA,NA,1.909504326748,0.480651488110258,97412.4541606197,NA,FALSE,100,22,17,0.727272727272727,0.0128205128205128,0.941176470588235,0.82051282051282,NA,NA,NA,NA,0.00064812490090497,100.850778225127,1.90495115705593,64.7325726336264,71,-194334.457696432,-194007.490613226,1,0.625,0.0128205128205128,"specific_effect_common6_specific4",54,1000,100,4,6,4,0.35,40,0.924499229583975,30,90,3
"Rossi path BIC",4,34.9422778886989,NA,NA,NA,0.528589238081224,97524.5745762034,97039.3593854893,TRUE,2,22,99,1,0.987179487179487,0.222222222222222,0.363636363636364,1,0.619444444444444,0.152091254752852,0.264026402640264,0.000147263379060365,2.2425448588253,0.316329112758109,58.2809884811021,266,-193211.686248198,-191986.710978725,1,1,0.987179487179487,"specific_effect_common6_specific4",55,1000,100,4,6,4,0.35,40,0.924499229583975,30,90,3
"Rossi path BIC + refit",4,34.9422778886989,NA,NA,NA,0.496257294102594,97573.2655804217,NA,TRUE,16,22,99,1,0.987179487179487,0.222222222222222,0.363636363636364,NA,NA,NA,NA,0.000400233498703033,3.09929114350616,0.763592963415786,58.1453226803843,399,-192390.336804529,-190552.87390032,1,1,0.987179487179487,"specific_effect_common6_specific4",55,1000,100,4,6,4,0.35,40,0.924499229583975,30,90,3
"Separate 2D path/grid BIC",4,NA,66.864736742032,0,NA,0.53122618213898,97450.3782590934,96625.2384884881,TRUE,2,22,82,1,0.769230769230769,0.268292682926829,0.423076923076923,1,0.3,0.27027027027027,0.425531914893617,7.21252012082888e-05,0.373482724989263,0.147086818510796,57.5842053227782,151,-193857.685471061,-193162.304772976,1,1,0.769230769230769,"specific_effect_common6_specific4",55,1000,100,4,6,4,0.35,40,0.924499229583975,30,90,3
"Separate 2D path/grid BIC + refit",4,NA,66.864736742032,0,NA,0.495700755226438,97552.3596057205,NA,TRUE,18,22,82,1,0.769230769230769,0.268292682926829,0.423076923076923,NA,NA,NA,NA,0.000347860560955697,1.8820923513682,0.646801901333535,57.6363478564932,331,-192818.252214098,-191293.940882536,1,1,0.769230769230769,"specific_effect_common6_specific4",55,1000,100,4,6,4,0.35,40,0.924499229583975,30,90,3
"Eta centered path BIC",4,NA,NA,NA,1.25062234627211,0.449308904357139,97387.0049367399,97155.285200409,FALSE,100,22,39,1,0.217948717948718,0.564102564102564,0.721311475409836,NA,NA,NA,NA,0.000284804607100787,49.6805581053838,0.716660817434609,60.7145957338995,220,-193254.303712104,-192241.166271186,1,1,0.217948717948718,"specific_effect_common6_specific4",55,1000,100,4,6,4,0.35,40,0.924499229583975,30,90,3
"Eta centered path BIC + refit",4,NA,NA,NA,1.25062234627211,0.505528043586902,97461.0799899399,NA,TRUE,52,22,39,1,0.217948717948718,0.564102564102564,0.721311475409836,NA,NA,NA,NA,0.000210900184877158,3.95873613689951,0.449251243950098,58.2400223633173,159,-193823.826890522,-193091.60483095,1,1,0.217948717948718,"specific_effect_common6_specific4",55,1000,100,4,6,4,0.35,40,0.924499229583975,30,90,3
"Rossi path BIC",4,33.6171177406909,NA,NA,NA,0.511005633003369,98058.2023466667,97556.3332867124,TRUE,2,22,100,1,1,0.22,0.360655737704918,0.975,0.680555555555556,0.137323943661972,0.240740740740741,0.000874258244568942,317.047666152159,4.14386523932729,63.9400683603654,287,-194133.878928266,-192812.195084887,1,1,1,"specific_effect_common6_specific4",56,1000,100,4,6,4,0.35,40,0.924499229583975,30,90,3
"Rossi path BIC + refit",4,33.6171177406909,NA,NA,NA,0.504985520544737,98120.1781129656,NA,TRUE,20,22,100,1,1,0.22,0.360655737704918,NA,NA,NA,NA,0.00148044640713612,333.183003020112,5.22990608317646,64.2635878112762,403,-193456.530848501,-191600.647263548,1,1,1,"specific_effect_common6_specific4",56,1000,100,4,6,4,0.35,40,0.924499229583975,30,90,3
"Separate 2D path/grid BIC",4,NA,87.9436415981454,1.24486739354786,NA,0.54228501752977,97934.3599717066,96636.8049002029,TRUE,2,22,71,1,0.628205128205128,0.309859154929577,0.473118279569892,1,0.183333333333333,0.377358490566038,0.547945205479452,0.000170828738799076,10.9253189040609,0.274396010220894,55.1491544566646,109,-195115.774618004,-194613.811067731,1,1,0.628205128205128,"specific_effect_common6_specific4",56,1000,100,4,6,4,0.35,40,0.924499229583975,30,90,3
"Separate 2D path/grid BIC + refit",4,NA,87.9436415981454,1.24486739354786,NA,0.517085976350239,98065.9964750718,NA,TRUE,39,22,71,1,0.628205128205128,0.309859154929577,0.473118279569892,NA,NA,NA,NA,0.000389307504795307,2.62802344018309,0.710926323915214,57.6921481469111,287,-194149.467185076,-192827.783341697,1,1,0.628205128205128,"specific_effect_common6_specific4",56,1000,100,4,6,4,0.35,40,0.924499229583975,30,90,3
"Eta centered path BIC",4,NA,NA,NA,1.98128831422628,0.505648597038338,97853.67239718,97526.2548237234,TRUE,43,22,20,0.863636363636364,0.0128205128205128,0.95,0.904761904761905,NA,NA,NA,NA,0.000333162623714793,32.4847622727279,0.702501793546673,58.9308749335664,163,-194581.380683886,-193830.73794357,1,0.8125,0.0128205128205128,"specific_effect_common6_specific4",56,1000,100,4,6,4,0.35,40,0.924499229583975,30,90,3
"Eta centered path BIC + refit",4,NA,NA,NA,1.98128831422628,0.540471086606439,97903.9133996856,NA,TRUE,29,22,20,0.863636363636364,0.0128205128205128,0.95,0.904761904761905,NA,NA,NA,NA,0.000286286079679766,4.7849389050372,0.3749493770195,58.7942379546365,83,-195234.483111216,-194852.253985779,1,0.8125,0.0128205128205128,"specific_effect_common6_specific4",56,1000,100,4,6,4,0.35,40,0.924499229583975,30,90,3
"Rossi path BIC",4,39.3085571579857,NA,NA,NA,0.51300794116964,97846.7707861728,97314.9875868816,TRUE,2,22,98,1,0.974358974358974,0.224489795918367,0.366666666666667,1,0.586111111111111,0.159362549800797,0.274914089347079,0.000151282491951501,8.5330585988172,0.294826085113259,60.2261554491471,254,-193938.971731484,-192769.258504243,1,1,0.974358974358974,"specific_effect_common6_specific4",57,1000,100,4,6,4,0.35,40,0.924499229583975,30,90,3
"Rossi path BIC + refit",4,39.3085571579857,NA,NA,NA,0.48858813201562,97904.5428972633,NA,TRUE,30,22,98,1,0.974358974358974,0.224489795918367,0.366666666666667,NA,NA,NA,NA,0.000418574017732732,4.16563983535936,0.769378459398225,59.4360790956246,395,-193080.522459329,-191261.480235863,1,1,0.974358974358974,"specific_effect_common6_specific4",57,1000,100,4,6,4,0.35,40,0.924499229583975,30,90,3
"Separate 2D path/grid BIC",4,NA,61.7538525574268,0,NA,0.526952705519337,97793.2387435247,97024.9694506175,TRUE,2,22,88,1,0.846153846153846,0.25,0.4,1,0.372222222222222,0.229885057471264,0.373831775700935,0.000104557708868953,5.80733544426215,0.179775254339478,59.7828037195953,177,-194363.80480267,-193548.68967975,1,1,0.846153846153846,"specific_effect_common6_specific4",57,1000,100,4,6,4,0.35,40,0.924499229583975,30,90,3
"Separate 2D path/grid BIC + refit",4,NA,61.7538525574268,0,NA,0.482225518827118,97896.1601685848,NA,TRUE,21,22,88,1,0.846153846153846,0.25,0.4,NA,NA,NA,NA,0.000393425232794473,4.03172900819226,0.728867306797042,59.4152361888571,355,-193340.067213131,-191705.231797105,1,1,0.846153846153846,"specific_effect_common6_specific4",57,1000,100,4,6,4,0.35,40,0.924499229583975,30,90,3
"Eta centered path BIC",4,NA,NA,NA,1.57785847009548,0.449945798234099,97687.0593281818,97419.1183936582,FALSE,100,22,25,0.909090909090909,0.0641025641025641,0.8,0.851063829787234,NA,NA,NA,NA,0.000293322575651417,37.3298285664412,0.598108339938579,60.8327427103842,178,-194144.538216705,-193324.817923599,1,0.875,0.0641025641025641,"specific_effect_common6_specific4",57,1000,100,4,6,4,0.35,40,0.924499229583975,30,90,3
"Eta centered path BIC + refit",4,NA,NA,NA,1.57785847009548,0.537968785360621,97733.0359899343,NA,TRUE,35,22,25,0.909090909090909,0.0641025641025641,0.8,0.851063829787234,NA,NA,NA,NA,0.000231966671666021,3.54357153645313,0.332680475562364,59.1729461825479,103,-194754.573186134,-194280.240656977,1,0.875,0.0641025641025641,"specific_effect_common6_specific4",57,1000,100,4,6,4,0.35,40,0.924499229583975,30,90,3
"Rossi path BIC",4,15.2981175554615,NA,NA,NA,0.5075137421602,97931.4365542563,97701.574131498,TRUE,2,22,100,1,1,0.22,0.360655737704918,1,0.775,0.125391849529781,0.222841225626741,0.000253272145530436,8.24741304963882,0.561027877869525,59.7701230151925,322,-193638.57590868,-192155.711108792,1,1,1,"specific_effect_common6_specific4",58,1000,100,4,6,4,0.35,40,0.924499229583975,30,90,3
"Rossi path BIC + refit",4,15.2981175554615,NA,NA,NA,0.48615980254507,97944.2270673481,NA,TRUE,23,22,100,1,1,0.22,0.360655737704918,NA,NA,NA,NA,0.0004204292099595,7.7622996868323,0.890827322443136,59.6603069479649,403,-193104.628757266,-191248.745172313,1,1,1,"specific_effect_common6_specific4",58,1000,100,4,6,4,0.35,40,0.924499229583975,30,90,3
"Separate 2D path/grid BIC",4,NA,56.1256759049444,0.992847930402727,NA,0.57498592922658,97839.984400869,96925.0513981945,TRUE,2,22,87,1,0.833333333333333,0.252873563218391,0.403669724770642,1,0.319444444444444,0.258064516129032,0.41025641025641,7.51764463740283e-05,1.54321109565118,0.16478895528239,56.642447063783,158,-194588.543467659,-193860.926578273,1,1,0.833333333333333,"specific_effect_common6_specific4",58,1000,100,4,6,4,0.35,40,0.924499229583975,30,90,3
"Separate 2D path/grid BIC + refit",4,NA,56.1256759049444,0.992847930402727,NA,0.488109172857828,97933.0034205501,NA,TRUE,50,22,87,1,0.833333333333333,0.252873563218391,0.403669724770642,NA,NA,NA,NA,0.000402141459391669,8.63787470350963,0.866285419001313,59.6217071380692,351,-193441.384738177,-191824.970002896,1,1,0.833333333333333,"specific_effect_common6_specific4",58,1000,100,4,6,4,0.35,40,0.924499229583975,30,90,3
"Eta centered path BIC",4,NA,NA,NA,1.99505918427467,0.512780065922459,97702.6021850623,97384.7814184321,TRUE,2,22,19,0.772727272727273,0.0256410256410256,0.894736842105263,0.829268292682927,NA,NA,NA,NA,0.000363233730154303,38.3299625291969,0.821648926323016,60.1410458880898,160,-194299.963525487,-193563.136295729,1,0.6875,0.0256410256410256,"specific_effect_common6_specific4",58,1000,100,4,6,4,0.35,40,0.924499229583975,30,90,3
"Eta centered path BIC + refit",4,NA,NA,NA,1.99505918427467,0.536306520718681,97718.7692377772,NA,TRUE,53,22,19,0.772727272727273,0.0256410256410256,0.894736842105263,0.829268292682927,NA,NA,NA,NA,0.000323595595218665,1.27191001304214,0.385995172723791,57.890220854422,79,-194891.825808515,-194528.017363822,1,0.6875,0.0256410256410256,"specific_effect_common6_specific4",58,1000,100,4,6,4,0.35,40,0.924499229583975,30,90,3
"Rossi path BIC",4,20.7875862950722,NA,NA,NA,0.510481369096905,97803.7141617846,97495.2396355848,TRUE,2,22,100,1,1,0.22,0.360655737704918,1,0.780555555555556,0.124610591900312,0.221606648199446,0.000270766475283799,28.442885797441,0.742298936530801,61.3605351788311,324,-193369.315613179,-191877.240472919,1,1,1,"specific_effect_common6_specific4",59,1000,100,4,6,4,0.35,40,0.924499229583975,30,90,3
"Rossi path BIC + refit",4,20.7875862950722,NA,NA,NA,0.478809834874554,97824.227654999,NA,TRUE,72,22,100,1,1,0.22,0.360655737704918,NA,NA,NA,NA,0.000486884367269092,53.6574523465036,1.44912647865634,62.2536731989165,403,-192864.629932568,-191008.746347615,1,1,1,"specific_effect_common6_specific4",59,1000,100,4,6,4,0.35,40,0.924499229583975,30,90,3
"Separate 2D path/grid BIC",4,NA,34.3023707850013,3.00592543403875,NA,0.511873855650756,97714.7940941429,96626.6990313446,TRUE,4,22,97,1,0.961538461538462,0.22680412371134,0.369747899159664,1,0.533333333333333,0.172413793103448,0.294117647058824,0.000149273110578769,26.2462234448633,0.320049333188098,52.3890322941503,235,-193806.265697725,-192724.050704018,1,1,0.961538461538462,"specific_effect_common6_specific4",59,1000,100,4,6,4,0.35,40,0.924499229583975,30,90,3
"Separate 2D path/grid BIC + refit",4,NA,34.3023707850013,3.00592543403875,NA,0.486428938277372,97806.4744009466,NA,TRUE,31,22,97,1,0.961538461538462,0.22680412371134,0.369747899159664,NA,NA,NA,NA,0.000448249993134925,0.85855887187125,0.785875057554943,57.3888064647475,391,-192912.016487811,-191111.39494509,1,1,0.961538461538462,"specific_effect_common6_specific4",59,1000,100,4,6,4,0.35,40,0.924499229583975,30,90,3
"Eta centered path BIC",4,NA,NA,NA,2.31228914884452,0.424857741075827,97508.8833860251,97141.9664606212,TRUE,74,22,21,0.818181818181818,0.0384615384615385,0.857142857142857,0.837209302325581,NA,NA,NA,NA,0.000427631846575348,100.597505924263,1.22188401148265,62.2408810812549,166,-193871.079395739,-193106.621144865,1,0.75,0.0384615384615385,"specific_effect_common6_specific4",59,1000,100,4,6,4,0.35,40,0.924499229583975,30,90,3
"Eta centered path BIC + refit",4,NA,NA,NA,2.31228914884452,0.495837782233504,97587.5066781449,NA,TRUE,39,22,21,0.818181818181818,0.0384615384615385,0.857142857142857,0.837209302325581,NA,NA,NA,NA,0.000462497551241167,49.3238608933659,0.952686443094488,61.838289001365,87,-194574.038647018,-194173.388840837,1,0.75,0.0384615384615385,"specific_effect_common6_specific4",59,1000,100,4,6,4,0.35,40,0.924499229583975,30,90,3
"Rossi path BIC",4,42.1859719566625,NA,NA,NA,0.503186962236705,97673.2365641969,97107.9699416749,TRUE,2,22,95,1,0.935897435897436,0.231578947368421,0.376068376068376,1,0.527777777777778,0.173913043478261,0.296296296296296,0.000145531045046988,7.28872719566051,0.390626488793034,59.0969909770557,233,-193736.966148391,-192663.961495056,1,1,0.935897435897436,"specific_effect_common6_specific4",60,1000,100,4,6,4,0.35,40,0.924499229583975,30,90,3
"Rossi path BIC + refit",4,42.1859719566625,NA,NA,NA,0.453813407919591,97739.7875772965,NA,TRUE,18,22,95,1,0.935897435897436,0.231578947368421,0.376068376068376,NA,NA,NA,NA,0.000447534128266565,6.9859255000422,0.957843954626717,59.1625203493873,383,-192833.904882743,-191070.12470151,1,1,0.935897435897436,"specific_effect_common6_specific4",60,1000,100,4,6,4,0.35,40,0.924499229583975,30,90,3
"Separate 2D path/grid BIC",4,NA,58.160952095422,0,NA,0.522089959548923,97635.0994199796,96901.00112521,TRUE,2,22,87,1,0.833333333333333,0.252873563218391,0.403669724770642,1,0.380555555555556,0.225988700564972,0.368663594470046,0.000100983254326974,4.81307197815081,0.278773824801994,58.5313363884198,180,-194026.802889742,-193197.872256265,1,1,0.833333333333333,"specific_effect_common6_specific4",60,1000,100,4,6,4,0.35,40,0.924499229583975,30,90,3
"Separate 2D path/grid BIC + refit",4,NA,58.160952095422,0,NA,0.458976107763703,97732.3872199154,NA,TRUE,15,22,87,1,0.833333333333333,0.252873563218391,0.403669724770642,NA,NA,NA,NA,0.000425324083906983,5.79929767746349,0.868637173247487,59.0520051519471,351,-193040.152336908,-191423.737601626,1,1,0.833333333333333,"specific_effect_common6_specific4",60,1000,100,4,6,4,0.35,40,0.924499229583975,30,90,3
"Eta centered path BIC",4,NA,NA,NA,1.36476658159317,0.435431635360111,97519.7611247402,97292.243788424,TRUE,29,22,25,0.954545454545455,0.0512820512820513,0.84,0.893617021276596,NA,NA,NA,NA,0.000307077935708903,44.7311823998901,0.806657087153559,60.2988155911826,178,-193809.941809822,-192990.221516716,1,0.9375,0.0512820512820513,"specific_effect_common6_specific4",60,1000,100,4,6,4,0.35,40,0.924499229583975,30,90,3
"Eta centered path BIC + refit",4,NA,NA,NA,1.36476658159317,0.500295977657019,97567.3890837054,NA,TRUE,44,22,25,0.954545454545455,0.0512820512820513,0.84,0.893617021276596,NA,NA,NA,NA,0.000184751672485381,5.58364460399035,0.367714699050309,58.4387245620828,103,-194423.279373676,-193948.946844519,1,0.9375,0.0512820512820513,"specific_effect_common6_specific4",60,1000,100,4,6,4,0.35,40,0.924499229583975,30,90,3
"Rossi path BIC",4,21.2597180460489,NA,NA,NA,0.484037388966007,97758.1609917875,97435.7763951341,TRUE,2,22,100,1,1,0.22,0.360655737704918,1,0.780555555555556,0.124610591900312,0.221606648199446,0.000463118887321351,82.2354994885281,1.58301926436523,62.8600697722625,324,-193278.209273185,-191786.134132925,1,1,1,"specific_effect_common6_specific4",61,1000,100,4,6,4,0.35,40,0.924499229583975,30,90,3
"Rossi path BIC + refit",4,21.2597180460489,NA,NA,NA,0.468806509353853,97778.3477731433,NA,TRUE,26,22,100,1,1,0.22,0.360655737704918,NA,NA,NA,NA,0.000714783649665243,77.1875352158897,2.14702929733684,62.3920830748364,403,-192772.870168857,-190916.986583903,1,1,1,"specific_effect_common6_specific4",61,1000,100,4,6,4,0.35,40,0.924499229583975,30,90,3
"Separate 2D path/grid BIC",4,NA,37.6624253458193,0,NA,0.480510787836226,97720.7342046498,97198.4889002607,TRUE,2,22,99,1,0.987179487179487,0.222222222222222,0.363636363636364,1,0.616666666666667,0.152671755725191,0.264900662251656,0.000320908821280347,80.5011116584713,1.22102020059882,63.0108216929674,265,-193610.913260369,-192390.543161083,1,1,0.987179487179487,"specific_effect_common6_specific4",61,1000,100,4,6,4,0.35,40,0.924499229583975,30,90,3
"Separate 2D path/grid BIC + refit",4,NA,37.6624253458193,0,NA,0.463235097249563,97777.6974702984,NA,TRUE,44,22,99,1,0.987179487179487,0.222222222222222,0.363636363636364,NA,NA,NA,NA,0.000703684049264741,64.150230754759,2.00416231905144,62.0081324475031,399,-192799.200584283,-190961.737680074,1,1,0.987179487179487,"specific_effect_common6_specific4",61,1000,100,4,6,4,0.35,40,0.924499229583975,30,90,3
"Eta centered path BIC",4,NA,NA,NA,1.58893296170075,0.471624005557154,97565.8241432493,97254.5299084336,TRUE,97,22,35,1,0.166666666666667,0.628571428571429,0.771929824561403,NA,NA,NA,NA,0.000502680866009007,133.393859849208,1.77967256483082,63.1668158310043,208,-193694.83518847,-192736.959789785,1,1,0.166666666666667,"specific_effect_common6_specific4",61,1000,100,4,6,4,0.35,40,0.924499229583975,30,90,3
"Eta centered path BIC + refit",4,NA,NA,NA,1.58893296170075,0.487829573341146,97648.1041335204,NA,TRUE,76,22,35,1,0.166666666666667,0.628571428571429,0.771929824561403,NA,NA,NA,NA,0.000342718616820154,45.9133941320769,1.045053284661,60.9263762861841,143,-194308.399262146,-193649.85992555,1,1,0.166666666666667,"specific_effect_common6_specific4",61,1000,100,4,6,4,0.35,40,0.924499229583975,30,90,3
"Rossi path BIC",4,21.2985027539751,NA,NA,NA,0.480405636620066,97272.0106011902,96957.7392381331,TRUE,2,22,100,1,1,0.22,0.360655737704918,1,0.719444444444444,0.133779264214047,0.23598820058997,0.000237424583630072,2.1417945828497,0.503655499932701,58.8178290567761,302,-192457.879108128,-191067.117711959,1,1,1,"specific_effect_common6_specific4",62,1000,100,4,6,4,0.35,40,0.924499229583975,30,90,3
"Rossi path BIC + refit",4,21.2985027539751,NA,NA,NA,0.440410767977521,97293.4695269513,NA,TRUE,18,22,100,1,1,0.22,0.360655737704918,NA,NA,NA,NA,0.000407910668210781,2.65820566424649,0.828327586271805,58.8350399552918,403,-191803.113676473,-189947.23009152,1,1,1,"specific_effect_common6_specific4",62,1000,100,4,6,4,0.35,40,0.924499229583975,30,90,3
"Separate 2D path/grid BIC",4,NA,42.064826361213,0,NA,0.514343088315989,97229.42798336,96667.0318575388,TRUE,2,22,97,1,0.961538461538462,0.22680412371134,0.369747899159664,1,0.483333333333333,0.186915887850467,0.31496062992126,0.000149743660566333,1.0596108738817,0.315537758176673,58.3852816096187,217,-192959.873071181,-191960.551140821,1,1,0.961538461538462,"specific_effect_common6_specific4",62,1000,100,4,6,4,0.35,40,0.924499229583975,30,90,3
"Separate 2D path/grid BIC + refit",4,NA,42.064826361213,0,NA,0.444180414201106,97291.8677861479,NA,TRUE,18,22,97,1,0.961538461538462,0.22680412371134,0.369747899159664,NA,NA,NA,NA,0.000401185478349196,2.53805010520942,0.807182938316472,58.7584561669071,391,-191882.803258214,-190082.181715492,1,1,0.961538461538462,"specific_effect_common6_specific4",62,1000,100,4,6,4,0.35,40,0.924499229583975,30,90,3
"Eta centered path BIC",4,NA,NA,NA,2.4571872958085,0.404378640405733,96956.1572086113,96421.2827429551,TRUE,16,22,34,0.818181818181818,0.205128205128205,0.529411764705882,0.642857142857143,NA,NA,NA,NA,0.000672891263010681,355.229641220836,3.4515663670399,68.4700865237566,205,-192496.224585031,-191552.164696904,1,0.75,0.205128205128205,"specific_effect_common6_specific4",62,1000,100,4,6,4,0.35,40,0.924499229583975,30,90,3
"Eta centered path BIC + refit",4,NA,NA,NA,2.4571872958085,0.448930329031574,97093.8304068368,NA,TRUE,19,22,34,0.818181818181818,0.205128205128205,0.529411764705882,0.642857142857143,NA,NA,NA,NA,0.000759905024582084,302.066618416668,3.78438510863237,66.9588357233856,139,-193227.482829895,-192587.364174043,1,0.75,0.205128205128205,"specific_effect_common6_specific4",62,1000,100,4,6,4,0.35,40,0.924499229583975,30,90,3
"Rossi path BIC",4,26.3004418683696,NA,NA,NA,0.524686010250092,97850.842955744,97482.8695293858,TRUE,2,22,100,1,1,0.22,0.360655737704918,1,0.661111111111111,0.143884892086331,0.251572327044025,0.000185775866251942,7.10919483200682,0.366345136332646,59.7648259280442,281,-193760.606678094,-192466.553855831,1,1,1,"specific_effect_common6_specific4",63,1000,100,4,6,4,0.35,40,0.924499229583975,30,90,3
"Rossi path BIC + refit",4,26.3004418683696,NA,NA,NA,0.49818139023048,97880.4785867,NA,TRUE,67,22,100,1,1,0.22,0.360655737704918,NA,NA,NA,NA,0.000425597823171877,4.35471023374304,0.680023442616383,59.3594284131391,403,-192977.13179597,-191121.248211017,1,1,1,"specific_effect_common6_specific4",63,1000,100,4,6,4,0.35,40,0.924499229583975,30,90,3
"Separate 2D path/grid BIC",4,NA,38.8624616210434,2.19016701294246,NA,0.48955015115298,97795.3706112719,96814.8269795081,TRUE,2,22,98,1,0.974358974358974,0.224489795918367,0.366666666666667,1,0.511111111111111,0.178571428571429,0.303030303030303,0.00017448529099273,14.4449931060022,0.291183583065893,54.3261304222309,227,-194022.680774215,-192977.307141996,1,1,0.974358974358974,"specific_effect_common6_specific4",63,1000,100,4,6,4,0.35,40,0.924499229583975,30,90,3
"Separate 2D path/grid BIC + refit",4,NA,38.8624616210434,2.19016701294246,NA,0.469704283862498,97881.4613479673,NA,TRUE,49,22,98,1,0.974358974358974,0.224489795918367,0.366666666666667,NA,NA,NA,NA,0.000914770973074101,9.32703410307847,0.997025060578811,58.5432347462615,395,-193034.359360737,-191215.317137271,1,1,0.974358974358974,"specific_effect_common6_specific4",63,1000,100,4,6,4,0.35,40,0.924499229583975,30,90,3
"Eta centered path BIC",4,NA,NA,NA,1.90970840129774,0.387165756075608,97614.6957423039,97310.9477110117,TRUE,29,22,23,0.863636363636364,0.0512820512820513,0.826086956521739,0.844444444444444,NA,NA,NA,NA,0.000561331216544245,419.275236414411,4.04271581539899,67.2328856208667,172,-194041.257576623,-193249.168304633,1,0.8125,0.0512820512820513,"specific_effect_common6_specific4",63,1000,100,4,6,4,0.35,40,0.924499229583975,30,90,3
"Eta centered path BIC + refit",4,NA,NA,NA,1.90970840129774,0.513464072315295,97695.5702226199,NA,FALSE,100,22,23,0.863636363636364,0.0512820512820513,0.826086956521739,0.844444444444444,NA,NA,NA,NA,0.000270819336894074,7.12739253856027,0.357155330095218,59.889171893417,95,-194734.903693736,-194297.412526068,1,0.8125,0.0512820512820513,"specific_effect_common6_specific4",63,1000,100,4,6,4,0.35,40,0.924499229583975,30,90,3
"Rossi path BIC",4,28.4141498662013,NA,NA,NA,0.464341159692637,97462.8802147838,97042.6924129782,TRUE,2,22,99,1,0.987179487179487,0.222222222222222,0.363636363636364,1,0.675,0.141342756183746,0.247678018575851,0.000533003689987494,50.9185138604885,1.37013503945615,62.5120806769675,286,-192950.142419779,-191633.063746586,1,1,0.987179487179487,"specific_effect_common6_specific4",64,1000,100,4,6,4,0.35,40,0.924499229583975,30,90,3
"Rossi path BIC + refit",4,28.4141498662013,NA,NA,NA,0.442761444701926,97507.1788914303,NA,TRUE,31,22,99,1,0.987179487179487,0.222222222222222,0.363636363636364,NA,NA,NA,NA,0.00104846880170648,55.2891363131513,2.63075424913866,62.5260067371898,399,-192258.163426547,-190420.700522337,1,1,0.987179487179487,"specific_effect_common6_specific4",64,1000,100,4,6,4,0.35,40,0.924499229583975,30,90,3
"Separate 2D path/grid BIC",4,NA,39.4377845349701,1.98996235636473,NA,0.452413492628665,97408.60385344,96480.7128320514,TRUE,2,22,98,1,0.974358974358974,0.224489795918367,0.366666666666667,1,0.455555555555556,0.196078431372549,0.327868852459016,0.000228177102100415,18.2492806648436,0.319373395362934,53.3377697409722,207,-193387.302364131,-192434.032135631,1,1,0.974358974358974,"specific_effect_common6_specific4",64,1000,100,4,6,4,0.35,40,0.924499229583975,30,90,3
"Separate 2D path/grid BIC + refit",4,NA,39.4377845349701,1.98996235636473,NA,0.457906154365855,97495.0573159219,NA,TRUE,31,22,98,1,0.974358974358974,0.224489795918367,0.366666666666667,NA,NA,NA,NA,0.000409286163734269,0.439819782590714,0.722975734839875,57.4185256169418,395,-192261.551296646,-190442.509073181,1,1,0.974358974358974,"specific_effect_common6_specific4",64,1000,100,4,6,4,0.35,40,0.924499229583975,30,90,3
"Eta centered path BIC",4,NA,NA,NA,1.34329567262217,0.45640313003456,97323.3239860597,97067.9815750703,TRUE,40,22,38,0.954545454545455,0.217948717948718,0.552631578947368,0.7,NA,NA,NA,NA,0.000433850728945024,43.3764396113508,0.890088834196291,60.8571231596216,217,-193147.66507658,-192148.343146221,1,0.9375,0.217948717948718,"specific_effect_common6_specific4",64,1000,100,4,6,4,0.35,40,0.924499229583975,30,90,3
"Eta centered path BIC + refit",4,NA,NA,NA,1.34329567262217,0.488874811708826,97381.5338442003,NA,FALSE,100,22,38,0.954545454545455,0.217948717948718,0.552631578947368,0.7,NA,NA,NA,NA,0.000239696961204167,1.43894857856234,0.44606802639172,58.1438738831417,155,-193692.365620158,-192978.56424133,1,0.9375,0.217948717948718,"specific_effect_common6_specific4",64,1000,100,4,6,4,0.35,40,0.924499229583975,30,90,3
"Rossi path BIC",4,47.898096651592,NA,NA,NA,0.519969543287697,97828.2280366148,97210.5328003858,TRUE,2,22,91,1,0.884615384615385,0.241758241758242,0.389380530973451,1,0.430555555555556,0.205128205128205,0.340425531914894,9.3740640079459e-05,5.39209928113646,0.233501965041655,59.377294167037,198,-194288.720527991,-193376.896831165,1,1,0.884615384615385,"specific_effect_common6_specific4",65,1000,100,4,6,4,0.35,40,0.924499229583975,30,90,3
"Rossi path BIC + refit",4,47.898096651592,NA,NA,NA,0.486774720358125,97901.8659940462,NA,TRUE,26,22,91,1,0.884615384615385,0.241758241758242,0.389380530973451,NA,NA,NA,NA,0.000380639815971711,3.0936324493682,0.721191632614294,58.9664026639301,367,-193268.585800706,-191578.488342448,1,1,0.884615384615385,"specific_effect_common6_specific4",65,1000,100,4,6,4,0.35,40,0.924499229583975,30,90,3
"Separate 2D path/grid BIC",4,NA,68.7211455226049,0,NA,0.51943285689297,97787.4361369501,96949.9622040363,TRUE,2,22,82,1,0.769230769230769,0.268292682926829,0.423076923076923,1,0.277777777777778,0.285714285714286,0.444444444444444,6.58701207135378e-05,5.53611555887171,0.176339862172718,59.2810287117232,143,-194587.063269006,-193928.52393241,1,1,0.769230769230769,"specific_effect_common6_specific4",65,1000,100,4,6,4,0.35,40,0.924499229583975,30,90,3
"Separate 2D path/grid BIC + refit",4,NA,68.7211455226049,0,NA,0.495395232274433,97890.7540260892,NA,TRUE,22,22,82,1,0.769230769230769,0.268292682926829,0.423076923076923,NA,NA,NA,NA,0.000345791174326466,3.24170817995283,0.65857122183974,58.982751755921,331,-193495.041054835,-191970.729723273,1,1,0.769230769230769,"specific_effect_common6_specific4",65,1000,100,4,6,4,0.35,40,0.924499229583975,30,90,3
"Eta centered path BIC",4,NA,NA,NA,2.0231505191653,0.45028150877675,97631.7234409062,97319.9528140145,TRUE,99,22,18,0.818181818181818,0,1,0.9,NA,NA,NA,NA,0.000331937137679078,33.2767065617143,0.717421217564992,60.2358113379847,157,-194178.929303012,-193455.917583812,1,0.75,0,"specific_effect_common6_specific4",65,1000,100,4,6,4,0.35,40,0.924499229583975,30,90,3
"Eta centered path BIC + refit",4,NA,NA,NA,2.0231505191653,0.517905545328962,97666.7303299436,NA,TRUE,39,22,18,0.818181818181818,0,1,0.9,NA,NA,NA,NA,0.000259403594237268,3.20612247597696,0.269698858017656,58.1672977464548,75,-194815.379013964,-194469.991250014,1,0.75,0,"specific_effect_common6_specific4",65,1000,100,4,6,4,0.35,40,0.924499229583975,30,90,3
"Rossi path BIC",4,43.3975740231081,NA,NA,NA,0.543425472298622,97414.0135431456,96841.7160424763,TRUE,2,22,96,1,0.948717948717949,0.229166666666667,0.372881355932203,1,0.472222222222222,0.19047619047619,0.32,0.000141482974147416,11.0343512822639,0.337866788484326,60.263647597807,213,-193356.675211868,-192375.773962253,1,1,0.948717948717949,"specific_effect_common6_specific4",66,1000,100,4,6,4,0.35,40,0.924499229583975,30,90,3
"Rossi path BIC + refit",4,43.3975740231081,NA,NA,NA,0.515162677136333,97468.455273417,NA,TRUE,17,22,96,1,0.948717948717949,0.229166666666667,0.372881355932203,NA,NA,NA,NA,0.000315142923396907,12.4945589227808,0.729777788987129,60.4918546340379,387,-192263.609253868,-190481.40839189,1,1,0.948717948717949,"specific_effect_common6_specific4",66,1000,100,4,6,4,0.35,40,0.924499229583975,30,90,3
"Separate 2D path/grid BIC",4,NA,72.2063440528426,0,NA,0.550722440601936,97361.8575305221,96476.5693364082,TRUE,2,22,80,1,0.743589743589744,0.275,0.431372549019608,1,0.275,0.287769784172662,0.446927374301676,9.5504804829484e-05,7.39194693037408,0.209099835092742,59.759298776738,142,-193742.813811429,-193088.879645018,1,1,0.743589743589744,"specific_effect_common6_specific4",66,1000,100,4,6,4,0.35,40,0.924499229583975,30,90,3
"Separate 2D path/grid BIC + refit",4,NA,72.2063440528426,0,NA,0.521462429358588,97452.0212459302,NA,TRUE,13,22,80,1,0.743589743589744,0.275,0.431372549019608,NA,NA,NA,NA,0.000279192781471595,11.8142965742148,0.640291535257057,60.4898824866715,323,-192672.837536749,-191185.367566675,1,1,0.743589743589744,"specific_effect_common6_specific4",66,1000,100,4,6,4,0.35,40,0.924499229583975,30,90,3
"Eta centered path BIC",4,NA,NA,NA,1.2918605394281,0.466743390800109,97311.3943944487,97066.7931616448,TRUE,16,22,30,1,0.102564102564103,0.733333333333333,0.846153846153846,NA,NA,NA,NA,0.000233290455048406,40.5348036195566,0.497857783001687,61.2860134933189,193,-193289.592020054,-192400.794174158,1,1,0.102564102564103,"specific_effect_common6_specific4",66,1000,100,4,6,4,0.35,40,0.924499229583975,30,90,3
"Eta centered path BIC + refit",4,NA,NA,NA,1.2918605394281,0.521402824617249,97355.2746067893,NA,TRUE,25,22,30,1,0.102564102564103,0.733333333333333,0.846153846153846,NA,NA,NA,NA,0.00015708690417573,16.326004642826,0.422248622976185,60.5301072309661,123,-193860.895314264,-193294.459381387,1,1,0.102564102564103,"specific_effect_common6_specific4",66,1000,100,4,6,4,0.35,40,0.924499229583975,30,90,3
"Rossi path BIC",4,29.1278293451084,NA,NA,NA,0.488339911656245,97686.0505662708,97272.2004204501,TRUE,2,22,100,1,1,0.22,0.360655737704918,1,0.652777777777778,0.145454545454545,0.253968253968254,0.000188406104996594,3.45115014074712,0.43843572174928,59.0245824887384,278,-193451.745164985,-192171.50785328,1,1,1,"specific_effect_common6_specific4",67,1000,100,4,6,4,0.35,40,0.924499229583975,30,90,3
"Rossi path BIC + refit",4,29.1278293451084,NA,NA,NA,0.473439731070755,97718.5141580743,NA,TRUE,15,22,100,1,1,0.22,0.360655737704918,NA,NA,NA,NA,0.000388068389447211,2.39428919459121,0.767780185078479,58.6644893439454,403,-192653.202938719,-190797.319353766,1,1,1,"specific_effect_common6_specific4",67,1000,100,4,6,4,0.35,40,0.924499229583975,30,90,3
"Separate 2D path/grid BIC",4,NA,50.703846193287,0,NA,0.492606620340804,97641.652488257,96978.643614191,TRUE,2,22,95,1,0.935897435897436,0.231578947368421,0.376068376068376,1,0.45,0.198019801980198,0.330578512396694,0.000119504683149791,3.65766027895147,0.297992038824428,59.0419344949989,205,-193867.215144323,-192923.155256195,1,1,0.935897435897436,"specific_effect_common6_specific4",67,1000,100,4,6,4,0.35,40,0.924499229583975,30,90,3
"Separate 2D path/grid BIC + refit",4,NA,50.703846193287,0,NA,0.473567953931491,97715.2452934284,NA,TRUE,15,22,95,1,0.935897435897436,0.231578947368421,0.376068376068376,NA,NA,NA,NA,0.000376739385532702,2.76019497698534,0.756139200970845,58.7989677841105,383,-192784.820315007,-191021.040133773,1,1,0.935897435897436,"specific_effect_common6_specific4",67,1000,100,4,6,4,0.35,40,0.924499229583975,30,90,3
"Eta centered path BIC",4,NA,NA,NA,1.99994364915977,0.42195413743379,97431.1921218743,97095.7758577888,TRUE,49,22,22,0.863636363636364,0.0384615384615385,0.863636363636364,0.863636363636364,NA,NA,NA,NA,0.000480989279168309,78.1298528415776,1.32727850626298,62.179080745922,169,-193694.973601601,-192916.699840169,1,0.8125,0.0384615384615385,"specific_effect_common6_specific4",67,1000,100,4,6,4,0.35,40,0.924499229583975,30,90,3
"Eta centered path BIC + refit",4,NA,NA,NA,1.99994364915977,0.490600807275095,97505.0638751523,NA,TRUE,63,22,22,0.863636363636364,0.0384615384615385,0.863636363636364,0.863636363636364,NA,NA,NA,NA,0.000274867963791268,1.01013450751237,0.414591946483293,58.066391626243,91,-194381.522019917,-193962.451532992,1,0.8125,0.0384615384615385,"specific_effect_common6_specific4",67,1000,100,4,6,4,0.35,40,0.924499229583975,30,90,3
"Rossi path BIC",4,14.1571089374574,NA,NA,NA,0.566749116129427,97651.8747914506,97434.0782537302,TRUE,2,22,100,1,1,0.22,0.360655737704918,1,0.830555555555556,0.117994100294985,0.211081794195251,0.000280720095818956,5.57691829426196,0.578670189014256,58.8107210649609,342,-192941.297277489,-191366.329073881,1,1,1,"specific_effect_common6_specific4",68,1000,100,4,6,4,0.35,40,0.924499229583975,30,90,3
"Rossi path BIC + refit",4,14.1571089374574,NA,NA,NA,0.53165766207248,97665.7164632357,NA,FALSE,100,22,100,1,1,0.22,0.360655737704918,NA,NA,NA,NA,0.000612879255389168,1.74144941023674,1.02841305580741,57.1350546905468,403,-192547.607549042,-190691.723964088,1,1,1,"specific_effect_common6_specific4",68,1000,100,4,6,4,0.35,40,0.924499229583975,30,90,3
"Separate 2D path/grid BIC",4,NA,39.4197277919909,2.45564467103153,NA,0.561633478751227,97570.5798646775,96526.00492062,TRUE,2,22,97,1,0.961538461538462,0.22680412371134,0.369747899159664,1,0.463888888888889,0.193236714975845,0.323886639676113,0.000186674530723073,20.6099568199878,0.291034052925762,53.0264942006995,210,-193690.531120769,-192723.445381711,1,1,0.961538461538462,"specific_effect_common6_specific4",68,1000,100,4,6,4,0.35,40,0.924499229583975,30,90,3
"Separate 2D path/grid BIC + refit",4,NA,39.4197277919909,2.45564467103153,NA,0.522802598117094,97661.4133738422,NA,TRUE,32,22,97,1,0.961538461538462,0.22680412371134,0.369747899159664,NA,NA,NA,NA,0.000565279289542418,1.96131734950101,0.910368272900879,56.9851355883605,391,-192621.894433602,-190821.272890881,1,1,0.961538461538462,"specific_effect_common6_specific4",68,1000,100,4,6,4,0.35,40,0.924499229583975,30,90,3
"Eta centered path BIC",4,NA,NA,NA,1.62831689114903,0.554305584127265,97441.2057869665,97154.3582239987,TRUE,51,22,31,1,0.115384615384615,0.709677419354839,0.830188679245283,NA,NA,NA,NA,0.000341534291145975,49.0459909009081,0.878763623183523,59.8769796603427,196,-193528.491539253,-192625.878182799,1,1,0.115384615384615,"specific_effect_common6_specific4",68,1000,100,4,6,4,0.35,40,0.924499229583975,30,90,3
"Eta centered path BIC + refit",4,NA,NA,NA,1.62831689114903,0.561416988474794,97532.8609790519,NA,TRUE,58,22,31,1,0.115384615384615,0.709677419354839,0.830188679245283,NA,NA,NA,NA,0.000176360701791021,0.737177719914908,0.344764090530366,57.2956733831603,127,-194188.437037673,-193603.580424053,1,1,0.115384615384615,"specific_effect_common6_specific4",68,1000,100,4,6,4,0.35,40,0.924499229583975,30,90,3
"Rossi path BIC",4,20.1353831977143,NA,NA,NA,0.474367775524126,97356.9462056502,97055.3156572599,TRUE,3,22,99,1,0.987179487179487,0.222222222222222,0.363636363636364,1,0.736111111111111,0.131147540983607,0.231884057971015,0.000319718979065303,4.15075358261821,0.623836379194855,58.8334466498661,308,-192586.303785374,-191167.91136809,1,1,0.987179487179487,"specific_effect_common6_specific4",69,1000,100,4,6,4,0.35,40,0.924499229583975,30,90,3
"Rossi path BIC + refit",4,20.1353831977143,NA,NA,NA,0.462563922034047,97375.9587340304,NA,TRUE,27,22,99,1,0.987179487179487,0.222222222222222,0.363636363636364,NA,NA,NA,NA,0.000521728976967233,5.09900282322313,1.02821490631043,58.8885484711312,399,-191995.723111747,-190158.260207538,1,1,0.987179487179487,"specific_effect_common6_specific4",69,1000,100,4,6,4,0.35,40,0.924499229583975,30,90,3
"Separate 2D path/grid BIC",4,NA,35.4200287051232,0,NA,0.474731231085227,97300.3861395828,96828.2303795863,TRUE,2,22,97,1,0.961538461538462,0.22680412371134,0.369747899159664,0.9,0.536111111111111,0.157205240174672,0.267657992565056,0.000968459013127255,201.409084206193,3.18758087057908,62.1424866432314,232,-192998.173054442,-191929.773571292,1,1,0.961538461538462,"specific_effect_common6_specific4",69,1000,100,4,6,4,0.35,40,0.924499229583975,30,90,3
"Separate 2D path/grid BIC + refit",4,NA,35.4200287051232,0,NA,0.452418949484446,97372.8000371312,NA,TRUE,43,22,97,1,0.961538461538462,0.22680412371134,0.369747899159664,NA,NA,NA,NA,0.00148141752949564,408.868246184233,6.02057205929539,64.8729442690836,391,-192044.66776018,-190244.046217459,1,1,0.961538461538462,"specific_effect_common6_specific4",69,1000,100,4,6,4,0.35,40,0.924499229583975,30,90,3
"Eta centered path BIC",4,NA,NA,NA,1.78484450433681,0.377822512510144,97092.864225182,96824.5937339917,TRUE,23,22,21,0.818181818181818,0.0384615384615385,0.857142857142857,0.837209302325581,NA,NA,NA,NA,0.000557861202145306,390.574979993855,3.94677160222232,65.7691122489277,166,-193039.041074053,-192274.582823179,1,0.75,0.0384615384615385,"specific_effect_common6_specific4",69,1000,100,4,6,4,0.35,40,0.924499229583975,30,90,3
"Eta centered path BIC + refit",4,NA,NA,NA,1.78484450433681,0.465061208916391,97164.9790021728,NA,FALSE,100,22,21,0.818181818181818,0.0384615384615385,0.857142857142857,0.837209302325581,NA,NA,NA,NA,0.00036747979388538,19.5045441609884,0.650888727519439,60.6180850051823,87,-193728.983295074,-193328.333488893,1,0.75,0.0384615384615385,"specific_effect_common6_specific4",69,1000,100,4,6,4,0.35,40,0.924499229583975,30,90,3
"Rossi path BIC",4,23.9923720694247,NA,NA,NA,0.516897801301252,97574.0628513475,97228.9557038944,TRUE,2,22,100,1,1,0.22,0.360655737704918,1,0.7,0.136986301369863,0.240963855421687,0.000190834611593915,1.87896776563094,0.366860807530792,58.3693957637808,295,-193110.337895395,-191751.812690529,1,1,1,"specific_effect_common6_specific4",70,1000,100,4,6,4,0.35,40,0.924499229583975,30,90,3
"Rossi path BIC + refit",4,23.9923720694247,NA,NA,NA,0.462821147881915,97604.4157086833,NA,FALSE,100,22,100,1,1,0.22,0.360655737704918,NA,NA,NA,NA,0.00055918230032707,5.49919758326588,0.850973488665308,57.5780769911331,403,-192425.006039937,-190569.122454984,1,1,1,"specific_effect_common6_specific4",70,1000,100,4,6,4,0.35,40,0.924499229583975,30,90,3
"Separate 2D path/grid BIC",4,NA,39.8801276135977,0,NA,0.527545129982519,97538.5193262419,97010.3408482186,TRUE,3,22,98,1,0.974358974358974,0.224489795918367,0.366666666666667,1,0.533333333333333,0.172413793103448,0.294117647058824,0.000108624081415739,2.01226138713626,0.234208203284324,58.117969020531,235,-193453.716161923,-192371.501168216,1,1,0.974358974358974,"specific_effect_common6_specific4",70,1000,100,4,6,4,0.35,40,0.924499229583975,30,90,3
"Separate 2D path/grid BIC + refit",4,NA,39.8801276135977,0,NA,0.486130024098412,97601.0815147743,NA,TRUE,43,22,98,1,0.974358974358974,0.224489795918367,0.366666666666667,NA,NA,NA,NA,0.000444633405082464,3.31023809833331,0.732946901013049,57.8562526909051,395,-192473.599694351,-190654.557470885,1,1,0.974358974358974,"specific_effect_common6_specific4",70,1000,100,4,6,4,0.35,40,0.924499229583975,30,90,3
"Eta centered path BIC",4,NA,NA,NA,1.68845438643999,0.473847641299447,97402.5606001429,97061.9488534526,TRUE,5,22,34,0.909090909090909,0.179487179487179,0.588235294117647,0.714285714285714,NA,NA,NA,NA,0.000540265608418668,33.9762393560361,1.00385959114415,60.6431933469619,205,-193389.031368094,-192444.971479967,1,0.875,0.179487179487179,"specific_effect_common6_specific4",70,1000,100,4,6,4,0.35,40,0.924499229583975,30,90,3
"Eta centered path BIC + refit",4,NA,NA,NA,1.68845438643999,0.464789932816387,97458.1126854516,NA,TRUE,15,22,34,0.909090909090909,0.179487179487179,0.588235294117647,0.714285714285714,NA,NA,NA,NA,0.000722669723015681,23.5403450054425,1.36551828783589,60.9534785722737,139,-193956.047387125,-193315.928731272,1,0.875,0.179487179487179,"specific_effect_common6_specific4",70,1000,100,4,6,4,0.35,40,0.924499229583975,30,90,3
"Rossi path BIC",4,33.5726542197879,NA,NA,NA,0.492364122985864,97261.5339247514,96795.8547101063,TRUE,2,22,98,1,0.974358974358974,0.224489795918367,0.366666666666667,1,0.572222222222222,0.16260162601626,0.27972027972028,0.000179145650504139,1.39820091692205,0.357022851426049,58.321119908694,249,-192803.036785036,-191656.349408725,1,1,0.974358974358974,"specific_effect_common6_specific4",71,1000,100,4,6,4,0.35,40,0.924499229583975,30,90,3
"Rossi path BIC + refit",4,33.5726542197879,NA,NA,NA,0.469395953960791,97306.2201592878,NA,TRUE,35,22,98,1,0.974358974358974,0.224489795918367,0.366666666666667,NA,NA,NA,NA,0.000454237075853642,2.64954644653752,0.846547086165966,58.3722437081015,395,-191883.876983378,-190064.834759912,1,1,0.974358974358974,"specific_effect_common6_specific4",71,1000,100,4,6,4,0.35,40,0.924499229583975,30,90,3
"Separate 2D path/grid BIC",4,NA,44.1284228778751,0,NA,0.508365833726125,97238.028078259,96652.9048102525,TRUE,2,22,96,1,0.948717948717949,0.229166666666667,0.372881355932203,1,0.475,0.18957345971564,0.318725099601594,0.000137120248330985,0.858376568494589,0.273854527407727,58.101859964058,214,-192997.796526816,-192012.290107014,1,1,0.948717948717949,"specific_effect_common6_specific4",71,1000,100,4,6,4,0.35,40,0.924499229583975,30,90,3
"Separate 2D path/grid BIC + refit",4,NA,44.1284228778751,0,NA,0.460612150200746,97303.2536177375,NA,TRUE,48,22,96,1,0.948717948717949,0.229166666666667,0.372881355932203,NA,NA,NA,NA,0.000446505093366324,2.89035451975986,0.852220897061548,58.4957807429336,387,-191933.205942509,-190151.005080531,1,1,0.948717948717949,"specific_effect_common6_specific4",71,1000,100,4,6,4,0.35,40,0.924499229583975,30,90,3
"Eta centered path BIC",4,NA,NA,NA,1.79056590409318,0.455380981055245,97071.8073153101,96775.3782864524,TRUE,36,22,23,0.909090909090909,0.0384615384615385,0.869565217391304,0.888888888888889,NA,NA,NA,NA,0.000306195694887663,30.3403335128942,0.627988434971709,59.096433968793,172,-192955.480722635,-192163.391450645,1,0.875,0.0384615384615385,"specific_effect_common6_specific4",71,1000,100,4,6,4,0.35,40,0.924499229583975,30,90,3
"Eta centered path BIC + refit",4,NA,NA,NA,1.79056590409318,0.514375386975544,97127.1000870369,NA,TRUE,71,22,23,0.909090909090909,0.0384615384615385,0.869565217391304,0.888888888888889,NA,NA,NA,NA,0.000228001043634638,0.732591517687324,0.289108115052635,57.2728383037128,95,-193597.963422571,-193160.472254902,1,0.875,0.0384615384615385,"specific_effect_common6_specific4",71,1000,100,4,6,4,0.35,40,0.924499229583975,30,90,3
"Rossi path BIC",4,35.8710468513444,NA,NA,NA,0.522887436642247,97589.3607438247,97099.478490457,TRUE,2,22,98,1,0.974358974358974,0.224489795918367,0.366666666666667,1,0.588888888888889,0.158730158730159,0.273972602739726,0.000160930080599674,7.41199754770421,0.407545870769044,59.5843483022194,255,-193417.243891509,-192242.925494082,1,1,0.974358974358974,"specific_effect_common6_specific4",72,1000,100,4,6,4,0.35,40,0.924499229583975,30,90,3
"Rossi path BIC + refit",4,35.8710468513444,NA,NA,NA,0.507372814910101,97632.9324540837,NA,TRUE,21,22,98,1,0.974358974358974,0.224489795918367,0.366666666666667,NA,NA,NA,NA,0.000377854848369991,5.94922041479837,0.819954537538658,59.4937343944144,395,-192537.301572969,-190718.259349504,1,1,0.974358974358974,"specific_effect_common6_specific4",72,1000,100,4,6,4,0.35,40,0.924499229583975,30,90,3
"Separate 2D path/grid BIC",4,NA,53.3585419366962,0,NA,0.524546582221325,97553.1840002277,96868.3023501219,TRUE,2,22,93,1,0.91025641025641,0.236559139784946,0.382608695652174,1,0.466666666666667,0.192307692307692,0.32258064516129,0.000117007400559441,5.8894864361134,0.294850995285482,59.1739503057607,211,-193648.83163659,-192677.140727347,1,1,0.91025641025641,"specific_effect_common6_specific4",72,1000,100,4,6,4,0.35,40,0.924499229583975,30,90,3
"Separate 2D path/grid BIC + refit",4,NA,53.3585419366962,0,NA,0.489995662497649,97630.9997294169,NA,TRUE,23,22,93,1,0.91025641025641,0.236559139784946,0.382608695652174,NA,NA,NA,NA,0.000390940591991237,5.63415922060649,0.824194752260313,59.3304681430777,375,-192671.591229215,-190944.65240947,1,1,0.91025641025641,"specific_effect_common6_specific4",72,1000,100,4,6,4,0.35,40,0.924499229583975,30,90,3
"Eta centered path BIC",4,NA,NA,NA,1.29489052285142,0.478238934129731,97465.8809754065,97213.2330292355,TRUE,28,22,36,1,0.179487179487179,0.611111111111111,0.758620689655172,NA,NA,NA,NA,0.0002943577705065,31.4114932021671,0.55875252742059,61.4960891006586,211,-193474.225586948,-192502.534677704,1,1,0.179487179487179,"specific_effect_common6_specific4",72,1000,100,4,6,4,0.35,40,0.924499229583975,30,90,3
"Eta centered path BIC + refit",4,NA,NA,NA,1.29489052285142,0.551667497665608,97525.3959646252,NA,TRUE,61,22,36,1,0.179487179487179,0.611111111111111,0.758620689655172,NA,NA,NA,NA,0.000176423613151106,4.65935862902803,0.479620766083826,59.4820445398528,147,-194035.35190324,-193358.3918859,1,1,0.179487179487179,"specific_effect_common6_specific4",72,1000,100,4,6,4,0.35,40,0.924499229583975,30,90,3
"Rossi path BIC",4,35.3424418802271,NA,NA,NA,0.488582397788592,97353.331235078,96878.8233678445,TRUE,2,22,99,1,0.987179487179487,0.222222222222222,0.363636363636364,1,0.530555555555556,0.173160173160173,0.29520295202952,0.000141708578132052,3.34577672860691,0.304876866691556,58.7295769486344,234,-193090.247734874,-192012.637911353,1,1,0.987179487179487,"specific_effect_common6_specific4",73,1000,100,4,6,4,0.35,40,0.924499229583975,30,90,3
"Rossi path BIC + refit",4,35.3424418802271,NA,NA,NA,0.40562588905198,97412.636011657,NA,TRUE,48,22,99,1,0.987179487179487,0.222222222222222,0.363636363636364,NA,NA,NA,NA,0.000520287131055643,9.58307754096032,1.0097709435938,59.0443698824191,399,-192069.077667,-190231.614762791,1,1,0.987179487179487,"specific_effect_common6_specific4",73,1000,100,4,6,4,0.35,40,0.924499229583975,30,90,3
"Separate 2D path/grid BIC",4,NA,44.7467449680933,0,NA,0.496119907000431,97334.104187636,96755.1696075192,TRUE,2,22,98,1,0.974358974358974,0.224489795918367,0.366666666666667,1,0.441666666666667,0.201005025125628,0.334728033472803,0.000116305650360467,2.31547767799689,0.240400901071137,58.5343144223586,202,-193272.841808918,-192342.597431348,1,1,0.974358974358974,"specific_effect_common6_specific4",73,1000,100,4,6,4,0.35,40,0.924499229583975,30,90,3
"Separate 2D path/grid BIC + refit",4,NA,44.7467449680933,0,NA,0.413380168547942,97411.4074578745,NA,TRUE,47,22,98,1,0.974358974358974,0.224489795918367,0.366666666666667,NA,NA,NA,NA,0.000511304159832986,8.30153098266419,0.972446587938705,58.9203957136874,395,-192094.251580551,-190275.209357086,1,1,0.974358974358974,"specific_effect_common6_specific4",73,1000,100,4,6,4,0.35,40,0.924499229583975,30,90,3
"Eta centered path BIC",4,NA,NA,NA,1.8603629804382,0.379711014149715,97158.8208515976,96865.6272682841,TRUE,4,22,23,0.863636363636364,0.0512820512820513,0.826086956521739,0.844444444444444,NA,NA,NA,NA,0.000481871626040323,94.3583266208908,1.30924978342031,62.7109397464733,172,-193129.50779521,-192337.41852322,1,0.8125,0.0512820512820513,"specific_effect_common6_specific4",73,1000,100,4,6,4,0.35,40,0.924499229583975,30,90,3
"Eta centered path BIC + refit",4,NA,NA,NA,1.8603629804382,0.468429894990617,97220.6725544463,NA,FALSE,100,22,23,0.863636363636364,0.0512820512820513,0.826086956521739,0.844444444444444,NA,NA,NA,NA,0.000279004812516871,5.53501455339498,0.377199322486513,59.02825669195,95,-193785.108357389,-193347.61718972,1,0.8125,0.0512820512820513,"specific_effect_common6_specific4",73,1000,100,4,6,4,0.35,40,0.924499229583975,30,90,3
"Rossi path BIC",4,47.8291126228383,NA,NA,NA,0.509820861005274,97144.4228810345,96512.9370334149,TRUE,2,22,97,1,0.961538461538462,0.22680412371134,0.369747899159664,1,0.486111111111111,0.186046511627907,0.313725490196078,0.000114862833561965,3.43158764056018,0.269360986810814,58.6137664761334,218,-192782.955111251,-191779.028010706,1,1,0.961538461538462,"specific_effect_common6_specific4",74,1000,100,4,6,4,0.35,40,0.924499229583975,30,90,3
"Rossi path BIC + refit",4,47.8291126228383,NA,NA,NA,0.426522202027645,97221.1889175652,NA,TRUE,40,22,97,1,0.961538461538462,0.22680412371134,0.369747899159664,NA,NA,NA,NA,0.000464434589015288,7.80653378055313,0.979890763533016,58.8073009706423,391,-191741.445521048,-189940.823978327,1,1,0.961538461538462,"specific_effect_common6_specific4",74,1000,100,4,6,4,0.35,40,0.924499229583975,30,90,3
"Separate 2D path/grid BIC",4,NA,64.9574845122195,0,NA,0.514407313246158,97105.3216487422,96293.701578028,TRUE,2,22,82,1,0.769230769230769,0.268292682926829,0.423076923076923,1,0.305555555555556,0.266666666666667,0.421052631578947,8.03664622927346e-05,3.00800524318265,0.186061482944325,58.4818946789271,153,-193153.7567398,-192449.165701344,1,1,0.769230769230769,"specific_effect_common6_specific4",74,1000,100,4,6,4,0.35,40,0.924499229583975,30,90,3
"Separate 2D path/grid BIC + refit",4,NA,64.9574845122195,0,NA,0.441564764435474,97208.5676661318,NA,TRUE,75,22,82,1,0.769230769230769,0.268292682926829,0.423076923076923,NA,NA,NA,NA,0.000467865026481511,13.8050767191745,1.02452907783022,59.6279022569979,331,-192130.66833492,-190606.357003358,1,1,0.769230769230769,"specific_effect_common6_specific4",74,1000,100,4,6,4,0.35,40,0.924499229583975,30,90,3
"Eta centered path BIC",4,NA,NA,NA,1.30747755010843,0.44349426642415,97039.3896170095,96796.5056614841,TRUE,57,22,41,1,0.243589743589744,0.536585365853659,0.698412698412698,NA,NA,NA,NA,0.00026161900514159,33.2131267919215,0.55061181481495,59.7142687840007,226,-192517.626540969,-191476.858078936,1,1,0.243589743589744,"specific_effect_common6_specific4",74,1000,100,4,6,4,0.35,40,0.924499229583975,30,90,3
"Eta centered path BIC + refit",4,NA,NA,NA,1.30747755010843,0.480358162180159,97108.3005695714,NA,TRUE,47,22,41,1,0.243589743589744,0.536585365853659,0.698412698412698,NA,NA,NA,NA,0.000239484701175114,6.32215077595365,0.522526067151641,58.4602364708262,167,-193063.006007553,-192293.942586493,1,1,0.243589743589744,"specific_effect_common6_specific4",74,1000,100,4,6,4,0.35,40,0.924499229583975,30,90,3
"Rossi path BIC",4,23.7242794892806,NA,NA,NA,0.501421049788739,97501.2342289009,97146.3255455444,TRUE,2,22,100,1,1,0.22,0.360655737704918,1,0.755555555555556,0.128205128205128,0.227272727272727,0.000254059166523491,12.0513398969938,0.62047862573923,60.0057065410618,315,-192826.525544922,-191375.896936336,1,1,1,"specific_effect_common6_specific4",75,1000,100,4,6,4,0.35,40,0.924499229583975,30,90,3
"Rossi path BIC + refit",4,23.7242794892806,NA,NA,NA,0.477667672803101,97524.2478073412,NA,TRUE,27,22,100,1,1,0.22,0.360655737704918,NA,NA,NA,NA,0.000440528431628579,9.64750066000776,0.984416019913816,59.7205814806516,403,-192264.670237253,-190408.786652299,1,1,1,"specific_effect_common6_specific4",75,1000,100,4,6,4,0.35,40,0.924499229583975,30,90,3
"Separate 2D path/grid BIC",4,NA,33.4746193136796,0,NA,0.509722423288865,97481.130191118,97004.2416564048,TRUE,2,22,100,1,1,0.22,0.360655737704918,1,0.638888888888889,0.148148148148148,0.258064516129032,0.00019700283715324,9.97297685551907,0.485008520499275,59.7748365435184,273,-193076.443191074,-191819.231730299,1,1,1,"specific_effect_common6_specific4",75,1000,100,4,6,4,0.35,40,0.924499229583975,30,90,3
"Separate 2D path/grid BIC + refit",4,NA,33.4746193136796,0,NA,0.479663311274481,97524.2475158375,NA,TRUE,31,22,100,1,1,0.22,0.360655737704918,NA,NA,NA,NA,0.00043988664623129,9.3988400630177,0.980338729228378,59.6951741500364,403,-192264.669654245,-190408.786069292,1,1,1,"specific_effect_common6_specific4",75,1000,100,4,6,4,0.35,40,0.924499229583975,30,90,3
"Eta centered path BIC",4,NA,NA,NA,1.65143333590675,0.463704393299966,97264.1588923098,96992.5655719059,TRUE,32,22,27,1,0.0641025641025641,0.814814814814815,0.897959183673469,NA,NA,NA,NA,0.000307713734222288,57.0123394112,0.787590526067701,61.3581716810729,184,-193257.290813287,-192409.939499065,1,1,0.0641025641025641,"specific_effect_common6_specific4",75,1000,100,4,6,4,0.35,40,0.924499229583975,30,90,3
"Eta centered path BIC + refit",4,NA,NA,NA,1.65143333590675,0.505187268281417,97358.2658401353,NA,TRUE,49,22,27,1,0.0641025641025641,0.814814814814815,0.897959183673469,NA,NA,NA,NA,0.000142461764412918,4.39427706266609,0.31842357734333,58.9313473200729,111,-193949.770844304,-193438.596953659,1,1,0.0641025641025641,"specific_effect_common6_specific4",75,1000,100,4,6,4,0.35,40,0.924499229583975,30,90,3
"Rossi path BIC",4,13.4575323076087,NA,NA,NA,0.494694825560516,97803.0139175363,97595.4997442751,TRUE,2,22,100,1,1,0.22,0.360655737704918,1,0.869444444444444,0.113314447592068,0.203562340966921,0.000250529790338694,5.60701482766933,0.549514534536952,59.3968905260139,356,-193146.866955755,-191507.426369543,1,1,1,"specific_effect_common6_specific4",76,1000,100,4,6,4,0.35,40,0.924499229583975,30,90,3
"Rossi path BIC + refit",4,13.4575323076087,NA,NA,NA,0.466205971220801,97812.9352305881,NA,TRUE,43,22,100,1,1,0.22,0.360655737704918,NA,NA,NA,NA,0.00039929981966498,5.89284563694657,0.768647571532393,59.0169556343309,403,-192842.045083746,-190986.161498793,1,1,1,"specific_effect_common6_specific4",76,1000,100,4,6,4,0.35,40,0.924499229583975,30,90,3
"Separate 2D path/grid BIC",4,NA,81.9824986683359,1.54289327089206,NA,0.548843243781991,97662.7419212324,96343.1376571213,TRUE,2,22,74,1,0.666666666666667,0.297297297297297,0.458333333333333,1,0.213888888888889,0.341880341880342,0.509554140127389,5.96446890104089e-05,4.23855127397198,0.145490667214388,55.8305601715783,120,-194496.553208987,-193943.932786668,1,1,0.666666666666667,"specific_effect_common6_specific4",76,1000,100,4,6,4,0.35,40,0.924499229583975,30,90,3
"Separate 2D path/grid BIC + refit",4,NA,81.9824986683359,1.54289327089206,NA,0.522037735014931,97781.1888385142,NA,TRUE,19,22,74,1,0.666666666666667,0.297297297297297,0.458333333333333,NA,NA,NA,NA,0.000302322371065493,2.0220450350112,0.575133553716078,58.25894002605,299,-193496.958848613,-192120.012963002,1,1,0.666666666666667,"specific_effect_common6_specific4",76,1000,100,4,6,4,0.35,40,0.924499229583975,30,90,3
"Eta centered path BIC",4,NA,NA,NA,2.08152501776378,0.368746137649893,97508.1301442953,97188.6686774811,TRUE,17,22,18,0.727272727272727,0.0256410256410256,0.888888888888889,0.8,NA,NA,NA,NA,0.000685604238320857,433.208359078436,4.51573077470091,66.4030805582042,157,-193931.74270979,-193208.73099059,1,0.625,0.0256410256410256,"specific_effect_common6_specific4",76,1000,100,4,6,4,0.35,40,0.924499229583975,30,90,3
"Eta centered path BIC + refit",4,NA,NA,NA,2.08152501776378,0.463073740884753,97549.6519168648,NA,TRUE,33,22,18,0.727272727272727,0.0256410256410256,0.888888888888889,0.8,NA,NA,NA,NA,0.00076868771165443,276.330867549167,3.62352988763726,63.2705569786399,75,-194581.222187806,-194235.834423857,1,0.625,0.0256410256410256,"specific_effect_common6_specific4",76,1000,100,4,6,4,0.35,40,0.924499229583975,30,90,3
"Rossi path BIC",4,28.4886788342185,NA,NA,NA,0.564028603303861,97625.8325270843,97222.3095290192,TRUE,2,22,100,1,1,0.22,0.360655737704918,1,0.661111111111111,0.143884892086331,0.251572327044025,0.00016045058620866,5.79040765766883,0.351464607502312,59.7200588715963,281,-193310.585820775,-192016.532998512,1,1,1,"specific_effect_common6_specific4",77,1000,100,4,6,4,0.35,40,0.924499229583975,30,90,3
"Rossi path BIC + refit",4,28.4886788342185,NA,NA,NA,0.466111080782352,97661.3464591404,NA,TRUE,32,22,100,1,1,0.22,0.360655737704918,NA,NA,NA,NA,0.000421326163636157,3.71428483131133,0.808026214139645,59.280633385892,403,-192538.867540851,-190682.983955898,1,1,1,"specific_effect_common6_specific4",77,1000,100,4,6,4,0.35,40,0.924499229583975,30,90,3
"Separate 2D path/grid BIC",4,NA,87.0065208352808,2.03510199073677,NA,0.492904525792344,97488.8120666312,96013.1144000648,TRUE,2,22,67,1,0.576923076923077,0.328358208955224,0.49438202247191,1,0.197222222222222,0.36036036036036,0.529801324503311,8.90202996219634e-05,8.41354981002328,0.155599836038858,54.8482427600069,114,-194190.140031458,-193665.150630256,1,1,0.576923076923077,"specific_effect_common6_specific4",77,1000,100,4,6,4,0.35,40,0.924499229583975,30,90,3
"Separate 2D path/grid BIC + refit",4,NA,87.0065208352808,2.03510199073677,NA,0.498565172581004,97616.9858226229,NA,TRUE,13,22,67,1,0.576923076923077,0.328358208955224,0.49438202247191,NA,NA,NA,NA,0.000352003748113387,3.44443188584348,0.609089314871394,58.3793783947095,271,-193361.969964642,-192113.968844239,1,1,0.576923076923077,"specific_effect_common6_specific4",77,1000,100,4,6,4,0.35,40,0.924499229583975,30,90,3
"Eta centered path BIC",4,NA,NA,NA,1.09895794200089,0.465090931404236,97510.697885099,97283.6737217335,TRUE,36,22,48,1,0.333333333333333,0.458333333333333,0.628571428571429,NA,NA,NA,NA,0.000231280980219702,28.1554518534164,0.356679412271384,61.7460492595673,247,-193315.180216289,-192177.70318035,1,1,0.333333333333333,"specific_effect_common6_specific4",77,1000,100,4,6,4,0.35,40,0.924499229583975,30,90,3
"Eta centered path BIC + refit",4,NA,NA,NA,1.09895794200089,0.489120360511865,97573.5833420627,NA,TRUE,27,22,48,1,0.333333333333333,0.458333333333333,0.628571428571429,NA,NA,NA,NA,0.000300024906768673,11.4797371550656,0.651585676092393,60.6167658074054,195,-193800.154404724,-192902.146218456,1,1,0.333333333333333,"specific_effect_common6_specific4",77,1000,100,4,6,4,0.35,40,0.924499229583975,30,90,3
"Rossi path BIC",4,29.2684055555677,NA,NA,NA,0.523775612268626,97679.7969452325,97259.4136896664,TRUE,2,22,99,1,0.987179487179487,0.222222222222222,0.363636363636364,1,0.683333333333333,0.13986013986014,0.245398773006135,0.000231836496344355,4.18616499510155,0.542018968199305,58.7739011961595,289,-193363.252614839,-192032.358431089,1,1,0.987179487179487,"specific_effect_common6_specific4",78,1000,100,4,6,4,0.35,40,0.924499229583975,30,90,3
"Rossi path BIC + refit",4,29.2684055555677,NA,NA,NA,0.461165154880101,97719.0455751563,NA,TRUE,81,22,99,1,0.987179487179487,0.222222222222222,0.363636363636364,NA,NA,NA,NA,0.00064966420252254,0.404981791029649,0.976886553813688,57.3935171101222,399,-192681.896793999,-190844.43388979,1,1,0.987179487179487,"specific_effect_common6_specific4",78,1000,100,4,6,4,0.35,40,0.924499229583975,30,90,3
"Separate 2D path/grid BIC",4,NA,75.7634981250013,0,NA,0.553296159193683,97582.508677122,96645.9194791952,TRUE,2,22,84,1,0.794871794871795,0.261904761904762,0.415094339622642,1,0.308333333333333,0.264900662251656,0.418848167539267,0.000112551730544113,2.8894816931533,0.283618880670097,58.4264947746144,154,-194101.223041281,-193392.026832638,1,1,0.794871794871795,"specific_effect_common6_specific4",78,1000,100,4,6,4,0.35,40,0.924499229583975,30,90,3
"Separate 2D path/grid BIC + refit",4,NA,75.7634981250013,0,NA,0.486376623010804,97702.3858564731,NA,TRUE,17,22,84,1,0.794871794871795,0.261904761904762,0.415094339622642,NA,NA,NA,NA,0.000438943638750495,2.15064807878479,0.830598374890154,58.3528415271338,339,-193063.042673371,-191501.889980321,1,1,0.794871794871795,"specific_effect_common6_specific4",78,1000,100,4,6,4,0.35,40,0.924499229583975,30,90,3
"Eta centered path BIC",4,NA,NA,NA,1.50763814018887,0.443140208104094,97485.0512359715,97212.5340259385,TRUE,48,22,37,0.954545454545455,0.205128205128205,0.567567567567568,0.711864406779661,NA,NA,NA,NA,0.00045343710326483,96.2063918355363,1.50356026367455,62.6068768254863,214,-193491.842842241,-192506.336422439,1,0.9375,0.205128205128205,"specific_effect_common6_specific4",78,1000,100,4,6,4,0.35,40,0.924499229583975,30,90,3
"Eta centered path BIC + refit",4,NA,NA,NA,1.50763814018887,0.489341649849428,97554.0035747664,NA,TRUE,83,22,37,0.954545454545455,0.205128205128205,0.567567567567568,0.711864406779661,NA,NA,NA,NA,0.000287751256720645,6.02414715069392,0.641778708091302,58.4408763034631,151,-194064.936102407,-193369.555404322,1,0.9375,0.205128205128205,"specific_effect_common6_specific4",78,1000,100,4,6,4,0.35,40,0.924499229583975,30,90,3
"Rossi path BIC",4,20.8216003247191,NA,NA,NA,0.531725442709355,97497.4249419004,97192.5276512218,TRUE,2,22,99,1,0.987179487179487,0.222222222222222,0.363636363636364,1,0.686111111111111,0.139372822299652,0.244648318042813,0.000256183820349785,2.73615194509952,0.449448261597267,57.7899797032301,290,-192991.600852896,-191656.101498959,1,1,0.987179487179487,"specific_effect_common6_specific4",79,1000,100,4,6,4,0.35,40,0.924499229583975,30,90,3
"Rossi path BIC + refit",4,20.8216003247191,NA,NA,NA,0.488950951240178,97521.3310993972,NA,TRUE,15,22,99,1,0.987179487179487,0.222222222222222,0.363636363636364,NA,NA,NA,NA,0.00055156308610113,3.09690136289778,0.786919441628834,57.6516344618963,399,-192286.467842481,-190449.004938271,1,1,0.987179487179487,"specific_effect_common6_specific4",79,1000,100,4,6,4,0.35,40,0.924499229583975,30,90,3
"Separate 2D path/grid BIC",4,NA,37.547644419772,2.27033419267266,NA,0.52993924425975,97436.7422715717,96454.4702390059,TRUE,2,22,95,1,0.935897435897436,0.231578947368421,0.376068376068376,1,0.463888888888889,0.193236714975845,0.323886639676113,0.000186466508134561,16.3296900858214,0.279050148443714,53.7584171339181,210,-193422.855934557,-192455.7701955,1,1,0.935897435897436,"specific_effect_common6_specific4",79,1000,100,4,6,4,0.35,40,0.924499229583975,30,90,3
"Separate 2D path/grid BIC + refit",4,NA,37.547644419772,2.27033419267266,NA,0.495094074586055,97517.9159297534,NA,TRUE,12,22,95,1,0.935897435897436,0.231578947368421,0.376068376068376,NA,NA,NA,NA,0.000609204262818069,4.48918864681011,0.802415557677709,57.3755144119791,383,-192390.161587657,-190626.381406423,1,1,0.935897435897436,"specific_effect_common6_specific4",79,1000,100,4,6,4,0.35,40,0.924499229583975,30,90,3
"Eta centered path BIC",4,NA,NA,NA,1.07283299893619,0.492870229176636,97360.1393780587,97147.1440922146,TRUE,33,22,44,1,0.282051282051282,0.5,0.666666666666667,NA,NA,NA,NA,0.000260804640730214,16.2863038141907,0.452796828455467,60.0095906462365,235,-193096.956265557,-192014.741271849,1,1,0.282051282051282,"specific_effect_common6_specific4",79,1000,100,4,6,4,0.35,40,0.924499229583975,30,90,3
"Eta centered path BIC + refit",4,NA,NA,NA,1.07283299893619,0.544710997466112,97429.0912097045,NA,TRUE,61,22,44,1,0.282051282051282,0.5,0.666666666666667,NA,NA,NA,NA,0.000208354540518727,1.4718747958884,0.418360485809039,57.8360738404854,179,-193621.694224471,-192797.368761179,1,1,0.282051282051282,"specific_effect_common6_specific4",79,1000,100,4,6,4,0.35,40,0.924499229583975,30,90,3
"Rossi path BIC",4,26.4575474729904,NA,NA,NA,0.433856935475755,97937.6230584866,97548.0812049191,TRUE,19,22,100,1,1,0.22,0.360655737704918,0.975,0.669444444444444,0.139285714285714,0.24375,0.00101583715561804,25.3714042934113,1.37957927742452,57.9267069260034,283,-193920.351373021,-192617.088210387,1,1,1,"specific_effect_common6_specific4",80,1000,100,4,6,4,0.35,40,0.924499229583975,30,90,3
"Rossi path BIC + refit",4,26.4575474729904,NA,NA,NA,0.430799542694071,97999.6594640055,NA,TRUE,61,22,100,1,1,0.22,0.360655737704918,NA,NA,NA,NA,0.00212482042898828,63.0169790709863,3.04111496299097,60.1736626206877,403,-193215.493550581,-191359.609965628,1,1,1,"specific_effect_common6_specific4",80,1000,100,4,6,4,0.35,40,0.924499229583975,30,90,3
"Separate 2D path/grid BIC",4,NA,100.326013833539,0.749412188152384,NA,0.546915501406739,97825.1387649347,96481.9630472467,TRUE,2,22,67,1,0.576923076923077,0.328358208955224,0.49438202247191,1,0.194444444444444,0.363636363636364,0.533333333333333,0.000142717901649884,5.11002584292298,0.239882923536657,57.1775490702562,113,-194869.701183344,-194349.316952328,1,1,0.576923076923077,"specific_effect_common6_specific4",80,1000,100,4,6,4,0.35,40,0.924499229583975,30,90,3
"Separate 2D path/grid BIC + refit",4,NA,100.326013833539,0.749412188152384,NA,0.497189555100737,97943.5874649616,NA,TRUE,38,22,67,1,0.576923076923077,0.328358208955224,0.49438202247191,NA,NA,NA,NA,0.000256968951689695,9.07089685837555,0.586471638729549,59.6276847346818,271,-194015.173249319,-192767.172128916,1,1,0.576923076923077,"specific_effect_common6_specific4",80,1000,100,4,6,4,0.35,40,0.924499229583975,30,90,3
"Eta centered path BIC",4,NA,NA,NA,1.48486520303343,0.499863012291767,97798.4062425022,97530.691600214,TRUE,21,22,29,0.954545454545455,0.102564102564103,0.724137931034483,0.823529411764706,NA,NA,NA,NA,0.00029201397439972,24.3540931678293,0.440115504412079,61.0684198845798,190,-194284.338981998,-193409.35664666,1,0.9375,0.102564102564103,"specific_effect_common6_specific4",80,1000,100,4,6,4,0.35,40,0.924499229583975,30,90,3
"Eta centered path BIC + refit",4,NA,NA,NA,1.48486520303343,0.525278771413699,97839.4311526943,NA,TRUE,36,22,29,0.954545454545455,0.102564102564103,0.724137931034483,0.823529411764706,NA,NA,NA,NA,0.000190301893792645,7.42124491762386,0.375673394576141,59.6959827438921,119,-194856.83942719,-194308.824175057,1,0.9375,0.102564102564103,"specific_effect_common6_specific4",80,1000,100,4,6,4,0.35,40,0.924499229583975,30,90,3
"Rossi path BIC",4,22.4629030265177,NA,NA,NA,0.455584410709734,97808.742873709,97460.6354589793,TRUE,2,22,100,1,1,0.22,0.360655737704918,1,0.755555555555556,0.128205128205128,0.227272727272727,0.000380288982581096,10.8286388481989,0.781753429900911,59.671649857561,315,-193441.542834539,-191990.914225952,1,1,1,"specific_effect_common6_specific4",81,1000,100,4,6,4,0.35,40,0.924499229583975,30,90,3
"Rossi path BIC + refit",4,22.4629030265177,NA,NA,NA,0.431904133457945,97832.2549086302,NA,TRUE,23,22,100,1,1,0.22,0.360655737704918,NA,NA,NA,NA,0.000646547152835116,13.2302710011088,1.25701267562445,59.2902801023405,403,-192880.684439831,-191024.800854877,1,1,1,"specific_effect_common6_specific4",81,1000,100,4,6,4,0.35,40,0.924499229583975,30,90,3
"Separate 2D path/grid BIC",4,NA,42.4645538679692,0,NA,0.516762613313807,97747.8553675994,97177.5893520375,TRUE,2,22,93,1,0.91025641025641,0.236559139784946,0.382608695652174,1,0.519444444444444,0.176211453744493,0.299625468164794,0.000150666197904792,9.88334862148839,0.349939343611639,60.3232080770447,230,-193906.927021033,-192847.737878256,1,1,0.91025641025641,"specific_effect_common6_specific4",81,1000,100,4,6,4,0.35,40,0.924499229583975,30,90,3
"Separate 2D path/grid BIC + refit",4,NA,42.4645538679692,0,NA,0.435539219118176,97827.0094880374,NA,TRUE,42,22,93,1,0.91025641025641,0.236559139784946,0.382608695652174,NA,NA,NA,NA,0.000630712326204257,12.6103245847761,1.2281901253919,59.2347890225745,375,-193063.610746456,-191336.671926711,1,1,0.91025641025641,"specific_effect_common6_specific4",81,1000,100,4,6,4,0.35,40,0.924499229583975,30,90,3
"Eta centered path BIC",4,NA,NA,NA,1.75551548771532,0.472408901107094,97596.3067376666,97285.5612112587,TRUE,55,22,25,0.954545454545455,0.0512820512820513,0.84,0.893617021276596,NA,NA,NA,NA,0.000269030704690031,45.3461221034281,0.601607569307336,61.266021226541,178,-193963.033035674,-193143.312742568,1,0.9375,0.0512820512820513,"specific_effect_common6_specific4",81,1000,100,4,6,4,0.35,40,0.924499229583975,30,90,3
"Eta centered path BIC + refit",4,NA,NA,NA,1.75551548771532,0.499189714926871,97638.0416872111,NA,TRUE,63,22,25,0.954545454545455,0.0512820512820513,0.84,0.893617021276596,NA,NA,NA,NA,0.000165379257769646,7.71366673509828,0.339919207982627,59.9281598034253,103,-194564.584580687,-194090.25205153,1,0.9375,0.0512820512820513,"specific_effect_common6_specific4",81,1000,100,4,6,4,0.35,40,0.924499229583975,30,90,3
"Rossi path BIC",4,25.7362645614963,NA,NA,NA,0.534920543260687,97669.3380283261,97300.9138522068,TRUE,2,22,98,1,0.974358974358974,0.224489795918367,0.366666666666667,1,0.658333333333333,0.144404332129964,0.252365930599369,0.000201663236175034,2.88021847362743,0.46559105554284,58.7679219259108,280,-193404.504578537,-192115.056926461,1,1,0.974358974358974,"specific_effect_common6_specific4",82,1000,100,4,6,4,0.35,40,0.924499229583975,30,90,3
"Rossi path BIC + refit",4,25.7362645614963,NA,NA,NA,0.459010626775105,97699.1510543808,NA,TRUE,24,22,98,1,0.974358974358974,0.224489795918367,0.366666666666667,NA,NA,NA,NA,0.000441781308943056,2.43316105484623,0.911983147030035,58.7613173749467,395,-192669.738773564,-190850.696550098,1,1,0.974358974358974,"specific_effect_common6_specific4",82,1000,100,4,6,4,0.35,40,0.924499229583975,30,90,3
"Separate 2D path/grid BIC",4,NA,57.905475405719,3.60322948473017,NA,0.484125789295586,97531.1037369398,96085.3287529254,TRUE,2,22,90,1,0.871794871794872,0.244444444444444,0.392857142857143,1,0.319444444444444,0.258064516129032,0.41025641025641,0.000113231604110122,46.7269217386401,0.302301131883659,50.8002930670069,158,-193970.7821398,-193243.165250414,1,1,0.871794871794872,"specific_effect_common6_specific4",82,1000,100,4,6,4,0.35,40,0.924499229583975,30,90,3
"Separate 2D path/grid BIC + refit",4,NA,57.905475405719,3.60322948473017,NA,0.474771720558392,97688.1217698844,NA,TRUE,33,22,90,1,0.871794871794872,0.244444444444444,0.392857142857143,NA,NA,NA,NA,0.000398918090339363,1.62607391057977,0.824441778691128,58.4082850536681,363,-192868.728373498,-191197.051595985,1,1,0.871794871794872,"specific_effect_common6_specific4",82,1000,100,4,6,4,0.35,40,0.924499229583975,30,90,3
"Eta centered path BIC",4,NA,NA,NA,1.27945596544948,0.50439464331811,97517.2080617055,97286.093177044,TRUE,31,22,36,1,0.179487179487179,0.611111111111111,0.758620689655172,NA,NA,NA,NA,0.000242116828483815,24.7549160776285,0.500768058073628,59.1753024028757,211,-193576.879759546,-192605.188850302,1,1,0.179487179487179,"specific_effect_common6_specific4",82,1000,100,4,6,4,0.35,40,0.924499229583975,30,90,3
"Eta centered path BIC + refit",4,NA,NA,NA,1.27945596544948,0.552555271894861,97580.6661847867,NA,TRUE,31,22,36,1,0.179487179487179,0.611111111111111,0.758620689655172,NA,NA,NA,NA,0.000168720506372273,3.13846180108028,0.392225733567243,58.2778228212622,147,-194145.892343563,-193468.932326223,1,1,0.179487179487179,"specific_effect_common6_specific4",82,1000,100,4,6,4,0.35,40,0.924499229583975,30,90,3
"Rossi path BIC",4,48.4147976726413,NA,NA,NA,0.534744737366662,97808.6878356257,97182.8104456412,TRUE,2,22,95,1,0.935897435897436,0.231578947368421,0.376068376068376,1,0.455555555555556,0.196078431372549,0.327868852459016,0.000114080194497624,3.96844268286806,0.272472572614672,59.3994260812711,207,-194187.470328502,-193234.200100003,1,1,0.935897435897436,"specific_effect_common6_specific4",83,1000,100,4,6,4,0.35,40,0.924499229583975,30,90,3
"Rossi path BIC + refit",4,48.4147976726413,NA,NA,NA,0.438603233689451,97894.422335553,NA,TRUE,71,22,95,1,0.935897435897436,0.231578947368421,0.376068376068376,NA,NA,NA,NA,0.000639844746675067,14.8010826446257,1.21376027268078,57.64283532494,383,-193143.174399256,-191379.394218022,1,1,0.935897435897436,"specific_effect_common6_specific4",83,1000,100,4,6,4,0.35,40,0.924499229583975,30,90,3
"Separate 2D path/grid BIC",4,NA,64.2270805178675,0,NA,0.539713239062621,97775.9768299621,96983.4209924596,TRUE,2,22,84,1,0.794871794871795,0.261904761904762,0.415094339622642,1,0.319444444444444,0.258064516129032,0.41025641025641,9.35158972381457e-05,3.77148451825304,0.218989399567508,59.3779633074585,158,-194460.528325845,-193732.911436459,1,1,0.794871794871795,"specific_effect_common6_specific4",83,1000,100,4,6,4,0.35,40,0.924499229583975,30,90,3
"Separate 2D path/grid BIC + refit",4,NA,64.2270805178675,0,NA,0.463218718035817,97871.480787854,NA,FALSE,100,22,84,1,0.794871794871795,0.261904761904762,0.415094339622642,NA,NA,NA,NA,0.000486157249540372,5.32208414901962,0.896523276338771,58.0448145484386,339,-193401.232536133,-191840.079843083,1,1,0.794871794871795,"specific_effect_common6_specific4",83,1000,100,4,6,4,0.35,40,0.924499229583975,30,90,3
"Eta centered path BIC",4,NA,NA,NA,1.82879037175935,0.384232430397899,97581.4420292505,97311.0160239639,TRUE,26,22,20,0.818181818181818,0.0256410256410256,0.9,0.857142857142857,NA,NA,NA,NA,0.000556767496413865,162.701636818463,1.84641074442227,66.085822511837,163,-194036.919948027,-193286.277207711,1,0.75,0.0256410256410256,"specific_effect_common6_specific4",83,1000,100,4,6,4,0.35,40,0.924499229583975,30,90,3
"Eta centered path BIC + refit",4,NA,NA,NA,1.82879037175935,0.43429506952464,97649.5881417231,NA,TRUE,70,22,20,0.818181818181818,0.0256410256410256,0.9,0.857142857142857,NA,NA,NA,NA,0.000410394191334962,68.2944519097768,1.11925402508144,64.2322030912582,83,-194725.832595291,-194343.603469854,1,0.75,0.0256410256410256,"specific_effect_common6_specific4",83,1000,100,4,6,4,0.35,40,0.924499229583975,30,90,3
"Rossi path BIC",4,72.0313204806593,NA,NA,NA,0.533224052221888,97642.1082593967,96761.8335596743,TRUE,2,22,87,1,0.833333333333333,0.252873563218391,0.403669724770642,1,0.322222222222222,0.256410256410256,0.408163265306122,0.000117642339040677,1.85428097547509,0.178284070709961,58.6555289523076,159,-194185.883429435,-193453.661369863,1,1,0.833333333333333,"specific_effect_common6_specific4",84,1000,100,4,6,4,0.35,40,0.924499229583975,30,90,3
"Rossi path BIC + refit",4,72.0313204806593,NA,NA,NA,0.447750704544598,97761.9629609253,NA,FALSE,100,22,87,1,0.833333333333333,0.252873563218391,0.403669724770642,NA,NA,NA,NA,0.000752237026886514,20.4486383159054,1.53740838627327,60.3462153013293,351,-193099.303818928,-191482.889083646,1,1,0.833333333333333,"specific_effect_common6_specific4",84,1000,100,4,6,4,0.35,40,0.924499229583975,30,90,3
"Separate 2D path/grid BIC",4,NA,82.2599251513577,0,NA,0.539342748817788,97622.3537757974,96638.3887750093,TRUE,2,22,75,1,0.67948717948718,0.293333333333333,0.45360824742268,1,0.244444444444444,0.3125,0.476190476190476,0.000112628270170607,1.28858282509868,0.159997082143489,58.4395337487742,131,-194339.791610048,-193736.514315684,1,1,0.67948717948718,"specific_effect_common6_specific4",84,1000,100,4,6,4,0.35,40,0.924499229583975,30,90,3
"Separate 2D path/grid BIC + refit",4,NA,82.2599251513577,0,NA,0.454434543680834,97742.5245704074,NA,TRUE,93,22,75,1,0.67948717948718,0.293333333333333,0.45360824742268,NA,NA,NA,NA,0.000892469693048748,26.549025743569,1.79661430508198,60.5652281369947,303,-193391.999291283,-191996.632724929,1,1,0.67948717948718,"specific_effect_common6_specific4",84,1000,100,4,6,4,0.35,40,0.924499229583975,30,90,3
"Eta centered path BIC",4,NA,NA,NA,1.99321283361297,0.441312831868862,97503.3324414643,97191.1675728845,TRUE,35,22,20,0.818181818181818,0.0256410256410256,0.9,0.857142857142857,NA,NA,NA,NA,0.000390091329190414,51.9114130605181,0.914008949146264,59.8875077969774,163,-193880.700772455,-193130.058032138,1,0.75,0.0256410256410256,"specific_effect_common6_specific4",84,1000,100,4,6,4,0.35,40,0.924499229583975,30,90,3
"Eta centered path BIC + refit",4,NA,NA,NA,1.99321283361297,0.480628042030792,97546.9246355274,NA,TRUE,49,22,20,0.818181818181818,0.0256410256410256,0.9,0.857142857142857,NA,NA,NA,NA,0.00035030733833505,6.84682264109658,0.428207456380762,59.1795504329895,83,-194520.505582899,-194138.276457462,1,0.75,0.0256410256410256,"specific_effect_common6_specific4",84,1000,100,4,6,4,0.35,40,0.924499229583975,30,90,3
"Rossi path BIC",4,16.5167749974196,NA,NA,NA,0.491391835722885,97815.8081247603,97557.4298335145,TRUE,2,22,100,1,1,0.22,0.360655737704918,1,0.838888888888889,0.116959064327485,0.209424083769634,0.000321098114183109,7.00143722183635,0.672600681297641,59.865723446903,345,-193248.440678272,-191659.656964106,1,1,1,"specific_effect_common6_specific4",85,1000,100,4,6,4,0.35,40,0.924499229583975,30,90,3
"Rossi path BIC + refit",4,16.5167749974196,NA,NA,NA,0.489314876374474,97829.155553398,NA,TRUE,56,22,100,1,1,0.22,0.360655737704918,NA,NA,NA,NA,0.000496942046218045,4.94742272532795,0.966343714075809,58.9347768578004,403,-192874.485729366,-191018.602144413,1,1,1,"specific_effect_common6_specific4",85,1000,100,4,6,4,0.35,40,0.924499229583975,30,90,3
"Separate 2D path/grid BIC",4,NA,41.2745223707215,3.65658415199932,NA,0.483985431192462,97682.7360189985,96381.4933880541,TRUE,2,22,96,1,0.948717948717949,0.229166666666667,0.372881355932203,1,0.458333333333333,0.195121951219512,0.326530612244898,0.000216575420497622,43.6570488530469,0.450261591378511,51.4637032608254,208,-193928.658939969,-192970.783541283,1,1,0.948717948717949,"specific_effect_common6_specific4",85,1000,100,4,6,4,0.35,40,0.924499229583975,30,90,3
"Separate 2D path/grid BIC + refit",4,NA,41.2745223707215,3.65658415199932,NA,0.479761280990023,97825.895428438,NA,TRUE,23,22,96,1,0.948717948717949,0.229166666666667,0.372881355932203,NA,NA,NA,NA,0.000594057047901053,6.45399799973252,1.07329072633677,57.8431260950386,387,-192978.48956391,-191196.288701932,1,1,0.948717948717949,"specific_effect_common6_specific4",85,1000,100,4,6,4,0.35,40,0.924499229583975,30,90,3
"Eta centered path BIC",4,NA,NA,NA,1.47731408669972,0.477141183973237,97597.0353390799,97333.7683801606,TRUE,29,22,31,0.954545454545455,0.128205128205128,0.67741935483871,0.792452830188679,NA,NA,NA,NA,0.000364862737431139,21.1976974656597,0.66764226601227,59.504220775297,196,-193840.150643479,-192937.537287026,1,0.9375,0.128205128205128,"specific_effect_common6_specific4",85,1000,100,4,6,4,0.35,40,0.924499229583975,30,90,3
"Eta centered path BIC + refit",4,NA,NA,NA,1.47731408669972,0.489690754381055,97658.0893066932,NA,TRUE,34,22,31,0.954545454545455,0.128205128205128,0.67741935483871,0.792452830188679,NA,NA,NA,NA,0.000320428797823793,6.1997598343194,0.647154935631295,58.3469001004057,127,-194438.893692956,-193854.037079335,1,0.9375,0.128205128205128,"specific_effect_common6_specific4",85,1000,100,4,6,4,0.35,40,0.924499229583975,30,90,3
"Rossi path BIC",4,22.2918249756385,NA,NA,NA,0.481093904978589,97356.2154166179,97024.1220458386,TRUE,2,22,100,1,1,0.22,0.360655737704918,1,0.75,0.129032258064516,0.228571428571429,0.000239682602270916,5.32679155218235,0.576855770175233,59.3845523517403,313,-192550.303430914,-191108.8851627,1,1,1,"specific_effect_common6_specific4",86,1000,100,4,6,4,0.35,40,0.924499229583975,30,90,3
"Rossi path BIC + refit",4,22.2918249756385,NA,NA,NA,0.463172421256077,97380.6947117427,NA,TRUE,25,22,100,1,1,0.22,0.360655737704918,NA,NA,NA,NA,0.000452695192556015,2.38501535205476,0.940661254926606,58.9179878259026,403,-191977.564046056,-190121.680461102,1,1,1,"specific_effect_common6_specific4",86,1000,100,4,6,4,0.35,40,0.924499229583975,30,90,3
"Separate 2D path/grid BIC",4,NA,55.7603560856597,0,NA,0.532425372465495,97278.4100067227,96566.8776352758,TRUE,2,22,91,1,0.884615384615385,0.241758241758242,0.389380530973451,1,0.405555555555556,0.21505376344086,0.353982300884956,9.69855403805409e-05,2.82850617254731,0.254832139725444,58.6215790582358,189,-193251.254265718,-192380.877100566,1,1,0.884615384615385,"specific_effect_common6_specific4",86,1000,100,4,6,4,0.35,40,0.924499229583975,30,90,3
"Separate 2D path/grid BIC + refit",4,NA,55.7603560856597,0,NA,0.469265234103635,97368.06286746,NA,TRUE,25,22,91,1,0.884615384615385,0.241758241758242,0.389380530973451,NA,NA,NA,NA,0.000404646256093417,2.09885683094268,0.839122841962404,58.7742848398237,367,-192200.979547534,-190510.882089276,1,1,0.884615384615385,"specific_effect_common6_specific4",86,1000,100,4,6,4,0.35,40,0.924499229583975,30,90,3
"Eta centered path BIC",4,NA,NA,NA,1.64071081865016,0.48323322758461,97140.1524814518,96853.2459273728,TRUE,41,22,28,0.954545454545455,0.0897435897435897,0.75,0.84,NA,NA,NA,NA,0.000330841567510487,40.6834558932694,0.757661577220483,60.0493127168396,187,-192988.554725734,-192127.387900954,1,0.9375,0.0897435897435897,"specific_effect_common6_specific4",86,1000,100,4,6,4,0.35,40,0.924499229583975,30,90,3
"Eta centered path BIC + refit",4,NA,NA,NA,1.64071081865016,0.5117651017167,97210.798897876,NA,TRUE,43,22,28,0.954545454545455,0.0897435897435897,0.75,0.84,NA,NA,NA,NA,0.000199946496467454,5.14659902023085,0.39380882467377,58.6577857329933,115,-193627.205938669,-193097.61136728,1,0.9375,0.0897435897435897,"specific_effect_common6_specific4",86,1000,100,4,6,4,0.35,40,0.924499229583975,30,90,3
"Rossi path BIC",4,23.0013799341271,NA,NA,NA,0.537389428111724,98245.8149309671,97908.7165592901,TRUE,2,22,99,1,0.987179487179487,0.222222222222222,0.363636363636364,1,0.752777777777778,0.128617363344051,0.227920227920228,0.00019501025795954,20.5624159121731,0.507563239121217,61.5387846145617,314,-194322.594704334,-192876.571265934,1,1,0.987179487179487,"specific_effect_common6_specific4",87,1000,100,4,6,4,0.35,40,0.924499229583975,30,90,3
"Rossi path BIC + refit",4,23.0013799341271,NA,NA,NA,0.525767792318483,98266.4427894789,NA,TRUE,17,22,99,1,0.987179487179487,0.222222222222222,0.363636363636364,NA,NA,NA,NA,0.000344583106192634,25.1997535459044,0.851723916915797,61.9279318374256,399,-193776.691222644,-191939.228318435,1,1,0.987179487179487,"specific_effect_common6_specific4",87,1000,100,4,6,4,0.35,40,0.924499229583975,30,90,3
"Separate 2D path/grid BIC",4,NA,50.0663361682948,0,NA,0.57366049023259,98184.076226884,97540.2276544061,TRUE,3,22,88,1,0.846153846153846,0.25,0.4,1,0.422222222222222,0.208333333333333,0.344827586206897,7.57189017725217e-05,6.82519342769811,0.215640451131476,59.7957362246147,195,-195021.140174366,-194123.131988099,1,1,0.846153846153846,"specific_effect_common6_specific4",87,1000,100,4,6,4,0.35,40,0.924499229583975,30,90,3
"Separate 2D path/grid BIC + refit",4,NA,50.0663361682948,0,NA,0.526082587789512,98260.0966408289,NA,TRUE,32,22,88,1,0.846153846153846,0.25,0.4,NA,NA,NA,NA,0.0003283399153717,24.9957809121393,0.811404870995252,61.9132194853076,355,-194067.940157619,-192433.104741593,1,1,0.846153846153846,"specific_effect_common6_specific4",87,1000,100,4,6,4,0.35,40,0.924499229583975,30,90,3
"Eta centered path BIC",4,NA,NA,NA,1.28141584931155,0.492801911370739,98101.6935996367,97849.1371630979,FALSE,100,22,36,1,0.179487179487179,0.611111111111111,0.758620689655172,NA,NA,NA,NA,0.000336235486241028,56.3759066427522,0.770109634769751,63.0133727000299,211,-194745.850835408,-193774.159926165,1,1,0.179487179487179,"specific_effect_common6_specific4",87,1000,100,4,6,4,0.35,40,0.924499229583975,30,90,3
"Eta centered path BIC + refit",4,NA,NA,NA,1.28141584931155,0.530733061055661,98153.8523429017,NA,TRUE,42,22,36,1,0.179487179487179,0.611111111111111,0.758620689655172,NA,NA,NA,NA,0.000201121166223496,16.6676391110096,0.507937646211992,61.097516328861,147,-195292.264659793,-194615.304642453,1,1,0.179487179487179,"specific_effect_common6_specific4",87,1000,100,4,6,4,0.35,40,0.924499229583975,30,90,3
"Rossi path BIC",4,49.3294336921117,NA,NA,NA,0.511593299359272,97334.8686577042,96688.5838115831,TRUE,2,22,93,1,0.91025641025641,0.236559139784946,0.382608695652174,1,0.447222222222222,0.199004975124378,0.33195020746888,0.000106619291622268,5.54124100118029,0.277749278790968,59.4189952963371,204,-193260.555238496,-192321.100520555,1,1,0.91025641025641,"specific_effect_common6_specific4",88,1000,100,4,6,4,0.35,40,0.924499229583975,30,90,3
"Rossi path BIC + refit",4,49.3294336921117,NA,NA,NA,0.4516425471698,97407.1145008922,NA,TRUE,32,22,93,1,0.91025641025641,0.236559139784946,0.382608695652174,NA,NA,NA,NA,0.000406548958249394,11.4779244382146,0.849118430120117,60.1775497316266,375,-192223.820772166,-190496.88195242,1,1,0.91025641025641,"specific_effect_common6_specific4",88,1000,100,4,6,4,0.35,40,0.924499229583975,30,90,3
"Separate 2D path/grid BIC",4,NA,76.3616492417604,0,NA,0.514019871535954,97279.8089608186,96348.2443440357,TRUE,2,22,83,1,0.782051282051282,0.265060240963855,0.419047619047619,1,0.263888888888889,0.296296296296296,0.457142857142857,6.79994668586748e-05,2.66059744604667,0.169889315416998,58.7429889640068,138,-193606.347693138,-192970.834207471,1,1,0.782051282051282,"specific_effect_common6_specific4",88,1000,100,4,6,4,0.35,40,0.924499229583975,30,90,3
"Separate 2D path/grid BIC + refit",4,NA,76.3616492417604,0,NA,0.450262550021001,97394.0584360433,NA,TRUE,22,22,83,1,0.782051282051282,0.265060240963855,0.419047619047619,NA,NA,NA,NA,0.000358398351543289,10.0739146849617,0.775276920552888,60.1048103765399,335,-192474.018853628,-190931.286841322,1,1,0.782051282051282,"specific_effect_common6_specific4",88,1000,100,4,6,4,0.35,40,0.924499229583975,30,90,3
"Eta centered path BIC",4,NA,NA,NA,2.02131107158657,0.413319300510364,97170.2550940699,96748.8249346144,TRUE,30,22,33,1,0.141025641025641,0.666666666666667,0.8,NA,NA,NA,NA,0.000534415077692035,167.718625332998,1.87409712410266,65.4942299119877,202,-192945.143621785,-192014.899244216,1,1,0.141025641025641,"specific_effect_common6_specific4",88,1000,100,4,6,4,0.35,40,0.924499229583975,30,90,3
"Eta centered path BIC + refit",4,NA,NA,NA,2.02131107158657,0.439464110385896,97258.5529588256,NA,TRUE,14,22,33,1,0.141025641025641,0.666666666666667,0.8,NA,NA,NA,NA,0.000551624893289865,161.167072068952,2.31729841852573,65.6707895347709,135,-193584.558954989,-192962.86097988,1,1,0.141025641025641,"specific_effect_common6_specific4",88,1000,100,4,6,4,0.35,40,0.924499229583975,30,90,3
"Rossi path BIC",4,32.3313072636103,NA,NA,NA,0.481751282122922,97166.8655332514,96718.9625644429,TRUE,2,22,99,1,0.987179487179487,0.222222222222222,0.363636363636364,1,0.602777777777778,0.155642023346304,0.269360269360269,0.000155473326924717,1.89354506374016,0.318714700988844,58.3161236177947,260,-192537.714693968,-191340.370445611,1,1,0.987179487179487,"specific_effect_common6_specific4",89,1000,100,4,6,4,0.35,40,0.924499229583975,30,90,3
"Rossi path BIC + refit",4,32.3313072636103,NA,NA,NA,0.454985116773741,97206.7679942192,NA,TRUE,19,22,99,1,0.987179487179487,0.222222222222222,0.363636363636364,NA,NA,NA,NA,0.000357229659504929,2.74997759354096,0.705797791919113,58.3429938816519,399,-191657.341632125,-189819.878727915,1,1,0.987179487179487,"specific_effect_common6_specific4",89,1000,100,4,6,4,0.35,40,0.924499229583975,30,90,3
"Separate 2D path/grid BIC",4,NA,45.9452249244433,0,NA,0.486127246088223,97137.5156398293,96535.8305500551,TRUE,2,22,95,1,0.935897435897436,0.231578947368421,0.376068376068376,1,0.447222222222222,0.199004975124378,0.33195020746888,0.000110619741674609,1.32993086594408,0.222784334779249,58.2128085129092,204,-192865.849202746,-191926.394484805,1,1,0.935897435897436,"specific_effect_common6_specific4",89,1000,100,4,6,4,0.35,40,0.924499229583975,30,90,3
"Separate 2D path/grid BIC + refit",4,NA,45.9452249244433,0,NA,0.452493236447134,97206.0434271332,NA,TRUE,42,22,95,1,0.935897435897436,0.231578947368421,0.376068376068376,NA,NA,NA,NA,0.00038436666040149,2.00729334613397,0.719081319198732,58.1935824238391,383,-191766.416582416,-190002.636401183,1,1,0.935897435897436,"specific_effect_common6_specific4",89,1000,100,4,6,4,0.35,40,0.924499229583975,30,90,3
"Eta centered path BIC",4,NA,NA,NA,1.36528569632105,0.449335956080886,97011.1821756543,96762.4408583472,TRUE,54,22,36,1,0.179487179487179,0.611111111111111,0.758620689655172,NA,NA,NA,NA,0.000321897150057782,37.3224816995064,0.686634179736001,60.1741739993853,211,-192564.827987443,-191593.1370782,1,1,0.179487179487179,"specific_effect_common6_specific4",89,1000,100,4,6,4,0.35,40,0.924499229583975,30,90,3
"Eta centered path BIC + refit",4,NA,NA,NA,1.36528569632105,0.47954459166131,97086.4127304744,NA,TRUE,58,22,36,1,0.179487179487179,0.611111111111111,0.758620689655172,NA,NA,NA,NA,0.000159857736538077,1.83180822983081,0.339903501051821,57.8231005437646,147,-193157.385434938,-192480.425417598,1,1,0.179487179487179,"specific_effect_common6_specific4",89,1000,100,4,6,4,0.35,40,0.924499229583975,30,90,3
"Rossi path BIC",4,20.5456129284945,NA,NA,NA,0.520241129012052,98109.4151583806,97807.129534574,TRUE,2,22,100,1,1,0.22,0.360655737704918,1,0.755555555555556,0.128205128205128,0.227272727272727,0.000250472465109033,6.6043573126019,0.536949491486659,59.6875511053463,315,-194042.887403882,-192592.258795296,1,1,1,"specific_effect_common6_specific4",90,1000,100,4,6,4,0.35,40,0.924499229583975,30,90,3
"Rossi path BIC + refit",4,20.5456129284945,NA,NA,NA,0.485847148858625,98133.0961555965,NA,TRUE,30,22,100,1,1,0.22,0.360655737704918,NA,NA,NA,NA,0.000499200210795914,3.19967222223875,0.902434066354703,59.1509470591726,403,-193482.366933763,-191626.48334881,1,1,1,"specific_effect_common6_specific4",90,1000,100,4,6,4,0.35,40,0.924499229583975,30,90,3
"Separate 2D path/grid BIC",4,NA,68.7986559526922,0,NA,0.543131924996463,98007.8120811088,97174.6602295359,TRUE,3,22,89,1,0.858974358974359,0.247191011235955,0.396396396396396,0.975,0.302777777777778,0.263513513513513,0.414893617021277,0.000146533696595482,3.39935850106077,0.261644541224282,58.1598675115097,151,-194972.553115091,-194277.172417007,1,1,0.858974358974359,"specific_effect_common6_specific4",90,1000,100,4,6,4,0.35,40,0.924499229583975,30,90,3
"Separate 2D path/grid BIC + refit",4,NA,68.7986559526922,0,NA,0.50550345794258,98122.532788046,NA,TRUE,52,22,89,1,0.858974358974359,0.247191011235955,0.396396396396396,NA,NA,NA,NA,0.000460122502353859,2.65644689777334,0.83009255143626,58.8345345988076,359,-193765.181430937,-192111.925334168,1,1,0.858974358974359,"specific_effect_common6_specific4",90,1000,100,4,6,4,0.35,40,0.924499229583975,30,90,3
"Eta centered path BIC",4,NA,NA,NA,1.91031891498138,0.454207484523533,97882.0579426387,97503.726832403,TRUE,21,22,31,0.863636363636364,0.153846153846154,0.612903225806452,0.716981132075472,NA,NA,NA,NA,0.000640752547074096,508.679401159069,5.07512640182667,67.1883433832138,196,-194410.195850597,-193507.582494143,1,0.8125,0.153846153846154,"specific_effect_common6_specific4",90,1000,100,4,6,4,0.35,40,0.924499229583975,30,90,3
"Eta centered path BIC + refit",4,NA,NA,NA,1.91031891498138,0.487291446691646,97978.4527851001,NA,TRUE,16,22,31,0.863636363636364,0.153846153846154,0.612903225806452,0.716981132075472,NA,NA,NA,NA,0.000637300243550656,516.642498071601,5.62627369403295,66.4436411389171,127,-195079.62064977,-194494.764036149,1,0.8125,0.153846153846154,"specific_effect_common6_specific4",90,1000,100,4,6,4,0.35,40,0.924499229583975,30,90,3
"Rossi path BIC",4,13.0329526001337,NA,NA,NA,0.493540462636401,98282.9008831644,98061.9926892132,TRUE,2,22,100,1,1,0.22,0.360655737704918,1,0.836111111111111,0.117302052785924,0.20997375328084,0.000998520061177258,13.9705291744613,1.88421426814814,60.2683600471496,344,-194189.533950359,-192605.355406379,1,1,1,"specific_effect_common6_specific4",91,1000,100,4,6,4,0.35,40,0.924499229583975,30,90,3
"Rossi path BIC + refit",4,13.0329526001337,NA,NA,NA,0.492639573737926,98293.1682843525,NA,TRUE,41,22,100,1,1,0.22,0.360655737704918,NA,NA,NA,NA,0.00139256126404995,16.0960966529815,2.64402615384773,60.4055276175697,403,-193802.511191275,-191946.627606322,1,1,1,"specific_effect_common6_specific4",91,1000,100,4,6,4,0.35,40,0.924499229583975,30,90,3
"Separate 2D path/grid BIC",4,NA,44.8819956718886,0.687332711709473,NA,0.565993075039144,98196.9483847142,97455.3064811809,TRUE,2,22,94,1,0.923076923076923,0.234042553191489,0.379310344827586,1,0.436111111111111,0.203045685279188,0.337552742616034,9.46923240674049e-05,3.73841612713285,0.247626625134962,58.1582057592706,200,-195012.345713632,-194091.311676434,1,1,0.923076923076923,"specific_effect_common6_specific4",91,1000,100,4,6,4,0.35,40,0.924499229583975,30,90,3
"Separate 2D path/grid BIC + refit",4,NA,44.8819956718886,0.687332711709473,NA,0.512104229547231,98274.0765124625,NA,TRUE,58,22,94,1,0.923076923076923,0.234042553191489,0.379310344827586,NA,NA,NA,NA,0.000499760750411351,10.5395598386772,0.983263559196081,59.6147484183387,379,-193930.113774191,-192184.754273701,1,1,0.923076923076923,"specific_effect_common6_specific4",91,1000,100,4,6,4,0.35,40,0.924499229583975,30,90,3
"Eta centered path BIC",4,NA,NA,NA,1.22204884043344,0.435672216210069,98085.6420320739,97865.9201289902,TRUE,12,22,34,0.954545454545455,0.166666666666667,0.617647058823529,0.75,NA,NA,NA,NA,0.000418874314798148,135.861861084793,1.50365305244393,65.1856552113384,205,-194755.194231956,-193811.134343829,1,0.9375,0.166666666666667,"specific_effect_common6_specific4",91,1000,100,4,6,4,0.35,40,0.924499229583975,30,90,3
"Eta centered path BIC + refit",4,NA,NA,NA,1.22204884043344,0.449568394591507,98128.1050829357,NA,TRUE,61,22,34,0.954545454545455,0.166666666666667,0.617647058823529,0.75,NA,NA,NA,NA,0.000530643409078155,113.802924898488,2.17202442371351,64.3858564078988,139,-195296.032182093,-194655.913526241,1,0.9375,0.166666666666667,"specific_effect_common6_specific4",91,1000,100,4,6,4,0.35,40,0.924499229583975,30,90,3
"Rossi path BIC",4,4.60028589598615,NA,NA,NA,0.450467090631856,97598.7650991565,97520.9019771649,TRUE,2,22,100,1,1,0.22,0.360655737704918,1,0.944444444444444,0.105263157894737,0.19047619047619,0.000729231595229192,100.498021356481,2.39560633547878,64.43887463894,383,-192551.859926463,-190788.079745229,1,1,1,"specific_effect_common6_specific4",92,1000,100,4,6,4,0.35,40,0.924499229583975,30,90,3
"Rossi path BIC + refit",4,4.60028589598615,NA,NA,NA,0.445153446841156,97599.778431974,NA,TRUE,6,22,100,1,1,0.22,0.360655737704918,NA,NA,NA,NA,0.000785793960666031,100.434107845493,2.54598453264691,64.407288624281,403,-192415.731486518,-190559.847901565,1,1,1,"specific_effect_common6_specific4",92,1000,100,4,6,4,0.35,40,0.924499229583975,30,90,3
"Separate 2D path/grid BIC",4,NA,91.7653625489981,0,NA,0.539497799637586,97445.8175025698,96370.2823330045,TRUE,2,22,54,1,0.41025641025641,0.407407407407407,0.578947368421053,1,0.127777777777778,0.465116279069767,0.634920634920635,7.19785122193652e-05,2.76507288048676,0.157467918068581,58.6774483243081,89,-194276.84478531,-193866.984638757,1,1,0.41025641025641,"specific_effect_common6_specific4",92,1000,100,4,6,4,0.35,40,0.924499229583975,30,90,3
"Separate 2D path/grid BIC + refit",4,NA,91.7653625489981,0,NA,0.471482788829117,97529.6622847169,NA,TRUE,37,22,54,1,0.41025641025641,0.407407407407407,0.578947368421053,NA,NA,NA,NA,0.000264988454851989,3.58320890025904,0.581076074793966,59.1398689853828,219,-193546.526163337,-192537.993892605,1,1,0.41025641025641,"specific_effect_common6_specific4",92,1000,100,4,6,4,0.35,40,0.924499229583975,30,90,3
"Eta centered path BIC",4,NA,NA,NA,1.20266378471823,0.439759637289983,97477.1762224139,97174.2544155952,TRUE,41,22,62,1,0.512820512820513,0.354838709677419,0.523809523809524,NA,NA,NA,NA,0.000430485740054799,85.2277064545732,1.22231175464907,63.498514986517,289,-192958.011169202,-191627.116985451,1,1,0.512820512820513,"specific_effect_common6_specific4",92,1000,100,4,6,4,0.35,40,0.924499229583975,30,90,3
"Eta centered path BIC + refit",4,NA,NA,NA,1.20266378471823,0.442408839130583,97560.6717080514,NA,TRUE,13,22,62,1,0.512820512820513,0.354838709677419,0.523809523809524,NA,NA,NA,NA,0.000655584796686778,90.948358073104,2.10744594981371,64.1248158439369,251,-193387.496841078,-192231.599124395,1,1,0.512820512820513,"specific_effect_common6_specific4",92,1000,100,4,6,4,0.35,40,0.924499229583975,30,90,3
"Rossi path BIC",4,34.0287786176333,NA,NA,NA,0.575336378077412,97465.6391271499,97014.4090746072,TRUE,2,22,100,1,1,0.22,0.360655737704918,1,0.572222222222222,0.16260162601626,0.27972027972028,0.000144545821409473,5.68227498573725,0.328336781282336,59.2581294388183,249,-193211.247189833,-192064.559813522,1,1,1,"specific_effect_common6_specific4",93,1000,100,4,6,4,0.35,40,0.924499229583975,30,90,3
"Rossi path BIC + refit",4,34.0287786176333,NA,NA,NA,0.511518425387045,97518.5918604219,NA,TRUE,88,22,100,1,1,0.22,0.360655737704918,NA,NA,NA,NA,0.000520417210023628,6.17503124679043,1.0343106909451,59.4057844357394,403,-192253.358343414,-190397.474758461,1,1,1,"specific_effect_common6_specific4",93,1000,100,4,6,4,0.35,40,0.924499229583975,30,90,3
"Separate 2D path/grid BIC",4,NA,49.0643414964469,0,NA,0.583360503137646,97437.8357492383,96820.7285681187,TRUE,2,22,96,1,0.948717948717949,0.229166666666667,0.372881355932203,1,0.425,0.207253886010363,0.343347639484978,0.000116681892417058,4.8555109614491,0.254180505917725,59.0406810835296,196,-193521.751463796,-192619.138107343,1,1,0.948717948717949,"specific_effect_common6_specific4",93,1000,100,4,6,4,0.35,40,0.924499229583975,30,90,3
"Separate 2D path/grid BIC + refit",4,NA,49.0643414964469,0,NA,0.517553526236268,97514.7011588088,NA,FALSE,100,22,96,1,0.948717948717949,0.229166666666667,0.372881355932203,NA,NA,NA,NA,0.000491058639801989,5.46708205767093,0.973978584126807,59.3207195952175,387,-192356.101024651,-190573.900162674,1,1,0.948717948717949,"specific_effect_common6_specific4",93,1000,100,4,6,4,0.35,40,0.924499229583975,30,90,3
"Eta centered path BIC",4,NA,NA,NA,2.28873567787332,0.466083461234538,97221.3625340991,96836.2386199847,TRUE,9,22,21,0.727272727272727,0.0641025641025641,0.761904761904762,0.744186046511628,NA,NA,NA,NA,0.000752956596827351,297.381078213844,3.63825856148111,62.6983419267149,166,-193296.037691887,-192531.579441013,1,0.625,0.0641025641025641,"specific_effect_common6_specific4",93,1000,100,4,6,4,0.35,40,0.924499229583975,30,90,3
"Eta centered path BIC + refit",4,NA,NA,NA,2.28873567787332,0.516256577483822,97293.3146987803,NA,TRUE,18,22,21,0.727272727272727,0.0641025641025641,0.761904761904762,0.744186046511628,NA,NA,NA,NA,0.000853521087451203,70.8316624695539,2.18073990134602,62.358729357187,87,-193985.654688289,-193585.004882108,1,0.625,0.0641025641025641,"specific_effect_common6_specific4",93,1000,100,4,6,4,0.35,40,0.924499229583975,30,90,3
"Rossi path BIC",4,25.6737262867876,NA,NA,NA,0.515282126881357,97625.5566665956,97261.3745052944,TRUE,2,22,100,1,1,0.22,0.360655737704918,1,0.672222222222222,0.141843971631206,0.248447204968944,0.000193184307324257,14.7160623568613,0.474703369029323,60.5038968412304,285,-193282.403078681,-191969.929575675,1,1,1,"specific_effect_common6_specific4",94,1000,100,4,6,4,0.35,40,0.924499229583975,30,90,3
"Rossi path BIC + refit",4,25.6737262867876,NA,NA,NA,0.495747067799602,97650.5956579966,NA,TRUE,19,22,100,1,1,0.22,0.360655737704918,NA,NA,NA,NA,0.000357985531972283,14.4989797749766,0.830155592100383,60.466862858739,403,-192517.365938563,-190661.48235361,1,1,1,"specific_effect_common6_specific4",94,1000,100,4,6,4,0.35,40,0.924499229583975,30,90,3
"Separate 2D path/grid BIC",4,NA,41.5159839539424,2.89412921284754,NA,0.484546622193114,97548.2684836322,96393.579776735,TRUE,2,22,94,1,0.923076923076923,0.234042553191489,0.379310344827586,1,0.430555555555556,0.205128205128205,0.340425531914894,0.000125232362765237,19.4648574074016,0.277978941625855,53.3777670224154,198,-193728.801422026,-192816.9777252,1,1,0.923076923076923,"specific_effect_common6_specific4",94,1000,100,4,6,4,0.35,40,0.924499229583975,30,90,3
"Separate 2D path/grid BIC + refit",4,NA,41.5159839539424,2.89412921284754,NA,0.487391520716354,97648.0675094334,NA,FALSE,100,22,94,1,0.923076923076923,0.234042553191489,0.379310344827586,NA,NA,NA,NA,0.000349581306968278,12.0133549402242,0.792474289629292,60.2156801948683,379,-192678.095768133,-190932.736267643,1,1,0.923076923076923,"specific_effect_common6_specific4",94,1000,100,4,6,4,0.35,40,0.924499229583975,30,90,3
"Eta centered path BIC",4,NA,NA,NA,1.88304647671463,0.420189653114787,97431.2595649559,97056.1751174945,TRUE,4,22,40,1,0.230769230769231,0.55,0.709677419354839,NA,NA,NA,NA,0.000550036007734074,140.848137384676,1.61165738039247,64.6994487304582,223,-193322.089702699,-192295.136751224,1,1,0.230769230769231,"specific_effect_common6_specific4",94,1000,100,4,6,4,0.35,40,0.924499229583975,30,90,3
"Eta centered path BIC + refit",4,NA,NA,NA,1.88304647671463,0.468577604590089,97537.1060273458,NA,TRUE,15,22,40,1,0.230769230769231,0.55,0.709677419354839,NA,NA,NA,NA,0.000644725474847714,151.685661702734,2.32814279673028,65.3526443288532,163,-193948.247944218,-193197.605203902,1,1,0.230769230769231,"specific_effect_common6_specific4",94,1000,100,4,6,4,0.35,40,0.924499229583975,30,90,3
"Rossi path BIC",4,25.6846973179644,NA,NA,NA,0.539961566589244,97621.835204714,97239.3273327051,TRUE,2,22,100,1,1,0.22,0.360655737704918,1,0.7,0.136986301369863,0.240963855421687,0.000296017773782074,8.87267945227613,0.662773344908135,59.6115498208573,295,-193205.882602128,-191847.357397262,1,1,1,"specific_effect_common6_specific4",95,1000,100,4,6,4,0.35,40,0.924499229583975,30,90,3
"Rossi path BIC + refit",4,25.6846973179644,NA,NA,NA,0.532490371989859,97652.5105073715,NA,TRUE,91,22,100,1,1,0.22,0.360655737704918,NA,NA,NA,NA,0.000647805749560308,13.5856656932874,1.40276153398121,59.6782798603336,403,-192521.195637313,-190665.31205236,1,1,1,"specific_effect_common6_specific4",95,1000,100,4,6,4,0.35,40,0.924499229583975,30,90,3
"Separate 2D path/grid BIC",4,NA,55.9296910916585,0,NA,0.579180599513668,97536.7130659429,96827.9223619569,TRUE,2,22,90,1,0.871794871794872,0.244444444444444,0.392857142857143,1,0.375,0.228571428571429,0.372093023255814,0.000101989323785145,1.38573626036139,0.229293870224447,57.5308936511634,178,-193843.845692227,-193024.125399121,1,1,0.871794871794872,"specific_effect_common6_specific4",95,1000,100,4,6,4,0.35,40,0.924499229583975,30,90,3
"Separate 2D path/grid BIC + refit",4,NA,55.9296910916585,0,NA,0.543202831043554,97639.0500803488,NA,TRUE,95,22,90,1,0.871794871794872,0.244444444444444,0.392857142857143,NA,NA,NA,NA,0.000529555131786377,6.25923117725863,1.08519991788704,58.9383315343187,363,-192770.584994427,-191098.908216913,1,1,0.871794871794872,"specific_effect_common6_specific4",95,1000,100,4,6,4,0.35,40,0.924499229583975,30,90,3
"Eta centered path BIC",4,NA,NA,NA,1.72036288304855,0.421270862859867,97336.865331881,97070.9436135682,TRUE,38,22,19,0.818181818181818,0.0128205128205128,0.947368421052632,0.878048780487805,NA,NA,NA,NA,0.000625466770953044,180.305246245096,2.34498103586972,65.4439913381473,160,-193568.489819125,-192831.662589367,1,0.75,0.0128205128205128,"specific_effect_common6_specific4",95,1000,100,4,6,4,0.35,40,0.924499229583975,30,90,3
"Eta centered path BIC + refit",4,NA,NA,NA,1.72036288304855,0.507897418027076,97380.9870675323,NA,TRUE,36,22,19,0.818181818181818,0.0128205128205128,0.947368421052632,0.878048780487805,NA,NA,NA,NA,0.000608081572595707,97.3718199742696,2.16738868009348,63.0878141236876,79,-194216.261468025,-193852.453023332,1,0.75,0.0128205128205128,"specific_effect_common6_specific4",95,1000,100,4,6,4,0.35,40,0.924499229583975,30,90,3
"Rossi path BIC",4,37.6159387869144,NA,NA,NA,0.568649438639551,97645.0730721349,97127.4932673392,TRUE,2,22,98,1,0.974358974358974,0.224489795918367,0.366666666666667,1,0.625,0.150943396226415,0.262295081967213,0.000142581303937571,7.92064783370384,0.333984865118574,59.5025093009785,268,-193438.867729503,-192204.682119658,1,1,0.974358974358974,"specific_effect_common6_specific4",96,1000,100,4,6,4,0.35,40,0.924499229583975,30,90,3
"Rossi path BIC + refit",4,37.6159387869144,NA,NA,NA,0.524699596945957,97698.400389643,NA,TRUE,14,22,98,1,0.974358974358974,0.224489795918367,0.366666666666667,NA,NA,NA,NA,0.00037901299044988,7.30384679967297,0.72042802481107,59.5447522364976,395,-192668.237444088,-190849.195220623,1,1,0.974358974358974,"specific_effect_common6_specific4",96,1000,100,4,6,4,0.35,40,0.924499229583975,30,90,3
"Separate 2D path/grid BIC",4,NA,58.9999844192877,0,NA,0.584662395350809,97595.337895585,96845.9731974522,TRUE,2,22,92,1,0.897435897435897,0.239130434782609,0.385964912280702,1,0.4,0.217391304347826,0.357142857142857,9.14004111834382e-05,6.15793041487363,0.222144069373515,59.0098650242824,187,-193898.925554,-193037.758729221,1,1,0.897435897435897,"specific_effect_common6_specific4",96,1000,100,4,6,4,0.35,40,0.924499229583975,30,90,3
"Separate 2D path/grid BIC + refit",4,NA,58.9999844192877,0,NA,0.534354587823406,97690.3390837727,NA,TRUE,13,22,92,1,0.897435897435897,0.239130434782609,0.385964912280702,NA,NA,NA,NA,0.000361770301695022,6.51227438008371,0.682416371703779,59.4150315236986,371,-192817.900959043,-191109.382820041,1,1,0.897435897435897,"specific_effect_common6_specific4",96,1000,100,4,6,4,0.35,40,0.924499229583975,30,90,3
"Eta centered path BIC",4,NA,NA,NA,1.4138955968471,0.481603792690984,97500.1778665911,97215.7900672188,TRUE,34,22,38,0.954545454545455,0.217948717948718,0.552631578947368,0.7,NA,NA,NA,NA,0.00033097736553931,59.8949233475298,0.753898212662236,62.4509825148399,217,-193501.372837643,-192502.050907284,1,0.9375,0.217948717948718,"specific_effect_common6_specific4",96,1000,100,4,6,4,0.35,40,0.924499229583975,30,90,3
"Eta centered path BIC + refit",4,NA,NA,NA,1.4138955968471,0.564317141824481,97570.2253863087,NA,TRUE,63,22,38,0.954545454545455,0.217948717948718,0.552631578947368,0.7,NA,NA,NA,NA,0.000220364282615742,11.9324106458885,0.454468814155182,59.9174103467695,155,-194069.748704375,-193355.947325547,1,0.9375,0.217948717948718,"specific_effect_common6_specific4",96,1000,100,4,6,4,0.35,40,0.924499229583975,30,90,3
"Rossi path BIC",4,10.6763623427763,NA,NA,NA,0.473078135947474,97506.4504473114,97334.1159511656,TRUE,2,22,100,1,1,0.22,0.360655737704918,1,0.888888888888889,0.111111111111111,0.2,0.000473477111476381,77.204876114839,1.54483322425203,63.7925379665446,363,-192505.385728352,-190833.708950839,1,1,1,"specific_effect_common6_specific4",97,1000,100,4,6,4,0.35,40,0.924499229583975,30,90,3
"Rossi path BIC + refit",4,10.6763623427763,NA,NA,NA,0.472712836455028,97511.2808848972,NA,TRUE,18,22,100,1,1,0.22,0.360655737704918,NA,NA,NA,NA,0.000568569996198644,79.9271005627297,1.8091790196692,63.7904776079595,403,-192238.736392365,-190382.852807411,1,1,1,"specific_effect_common6_specific4",97,1000,100,4,6,4,0.35,40,0.924499229583975,30,90,3
"Separate 2D path/grid BIC",4,NA,34.9040716918222,2.4320426848979,NA,0.533057086990698,97409.8119733519,96411.713642557,TRUE,10,22,99,1,0.987179487179487,0.222222222222222,0.363636363636364,1,0.566666666666667,0.163934426229508,0.28169014084507,0.00015699480553629,12.5289011165136,0.273926980252147,54.0210423935436,247,-193113.408392795,-191975.931356856,1,1,0.987179487179487,"specific_effect_common6_specific4",97,1000,100,4,6,4,0.35,40,0.924499229583975,30,90,3
"Separate 2D path/grid BIC + refit",4,NA,34.9040716918222,2.4320426848979,NA,0.487840637594529,97502.1536799966,NA,FALSE,100,22,99,1,0.987179487179487,0.222222222222222,0.363636363636364,NA,NA,NA,NA,0.000464099238255555,17.0740894895693,1.09869622542314,61.1149207341163,399,-192248.113003679,-190410.65009947,1,1,0.987179487179487,"specific_effect_common6_specific4",97,1000,100,4,6,4,0.35,40,0.924499229583975,30,90,3
"Eta centered path BIC",4,NA,NA,NA,1.75370009079442,0.44515857372282,97282.0287467969,96957.971154586,TRUE,37,22,31,0.954545454545455,0.128205128205128,0.67741935483871,0.792452830188679,NA,NA,NA,NA,0.000421042124202193,112.397060931859,1.36408468482771,64.0443176392051,196,-193210.137458913,-192307.52410246,1,0.9375,0.128205128205128,"specific_effect_common6_specific4",97,1000,100,4,6,4,0.35,40,0.924499229583975,30,90,3
"Eta centered path BIC + refit",4,NA,NA,NA,1.75370009079442,0.504495044726682,97354.3623613146,NA,TRUE,20,22,31,0.954545454545455,0.128205128205128,0.67741935483871,0.792452830188679,NA,NA,NA,NA,0.000369710664321912,82.4066753863036,1.30230931760306,63.3074659130025,127,-193831.439802198,-193246.583188578,1,0.9375,0.128205128205128,"specific_effect_common6_specific4",97,1000,100,4,6,4,0.35,40,0.924499229583975,30,90,3
"Rossi path BIC",4,20.1777143039686,NA,NA,NA,0.524559371321745,97561.7379437429,97259.5176129313,TRUE,2,22,100,1,1,0.22,0.360655737704918,1,0.763888888888889,0.126984126984127,0.225352112676056,0.000290276176123433,6.46429295958807,0.557155003140104,58.7691120385469,318,-192926.809708769,-191462.365589625,1,1,1,"specific_effect_common6_specific4",98,1000,100,4,6,4,0.35,40,0.924499229583975,30,90,3
"Rossi path BIC + refit",4,20.1777143039686,NA,NA,NA,0.481420398700132,97581.4860109729,NA,TRUE,19,22,100,1,1,0.22,0.360655737704918,NA,NA,NA,NA,0.000482710094948344,6.51096126897426,0.839859450364704,58.5206451409883,403,-192379.146644516,-190523.263059563,1,1,1,"specific_effect_common6_specific4",98,1000,100,4,6,4,0.35,40,0.924499229583975,30,90,3
"Separate 2D path/grid BIC",4,NA,36.4509423811382,1.97955774766866,NA,0.497718955088337,97508.0568156138,96580.5229236397,TRUE,2,22,98,1,0.974358974358974,0.224489795918367,0.366666666666667,1,0.541666666666667,0.170212765957447,0.290909090909091,0.000277880075834585,12.8481199528102,0.402283438115846,54.3737427824696,238,-193372.06787483,-192276.037370565,1,1,0.974358974358974,"specific_effect_common6_specific4",98,1000,100,4,6,4,0.35,40,0.924499229583975,30,90,3
"Separate 2D path/grid BIC + refit",4,NA,36.4509423811382,1.97955774766866,NA,0.474474455275692,97580.8846287369,NA,TRUE,13,22,98,1,0.974358974358974,0.224489795918367,0.366666666666667,NA,NA,NA,NA,0.000602819659076583,7.31699281022593,0.89699181014951,57.6280019359009,395,-192433.205922276,-190614.163698811,1,1,0.974358974358974,"specific_effect_common6_specific4",98,1000,100,4,6,4,0.35,40,0.924499229583975,30,90,3
"Eta centered path BIC",4,NA,NA,NA,1.76239197530724,0.456684801427446,97298.3914930317,97004.3273683612,TRUE,31,22,24,0.818181818181818,0.0769230769230769,0.75,0.782608695652174,NA,NA,NA,NA,0.000464598203545848,89.8428403861906,1.27468112117625,62.8218380300288,175,-193387.925812241,-192582.021029694,1,0.75,0.0769230769230769,"specific_effect_common6_specific4",98,1000,100,4,6,4,0.35,40,0.924499229583975,30,90,3
"Eta centered path BIC + refit",4,NA,NA,NA,1.76239197530724,0.464372687611602,97339.1600655663,NA,TRUE,25,22,24,0.818181818181818,0.0769230769230769,0.75,0.782608695652174,NA,NA,NA,NA,0.000425048829704814,56.8672636236612,1.15207151798881,61.6970743780557,99,-193994.452358513,-193538.5405101,1,0.75,0.0769230769230769,"specific_effect_common6_specific4",98,1000,100,4,6,4,0.35,40,0.924499229583975,30,90,3
"Rossi path BIC",4,21.6525938348638,NA,NA,NA,0.527538954287968,97529.8166853917,97211.2018677914,TRUE,2,22,100,1,1,0.22,0.360655737704918,1,0.730555555555556,0.132013201320132,0.233236151603499,0.000212893069094892,1.46954370517042,0.428321289723627,58.2557664695759,306,-192945.860255415,-191536.678178503,1,1,1,"specific_effect_common6_specific4",99,1000,100,4,6,4,0.35,40,0.924499229583975,30,90,3
"Rossi path BIC + refit",4,21.6525938348638,NA,NA,NA,0.486035439094433,97558.5598921475,NA,TRUE,46,22,100,1,1,0.22,0.360655737704918,NA,NA,NA,NA,0.000672422331267366,3.3341006913599,0.89086673032708,57.5436889452131,403,-192333.294406865,-190477.410821912,1,1,1,"specific_effect_common6_specific4",99,1000,100,4,6,4,0.35,40,0.924499229583975,30,90,3
"Separate 2D path/grid BIC",4,NA,49.2281649058713,1.93102439764286,NA,0.504632435406896,97442.1500614194,96399.9178045617,TRUE,2,22,97,1,0.961538461538462,0.22680412371134,0.369747899159664,0.975,0.425,0.203125,0.336206896551724,0.000178528241042348,15.4436532422593,0.291524478953368,53.877748112164,195,-193537.287843437,-192639.27965717,1,1,0.961538461538462,"specific_effect_common6_specific4",99,1000,100,4,6,4,0.35,40,0.924499229583975,30,90,3
"Separate 2D path/grid BIC + refit",4,NA,49.2281649058713,1.93102439764286,NA,0.480977134397339,97550.0726126823,NA,TRUE,48,22,97,1,0.961538461538462,0.22680412371134,0.369747899159664,NA,NA,NA,NA,0.000537669420767568,2.20080362330672,0.804147521043377,57.7258516440775,391,-192399.212911282,-190598.591368561,1,1,0.961538461538462,"specific_effect_common6_specific4",99,1000,100,4,6,4,0.35,40,0.924499229583975,30,90,3
"Eta centered path BIC",4,NA,NA,NA,2.11563269371589,0.345523548490584,97182.9806384672,96890.4893941297,FALSE,100,22,18,0.727272727272727,0.0256410256410256,0.888888888888889,0.8,NA,NA,NA,NA,0.000613615176327127,429.692430521698,4.24588424216086,66.7145463402245,157,-193281.443698134,-192558.431978934,1,0.625,0.0256410256410256,"specific_effect_common6_specific4",99,1000,100,4,6,4,0.35,40,0.924499229583975,30,90,3
"Eta centered path BIC + refit",4,NA,NA,NA,2.11563269371589,0.420476237047126,97253.2331038427,NA,TRUE,23,22,18,0.727272727272727,0.0256410256410256,0.888888888888889,0.8,NA,NA,NA,NA,0.000666834129683209,122.858431338594,2.15555419261618,64.4129649422554,75,-193988.384561762,-193642.996797813,1,0.625,0.0256410256410256,"specific_effect_common6_specific4",99,1000,100,4,6,4,0.35,40,0.924499229583975,30,90,3
"Rossi path BIC",4,24.5254032514835,NA,NA,NA,0.536152567779852,97709.5385804608,97350.9737761749,TRUE,2,22,99,1,0.987179487179487,0.222222222222222,0.363636363636364,1,0.686111111111111,0.139372822299652,0.244648318042813,0.000204746765397508,1.93403717288884,0.433618470888075,58.6241364084154,290,-193415.828130017,-192080.32877608,1,1,0.987179487179487,"specific_effect_common6_specific4",100,1000,100,4,6,4,0.35,40,0.924499229583975,30,90,3
"Rossi path BIC + refit",4,24.5254032514835,NA,NA,NA,0.503290172992539,97736.1028042693,NA,TRUE,26,22,99,1,0.987179487179487,0.222222222222222,0.363636363636364,NA,NA,NA,NA,0.000428398589537896,1.72158830058879,0.797441087993928,58.2348713674384,399,-192716.011252225,-190878.548348015,1,1,0.987179487179487,"specific_effect_common6_specific4",100,1000,100,4,6,4,0.35,40,0.924499229583975,30,90,3
"Separate 2D path/grid BIC",4,NA,37.7889424175478,0,NA,0.550255376888811,97679.0406066289,97164.0028539128,TRUE,2,22,97,1,0.961538461538462,0.22680412371134,0.369747899159664,1,0.558333333333333,0.16597510373444,0.284697508896797,0.00013292768978182,1.53977011696588,0.305969346532343,58.49284100182,244,-193672.588925186,-192548.927399805,1,1,0.961538461538462,"specific_effect_common6_specific4",100,1000,100,4,6,4,0.35,40,0.924499229583975,30,90,3
"Separate 2D path/grid BIC + refit",4,NA,37.7889424175478,0,NA,0.5063364036026,97735.0099584382,NA,TRUE,28,22,97,1,0.961538461538462,0.22680412371134,0.369747899159664,NA,NA,NA,NA,0.000427543807866737,1.75424547547976,0.794068992480435,58.2292506582436,391,-192769.087602794,-190968.466060073,1,1,0.961538461538462,"specific_effect_common6_specific4",100,1000,100,4,6,4,0.35,40,0.924499229583975,30,90,3
"Eta centered path BIC",4,NA,NA,NA,1.4787575408146,0.449196535905094,97531.5135347701,97281.2331310849,TRUE,20,22,26,0.954545454545455,0.0641025641025641,0.807692307692308,0.875,NA,NA,NA,NA,0.000318831780552201,28.4481169673472,0.594530440549978,59.7169383281945,181,-193812.723364044,-192979.187560381,1,0.9375,0.0641025641025641,"specific_effect_common6_specific4",100,1000,100,4,6,4,0.35,40,0.924499229583975,30,90,3
"Eta centered path BIC + refit",4,NA,NA,NA,1.4787575408146,0.508140510266295,97580.9884351435,NA,TRUE,38,22,26,0.954545454545455,0.0641025641025641,0.807692307692308,0.875,NA,NA,NA,NA,0.000201772615556418,1.01569268777835,0.370734876262949,57.9317790411771,107,-194422.847055436,-193930.093845535,1,0.9375,0.0641025641025641,"specific_effect_common6_specific4",100,1000,100,4,6,4,0.35,40,0.924499229583975,30,90,3
