"method","K_fit","beta","lambda_mu","lambda_kappa","lambda_eta","ARI","loglik","pen_loglik","converged","iter","true_union_q","selected_q","TPR","FPR","Precision","F1","entry_TPR","entry_FPR","entry_Precision","entry_F1","MSE_mu","MSE_kappa","MSE_centered_eta","kappa_hat_mean","df","BIC","EBIC","common_selection_rate","specific_selection_rate","noise_selection_rate","scenario","rep","n","d","K_true","common_q","specific_q_per_component","specific_weight","true_entry_q","mu_pairwise_cos_mean","kappa_true_min","kappa_true_max","kappa_true_ratio"
"Rossi path BIC",4,37.8656097468706,NA,NA,NA,0.691264321803489,97573.9142301523,97044.7671618486,TRUE,2,22,97,1,0.961538461538462,0.22680412371134,0.369747899159664,1,0.575,0.161943319838057,0.278745644599303,0.000119314713077764,1.28075072201483,0.268644636534305,58.5017067014257,250,-193420.889640559,-192269.597094062,1,1,0.961538461538462,"specific_effect_common6_specific4",1,1000,100,4,6,4,0.5,40,0.857142857142857,30,90,3
"Rossi path BIC + refit",4,37.8656097468706,NA,NA,NA,0.657450441874697,97619.3376424545,NA,TRUE,12,22,97,1,0.961538461538462,0.22680412371134,0.369747899159664,NA,NA,NA,NA,0.000317870694956329,1.77395168588832,0.601623290635327,58.7036157220465,391,-192537.742970827,-190737.121428106,1,1,0.961538461538462,"specific_effect_common6_specific4",1,1000,100,4,6,4,0.5,40,0.857142857142857,30,90,3
"Separate 2D path/grid BIC",4,NA,74.6445642470132,3.46510737618907,NA,0.675818833383187,97478.8926981754,95779.8974448808,TRUE,2,22,77,1,0.705128205128205,0.285714285714286,0.444444444444444,1,0.283333333333333,0.28169014084507,0.43956043956044,9.21764208994503e-05,13.0691487818718,0.170742705884962,53.9044198408825,145,-193956.160880898,-193288.41120393,1,1,0.705128205128205,"specific_effect_common6_specific4",1,1000,100,4,6,4,0.5,40,0.857142857142857,30,90,3
"Separate 2D path/grid BIC + refit",4,NA,74.6445642470132,3.46510737618907,NA,0.663230039389827,97596.8261850645,NA,TRUE,17,22,77,1,0.705128205128205,0.285714285714286,0.444444444444444,NA,NA,NA,NA,0.00027763607116311,1.21485299748276,0.536494024506066,58.4659036166693,311,-193045.340478366,-191613.132550523,1,1,0.705128205128205,"specific_effect_common6_specific4",1,1000,100,4,6,4,0.5,40,0.857142857142857,30,90,3
"Eta centered path BIC",4,NA,NA,NA,1.89189118854707,0.619176961619867,97382.3922686176,96994.128942436,TRUE,30,22,25,1,0.0384615384615385,0.88,0.936170212765957,NA,NA,NA,NA,0.000308302781670298,14.4842348017462,0.468024415037424,58.6183184407281,178,-193535.204097576,-192715.48380447,1,1,0.0384615384615385,"specific_effect_common6_specific4",1,1000,100,4,6,4,0.5,40,0.857142857142857,30,90,3
"Eta centered path BIC + refit",4,NA,NA,NA,1.89189118854707,0.690631446484044,97467.2421897098,NA,TRUE,28,22,25,1,0.0384615384615385,0.88,0.936170212765957,NA,NA,NA,NA,9.6828333560579e-05,0.359793226987566,0.180912585273141,58.0622413576249,103,-194222.985585684,-193748.653056528,1,1,0.0384615384615385,"specific_effect_common6_specific4",1,1000,100,4,6,4,0.5,40,0.857142857142857,30,90,3
"Rossi path BIC",4,10.5826127001648,NA,NA,NA,0.683463420568454,97559.8551777652,97393.3663549574,TRUE,2,22,100,1,1,0.22,0.360655737704918,1,0.830555555555556,0.117994100294985,0.211081794195251,0.000257766340322046,0.863496823403286,0.461620024831709,57.7135006525346,342,-192757.258050118,-191182.289846511,1,1,1,"specific_effect_common6_specific4",2,1000,100,4,6,4,0.5,40,0.857142857142857,30,90,3
"Rossi path BIC + refit",4,10.5826127001648,NA,NA,NA,0.659627220431396,97565.8537338386,NA,TRUE,19,22,100,1,1,0.22,0.360655737704918,NA,NA,NA,NA,0.000383780570036147,1.05661059716569,0.617898711632834,57.4736008625545,403,-192347.882090247,-190491.998505294,1,1,1,"specific_effect_common6_specific4",2,1000,100,4,6,4,0.5,40,0.857142857142857,30,90,3
"Separate 2D path/grid BIC",4,NA,54.562047282138,2.7352106332319,NA,0.687189410065685,97462.936131407,96158.1218720682,TRUE,2,22,90,1,0.871794871794872,0.244444444444444,0.392857142857143,1,0.358333333333333,0.236686390532544,0.382775119617225,6.93907458365009e-05,12.224281871614,0.159268398537791,54.067724106402,172,-193737.738354829,-192945.649082839,1,1,0.871794871794872,"specific_effect_common6_specific4",2,1000,100,4,6,4,0.5,40,0.857142857142857,30,90,3
"Separate 2D path/grid BIC + refit",4,NA,54.562047282138,2.7352106332319,NA,0.669728318552073,97557.4007331864,NA,TRUE,11,22,90,1,0.871794871794872,0.244444444444444,0.392857142857143,NA,NA,NA,NA,0.000351597125928814,1.30741236902922,0.573251961749198,57.3398166836262,363,-192607.286300102,-190935.609522589,1,1,0.871794871794872,"specific_effect_common6_specific4",2,1000,100,4,6,4,0.5,40,0.857142857142857,30,90,3
"Eta centered path BIC",4,NA,NA,NA,1.97907014506174,0.638604308054281,97311.8669828806,96912.862567821,TRUE,16,22,22,1,0,1,1,NA,NA,NA,NA,0.000317767867712072,6.85828447381389,0.42872885792031,57.4899721393047,169,-193456.323323613,-192678.049562181,1,1,0,"specific_effect_common6_specific4",2,1000,100,4,6,4,0.5,40,0.857142857142857,30,90,3
"Eta centered path BIC + refit",4,NA,NA,NA,1.97907014506174,0.682458728766201,97404.6262868416,NA,TRUE,28,22,22,1,0,1,1,NA,NA,NA,NA,6.84585386752176e-05,2.00318703452716,0.106609479354038,56.7671276224258,91,-194180.646843296,-193761.576356371,1,1,0,"specific_effect_common6_specific4",2,1000,100,4,6,4,0.5,40,0.857142857142857,30,90,3
"Rossi path BIC",4,30.6711868453677,NA,NA,NA,0.692064798804807,97648.4991544825,97209.9963006905,TRUE,2,22,99,1,0.987179487179487,0.222222222222222,0.363636363636364,1,0.661111111111111,0.143884892086331,0.251572327044025,0.000147129965037506,2.0402540429722,0.306152229974532,58.5058894812503,281,-193355.919075571,-192061.866253308,1,1,0.987179487179487,"specific_effect_common6_specific4",3,1000,100,4,6,4,0.5,40,0.857142857142857,30,90,3
"Rossi path BIC + refit",4,30.6711868453677,NA,NA,NA,0.66163742445427,97685.6579546612,NA,TRUE,12,22,99,1,0.987179487179487,0.222222222222222,0.363636363636364,NA,NA,NA,NA,0.000351555761110664,2.07421679625838,0.632652233914767,58.5213400573555,399,-192615.121553009,-190777.658648799,1,1,0.987179487179487,"specific_effect_common6_specific4",3,1000,100,4,6,4,0.5,40,0.857142857142857,30,90,3
"Separate 2D path/grid BIC",4,NA,40.5923194739222,0,NA,0.695453326816167,97629.0445653879,97071.1010607243,TRUE,2,22,98,1,0.974358974358974,0.224489795918367,0.366666666666667,1,0.536111111111111,0.171673819742489,0.293040293040293,0.000115705293624255,1.87237624057845,0.249212628232842,58.4195111948175,236,-193627.858884936,-192541.038721043,1,1,0.974358974358974,"specific_effect_common6_specific4",3,1000,100,4,6,4,0.5,40,0.857142857142857,30,90,3
"Separate 2D path/grid BIC + refit",4,NA,40.5923194739222,0,NA,0.665384602540922,97685.5394454683,NA,TRUE,13,22,98,1,0.974358974358974,0.224489795918367,0.366666666666667,NA,NA,NA,NA,0.00035278708494517,2.05419147127834,0.632967274118547,58.5046397248985,395,-192642.515555739,-190823.473332273,1,1,0.974358974358974,"specific_effect_common6_specific4",3,1000,100,4,6,4,0.5,40,0.857142857142857,30,90,3
"Eta centered path BIC",4,NA,NA,NA,1.61328505421248,0.606529638708652,97489.7457175372,97148.0112282757,TRUE,13,22,29,1,0.0897435897435897,0.758620689655172,0.862745098039216,NA,NA,NA,NA,0.000306191728066926,19.8597625203891,0.480849298652634,59.3277583839163,190,-193667.017932068,-192792.03559673,1,1,0.0897435897435897,"specific_effect_common6_specific4",3,1000,100,4,6,4,0.5,40,0.857142857142857,30,90,3
"Eta centered path BIC + refit",4,NA,NA,NA,1.61328505421248,0.67675027551096,97555.0555032689,NA,TRUE,26,22,29,1,0.0897435897435897,0.758620689655172,0.862745098039216,NA,NA,NA,NA,0.000129800131826946,2.31711857295786,0.262674281506145,58.596287959269,119,-194288.088128339,-193740.072876206,1,1,0.0897435897435897,"specific_effect_common6_specific4",3,1000,100,4,6,4,0.5,40,0.857142857142857,30,90,3
"Rossi path BIC",4,24.5000156395254,NA,NA,NA,0.672173346413151,97614.9489910934,97256.1199085801,TRUE,2,22,99,1,0.987179487179487,0.222222222222222,0.363636363636364,1,0.702777777777778,0.136518771331058,0.24024024024024,0.000155903684386804,1.60611113868392,0.299666550194942,58.3551487401986,296,-193185.202419608,-191822.072044556,1,1,0.987179487179487,"specific_effect_common6_specific4",4,1000,100,4,6,4,0.5,40,0.857142857142857,30,90,3
"Rossi path BIC + refit",4,24.5000156395254,NA,NA,NA,0.635024232298887,97640.8681343609,NA,TRUE,29,22,99,1,0.987179487179487,0.222222222222222,0.363636363636364,NA,NA,NA,NA,0.000379003432926944,1.05023378789035,0.587885760470027,57.8779423899759,399,-192525.541912408,-190688.079008199,1,1,0.987179487179487,"specific_effect_common6_specific4",4,1000,100,4,6,4,0.5,40,0.857142857142857,30,90,3
"Separate 2D path/grid BIC",4,NA,54.2034776749272,0,NA,0.669508158272613,97562.2111481108,96844.9014935651,TRUE,2,22,97,1,0.961538461538462,0.22680412371134,0.369747899159664,1,0.413888888888889,0.211640211640212,0.349344978165939,7.36214529642098e-05,1.73194594670465,0.161931481553962,58.2186218232026,192,-193798.133282657,-192913.940606947,1,1,0.961538461538462,"specific_effect_common6_specific4",4,1000,100,4,6,4,0.5,40,0.857142857142857,30,90,3
"Separate 2D path/grid BIC + refit",4,NA,54.2034776749272,0,NA,0.642088472841935,97639.1674917995,NA,TRUE,30,22,97,1,0.961538461538462,0.22680412371134,0.369747899159664,NA,NA,NA,NA,0.000376119526569925,1.07460295630489,0.584289613061897,57.8482368822816,391,-192577.402669517,-190776.781126796,1,1,0.961538461538462,"specific_effect_common6_specific4",4,1000,100,4,6,4,0.5,40,0.857142857142857,30,90,3
"Eta centered path BIC",4,NA,NA,NA,1.65707456565509,0.613970322158029,97427.6506860697,97085.1839313285,TRUE,23,22,22,1,0,1,1,NA,NA,NA,NA,0.000252352187235908,10.9664155553775,0.360756261323267,58.2821592782225,169,-193687.890729991,-192909.616968559,1,1,0,"specific_effect_common6_specific4",4,1000,100,4,6,4,0.5,40,0.857142857142857,30,90,3
"Eta centered path BIC + refit",4,NA,NA,NA,1.65707456565509,0.664969706747154,97469.7154710098,NA,TRUE,25,22,22,1,0,1,1,NA,NA,NA,NA,3.71922709085928e-05,1.02560666563904,0.0900655377741132,57.5103448931655,91,-194310.825211632,-193891.754724707,1,1,0,"specific_effect_common6_specific4",4,1000,100,4,6,4,0.5,40,0.857142857142857,30,90,3
"Rossi path BIC",4,41.7833455399438,NA,NA,NA,0.745991553353341,97764.507791447,97181.3694805329,TRUE,2,22,98,1,0.974358974358974,0.224489795918367,0.366666666666667,1,0.569444444444444,0.163265306122449,0.280701754385965,0.000107978566212012,1.3870616787098,0.225504677447379,58.3611232154815,248,-193815.892273707,-192673.810067581,1,1,0.974358974358974,"specific_effect_common6_specific4",5,1000,100,4,6,4,0.5,40,0.857142857142857,30,90,3
"Rossi path BIC + refit",4,41.7833455399438,NA,NA,NA,0.721432708137023,97823.4564764536,NA,TRUE,16,22,98,1,0.974358974358974,0.224489795918367,0.366666666666667,NA,NA,NA,NA,0.000346769041106723,1.30556031541458,0.576209048110674,58.3072820495986,395,-192918.349617709,-191099.307394244,1,1,0.974358974358974,"specific_effect_common6_specific4",5,1000,100,4,6,4,0.5,40,0.857142857142857,30,90,3
"Separate 2D path/grid BIC",4,NA,72.9669900688241,0,NA,0.75365159209965,97699.8661642903,96766.3605420951,TRUE,2,22,87,1,0.833333333333333,0.252873563218391,0.403669724770642,1,0.338888888888889,0.246913580246914,0.396039603960396,5.69812670262253e-05,1.07352506285372,0.127469629442735,58.0450094849364,165,-194259.952707549,-193500.099626861,1,1,0.833333333333333,"specific_effect_common6_specific4",5,1000,100,4,6,4,0.5,40,0.857142857142857,30,90,3
"Separate 2D path/grid BIC + refit",4,NA,72.9669900688241,0,NA,0.721704820283351,97810.864123979,NA,TRUE,13,22,87,1,0.833333333333333,0.252873563218391,0.403669724770642,NA,NA,NA,NA,0.000311905055554372,1.09633127467622,0.526197028749701,58.2482913427734,351,-193197.106145035,-191580.691409753,1,1,0.833333333333333,"specific_effect_common6_specific4",5,1000,100,4,6,4,0.5,40,0.857142857142857,30,90,3
"Eta centered path BIC",4,NA,NA,NA,1.68858937631169,0.711156372193572,97613.9152278533,97256.4529152431,TRUE,18,22,24,1,0.0256410256410256,0.916666666666667,0.956521739130435,NA,NA,NA,NA,0.00023519686474041,8.10408018145438,0.301350191930896,57.5429295104062,175,-194018.973281885,-193213.068499337,1,1,0.0256410256410256,"specific_effect_common6_specific4",5,1000,100,4,6,4,0.5,40,0.857142857142857,30,90,3
"Eta centered path BIC + refit",4,NA,NA,NA,1.68858937631169,0.743149284870711,97655.1590190511,NA,TRUE,21,22,24,1,0.0256410256410256,0.916666666666667,0.956521739130435,NA,NA,NA,NA,9.83354521157508e-05,0.455109961711619,0.141442368532631,57.5821484963733,99,-194626.450265483,-194170.53841707,1,1,0.0256410256410256,"specific_effect_common6_specific4",5,1000,100,4,6,4,0.5,40,0.857142857142857,30,90,3
"Rossi path BIC",4,23.0915215119652,NA,NA,NA,0.670478425383856,97570.004240729,97232.6942728673,TRUE,2,22,100,1,1,0.22,0.360655737704918,1,0.722222222222222,0.133333333333333,0.235294117647059,0.000168629388555124,1.0209550248666,0.314831982717006,57.7895377389143,303,-193046.958631927,-191651.592065572,1,1,1,"specific_effect_common6_specific4",6,1000,100,4,6,4,0.5,40,0.857142857142857,30,90,3
"Rossi path BIC + refit",4,23.0915215119652,NA,NA,NA,0.651422255390724,97592.4523936027,NA,TRUE,10,22,100,1,1,0.22,0.360655737704918,NA,NA,NA,NA,0.00033803913953129,1.32416357172606,0.559657794140813,57.745206523416,403,-192401.079409776,-190545.195824822,1,1,1,"specific_effect_common6_specific4",6,1000,100,4,6,4,0.5,40,0.857142857142857,30,90,3
"Separate 2D path/grid BIC",4,NA,49.3821359149393,3.22490207447547,NA,0.689256470257664,97490.8535692683,96153.9824569734,TRUE,2,22,92,1,0.897435897435897,0.239130434782609,0.385964912280702,1,0.394444444444444,0.21978021978022,0.36036036036036,7.52183608564154e-05,16.0221792256083,0.16161834981308,53.5248163606979,185,-193703.772411925,-192851.815927517,1,1,0.897435897435897,"specific_effect_common6_specific4",6,1000,100,4,6,4,0.5,40,0.857142857142857,30,90,3
"Separate 2D path/grid BIC + refit",4,NA,49.3821359149393,3.22490207447547,NA,0.649808829420127,97587.1919363106,NA,TRUE,14,22,92,1,0.897435897435897,0.239130434782609,0.385964912280702,NA,NA,NA,NA,0.000336760765045561,1.38029584218532,0.554360705335811,57.6083263616378,371,-192611.606664119,-190903.088525117,1,1,0.897435897435897,"specific_effect_common6_specific4",6,1000,100,4,6,4,0.5,40,0.857142857142857,30,90,3
"Eta centered path BIC",4,NA,NA,NA,1.53432722053841,0.654781085934166,97418.9092155353,97091.0309292385,TRUE,23,22,23,1,0.0128205128205128,0.956521739130435,0.977777777777778,NA,NA,NA,NA,0.000252628567270397,6.02032493528106,0.31055177921994,57.4024692872153,172,-193649.684523086,-192857.595251096,1,1,0.0128205128205128,"specific_effect_common6_specific4",6,1000,100,4,6,4,0.5,40,0.857142857142857,30,90,3
"Eta centered path BIC + refit",4,NA,NA,NA,1.53432722053841,0.670934891197753,97451.3441260838,NA,TRUE,21,22,23,1,0.0128205128205128,0.956521739130435,0.977777777777778,NA,NA,NA,NA,7.08257201341667e-05,0.804389299875627,0.134531474922469,57.3075375777103,95,-194246.451500664,-193808.960332995,1,1,0.0128205128205128,"specific_effect_common6_specific4",6,1000,100,4,6,4,0.5,40,0.857142857142857,30,90,3
"Rossi path BIC",4,33.9516769730979,NA,NA,NA,0.699028358565019,97871.01174532,97394.2149219931,TRUE,2,22,98,1,0.974358974358974,0.224489795918367,0.366666666666667,1,0.619444444444444,0.152091254752852,0.264026402640264,0.000112305288167447,3.9296969004101,0.248600679350015,59.0226567790466,266,-193904.560586431,-192679.585316958,1,1,0.974358974358974,"specific_effect_common6_specific4",7,1000,100,4,6,4,0.5,40,0.857142857142857,30,90,3
"Rossi path BIC + refit",4,33.9516769730979,NA,NA,NA,0.669131693659527,97910.9768166344,NA,TRUE,9,22,98,1,0.974358974358974,0.224489795918367,0.366666666666667,NA,NA,NA,NA,0.000289472749053985,4.23326356792281,0.519423046865327,59.1914278866438,395,-193093.390298071,-191274.348074606,1,1,0.974358974358974,"specific_effect_common6_specific4",7,1000,100,4,6,4,0.5,40,0.857142857142857,30,90,3
"Separate 2D path/grid BIC",4,NA,65.5984647730476,3.32980523871506,NA,0.686886761763037,97787.0513140155,96222.0450677612,TRUE,2,22,85,1,0.807692307692308,0.258823529411765,0.411214953271028,1,0.305555555555556,0.266666666666667,0.421052631578947,7.59496148646966e-05,12.1402750306245,0.158885989070822,54.1598509008633,153,-194517.216070347,-193812.62503189,1,1,0.807692307692308,"specific_effect_common6_specific4",7,1000,100,4,6,4,0.5,40,0.857142857142857,30,90,3
"Separate 2D path/grid BIC + refit",4,NA,65.5984647730476,3.32980523871506,NA,0.671552387811273,97899.7242920135,NA,TRUE,21,22,85,1,0.807692307692308,0.258823529411765,0.411214953271028,NA,NA,NA,NA,0.00027497641003949,3.4093587013097,0.488549086696681,58.895631901705,343,-193430.088523336,-191850.515149542,1,1,0.807692307692308,"specific_effect_common6_specific4",7,1000,100,4,6,4,0.5,40,0.857142857142857,30,90,3
"Eta centered path BIC",4,NA,NA,NA,1.80874578257878,0.619694981785088,97699.6800732357,97328.3658470041,TRUE,26,22,23,1,0.0128205128205128,0.956521739130435,0.977777777777778,NA,NA,NA,NA,0.000323007162492169,20.4245151960292,0.429568996710881,59.5693863421828,172,-194211.226238487,-193419.136966497,1,1,0.0128205128205128,"specific_effect_common6_specific4",7,1000,100,4,6,4,0.5,40,0.857142857142857,30,90,3
"Eta centered path BIC + refit",4,NA,NA,NA,1.80874578257878,0.678818910159481,97754.6805840048,NA,TRUE,26,22,23,1,0.0128205128205128,0.956521739130435,0.977777777777778,NA,NA,NA,NA,5.94304975791593e-05,3.30737466997276,0.114932225150723,58.8275149259332,95,-194853.124416506,-194415.633248837,1,1,0.0128205128205128,"specific_effect_common6_specific4",7,1000,100,4,6,4,0.5,40,0.857142857142857,30,90,3
"Rossi path BIC",4,35.7150733536646,NA,NA,NA,0.666237623351586,97255.857205482,96751.8010100213,TRUE,2,22,96,1,0.948717948717949,0.229166666666667,0.372881355932203,1,0.583333333333333,0.16,0.275862068965517,0.000112604258894954,3.41127908377764,0.265790663360332,58.909256049209,253,-192764.052325382,-191598.944268327,1,1,0.948717948717949,"specific_effect_common6_specific4",8,1000,100,4,6,4,0.5,40,0.857142857142857,30,90,3
"Rossi path BIC + refit",4,35.7150733536646,NA,NA,NA,0.628533621920635,97294.5409065617,NA,TRUE,13,22,96,1,0.948717948717949,0.229166666666667,0.372881355932203,NA,NA,NA,NA,0.000285526692006244,5.31075005121497,0.574593903381355,59.3882209637526,387,-191915.780520157,-190133.57965818,1,1,0.948717948717949,"specific_effect_common6_specific4",8,1000,100,4,6,4,0.5,40,0.857142857142857,30,90,3
"Separate 2D path/grid BIC",4,NA,63.3002237678359,4.2957464161885,NA,0.671989404501539,97151.6235177133,95423.1134516261,TRUE,2,22,88,1,0.846153846153846,0.25,0.4,1,0.327777777777778,0.253164556962025,0.404040404040404,7.15900982455203e-05,24.0316003383755,0.169423454326105,52.9111950227136,161,-193191.09843551,-192449.666035566,1,1,0.846153846153846,"specific_effect_common6_specific4",8,1000,100,4,6,4,0.5,40,0.857142857142857,30,90,3
"Separate 2D path/grid BIC + refit",4,NA,63.3002237678359,4.2957464161885,NA,0.634850583249542,97289.3265759121,NA,TRUE,25,22,88,1,0.846153846153846,0.25,0.4,NA,NA,NA,NA,0.000281282267005892,5.08889853024351,0.564314384411336,59.3624796993858,355,-192126.400027785,-190491.56461176,1,1,0.846153846153846,"specific_effect_common6_specific4",8,1000,100,4,6,4,0.5,40,0.857142857142857,30,90,3
"Eta centered path BIC",4,NA,NA,NA,1.61756295787474,0.589252247531284,97111.631500726,96756.380381809,TRUE,28,22,30,1,0.102564102564103,0.733333333333333,0.846153846153846,NA,NA,NA,NA,0.000274051767439139,17.5352266261749,0.394657472500413,59.3656497860364,193,-192890.066232609,-192001.268386713,1,1,0.102564102564103,"specific_effect_common6_specific4",8,1000,100,4,6,4,0.5,40,0.857142857142857,30,90,3
"Eta centered path BIC + refit",4,NA,NA,NA,1.61756295787474,0.661156887309654,97173.7568033941,NA,TRUE,22,22,30,1,0.102564102564103,0.733333333333333,0.846153846153846,NA,NA,NA,NA,0.000125574294346055,3.46565088818742,0.282552765303856,58.8532454298873,123,-193497.859707473,-192931.423774597,1,1,0.102564102564103,"specific_effect_common6_specific4",8,1000,100,4,6,4,0.5,40,0.857142857142857,30,90,3
"Rossi path BIC",4,18.5481585954044,NA,NA,NA,0.675520689647881,97285.6997800757,97004.0309401984,TRUE,2,22,100,1,1,0.22,0.360655737704918,1,0.772222222222222,0.125786163522013,0.223463687150838,0.000187948968844386,2.0231651031761,0.372756193063763,57.3206910058559,321,-192354.010115598,-190875.750485896,1,1,1,"specific_effect_common6_specific4",9,1000,100,4,6,4,0.5,40,0.857142857142857,30,90,3
"Rossi path BIC + refit",4,18.5481585954044,NA,NA,NA,0.633796961389463,97300.3424818001,NA,TRUE,18,22,100,1,1,0.22,0.360655737704918,NA,NA,NA,NA,0.000317583998368863,2.83217750386784,0.574561990207229,57.0790519103374,403,-191816.85958617,-189960.976001217,1,1,1,"specific_effect_common6_specific4",9,1000,100,4,6,4,0.5,40,0.857142857142857,30,90,3
"Separate 2D path/grid BIC",4,NA,89.4259408147255,3.62879013857881,NA,0.693017809237454,97127.5641553282,95253.6137854054,TRUE,2,22,73,1,0.653846153846154,0.301369863013699,0.463157894736842,1,0.211111111111111,0.344827586206897,0.512820512820513,4.3486387984313e-05,28.61856992167,0.167655404524355,52.5637361438024,119,-193433.105432458,-192885.090180325,1,1,0.653846153846154,"specific_effect_common6_specific4",9,1000,100,4,6,4,0.5,40,0.857142857142857,30,90,3
"Separate 2D path/grid BIC + refit",4,NA,89.4259408147255,3.62879013857881,NA,0.648991581652397,97269.1838525684,NA,TRUE,11,22,73,1,0.653846153846154,0.301369863013699,0.463157894736842,NA,NA,NA,NA,0.000253877855986308,2.3702406063469,0.470121196741411,56.8781311201596,295,-192500.579897837,-191142.054692971,1,1,0.653846153846154,"specific_effect_common6_specific4",9,1000,100,4,6,4,0.5,40,0.857142857142857,30,90,3
"Eta centered path BIC",4,NA,NA,NA,1.82289088026324,0.649480696929913,97081.7854404948,96713.2925963219,TRUE,11,22,24,1,0.0256410256410256,0.916666666666667,0.956521739130435,NA,NA,NA,NA,0.000266838277195369,14.816462325726,0.406759996219858,56.571728589126,175,-192954.713707168,-192148.80892462,1,1,0.0256410256410256,"specific_effect_common6_specific4",9,1000,100,4,6,4,0.5,40,0.857142857142857,30,90,3
"Eta centered path BIC + refit",4,NA,NA,NA,1.82289088026324,0.70852581602146,97137.703406725,NA,TRUE,21,22,24,1,0.0256410256410256,0.916666666666667,0.956521739130435,NA,NA,NA,NA,6.65954130374063e-05,2.82358599364947,0.137740447158643,56.6126854960599,99,-193591.539040831,-193135.627192418,1,1,0.0256410256410256,"specific_effect_common6_specific4",9,1000,100,4,6,4,0.5,40,0.857142857142857,30,90,3
"Rossi path BIC",4,37.7966047936867,NA,NA,NA,0.6870849361986,97118.27494193,96595.0554160681,TRUE,2,22,100,1,1,0.22,0.360655737704918,1,0.519444444444444,0.176211453744493,0.299625468164794,0.000100847152408397,3.50109961931337,0.242819452168682,58.0668294724014,230,-192647.766169694,-191588.577026917,1,1,1,"specific_effect_common6_specific4",10,1000,100,4,6,4,0.5,40,0.857142857142857,30,90,3
"Rossi path BIC + refit",4,37.7966047936867,NA,NA,NA,0.627062105934362,97162.8848528465,NA,TRUE,9,22,100,1,1,0.22,0.360655737704918,NA,NA,NA,NA,0.000313343808797521,3.37611579095401,0.543048060153474,58.0987262490287,403,-191541.944328263,-189686.06074331,1,1,1,"specific_effect_common6_specific4",10,1000,100,4,6,4,0.5,40,0.857142857142857,30,90,3
"Separate 2D path/grid BIC",4,NA,74.2856455192012,3.31914275205154,NA,0.682642928745068,97024.1208979707,95376.7277852702,TRUE,2,22,80,1,0.743589743589744,0.275,0.431372549019608,1,0.241666666666667,0.31496062992126,0.479041916167665,3.61793379168011e-05,19.4758879307124,0.144727339690464,53.4317597514635,130,-193150.233609674,-192551.561485495,1,1,0.743589743589744,"specific_effect_common6_specific4",10,1000,100,4,6,4,0.5,40,0.857142857142857,30,90,3
"Separate 2D path/grid BIC + refit",4,NA,74.2856455192012,3.31914275205154,NA,0.644134868290126,97147.2225862455,NA,TRUE,10,22,80,1,0.743589743589744,0.275,0.431372549019608,NA,NA,NA,NA,0.000292267353114283,3.27855948911901,0.499100030881029,57.8934466037828,323,-192063.24021738,-190575.770247306,1,1,0.743589743589744,"specific_effect_common6_specific4",10,1000,100,4,6,4,0.5,40,0.857142857142857,30,90,3
"Eta centered path BIC",4,NA,NA,NA,1.78708986250774,0.622908197334601,96957.5378340764,96584.4167683292,TRUE,20,22,25,1,0.0384615384615385,0.88,0.936170212765957,NA,NA,NA,NA,0.000221963150673497,12.6092387216751,0.363360182174536,57.6029523619616,178,-192685.495228494,-191865.774935388,1,1,0.0384615384615385,"specific_effect_common6_specific4",10,1000,100,4,6,4,0.5,40,0.857142857142857,30,90,3
"Eta centered path BIC + refit",4,NA,NA,NA,1.78708986250774,0.678990159786242,97024.5418155396,NA,TRUE,21,22,25,1,0.0384615384615385,0.88,0.936170212765957,NA,NA,NA,NA,8.3854454272188e-05,3.90458748200639,0.182803186494931,57.6632530879119,103,-193337.584837344,-192863.252308187,1,1,0.0384615384615385,"specific_effect_common6_specific4",10,1000,100,4,6,4,0.5,40,0.857142857142857,30,90,3
"Rossi path BIC",4,20.3770639555624,NA,NA,NA,0.693753600388027,97404.2562981413,97100.4323386523,TRUE,2,22,100,1,1,0.22,0.360655737704918,1,0.752777777777778,0.128617363344051,0.227920227920228,0.000172346999267603,1.45303343538506,0.355756489823709,58.470841519005,314,-192639.477438682,-191193.454000282,1,1,1,"specific_effect_common6_specific4",11,1000,100,4,6,4,0.5,40,0.857142857142857,30,90,3
"Rossi path BIC + refit",4,20.3770639555624,NA,NA,NA,0.661177512237847,97421.5500108285,NA,TRUE,20,22,100,1,1,0.22,0.360655737704918,NA,NA,NA,NA,0.000310193687356448,0.897657305166914,0.55050934102527,58.0786450524564,403,-192059.274644227,-190203.391059274,1,1,1,"specific_effect_common6_specific4",11,1000,100,4,6,4,0.5,40,0.857142857142857,30,90,3
"Separate 2D path/grid BIC",4,NA,39.8901184980577,3.31622659939097,NA,0.666632399872018,97343.4906995464,96076.9830900303,TRUE,2,22,96,1,0.948717948717949,0.229166666666667,0.372881355932203,1,0.516666666666667,0.176991150442478,0.300751879699248,0.000124451794100051,12.3320866800795,0.24993290483669,54.0092439515832,229,-193105.105440206,-192050.521467615,1,1,0.948717948717949,"specific_effect_common6_specific4",11,1000,100,4,6,4,0.5,40,0.857142857142857,30,90,3
"Separate 2D path/grid BIC + refit",4,NA,39.8901184980577,3.31622659939097,NA,0.653267308971834,97419.6518725784,NA,TRUE,12,22,96,1,0.948717948717949,0.229166666666667,0.372881355932203,NA,NA,NA,NA,0.000314975885964153,0.889284475630971,0.546285172119017,57.8866583123831,387,-192166.002452191,-190383.801590213,1,1,0.948717948717949,"specific_effect_common6_specific4",11,1000,100,4,6,4,0.5,40,0.857142857142857,30,90,3
"Eta centered path BIC",4,NA,NA,NA,1.70933664225365,0.655144954259141,97225.0570480316,96862.6986518478,TRUE,6,22,23,0.954545454545455,0.0256410256410256,0.91304347826087,0.933333333333333,NA,NA,NA,NA,0.000252455621888891,5.22705896877055,0.325814915071946,58.0558618394511,172,-193261.980188078,-192469.890916088,1,0.9375,0.0256410256410256,"specific_effect_common6_specific4",11,1000,100,4,6,4,0.5,40,0.857142857142857,30,90,3
"Eta centered path BIC + refit",4,NA,NA,NA,1.70933664225365,0.687366844431307,97231.5283114033,NA,TRUE,18,22,23,0.954545454545455,0.0256410256410256,0.91304347826087,0.933333333333333,NA,NA,NA,NA,0.000157657928413974,0.928735762330356,0.207043318350149,58.0579248422933,95,-193806.819871303,-193369.328703634,1,0.9375,0.0256410256410256,"specific_effect_common6_specific4",11,1000,100,4,6,4,0.5,40,0.857142857142857,30,90,3
"Rossi path BIC",4,39.9262058702916,NA,NA,NA,0.678282547923534,97983.6168932262,97425.4391991956,TRUE,3,22,96,1,0.948717948717949,0.229166666666667,0.372881355932203,1,0.552777777777778,0.167364016736402,0.28673835125448,0.000123774592577615,4.88298957648363,0.283152194322768,59.4081099961589,242,-194295.557008939,-193181.10582393,1,1,0.948717948717949,"specific_effect_common6_specific4",12,1000,100,4,6,4,0.5,40,0.857142857142857,30,90,3
"Rossi path BIC + refit",4,39.9262058702916,NA,NA,NA,0.630343059677922,98036.3324139152,NA,TRUE,22,22,96,1,0.948717948717949,0.229166666666667,0.372881355932203,NA,NA,NA,NA,0.000353421483126434,8.7464440492886,0.711270529786005,60.3761490242778,387,-193399.363534864,-191617.162672887,1,1,0.948717948717949,"specific_effect_common6_specific4",12,1000,100,4,6,4,0.5,40,0.857142857142857,30,90,3
"Separate 2D path/grid BIC",4,NA,72.0010709653059,0,NA,0.690794095971785,97921.4884629754,96997.6542619198,TRUE,2,22,86,1,0.82051282051282,0.255813953488372,0.407407407407407,1,0.333333333333333,0.25,0.4,7.12556759648944e-05,3.72056363376895,0.16328621412155,58.8681325140826,163,-194717.012815477,-193966.370075161,1,1,0.82051282051282,"specific_effect_common6_specific4",12,1000,100,4,6,4,0.5,40,0.857142857142857,30,90,3
"Separate 2D path/grid BIC + refit",4,NA,72.0010709653059,0,NA,0.62797115291272,98023.883794097,NA,TRUE,28,22,86,1,0.82051282051282,0.255813953488372,0.407407407407407,NA,NA,NA,NA,0.000310717730931448,8.74570584741777,0.643842394243102,60.3418269508133,347,-193650.776506387,-192052.782451849,1,1,0.82051282051282,"specific_effect_common6_specific4",12,1000,100,4,6,4,0.5,40,0.857142857142857,30,90,3
"Eta centered path BIC",4,NA,NA,NA,1.83302253708617,0.620566143395296,97814.4407133557,97431.998847846,TRUE,21,22,26,1,0.0512820512820513,0.846153846153846,0.916666666666667,NA,NA,NA,NA,0.000340199565822638,9.75051042686583,0.401124575439399,59.2822342280015,181,-194378.577721216,-193545.041917552,1,1,0.0512820512820513,"specific_effect_common6_specific4",12,1000,100,4,6,4,0.5,40,0.857142857142857,30,90,3
"Eta centered path BIC + refit",4,NA,NA,NA,1.83302253708617,0.677247780001594,97877.7947048507,NA,TRUE,27,22,26,1,0.0512820512820513,0.846153846153846,0.916666666666667,NA,NA,NA,NA,0.000119344567061993,3.79222171125726,0.204763980010736,59.3265540013232,107,-195016.45959485,-194523.70638495,1,1,0.0512820512820513,"specific_effect_common6_specific4",12,1000,100,4,6,4,0.5,40,0.857142857142857,30,90,3
"Rossi path BIC",4,25.5456570957842,NA,NA,NA,0.66413841028021,97137.1396998051,96768.1878561006,TRUE,2,22,99,1,0.987179487179487,0.222222222222222,0.363636363636364,1,0.666666666666667,0.142857142857143,0.25,0.000166503470146401,0.862178673898787,0.346288753195483,58.3654689277061,283,-192319.384655658,-191016.121493024,1,1,0.987179487179487,"specific_effect_common6_specific4",13,1000,100,4,6,4,0.5,40,0.857142857142857,30,90,3
"Rossi path BIC + refit",4,25.5456570957842,NA,NA,NA,0.640149018862391,97163.0962041999,NA,TRUE,20,22,99,1,0.987179487179487,0.222222222222222,0.363636363636364,NA,NA,NA,NA,0.000336524011541128,1.11342487677861,0.617124304312391,58.4486762140843,399,-191569.998052086,-189732.535147877,1,1,0.987179487179487,"specific_effect_common6_specific4",13,1000,100,4,6,4,0.5,40,0.857142857142857,30,90,3
"Separate 2D path/grid BIC",4,NA,33.0174908320349,3.29585076593697,NA,0.627941456797636,97089.6171293201,95926.4098682704,TRUE,2,22,96,1,0.948717948717949,0.229166666666667,0.372881355932203,1,0.519444444444444,0.176211453744493,0.299625468164794,0.000150193123152533,16.5546405251472,0.283405324499845,53.6265963687991,230,-192590.450544474,-191531.261401697,1,1,0.948717948717949,"specific_effect_common6_specific4",13,1000,100,4,6,4,0.5,40,0.857142857142857,30,90,3
"Separate 2D path/grid BIC + refit",4,NA,33.0174908320349,3.29585076593697,NA,0.627542963528067,97162.1423997086,NA,TRUE,17,22,96,1,0.948717948717949,0.229166666666667,0.372881355932203,NA,NA,NA,NA,0.000354260636716385,1.00919004236568,0.62576292293491,58.2201859407728,387,-191650.983506451,-189868.782644474,1,1,0.948717948717949,"specific_effect_common6_specific4",13,1000,100,4,6,4,0.5,40,0.857142857142857,30,90,3
"Eta centered path BIC",4,NA,NA,NA,1.78432087147561,0.527618758381418,96923.0172843303,96572.1525149999,TRUE,34,22,24,0.954545454545455,0.0384615384615385,0.875,0.91304347826087,NA,NA,NA,NA,0.000378460046202163,23.317303069747,0.654536936575865,59.0895082531512,175,-192637.177394839,-191831.272612291,1,0.9375,0.0384615384615385,"specific_effect_common6_specific4",13,1000,100,4,6,4,0.5,40,0.857142857142857,30,90,3
"Eta centered path BIC + refit",4,NA,NA,NA,1.78432087147561,0.663276162552567,97007.2941464616,NA,TRUE,33,22,24,0.954545454545455,0.0384615384615385,0.875,0.91304347826087,NA,NA,NA,NA,0.00017606796715232,0.249454415321704,0.242022163492092,57.3749841968168,99,-193330.720520304,-192874.808671891,1,0.9375,0.0384615384615385,"specific_effect_common6_specific4",13,1000,100,4,6,4,0.5,40,0.857142857142857,30,90,3
"Rossi path BIC",4,22.7932149633287,NA,NA,NA,0.647484491974234,97569.4210696698,97235.5914428045,TRUE,2,22,100,1,1,0.22,0.360655737704918,1,0.683333333333333,0.13986013986014,0.245398773006135,0.000146504187861292,6.55384826291115,0.319854673234614,59.7729164431534,289,-193142.500863714,-191811.606679963,1,1,1,"specific_effect_common6_specific4",14,1000,100,4,6,4,0.5,40,0.857142857142857,30,90,3
"Rossi path BIC + refit",4,22.7932149633287,NA,NA,NA,0.633555269025291,97585.96884485,NA,TRUE,10,22,100,1,1,0.22,0.360655737704918,NA,NA,NA,NA,0.000254009784213081,6.78339723408875,0.506254029724613,59.8161773497279,403,-192388.11231227,-190532.228727317,1,1,1,"specific_effect_common6_specific4",14,1000,100,4,6,4,0.5,40,0.857142857142857,30,90,3
"Separate 2D path/grid BIC",4,NA,37.5779170261771,0,NA,0.664528673098621,97546.5413529965,97025.0636745016,TRUE,2,22,99,1,0.987179487179487,0.222222222222222,0.363636363636364,1,0.544444444444444,0.169491525423729,0.289855072463768,9.7843625628386e-05,5.38898326668478,0.227560397261737,59.5606638165827,239,-193442.129194316,-192341.493519865,1,1,0.987179487179487,"specific_effect_common6_specific4",14,1000,100,4,6,4,0.5,40,0.857142857142857,30,90,3
"Separate 2D path/grid BIC + refit",4,NA,37.5779170261771,0,NA,0.631331111420885,97585.6784843652,NA,TRUE,14,22,99,1,0.987179487179487,0.222222222222222,0.363636363636364,NA,NA,NA,NA,0.000252751290707713,6.57344529769193,0.502170650620397,59.7857648025065,399,-192415.162612417,-190577.699708207,1,1,0.987179487179487,"specific_effect_common6_specific4",14,1000,100,4,6,4,0.5,40,0.857142857142857,30,90,3
"Eta centered path BIC",4,NA,NA,NA,1.79326094054073,0.57182300815403,97380.6444892268,97011.9604277201,TRUE,23,22,24,1,0.0256410256410256,0.916666666666667,0.956521739130435,NA,NA,NA,NA,0.000260489988799609,19.3415794275063,0.403892139560287,59.1689627995477,175,-193552.431804632,-192746.527022084,1,1,0.0256410256410256,"specific_effect_common6_specific4",14,1000,100,4,6,4,0.5,40,0.857142857142857,30,90,3
"Eta centered path BIC + refit",4,NA,NA,NA,1.79326094054073,0.691626062686173,97442.7108846129,NA,TRUE,22,22,24,1,0.0256410256410256,0.916666666666667,0.956521739130435,NA,NA,NA,NA,5.46183076468554e-05,1.72676971635148,0.115574300259266,58.5485893462236,99,-194201.553996606,-193745.642148194,1,1,0.0256410256410256,"specific_effect_common6_specific4",14,1000,100,4,6,4,0.5,40,0.857142857142857,30,90,3
"Rossi path BIC",4,28.8775415214825,NA,NA,NA,0.683245813962541,97482.8172334822,97067.4723069698,TRUE,2,22,99,1,0.987179487179487,0.222222222222222,0.363636363636364,1,0.644444444444444,0.147058823529412,0.256410256410256,0.000149765329663601,2.76904333769114,0.314814930388574,58.3120733103803,275,-193066.001765244,-191799.579964098,1,1,0.987179487179487,"specific_effect_common6_specific4",15,1000,100,4,6,4,0.5,40,0.857142857142857,30,90,3
"Rossi path BIC + refit",4,28.8775415214825,NA,NA,NA,0.644938173824581,97514.6326978297,NA,TRUE,21,22,99,1,0.987179487179487,0.222222222222222,0.363636363636364,NA,NA,NA,NA,0.000346828161766322,3.42390991695429,0.612612899213793,58.1425776667717,399,-192273.071039346,-190435.608135136,1,1,0.987179487179487,"specific_effect_common6_specific4",15,1000,100,4,6,4,0.5,40,0.857142857142857,30,90,3
"Separate 2D path/grid BIC",4,NA,47.2115155891188,0,NA,0.689335776805485,97448.5040869569,96812.6764295807,TRUE,2,22,92,1,0.897435897435897,0.239130434782609,0.385964912280702,1,0.455555555555556,0.196078431372549,0.327868852459016,9.48911477170539e-05,2.53357192607568,0.220965042090034,58.1351556798672,207,-193467.102831165,-192513.832602665,1,1,0.897435897435897,"specific_effect_common6_specific4",15,1000,100,4,6,4,0.5,40,0.857142857142857,30,90,3
"Separate 2D path/grid BIC + refit",4,NA,47.2115155891188,0,NA,0.647784081319486,97509.9341894937,NA,TRUE,15,22,92,1,0.897435897435897,0.239130434782609,0.385964912280702,NA,NA,NA,NA,0.000327123309163708,3.09804017711527,0.58764155151271,58.228127178169,371,-192457.091170485,-190748.573031483,1,1,0.897435897435897,"specific_effect_common6_specific4",15,1000,100,4,6,4,0.5,40,0.857142857142857,30,90,3
"Eta centered path BIC",4,NA,NA,NA,1.6622924105228,0.618788436818324,97328.0048140573,96970.0410401244,TRUE,25,22,29,1,0.0897435897435897,0.758620689655172,0.862745098039216,NA,NA,NA,NA,0.000242373614274834,8.84572037851875,0.341265700487024,57.8555055857735,190,-193343.536125108,-192468.55378977,1,1,0.0897435897435897,"specific_effect_common6_specific4",15,1000,100,4,6,4,0.5,40,0.857142857142857,30,90,3
"Eta centered path BIC + refit",4,NA,NA,NA,1.6622924105228,0.68956443078997,97394.4347460496,NA,TRUE,27,22,29,1,0.0897435897435897,0.758620689655172,0.862745098039216,NA,NA,NA,NA,0.000125117872867663,2.82042826111833,0.261024864471168,57.8185310360061,119,-193966.8466139,-193418.831361768,1,1,0.0897435897435897,"specific_effect_common6_specific4",15,1000,100,4,6,4,0.5,40,0.857142857142857,30,90,3
"Rossi path BIC",4,31.1195699663291,NA,NA,NA,0.709352099360647,97380.4260616628,96940.7378314967,TRUE,2,22,100,1,1,0.22,0.360655737704918,1,0.65,0.145985401459854,0.254777070063694,0.000113526008745783,0.756157947419271,0.238749266491292,58.3124893391134,277,-192847.403911048,-191571.771769529,1,1,1,"specific_effect_common6_specific4",16,1000,100,4,6,4,0.5,40,0.857142857142857,30,90,3
"Rossi path BIC + refit",4,31.1195699663291,NA,NA,NA,0.659767301819737,97415.5894030846,NA,TRUE,20,22,100,1,1,0.22,0.360655737704918,NA,NA,NA,NA,0.000290569024237086,1.48656391621644,0.541758741418791,58.6956366354844,403,-192047.353428739,-190191.469843786,1,1,1,"specific_effect_common6_specific4",16,1000,100,4,6,4,0.5,40,0.857142857142857,30,90,3
"Separate 2D path/grid BIC",4,NA,49.0667801778471,0,NA,0.709869881335793,97348.2470867132,96695.0401800824,TRUE,2,22,99,1,0.987179487179487,0.222222222222222,0.363636363636364,1,0.480555555555556,0.187793427230047,0.316205533596838,7.6117715187126e-05,0.539405796397618,0.164822175492707,58.1033756169586,216,-193204.419033166,-192209.702272993,1,1,0.987179487179487,"specific_effect_common6_specific4",16,1000,100,4,6,4,0.5,40,0.857142857142857,30,90,3
"Separate 2D path/grid BIC + refit",4,NA,49.0667801778471,0,NA,0.659767301819737,97415.3249908926,NA,TRUE,21,22,99,1,0.987179487179487,0.222222222222222,0.363636363636364,NA,NA,NA,NA,0.000290173882343981,1.45981261858106,0.540816726439415,58.6873006340535,399,-192074.455625471,-190236.992721262,1,1,0.987179487179487,"specific_effect_common6_specific4",16,1000,100,4,6,4,0.5,40,0.857142857142857,30,90,3
"Eta centered path BIC",4,NA,NA,NA,1.9148569523789,0.630529760631863,97203.6353176805,96810.9691232698,TRUE,12,22,22,1,0,1,1,NA,NA,NA,NA,0.000282912078707467,8.7439605212096,0.36645530626232,57.4699463162819,169,-193239.859993213,-192461.586231781,1,1,0,"specific_effect_common6_specific4",16,1000,100,4,6,4,0.5,40,0.857142857142857,30,90,3
"Eta centered path BIC + refit",4,NA,NA,NA,1.9148569523789,0.687172157417684,97262.0226819997,NA,TRUE,17,22,22,1,0,1,1,NA,NA,NA,NA,6.77257267002705e-05,0.428892079934661,0.104393472838269,57.8666556729035,91,-193895.439633612,-193476.369146687,1,1,0,"specific_effect_common6_specific4",16,1000,100,4,6,4,0.5,40,0.857142857142857,30,90,3
"Rossi path BIC",4,24.0247716830402,NA,NA,NA,0.705313710955662,97635.008115903,97275.6644960881,TRUE,2,22,99,1,0.987179487179487,0.222222222222222,0.363636363636364,1,0.766666666666667,0.126582278481013,0.224719101123596,0.000177576629103781,2.55365415244906,0.359679014746934,58.8401350454734,319,-193066.442297811,-191597.39300848,1,1,0.987179487179487,"specific_effect_common6_specific4",17,1000,100,4,6,4,0.5,40,0.857142857142857,30,90,3
"Rossi path BIC + refit",4,24.0247716830402,NA,NA,NA,0.690687877722271,97657.9276258292,NA,TRUE,20,22,99,1,0.987179487179487,0.222222222222222,0.363636363636364,NA,NA,NA,NA,0.000357530513580032,1.27073026639923,0.592088785869846,58.4861511729111,399,-192559.660895344,-190722.197991135,1,1,0.987179487179487,"specific_effect_common6_specific4",17,1000,100,4,6,4,0.5,40,0.857142857142857,30,90,3
"Separate 2D path/grid BIC",4,NA,52.9631609339754,2.98833246654091,NA,0.709432201238251,97550.7328067431,96189.8301742528,TRUE,2,22,92,1,0.897435897435897,0.239130434782609,0.385964912280702,1,0.452777777777778,0.197044334975369,0.329218106995885,8.97043569095421e-05,8.61707069269557,0.192270003451782,54.8046091362523,206,-193678.468026016,-192729.802967702,1,1,0.897435897435897,"specific_effect_common6_specific4",17,1000,100,4,6,4,0.5,40,0.857142857142857,30,90,3
"Separate 2D path/grid BIC + refit",4,NA,52.9631609339754,2.98833246654091,NA,0.69588008963065,97654.0303495724,NA,TRUE,8,22,92,1,0.897435897435897,0.239130434782609,0.385964912280702,NA,NA,NA,NA,0.000349780485706481,1.1766399389208,0.581880888456446,58.4410829107225,371,-192745.283490642,-191036.765351641,1,1,0.897435897435897,"specific_effect_common6_specific4",17,1000,100,4,6,4,0.5,40,0.857142857142857,30,90,3
"Eta centered path BIC",4,NA,NA,NA,1.80340296712879,0.676378147440206,97444.1398516254,97065.8587402705,TRUE,20,22,25,1,0.0384615384615385,0.88,0.936170212765957,NA,NA,NA,NA,0.000229176407057135,10.4766812879447,0.348922870831661,58.0962060798607,178,-193658.699263592,-192838.978970486,1,1,0.0384615384615385,"specific_effect_common6_specific4",17,1000,100,4,6,4,0.5,40,0.857142857142857,30,90,3
"Eta centered path BIC + refit",4,NA,NA,NA,1.80340296712879,0.710124143133622,97502.1954874568,NA,TRUE,20,22,25,1,0.0384615384615385,0.88,0.936170212765957,NA,NA,NA,NA,0.000115780074467779,0.752527999533342,0.191917080581552,58.0748603069479,103,-194292.892181178,-193818.559652022,1,1,0.0384615384615385,"specific_effect_common6_specific4",17,1000,100,4,6,4,0.5,40,0.857142857142857,30,90,3
"Rossi path BIC",4,31.675210680777,NA,NA,NA,0.684882204842372,97247.9416881577,96799.1204603243,TRUE,2,22,99,1,0.987179487179487,0.222222222222222,0.363636363636364,1,0.644444444444444,0.147058823529412,0.256410256410256,0.000138021021062713,2.10093921783778,0.269236456567305,58.1476982265237,275,-192596.250674595,-191329.828873449,1,1,0.987179487179487,"specific_effect_common6_specific4",18,1000,100,4,6,4,0.5,40,0.857142857142857,30,90,3
"Rossi path BIC + refit",4,31.675210680777,NA,NA,NA,0.654709878337561,97283.9073089648,NA,TRUE,9,22,99,1,0.987179487179487,0.222222222222222,0.363636363636364,NA,NA,NA,NA,0.000302528797666297,2.53755938346568,0.555211173072442,58.4220302597951,399,-191811.620261616,-189974.157357406,1,1,0.987179487179487,"specific_effect_common6_specific4",18,1000,100,4,6,4,0.5,40,0.857142857142857,30,90,3
"Separate 2D path/grid BIC",4,NA,57.8064726560602,0,NA,0.702233395672142,97200.2613822145,96445.1998604906,TRUE,2,22,89,1,0.858974358974359,0.247191011235955,0.396396396396396,1,0.369444444444444,0.23121387283237,0.375586854460094,8.34371145251959e-05,1.49718229201833,0.162195188541045,57.710385622799,176,-193184.757835328,-192374.247882594,1,1,0.858974358974359,"specific_effect_common6_specific4",18,1000,100,4,6,4,0.5,40,0.857142857142857,30,90,3
"Separate 2D path/grid BIC + refit",4,NA,57.8064726560602,0,NA,0.655175420371747,97274.8489326133,NA,TRUE,9,22,89,1,0.858974358974359,0.247191011235955,0.396396396396396,NA,NA,NA,NA,0.000278211847350208,2.27545595852218,0.516661290585116,58.3703267085649,359,-192069.813720072,-190416.557623302,1,1,0.858974358974359,"specific_effect_common6_specific4",18,1000,100,4,6,4,0.5,40,0.857142857142857,30,90,3
"Eta centered path BIC",4,NA,NA,NA,1.78052173851857,0.610358326134389,97083.4017663667,96716.4131046953,TRUE,35,22,25,1,0.0384615384615385,0.88,0.936170212765957,NA,NA,NA,NA,0.000279107359434751,19.1501733276177,0.459150840992851,58.1729109524506,178,-192937.223093075,-192117.502799969,1,1,0.0384615384615385,"specific_effect_common6_specific4",18,1000,100,4,6,4,0.5,40,0.857142857142857,30,90,3
"Eta centered path BIC + refit",4,NA,NA,NA,1.78052173851857,0.68674744910275,97155.9323916557,NA,TRUE,20,22,25,1,0.0384615384615385,0.88,0.936170212765957,NA,NA,NA,NA,0.000121642142622627,2.57040059725252,0.220511565336655,57.84433626444,103,-193600.365989576,-193126.033460419,1,1,0.0384615384615385,"specific_effect_common6_specific4",18,1000,100,4,6,4,0.5,40,0.857142857142857,30,90,3
"Rossi path BIC",4,33.0124859389016,NA,NA,NA,0.699502001881371,97502.0843095235,97032.6240199057,TRUE,2,22,97,1,0.961538461538462,0.22680412371134,0.369747899159664,1,0.613888888888889,0.153256704980843,0.26578073089701,0.000151970503751214,1.12285555033016,0.268515830748995,57.950776515402,264,-193180.521225396,-191964.756296295,1,1,0.961538461538462,"specific_effect_common6_specific4",19,1000,100,4,6,4,0.5,40,0.857142857142857,30,90,3
"Rossi path BIC + refit",4,33.0124859389016,NA,NA,NA,0.68917546590222,97540.5143613662,NA,TRUE,9,22,97,1,0.961538461538462,0.22680412371134,0.369747899159664,NA,NA,NA,NA,0.000348630838354585,1.08570844293825,0.554705287426893,57.9332805500287,391,-192380.09640865,-190579.474865929,1,1,0.961538461538462,"specific_effect_common6_specific4",19,1000,100,4,6,4,0.5,40,0.857142857142857,30,90,3
"Separate 2D path/grid BIC",4,NA,68.7157582643716,0,NA,0.708852531423652,97434.8569999213,96553.4543290201,TRUE,2,22,80,1,0.743589743589744,0.275,0.431372549019608,1,0.311111111111111,0.263157894736842,0.416666666666667,7.67759752603259e-05,0.984966783191401,0.143614158864074,57.6819042862517,155,-193799.0119316,-193085.210552772,1,1,0.743589743589744,"specific_effect_common6_specific4",19,1000,100,4,6,4,0.5,40,0.857142857142857,30,90,3
"Separate 2D path/grid BIC + refit",4,NA,68.7157582643716,0,NA,0.697274595671434,97525.3016598492,NA,TRUE,10,22,80,1,0.743589743589744,0.275,0.431372549019608,NA,NA,NA,NA,0.000315857688334662,0.818500640897479,0.506175395920368,57.7778312824286,323,-192819.398364587,-191331.928394513,1,1,0.743589743589744,"specific_effect_common6_specific4",19,1000,100,4,6,4,0.5,40,0.857142857142857,30,90,3
"Eta centered path BIC",4,NA,NA,NA,1.95127436439906,0.681580854132899,97319.2876953737,96919.6399811933,TRUE,14,22,22,1,0,1,1,NA,NA,NA,NA,0.000263717346859719,10.2954520142652,0.389443584789566,56.9571838735658,169,-193471.164748599,-192692.890987168,1,1,0,"specific_effect_common6_specific4",19,1000,100,4,6,4,0.5,40,0.857142857142857,30,90,3
"Eta centered path BIC + refit",4,NA,NA,NA,1.95127436439906,0.721041744490669,97382.446884164,NA,TRUE,17,22,22,1,0,1,1,NA,NA,NA,NA,9.01841342539354e-05,0.736186786154309,0.127376548888898,57.3100584474395,91,-194136.288037941,-193717.217551016,1,1,0,"specific_effect_common6_specific4",19,1000,100,4,6,4,0.5,40,0.857142857142857,30,90,3
"Rossi path BIC",4,21.1414363439088,NA,NA,NA,0.646693862572758,97514.7016134569,97203.7908987329,TRUE,2,22,100,1,1,0.22,0.360655737704918,1,0.683333333333333,0.13986013986014,0.245398773006135,0.000162857750730141,1.34493497067435,0.359297164154919,58.4854517516413,289,-193033.061951288,-191702.167767537,1,1,1,"specific_effect_common6_specific4",20,1000,100,4,6,4,0.5,40,0.857142857142857,30,90,3
"Rossi path BIC + refit",4,21.1414363439088,NA,NA,NA,0.616810087302892,97531.6198046253,NA,TRUE,15,22,100,1,1,0.22,0.360655737704918,NA,NA,NA,NA,0.000301857861495331,1.69410506449923,0.598969808473395,58.5574474302776,403,-192279.414231821,-190423.530646867,1,1,1,"specific_effect_common6_specific4",20,1000,100,4,6,4,0.5,40,0.857142857142857,30,90,3
"Separate 2D path/grid BIC",4,NA,51.8290850162364,3.23947590460522,NA,0.604236841973809,97427.6431126882,96055.5000406939,TRUE,2,22,93,1,0.91025641025641,0.236559139784946,0.382608695652174,1,0.397222222222222,0.218579234972678,0.358744394618834,9.69427801488462e-05,15.101375492931,0.219438969632594,53.6318035277911,186,-193570.443743486,-192713.882088892,1,1,0.91025641025641,"specific_effect_common6_specific4",20,1000,100,4,6,4,0.5,40,0.857142857142857,30,90,3
"Separate 2D path/grid BIC + refit",4,NA,51.8290850162364,3.23947590460522,NA,0.626391124691405,97527.7839090591,NA,TRUE,32,22,93,1,0.91025641025641,0.236559139784946,0.382608695652174,NA,NA,NA,NA,0.000294291071275298,1.47343388543577,0.585764368133618,58.5087492921357,375,-192465.1595885,-190738.220768754,1,1,0.91025641025641,"specific_effect_common6_specific4",20,1000,100,4,6,4,0.5,40,0.857142857142857,30,90,3
"Eta centered path BIC",4,NA,NA,NA,1.70910982697946,0.551045070096939,97300.993669068,96961.7813048649,TRUE,9,22,24,1,0.0256410256410256,0.916666666666667,0.956521739130435,NA,NA,NA,NA,0.000417959984782139,33.5059187018046,0.670996248880325,60.1984379223429,175,-193393.130164314,-192587.225381766,1,1,0.0256410256410256,"specific_effect_common6_specific4",20,1000,100,4,6,4,0.5,40,0.857142857142857,30,90,3
"Eta centered path BIC + refit",4,NA,NA,NA,1.70910982697946,0.649343956274514,97394.5051071606,NA,TRUE,34,22,24,1,0.0256410256410256,0.916666666666667,0.956521739130435,NA,NA,NA,NA,9.44950917888148e-05,0.937264584413321,0.173860535590156,58.1688839330321,99,-194105.142441702,-193649.230593289,1,1,0.0256410256410256,"specific_effect_common6_specific4",20,1000,100,4,6,4,0.5,40,0.857142857142857,30,90,3
"Rossi path BIC",4,53.0009542612271,NA,NA,NA,0.69745655569098,97585.0317623219,96881.9872507089,TRUE,2,22,94,1,0.923076923076923,0.234042553191489,0.379310344827586,1,0.430555555555556,0.205128205128205,0.340425531914894,0.000110572667533671,0.625249505465873,0.208544965795381,58.2436132924057,198,-193802.327979405,-192890.50428258,1,1,0.923076923076923,"specific_effect_common6_specific4",21,1000,100,4,6,4,0.5,40,0.857142857142857,30,90,3
"Rossi path BIC + refit",4,53.0009542612271,NA,NA,NA,0.662510123899126,97661.403297663,NA,TRUE,21,22,94,1,0.923076923076923,0.234042553191489,0.379310344827586,NA,NA,NA,NA,0.00035518204497343,3.05874903339377,0.66897001015835,59.0052895229334,379,-192704.767344592,-190959.407844102,1,1,0.923076923076923,"specific_effect_common6_specific4",21,1000,100,4,6,4,0.5,40,0.857142857142857,30,90,3
"Separate 2D path/grid BIC",4,NA,102.208580288757,0,NA,0.697673647276597,97510.0604734824,96260.83234463,TRUE,2,22,61,1,0.5,0.360655737704918,0.530120481927711,1,0.152777777777778,0.421052631578947,0.592592592592593,9.95688246365675e-05,0.455504619844991,0.130724426719577,57.6750891548624,98,-194343.160929625,-193891.854251398,1,1,0.5,"specific_effect_common6_specific4",21,1000,100,4,6,4,0.5,40,0.857142857142857,30,90,3
"Separate 2D path/grid BIC + refit",4,NA,102.208580288757,0,NA,0.66769737124689,97605.8000884146,NA,TRUE,29,22,61,1,0.5,0.360655737704918,0.530120481927711,NA,NA,NA,NA,0.000255141364641598,2.63410335157954,0.51481669738597,58.9710789892971,247,-193505.384622921,-192367.907586982,1,1,0.5,"specific_effect_common6_specific4",21,1000,100,4,6,4,0.5,40,0.857142857142857,30,90,3
"Eta centered path BIC",4,NA,NA,NA,2.10764745731266,0.588465423663581,97400.4879347075,96988.6028713167,TRUE,18,22,22,0.909090909090909,0.0256410256410256,0.909090909090909,0.909090909090909,NA,NA,NA,NA,0.000438691960159747,28.0547054697942,0.67887349910216,59.4138145065682,169,-193633.565227267,-192855.291465835,1,0.875,0.0256410256410256,"specific_effect_common6_specific4",21,1000,100,4,6,4,0.5,40,0.857142857142857,30,90,3
"Eta centered path BIC + refit",4,NA,NA,NA,2.10764745731266,0.656992925336734,97462.7069914844,NA,TRUE,34,22,22,0.909090909090909,0.0256410256410256,0.909090909090909,0.909090909090909,NA,NA,NA,NA,0.000325804026244268,5.3850031833435,0.377459704408336,59.0783730902033,91,-194296.808252581,-193877.737765656,1,0.875,0.0256410256410256,"specific_effect_common6_specific4",21,1000,100,4,6,4,0.5,40,0.857142857142857,30,90,3
"Rossi path BIC",4,39.5770030911902,NA,NA,NA,0.700038152855446,97526.3477479115,96977.33377922,TRUE,2,22,98,1,0.974358974358974,0.224489795918367,0.366666666666667,1,0.552777777777778,0.167364016736402,0.28673835125448,0.000124505604920334,3.90038198364584,0.280872905918369,59.0304567884527,242,-193381.018718309,-192266.5675333,1,1,0.974358974358974,"specific_effect_common6_specific4",22,1000,100,4,6,4,0.5,40,0.857142857142857,30,90,3
"Rossi path BIC + refit",4,39.5770030911902,NA,NA,NA,0.676935540645205,97573.1564658972,NA,TRUE,10,22,98,1,0.974358974358974,0.224489795918367,0.366666666666667,NA,NA,NA,NA,0.000312065822141369,4.0572931309671,0.60660132953768,59.2133860021111,395,-192417.749596596,-190598.707373131,1,1,0.974358974358974,"specific_effect_common6_specific4",22,1000,100,4,6,4,0.5,40,0.857142857142857,30,90,3
"Separate 2D path/grid BIC",4,NA,74.4268763934319,0,NA,0.704956599781702,97463.2154189371,96516.9236045904,TRUE,2,22,84,1,0.794871794871795,0.261904761904762,0.415094339622642,1,0.275,0.287769784172662,0.446927374301676,7.51988339607486e-05,3.19687959877011,0.173120333842898,58.6379566870872,142,-193945.529588259,-193291.595421848,1,1,0.794871794871795,"specific_effect_common6_specific4",22,1000,100,4,6,4,0.5,40,0.857142857142857,30,90,3
"Separate 2D path/grid BIC + refit",4,NA,74.4268763934319,0,NA,0.680754285873126,97556.9891226864,NA,TRUE,9,22,84,1,0.794871794871795,0.261904761904762,0.415094339622642,NA,NA,NA,NA,0.000278844415680686,3.34399250290421,0.558854308966289,59.013668480534,339,-192772.249205798,-191211.096512748,1,1,0.794871794871795,"specific_effect_common6_specific4",22,1000,100,4,6,4,0.5,40,0.857142857142857,30,90,3
"Eta centered path BIC",4,NA,NA,NA,1.71932266217774,0.618726747488311,97356.2832567095,96998.4886127042,TRUE,15,22,26,1,0.0512820512820513,0.846153846153846,0.916666666666667,NA,NA,NA,NA,0.000269731499678078,12.1471325179489,0.385191909547564,58.7950480050538,181,-193462.262807923,-192628.727004259,1,1,0.0512820512820513,"specific_effect_common6_specific4",22,1000,100,4,6,4,0.5,40,0.857142857142857,30,90,3
"Eta centered path BIC + refit",4,NA,NA,NA,1.71932266217774,0.69209971465675,97423.7956517532,NA,TRUE,20,22,26,1,0.0512820512820513,0.846153846153846,0.916666666666667,NA,NA,NA,NA,8.78232234473031e-05,2.02246343564861,0.197133980430133,58.5085631189158,107,-194108.461488655,-193615.708278755,1,1,0.0512820512820513,"specific_effect_common6_specific4",22,1000,100,4,6,4,0.5,40,0.857142857142857,30,90,3
"Rossi path BIC",4,34.1896842639726,NA,NA,NA,0.692324078173223,97559.4321198544,97075.8777147383,TRUE,2,22,99,1,0.987179487179487,0.222222222222222,0.363636363636364,1,0.580555555555556,0.160642570281124,0.27681660899654,0.0001344488105012,1.81475103698895,0.270977425368103,58.7196405898694,252,-193378.109909405,-192217.607022536,1,1,0.987179487179487,"specific_effect_common6_specific4",23,1000,100,4,6,4,0.5,40,0.857142857142857,30,90,3
"Rossi path BIC + refit",4,34.1896842639726,NA,NA,NA,0.674587149606194,97597.7995901584,NA,TRUE,10,22,99,1,0.987179487179487,0.222222222222222,0.363636363636364,NA,NA,NA,NA,0.000313910104966484,1.96880301588096,0.548294524548812,58.8575000218107,399,-192439.404824003,-190601.941919794,1,1,0.987179487179487,"specific_effect_common6_specific4",23,1000,100,4,6,4,0.5,40,0.857142857142857,30,90,3
"Separate 2D path/grid BIC",4,NA,76.1475199243295,3.69061994668594,NA,0.695070446296946,97437.8000816523,95697.939467124,TRUE,2,22,78,1,0.717948717948718,0.282051282051282,0.44,1,0.263888888888889,0.296296296296296,0.457142857142857,6.36048995639345e-05,18.0730812214537,0.13707742405182,53.2560815238475,138,-193922.329934805,-193286.816449139,1,1,0.717948717948718,"specific_effect_common6_specific4",23,1000,100,4,6,4,0.5,40,0.857142857142857,30,90,3
"Separate 2D path/grid BIC + refit",4,NA,76.1475199243295,3.69061994668594,NA,0.675614102045831,97572.3213150883,NA,TRUE,22,22,78,1,0.717948717948718,0.282051282051282,0.44,NA,NA,NA,NA,0.00027146775501702,1.51417988633499,0.494524367946868,58.6200869029216,315,-192968.699717297,-191518.071108711,1,1,0.717948717948718,"specific_effect_common6_specific4",23,1000,100,4,6,4,0.5,40,0.857142857142857,30,90,3
"Eta centered path BIC",4,NA,NA,NA,1.81347123231445,0.603247179392462,97373.188467816,96995.7674087545,TRUE,30,22,24,1,0.0256410256410256,0.916666666666667,0.956521739130435,NA,NA,NA,NA,0.000325888139809975,16.3838365021232,0.455317506871347,59.3357435999231,175,-193537.51976181,-192731.614979262,1,1,0.0256410256410256,"specific_effect_common6_specific4",23,1000,100,4,6,4,0.5,40,0.857142857142857,30,90,3
"Eta centered path BIC + refit",4,NA,NA,NA,1.81347123231445,0.69855681003119,97448.86451314,NA,TRUE,27,22,24,1,0.0256410256410256,0.916666666666667,0.956521739130435,NA,NA,NA,NA,7.98761212982005e-05,1.26528788493686,0.151466882484341,58.4081723237576,99,-194213.861253661,-193757.949405248,1,1,0.0256410256410256,"specific_effect_common6_specific4",23,1000,100,4,6,4,0.5,40,0.857142857142857,30,90,3
"Rossi path BIC",4,33.9746764557093,NA,NA,NA,0.68706801560432,97668.0961388657,97191.9143406735,TRUE,2,22,99,1,0.987179487179487,0.222222222222222,0.363636363636364,1,0.636111111111111,0.148698884758364,0.258899676375405,0.00012843523770121,3.54327188287973,0.267446657648545,58.9697018762919,272,-193457.282841848,-192204.676551259,1,1,0.987179487179487,"specific_effect_common6_specific4",24,1000,100,4,6,4,0.5,40,0.857142857142857,30,90,3
"Rossi path BIC + refit",4,33.9746764557093,NA,NA,NA,0.655034766948247,97707.2647221644,NA,TRUE,11,22,99,1,0.987179487179487,0.222222222222222,0.363636363636364,NA,NA,NA,NA,0.000304685915782538,3.6556444692497,0.56360717038888,59.1781812599396,399,-192658.335088015,-190820.872183806,1,1,0.987179487179487,"specific_effect_common6_specific4",24,1000,100,4,6,4,0.5,40,0.857142857142857,30,90,3
"Separate 2D path/grid BIC",4,NA,74.3702425677658,3.96164225198583,NA,0.69691091723466,97554.2284936892,95776.8587323692,TRUE,2,22,76,1,0.692307692307692,0.289473684210526,0.448979591836735,1,0.261111111111111,0.298507462686567,0.459770114942529,6.40551886577048e-05,17.1572501927151,0.137823906027416,53.4212172277669,137,-194162.094514158,-193531.186198677,1,1,0.692307692307692,"specific_effect_common6_specific4",24,1000,100,4,6,4,0.5,40,0.857142857142857,30,90,3
"Separate 2D path/grid BIC + refit",4,NA,74.3702425677658,3.96164225198583,NA,0.672535566279321,97682.3925499284,NA,TRUE,21,22,76,1,0.692307692307692,0.289473684210526,0.448979591836735,NA,NA,NA,NA,0.00024687766527438,2.83170905726448,0.474638565065496,58.8861827188338,307,-193244.104229209,-191830.316982111,1,1,0.692307692307692,"specific_effect_common6_specific4",24,1000,100,4,6,4,0.5,40,0.857142857142857,30,90,3
"Eta centered path BIC",4,NA,NA,NA,1.96407368704443,0.613265135513411,97486.1882194385,97076.9190151019,TRUE,6,22,22,1,0,1,1,NA,NA,NA,NA,0.000318650006259955,10.8751842061864,0.412541482674949,58.6515636559812,169,-193804.965796729,-193026.692035297,1,1,0,"specific_effect_common6_specific4",24,1000,100,4,6,4,0.5,40,0.857142857142857,30,90,3
"Eta centered path BIC + refit",4,NA,NA,NA,1.96407368704443,0.72098071815696,97557.5868227472,NA,TRUE,25,22,22,1,0,1,1,NA,NA,NA,NA,6.66680773549318e-05,1.62916436742987,0.130592536582689,58.0102960616195,91,-194486.567915107,-194067.497428182,1,1,0,"specific_effect_common6_specific4",24,1000,100,4,6,4,0.5,40,0.857142857142857,30,90,3
"Rossi path BIC",4,38.9432792301155,NA,NA,NA,0.688764002789929,97622.2854602885,97072.8089243271,TRUE,2,22,99,1,0.987179487179487,0.222222222222222,0.363636363636364,1,0.597222222222222,0.156862745098039,0.271186440677966,0.000112491690647834,1.58766991313051,0.233337112104217,57.7238854250185,258,-193462.3700586,-192274.236150615,1,1,0.987179487179487,"specific_effect_common6_specific4",25,1000,100,4,6,4,0.5,40,0.857142857142857,30,90,3
"Rossi path BIC + refit",4,38.9432792301155,NA,NA,NA,0.65898386987611,97672.5748390913,NA,TRUE,12,22,99,1,0.987179487179487,0.222222222222222,0.363636363636364,NA,NA,NA,NA,0.000348461899486372,1.74230640035746,0.553587966697293,57.8266869527315,399,-192588.955321869,-190751.49241766,1,1,0.987179487179487,"specific_effect_common6_specific4",25,1000,100,4,6,4,0.5,40,0.857142857142857,30,90,3
"Separate 2D path/grid BIC",4,NA,67.4819695858813,0,NA,0.700120667618052,97562.5459951919,96688.8329944496,TRUE,2,22,90,1,0.871794871794872,0.244444444444444,0.392857142857143,1,0.352777777777778,0.239520958083832,0.386473429951691,5.26083624657949e-05,1.27686339858056,0.132214667753763,57.443352311363,170,-193950.773592957,-193167.894661339,1,1,0.871794871794872,"specific_effect_common6_specific4",25,1000,100,4,6,4,0.5,40,0.857142857142857,30,90,3
"Separate 2D path/grid BIC + refit",4,NA,67.4819695858813,0,NA,0.664709558852836,97665.7278343454,NA,TRUE,15,22,90,1,0.871794871794872,0.244444444444444,0.392857142857143,NA,NA,NA,NA,0.000337901982547412,1.40520235786357,0.527499215416858,57.660006738392,363,-192823.94050242,-191152.263724907,1,1,0.871794871794872,"specific_effect_common6_specific4",25,1000,100,4,6,4,0.5,40,0.857142857142857,30,90,3
"Eta centered path BIC",4,NA,NA,NA,1.59978753394554,0.679475064128811,97483.9709703097,97147.3354405734,TRUE,15,22,26,1,0.0512820512820513,0.846153846153846,0.916666666666667,NA,NA,NA,NA,0.00018369225952046,12.8037223167504,0.332064762211556,57.0639337809194,181,-193717.638235124,-192884.10243146,1,1,0.0512820512820513,"specific_effect_common6_specific4",25,1000,100,4,6,4,0.5,40,0.857142857142857,30,90,3
"Eta centered path BIC + refit",4,NA,NA,NA,1.59978753394554,0.675775592402563,97521.6519500016,NA,TRUE,19,22,26,1,0.0512820512820513,0.846153846153846,0.916666666666667,NA,NA,NA,NA,0.000116047973359704,1.13835964002079,0.19655749400244,57.0612638708589,107,-194304.174085152,-193811.420875251,1,1,0.0512820512820513,"specific_effect_common6_specific4",25,1000,100,4,6,4,0.5,40,0.857142857142857,30,90,3
"Rossi path BIC",4,23.1342618376786,NA,NA,NA,0.656263200522218,97555.8100427404,97219.3287925415,TRUE,2,22,98,1,0.974358974358974,0.224489795918367,0.366666666666667,1,0.697222222222222,0.13745704467354,0.241691842900302,0.000140802700154548,4.10662196510292,0.303150203915173,59.2803582900221,294,-193080.74003346,-191726.81999878,1,1,0.974358974358974,"specific_effect_common6_specific4",26,1000,100,4,6,4,0.5,40,0.857142857142857,30,90,3
"Rossi path BIC + refit",4,23.1342618376786,NA,NA,NA,0.617581646223719,97576.4512422273,NA,TRUE,18,22,98,1,0.974358974358974,0.224489795918367,0.366666666666667,NA,NA,NA,NA,0.000296917278155237,3.8643801635239,0.525978056644333,59.1751998175595,395,-192424.339149257,-190605.296925791,1,1,0.974358974358974,"specific_effect_common6_specific4",26,1000,100,4,6,4,0.5,40,0.857142857142857,30,90,3
"Separate 2D path/grid BIC",4,NA,65.4527368464101,3.21954318093364,NA,0.668650559840939,97451.5597289574,95917.2255869763,TRUE,2,22,84,1,0.794871794871795,0.261904761904762,0.415094339622642,1,0.3,0.27027027027027,0.425531914893617,6.39565422112346e-05,9.39308054437932,0.144260524887496,54.7139829430656,151,-193860.048410788,-193164.667712704,1,1,0.794871794871795,"specific_effect_common6_specific4",26,1000,100,4,6,4,0.5,40,0.857142857142857,30,90,3
"Separate 2D path/grid BIC + refit",4,NA,65.4527368464101,3.21954318093364,NA,0.630248032463677,97563.2235029855,NA,TRUE,11,22,84,1,0.794871794871795,0.261904761904762,0.415094339622642,NA,NA,NA,NA,0.000262397555031262,3.52040089773711,0.466174867408966,58.9938160463091,339,-192784.717966396,-191223.565273346,1,1,0.794871794871795,"specific_effect_common6_specific4",26,1000,100,4,6,4,0.5,40,0.857142857142857,30,90,3
"Eta centered path BIC",4,NA,NA,NA,1.79273399405724,0.629293240255833,97377.7169402263,96994.9109272802,TRUE,10,22,23,1,0.0128205128205128,0.956521739130435,0.977777777777778,NA,NA,NA,NA,0.000219241265581122,7.88863071296745,0.281494336466032,58.7725029282352,172,-193567.299972468,-192775.210700478,1,1,0.0128205128205128,"specific_effect_common6_specific4",26,1000,100,4,6,4,0.5,40,0.857142857142857,30,90,3
"Eta centered path BIC + refit",4,NA,NA,NA,1.79273399405724,0.675810916305987,97437.5624459969,NA,TRUE,20,22,23,1,0.0128205128205128,0.956521739130435,0.977777777777778,NA,NA,NA,NA,5.90977433876639e-05,2.39633066329012,0.127349768364507,58.6642716267547,95,-194218.88814049,-193781.396972822,1,1,0.0128205128205128,"specific_effect_common6_specific4",26,1000,100,4,6,4,0.5,40,0.857142857142857,30,90,3
"Rossi path BIC",4,24.4647890274779,NA,NA,NA,0.680930622351515,97824.380902194,97461.5962395681,TRUE,2,22,100,1,1,0.22,0.360655737704918,1,0.730555555555556,0.132013201320132,0.233236151603499,0.000165996823328979,5.18402976574761,0.360688737403406,59.2057660983378,306,-193534.988689019,-192125.806612107,1,1,1,"specific_effect_common6_specific4",27,1000,100,4,6,4,0.5,40,0.857142857142857,30,90,3
"Rossi path BIC + refit",4,24.4647890274779,NA,NA,NA,0.643277241658849,97848.4230308876,NA,TRUE,15,22,100,1,1,0.22,0.360655737704918,NA,NA,NA,NA,0.000340445411548644,5.05759980246828,0.62454639969905,59.0940796604815,403,-192913.020684345,-191057.137099392,1,1,1,"specific_effect_common6_specific4",27,1000,100,4,6,4,0.5,40,0.857142857142857,30,90,3
"Separate 2D path/grid BIC",4,NA,52.995153509229,3.09042164647052,NA,0.67713989826619,97742.1510209035,96357.3017545993,TRUE,2,22,94,1,0.923076923076923,0.234042553191489,0.379310344827586,1,0.441666666666667,0.201005025125628,0.334728033472803,9.33195543310466e-05,7.00317703223413,0.173421027688722,55.0184068722653,202,-194088.935475453,-193158.691097883,1,1,0.923076923076923,"specific_effect_common6_specific4",27,1000,100,4,6,4,0.5,40,0.857142857142857,30,90,3
"Separate 2D path/grid BIC + refit",4,NA,52.995153509229,3.09042164647052,NA,0.635979395199861,97844.4241459705,NA,TRUE,13,22,94,1,0.923076923076923,0.234042553191489,0.379310344827586,NA,NA,NA,NA,0.000341153377565642,4.8045252715806,0.614376545927331,58.966441403313,379,-193070.809041207,-191325.449540717,1,1,0.923076923076923,"specific_effect_common6_specific4",27,1000,100,4,6,4,0.5,40,0.857142857142857,30,90,3
"Eta centered path BIC",4,NA,NA,NA,1.63733797812967,0.614106532603419,97629.1003358916,97273.9905677646,TRUE,19,22,27,1,0.0641025641025641,0.814814814814815,0.897959183673469,NA,NA,NA,NA,0.000266677316162252,8.10331407634209,0.339204015399421,59.1865454839402,184,-193987.173700451,-193139.822386229,1,1,0.0641025641025641,"specific_effect_common6_specific4",27,1000,100,4,6,4,0.5,40,0.857142857142857,30,90,3
"Eta centered path BIC + refit",4,NA,NA,NA,1.63733797812967,0.672161376130042,97699.4438263301,NA,TRUE,25,22,27,1,0.0641025641025641,0.814814814814815,0.897959183673469,NA,NA,NA,NA,0.000105320132706219,3.16914725875859,0.208496694377721,58.4847979550581,111,-194632.126816693,-194120.952926049,1,1,0.0641025641025641,"specific_effect_common6_specific4",27,1000,100,4,6,4,0.5,40,0.857142857142857,30,90,3
"Rossi path BIC",4,30.6504712413258,NA,NA,NA,0.667321230696557,97715.9574163894,97280.9053908424,TRUE,2,22,100,1,1,0.22,0.360655737704918,1,0.594444444444444,0.15748031496063,0.272108843537415,0.000135149847246373,5.86553887655525,0.289556070395301,59.3508575466263,257,-193656.62172608,-192473.092988281,1,1,1,"specific_effect_common6_specific4",28,1000,100,4,6,4,0.5,40,0.857142857142857,30,90,3
"Rossi path BIC + refit",4,30.6504712413258,NA,NA,NA,0.63863965696809,97748.9328847049,NA,TRUE,18,22,100,1,1,0.22,0.360655737704918,NA,NA,NA,NA,0.000307867111996997,9.53328217795456,0.5998026272527,59.8317363247488,403,-192714.04039198,-190858.156807027,1,1,1,"specific_effect_common6_specific4",28,1000,100,4,6,4,0.5,40,0.857142857142857,30,90,3
"Separate 2D path/grid BIC",4,NA,51.483151484953,0,NA,0.685286742424135,97675.1042079519,96996.8353744614,TRUE,2,22,93,1,0.91025641025641,0.236559139784946,0.382608695652174,1,0.436111111111111,0.203045685279188,0.337552742616034,8.1395910311943e-05,3.4876436572956,0.185769425465117,58.818887615574,200,-193968.657360107,-193047.62332291,1,1,0.91025641025641,"specific_effect_common6_specific4",28,1000,100,4,6,4,0.5,40,0.857142857142857,30,90,3
"Separate 2D path/grid BIC + refit",4,NA,51.483151484953,0,NA,0.644727033561779,97745.6957147562,NA,TRUE,22,22,93,1,0.91025641025641,0.236559139784946,0.382608695652174,NA,NA,NA,NA,0.000299491051772682,9.1902648178079,0.58204442210718,59.7863309561307,375,-192900.983199894,-191174.044380149,1,1,0.91025641025641,"specific_effect_common6_specific4",28,1000,100,4,6,4,0.5,40,0.857142857142857,30,90,3
"Eta centered path BIC",4,NA,NA,NA,1.82352434209643,0.5955359269663,97524.0436061425,97146.8286078891,TRUE,42,22,25,1,0.0384615384615385,0.88,0.936170212765957,NA,NA,NA,NA,0.000411167483607678,40.1807375913375,0.628330568898056,60.9025099419186,178,-193818.506772626,-192998.78647952,1,1,0.0384615384615385,"specific_effect_common6_specific4",28,1000,100,4,6,4,0.5,40,0.857142857142857,30,90,3
"Eta centered path BIC + refit",4,NA,NA,NA,1.82352434209643,0.692960058492888,97606.651772901,NA,TRUE,32,22,25,1,0.0384615384615385,0.88,0.936170212765957,NA,NA,NA,NA,9.70694805447184e-05,4.51730826070521,0.169035703793,59.0010268014005,103,-194501.804752067,-194027.47222291,1,1,0.0384615384615385,"specific_effect_common6_specific4",28,1000,100,4,6,4,0.5,40,0.857142857142857,30,90,3
"Rossi path BIC",4,31.643304131536,NA,NA,NA,0.689844520266173,97609.2059008628,97169.9401894763,TRUE,2,22,98,1,0.974358974358974,0.224489795918367,0.366666666666667,1,0.569444444444444,0.163265306122449,0.280701754385965,9.77346045028236e-05,6.77741424138399,0.252838080539115,59.3610203676198,248,-193505.288492538,-192363.206286413,1,1,0.974358974358974,"specific_effect_common6_specific4",29,1000,100,4,6,4,0.5,40,0.857142857142857,30,90,3
"Rossi path BIC + refit",4,31.643304131536,NA,NA,NA,0.646970641059093,97641.6640374011,NA,TRUE,14,22,98,1,0.974358974358974,0.224489795918367,0.366666666666667,NA,NA,NA,NA,0.000251971049593057,7.83706415290547,0.553125858418134,59.4988936746281,395,-192554.764739604,-190735.722516139,1,1,0.974358974358974,"specific_effect_common6_specific4",29,1000,100,4,6,4,0.5,40,0.857142857142857,30,90,3
"Separate 2D path/grid BIC",4,NA,75.368744400617,0,NA,0.717390249982016,97543.0473403126,96598.615865923,TRUE,2,22,73,1,0.653846153846154,0.301369863013699,0.463157894736842,1,0.227777777777778,0.327868852459016,0.493827160493827,4.4748962944553e-05,4.33138051600633,0.108531962423827,58.9756560116417,125,-194222.625270752,-193646.978997504,1,1,0.653846153846154,"specific_effect_common6_specific4",29,1000,100,4,6,4,0.5,40,0.857142857142857,30,90,3
"Separate 2D path/grid BIC + refit",4,NA,75.368744400617,0,NA,0.665212156414878,97624.9792027638,NA,TRUE,14,22,73,1,0.653846153846154,0.301369863013699,0.463157894736842,NA,NA,NA,NA,0.000208832076042417,7.10203752367508,0.475517561819615,59.3622143411443,295,-193212.170598228,-191853.645393361,1,1,0.653846153846154,"specific_effect_common6_specific4",29,1000,100,4,6,4,0.5,40,0.857142857142857,30,90,3
"Eta centered path BIC",4,NA,NA,NA,1.46737178540813,0.667365471526797,97490.101552028,97176.3792884661,TRUE,16,22,26,1,0.0512820512820513,0.846153846153846,0.916666666666667,NA,NA,NA,NA,0.000198555483854067,20.0358446755811,0.358094873656884,58.9209238934696,181,-193729.89939856,-192896.363594896,1,1,0.0512820512820513,"specific_effect_common6_specific4",29,1000,100,4,6,4,0.5,40,0.857142857142857,30,90,3
"Eta centered path BIC + refit",4,NA,NA,NA,1.46737178540813,0.714149591523806,97537.5664137352,NA,TRUE,21,22,26,1,0.0512820512820513,0.846153846153846,0.916666666666667,NA,NA,NA,NA,8.25592200585874e-05,4.96299069380877,0.193664802457113,58.8599657456505,107,-194336.003012619,-193843.249802719,1,1,0.0512820512820513,"specific_effect_common6_specific4",29,1000,100,4,6,4,0.5,40,0.857142857142857,30,90,3
"Rossi path BIC",4,7.35854385430919,NA,NA,NA,0.568765873442804,97104.5858586758,96987.0938960731,TRUE,2,22,100,1,1,0.22,0.360655737704918,1,0.913888888888889,0.10840108401084,0.19559902200489,0.000286321575697906,12.4359823816182,0.649680951564469,60.1219129769226,372,-191639.48675357,-189926.363444383,1,1,1,"specific_effect_common6_specific4",30,1000,100,4,6,4,0.5,40,0.857142857142857,30,90,3
"Rossi path BIC + refit",4,7.35854385430919,NA,NA,NA,0.562814469857351,97106.8200537483,NA,TRUE,7,22,100,1,1,0.22,0.360655737704918,NA,NA,NA,NA,0.000335238463432863,13.2218337974095,0.753728117575059,60.1767811992927,403,-191429.814730067,-189573.931145114,1,1,1,"specific_effect_common6_specific4",30,1000,100,4,6,4,0.5,40,0.857142857142857,30,90,3
"Separate 2D path/grid BIC",4,NA,50.8817906792664,3.23000687161431,NA,0.63066846366821,96995.5700604729,95642.5394192344,TRUE,2,22,90,1,0.871794871794872,0.244444444444444,0.392857142857143,1,0.383333333333333,0.224719101123595,0.36697247706422,7.37077432902801e-05,16.7312171151995,0.209501600971352,53.5411458890002,181,-192740.83641545,-191907.300611786,1,1,0.871794871794872,"specific_effect_common6_specific4",30,1000,100,4,6,4,0.5,40,0.857142857142857,30,90,3
"Separate 2D path/grid BIC + refit",4,NA,50.8817906792664,3.23000687161431,NA,0.568736762991754,97102.7121629624,NA,TRUE,53,22,90,1,0.871794871794872,0.244444444444444,0.392857142857143,NA,NA,NA,NA,0.000328484347932236,13.3752458818721,0.741537096553321,60.1962978824498,363,-191697.909159654,-190026.232382141,1,1,0.871794871794872,"specific_effect_common6_specific4",30,1000,100,4,6,4,0.5,40,0.857142857142857,30,90,3
"Eta centered path BIC",4,NA,NA,NA,1.77807918042783,0.558740100155909,96900.1767706339,96532.557533839,TRUE,17,22,30,1,0.102564102564103,0.733333333333333,0.846153846153846,NA,NA,NA,NA,0.000311274443875975,18.1035860910007,0.449918353605149,58.7975144630031,193,-192467.156772424,-191578.358926529,1,1,0.102564102564103,"specific_effect_common6_specific4",30,1000,100,4,6,4,0.5,40,0.857142857142857,30,90,3
"Eta centered path BIC + refit",4,NA,NA,NA,1.77807918042783,0.58195380232372,96981.0794356979,NA,TRUE,20,22,30,1,0.102564102564103,0.733333333333333,0.846153846153846,NA,NA,NA,NA,0.000140311031538819,4.70184577554255,0.296474391460509,58.9547380123857,123,-193112.504972081,-192546.069039205,1,1,0.102564102564103,"specific_effect_common6_specific4",30,1000,100,4,6,4,0.5,40,0.857142857142857,30,90,3
"Rossi path BIC",4,26.8947427472759,NA,NA,NA,0.659668690872884,97400.7524971331,97008.0710446123,TRUE,2,22,100,1,1,0.22,0.360655737704918,1,0.686111111111111,0.139372822299652,0.244648318042813,0.000138155270661519,4.00214612742092,0.324652240028931,58.9833052745788,290,-192798.255963361,-191462.756609425,1,1,1,"specific_effect_common6_specific4",31,1000,100,4,6,4,0.5,40,0.857142857142857,30,90,3
"Rossi path BIC + refit",4,26.8947427472759,NA,NA,NA,0.64339194177972,97430.1451308362,NA,TRUE,19,22,100,1,1,0.22,0.360655737704918,NA,NA,NA,NA,0.000329262388060047,5.93652987950774,0.649861239563927,59.2832161600099,403,-192076.464884243,-190220.581299289,1,1,1,"specific_effect_common6_specific4",31,1000,100,4,6,4,0.5,40,0.857142857142857,30,90,3
"Separate 2D path/grid BIC",4,NA,53.5464251163625,0,NA,0.677739679816113,97348.9756142536,96639.4776130956,TRUE,2,22,88,1,0.846153846153846,0.25,0.4,1,0.427777777777778,0.206185567010309,0.341880341880342,6.19551565091255e-05,2.81033772289139,0.181089316910754,58.542954227203,197,-193337.123438548,-192429.904911908,1,1,0.846153846153846,"specific_effect_common6_specific4",31,1000,100,4,6,4,0.5,40,0.857142857142857,30,90,3
"Separate 2D path/grid BIC + refit",4,NA,53.5464251163625,0,NA,0.649551148160461,97422.1713729061,NA,TRUE,20,22,88,1,0.846153846153846,0.25,0.4,NA,NA,NA,NA,0.00030530930906313,5.27348078970606,0.611270624451246,59.1241918521492,355,-192392.089621774,-190757.254205748,1,1,0.846153846153846,"specific_effect_common6_specific4",31,1000,100,4,6,4,0.5,40,0.857142857142857,30,90,3
"Eta centered path BIC",4,NA,NA,NA,1.73688874157652,0.60138928625839,97211.9696254754,96839.9750902034,TRUE,28,22,28,1,0.0769230769230769,0.785714285714286,0.88,NA,NA,NA,NA,0.000288874553650557,16.5377402029755,0.414162496084004,59.3043222050447,187,-193132.189013781,-192271.022189001,1,1,0.0769230769230769,"specific_effect_common6_specific4",31,1000,100,4,6,4,0.5,40,0.857142857142857,30,90,3
"Eta centered path BIC + refit",4,NA,NA,NA,1.73688874157652,0.663361751475827,97301.310607015,NA,TRUE,22,22,28,1,0.0769230769230769,0.785714285714286,0.88,NA,NA,NA,NA,0.000114756261833186,2.97636618421879,0.248530834483389,58.4622178263437,115,-193808.229356947,-193278.634785558,1,1,0.0769230769230769,"specific_effect_common6_specific4",31,1000,100,4,6,4,0.5,40,0.857142857142857,30,90,3
"Rossi path BIC",4,52.5397930882267,NA,NA,NA,0.69943860848787,97303.097856924,96604.3602924646,TRUE,2,22,93,1,0.91025641025641,0.236559139784946,0.382608695652174,1,0.444444444444444,0.2,0.333333333333333,8.41540013589721e-05,2.83416009843887,0.184737850069892,58.8276820957083,203,-193203.921392215,-192269.071844459,1,1,0.91025641025641,"specific_effect_common6_specific4",32,1000,100,4,6,4,0.5,40,0.857142857142857,30,90,3
"Rossi path BIC + refit",4,52.5397930882267,NA,NA,NA,0.681868641800256,97367.5415838151,NA,TRUE,9,22,93,1,0.91025641025641,0.236559139784946,0.382608695652174,NA,NA,NA,NA,0.000256920493217452,4.78836421020233,0.486283001334597,59.3122080252338,375,-192144.674938012,-190417.736118266,1,1,0.91025641025641,"specific_effect_common6_specific4",32,1000,100,4,6,4,0.5,40,0.857142857142857,30,90,3
"Separate 2D path/grid BIC",4,NA,97.6669040389837,0,NA,0.710016203129619,97235.2652305189,96030.5053044958,TRUE,2,22,67,1,0.576923076923077,0.328358208955224,0.49438202247191,1,0.172222222222222,0.392156862745098,0.563380281690141,6.15622553442829e-05,1.86689094459177,0.11415779649816,58.4287664165732,105,-193745.216156745,-193261.673287216,1,1,0.576923076923077,"specific_effect_common6_specific4",32,1000,100,4,6,4,0.5,40,0.857142857142857,30,90,3
"Separate 2D path/grid BIC + refit",4,NA,97.6669040389837,0,NA,0.676363810091827,97336.4038813617,NA,TRUE,7,22,67,1,0.576923076923077,0.328358208955224,0.49438202247191,NA,NA,NA,NA,0.000204525606275528,3.5059270536088,0.387537630049784,59.0251586610144,271,-192800.806082119,-191552.804961717,1,1,0.576923076923077,"specific_effect_common6_specific4",32,1000,100,4,6,4,0.5,40,0.857142857142857,30,90,3
"Eta centered path BIC",4,NA,NA,NA,1.70918884298412,0.644070488030016,97185.9131596628,96820.9199545717,TRUE,19,22,25,1,0.0384615384615385,0.88,0.936170212765957,NA,NA,NA,NA,0.000256139550030926,13.963411571514,0.349732132403049,58.553223753371,178,-193142.245879667,-192322.525586561,1,1,0.0384615384615385,"specific_effect_common6_specific4",32,1000,100,4,6,4,0.5,40,0.857142857142857,30,90,3
"Eta centered path BIC + refit",4,NA,NA,NA,1.70918884298412,0.724011113181778,97231.2729017901,NA,TRUE,19,22,25,1,0.0384615384615385,0.88,0.936170212765957,NA,NA,NA,NA,7.46306931989815e-05,1.82127298733536,0.164231506930878,58.4518486672589,103,-193751.047009845,-193276.714480688,1,1,0.0384615384615385,"specific_effect_common6_specific4",32,1000,100,4,6,4,0.5,40,0.857142857142857,30,90,3
"Rossi path BIC",4,41.1834661856486,NA,NA,NA,0.687202063355654,97649.5035571151,97082.7651107716,TRUE,2,22,97,1,0.961538461538462,0.22680412371134,0.369747899159664,1,0.536111111111111,0.171673819742489,0.293040293040293,0.00013405481332485,2.48068148620113,0.288106433317247,58.6910904744056,236,-193668.77686839,-192581.956704497,1,1,0.961538461538462,"specific_effect_common6_specific4",33,1000,100,4,6,4,0.5,40,0.857142857142857,30,90,3
"Rossi path BIC + refit",4,41.1834661856486,NA,NA,NA,0.645359356261689,97701.9803267666,NA,TRUE,13,22,97,1,0.961538461538462,0.22680412371134,0.369747899159664,NA,NA,NA,NA,0.00033791252393366,3.43476912273878,0.674158688873816,58.9806299122668,391,-192703.028339451,-190902.40679673,1,1,0.961538461538462,"specific_effect_common6_specific4",33,1000,100,4,6,4,0.5,40,0.857142857142857,30,90,3
"Separate 2D path/grid BIC",4,NA,77.7003594194893,0,NA,0.686306408419137,97586.4626120056,96603.6712261781,TRUE,2,22,81,1,0.756410256410256,0.271604938271605,0.427184466019418,1,0.275,0.287769784172662,0.446927374301676,9.34706198733224e-05,1.94978925499031,0.17171687597741,58.4717806412891,142,-194192.023974396,-193538.089807985,1,1,0.756410256410256,"specific_effect_common6_specific4",33,1000,100,4,6,4,0.5,40,0.857142857142857,30,90,3
"Separate 2D path/grid BIC + refit",4,NA,77.7003594194893,0,NA,0.650584373224507,97686.8250712024,NA,TRUE,9,22,81,1,0.756410256410256,0.271604938271605,0.427184466019418,NA,NA,NA,NA,0.00030139110196272,3.1915886780809,0.62411787651712,58.9249779932619,327,-193114.814166178,-191608.92351536,1,1,0.756410256410256,"specific_effect_common6_specific4",33,1000,100,4,6,4,0.5,40,0.857142857142857,30,90,3
"Eta centered path BIC",4,NA,NA,NA,1.92043131244264,0.612179780283907,97459.049617422,97073.3334046052,TRUE,23,22,24,1,0.0256410256410256,0.916666666666667,0.956521739130435,NA,NA,NA,NA,0.000302042661184705,15.7246914582372,0.510219132850417,58.2992718741293,175,-193709.242061022,-192903.337278474,1,1,0.0256410256410256,"specific_effect_common6_specific4",33,1000,100,4,6,4,0.5,40,0.857142857142857,30,90,3
"Eta centered path BIC + refit",4,NA,NA,NA,1.92043131244264,0.680506587400641,97545.0473304663,NA,TRUE,24,22,24,1,0.0256410256410256,0.916666666666667,0.956521739130435,NA,NA,NA,NA,9.36412702178443e-05,0.821340927123378,0.18839728068813,58.0882466247965,99,-194406.226888313,-193950.315039901,1,1,0.0256410256410256,"specific_effect_common6_specific4",33,1000,100,4,6,4,0.5,40,0.857142857142857,30,90,3
"Rossi path BIC",4,38.3573193001677,NA,NA,NA,0.705542474352978,97706.5422955072,97186.6039402283,TRUE,2,22,98,1,0.974358974358974,0.224489795918367,0.366666666666667,1,0.502777777777778,0.180995475113122,0.306513409961686,0.000129322605216006,1.45447878264699,0.244750740462553,57.5249410057519,224,-193865.747408522,-192834.189286861,1,1,0.974358974358974,"specific_effect_common6_specific4",34,1000,100,4,6,4,0.5,40,0.857142857142857,30,90,3
"Rossi path BIC + refit",4,38.3573193001677,NA,NA,NA,0.686139009639482,97756.5863777354,NA,TRUE,13,22,98,1,0.974358974358974,0.224489795918367,0.366666666666667,NA,NA,NA,NA,0.000335387844051366,1.86731897762719,0.542028516821184,57.7153750813268,395,-192784.609420273,-190965.567196808,1,1,0.974358974358974,"specific_effect_common6_specific4",34,1000,100,4,6,4,0.5,40,0.857142857142857,30,90,3
"Separate 2D path/grid BIC",4,NA,73.9320707949633,0,NA,0.688974755034098,97654.3082155591,96724.6136886769,TRUE,2,22,77,1,0.705128205128205,0.285714285714286,0.444444444444444,1,0.233333333333333,0.32258064516129,0.48780487804878,9.14074748736733e-05,1.45104311589816,0.168173023183656,57.3023353220485,127,-194431.331510688,-193846.474897067,1,1,0.705128205128205,"specific_effect_common6_specific4",34,1000,100,4,6,4,0.5,40,0.857142857142857,30,90,3
"Separate 2D path/grid BIC + refit",4,NA,73.9320707949633,0,NA,0.681260275829366,97738.0106614382,NA,TRUE,10,22,77,1,0.705128205128205,0.285714285714286,0.444444444444444,NA,NA,NA,NA,0.000286690299568961,1.49501308274482,0.461322505391055,57.4525646750997,311,-193327.709431113,-191895.501503271,1,1,0.705128205128205,"specific_effect_common6_specific4",34,1000,100,4,6,4,0.5,40,0.857142857142857,30,90,3
"Eta centered path BIC",4,NA,NA,NA,1.70371638697763,0.636355943422912,97575.2960524972,97228.7230366524,TRUE,10,22,24,1,0.0256410256410256,0.916666666666667,0.956521739130435,NA,NA,NA,NA,0.000314922076248119,16.8640218924428,0.481627350723202,57.595309810478,175,-193941.734931173,-193135.830148625,1,1,0.0256410256410256,"specific_effect_common6_specific4",34,1000,100,4,6,4,0.5,40,0.857142857142857,30,90,3
"Eta centered path BIC + refit",4,NA,NA,NA,1.70371638697763,0.69422777111733,97622.8172772495,NA,TRUE,29,22,24,1,0.0256410256410256,0.916666666666667,0.956521739130435,NA,NA,NA,NA,9.94116200054761e-05,1.82380274640147,0.179223671597547,57.2248338754659,99,-194561.76678188,-194105.854933467,1,1,0.0256410256410256,"specific_effect_common6_specific4",34,1000,100,4,6,4,0.5,40,0.857142857142857,30,90,3
"Rossi path BIC",4,39.3964984266991,NA,NA,NA,0.685353142602402,97692.6087628002,97153.7201754603,TRUE,2,22,94,1,0.923076923076923,0.234042553191489,0.379310344827586,1,0.555555555555556,0.166666666666667,0.285714285714286,0.00010405287801456,1.91115234849287,0.21166429725088,58.7961697621983,243,-193706.632992808,-192587.576637613,1,1,0.923076923076923,"specific_effect_common6_specific4",35,1000,100,4,6,4,0.5,40,0.857142857142857,30,90,3
"Rossi path BIC + refit",4,39.3964984266991,NA,NA,NA,0.682102058885612,97740.9766729971,NA,TRUE,9,22,94,1,0.923076923076923,0.234042553191489,0.379310344827586,NA,NA,NA,NA,0.000279910556569933,2.00178302276234,0.489019094415983,58.830354324873,379,-192863.91409526,-191118.55459477,1,1,0.923076923076923,"specific_effect_common6_specific4",35,1000,100,4,6,4,0.5,40,0.857142857142857,30,90,3
"Separate 2D path/grid BIC",4,NA,70.3434264560842,0,NA,0.6856678088686,97639.220032295,96748.5227886388,TRUE,2,22,81,1,0.756410256410256,0.271604938271605,0.427184466019418,1,0.272222222222222,0.289855072463768,0.449438202247191,6.982928620551e-05,1.17833255963053,0.133776311651269,58.4610020636295,141,-194304.446570253,-193655.117574029,1,1,0.756410256410256,"specific_effect_common6_specific4",35,1000,100,4,6,4,0.5,40,0.857142857142857,30,90,3
"Separate 2D path/grid BIC + refit",4,NA,70.3434264560842,0,NA,0.675190812183148,97729.3863256916,NA,TRUE,9,22,81,1,0.756410256410256,0.271604938271605,0.427184466019418,NA,NA,NA,NA,0.000256011587318536,1.73519470643478,0.455843632617769,58.734263364386,327,-193199.936675156,-191694.046024338,1,1,0.756410256410256,"specific_effect_common6_specific4",35,1000,100,4,6,4,0.5,40,0.857142857142857,30,90,3
"Eta centered path BIC",4,NA,NA,NA,1.726401960874,0.643052551151724,97549.6368242851,97183.828317462,TRUE,26,22,25,1,0.0384615384615385,0.88,0.936170212765957,NA,NA,NA,NA,0.000267007595631532,10.0393013594014,0.333776386272399,58.3423137115401,178,-193869.693208911,-193049.972915805,1,1,0.0384615384615385,"specific_effect_common6_specific4",35,1000,100,4,6,4,0.5,40,0.857142857142857,30,90,3
"Eta centered path BIC + refit",4,NA,NA,NA,1.726401960874,0.690228607305682,97603.5125282631,NA,TRUE,20,22,25,1,0.0384615384615385,0.88,0.936170212765957,NA,NA,NA,NA,8.00780377140447e-05,0.688943411248012,0.147734148961904,58.1519955492231,103,-194495.526262791,-194021.193733634,1,1,0.0384615384615385,"specific_effect_common6_specific4",35,1000,100,4,6,4,0.5,40,0.857142857142857,30,90,3
"Rossi path BIC",4,19.3062796450086,NA,NA,NA,0.71331869145942,97466.4292581609,97178.641530018,TRUE,2,22,100,1,1,0.22,0.360655737704918,1,0.763888888888889,0.126984126984127,0.225352112676056,0.000199528027488799,1.93951324672531,0.340007468104155,58.377551826349,318,-192736.192337605,-191271.748218461,1,1,1,"specific_effect_common6_specific4",36,1000,100,4,6,4,0.5,40,0.857142857142857,30,90,3
"Rossi path BIC + refit",4,19.3062796450086,NA,NA,NA,0.6928731318459,97481.0086161493,NA,TRUE,13,22,100,1,1,0.22,0.360655737704918,NA,NA,NA,NA,0.000317651096454259,2.1234168708364,0.507479499114265,58.3894759487315,403,-192178.191854869,-190322.308269916,1,1,1,"specific_effect_common6_specific4",36,1000,100,4,6,4,0.5,40,0.857142857142857,30,90,3
"Separate 2D path/grid BIC",4,NA,56.7778343127185,3.35031073890957,NA,0.714785905016551,97375.7263155246,95907.2849275826,TRUE,2,22,86,1,0.82051282051282,0.255813953488372,0.407407407407407,1,0.341666666666667,0.245398773006135,0.394088669950739,9.73137317170761e-05,13.3692797744792,0.160221093453033,54.0108429709111,166,-193604.765254738,-192840.307003864,1,1,0.82051282051282,"specific_effect_common6_specific4",36,1000,100,4,6,4,0.5,40,0.857142857142857,30,90,3
"Separate 2D path/grid BIC + refit",4,NA,56.7778343127185,3.35031073890957,NA,0.700421772260047,97470.6834946541,NA,TRUE,8,22,86,1,0.82051282051282,0.255813953488372,0.407407407407407,NA,NA,NA,NA,0.000300014347140008,1.6487256064988,0.471793605792175,58.1374497835357,347,-192544.375907501,-190946.381852964,1,1,0.82051282051282,"specific_effect_common6_specific4",36,1000,100,4,6,4,0.5,40,0.857142857142857,30,90,3
"Eta centered path BIC",4,NA,NA,NA,1.67390368531751,0.696367755136118,97303.2094230255,96942.2255347747,TRUE,4,22,25,1,0.0384615384615385,0.88,0.936170212765957,NA,NA,NA,NA,0.000227726408144083,6.11994383535925,0.282978034421213,57.3300312099883,178,-193376.838406392,-192557.118113286,1,1,0.0384615384615385,"specific_effect_common6_specific4",36,1000,100,4,6,4,0.5,40,0.857142857142857,30,90,3
"Eta centered path BIC + refit",4,NA,NA,NA,1.67390368531751,0.714840557264669,97342.9045970242,NA,TRUE,16,22,25,1,0.0384615384615385,0.88,0.936170212765957,NA,NA,NA,NA,0.000115751557905886,1.16049078115029,0.168127721829017,57.6160950421313,103,-193974.310400313,-193499.977871157,1,1,0.0384615384615385,"specific_effect_common6_specific4",36,1000,100,4,6,4,0.5,40,0.857142857142857,30,90,3
"Rossi path BIC",4,31.6374723881493,NA,NA,NA,0.695880719175391,97932.8320935245,97488.5273659519,TRUE,2,22,99,1,0.987179487179487,0.222222222222222,0.363636363636364,1,0.611111111111111,0.153846153846154,0.266666666666667,0.000144756865740813,2.99783559473913,0.291089727814165,58.9766821135703,263,-194048.924548677,-192837.764789762,1,1,0.987179487179487,"specific_effect_common6_specific4",37,1000,100,4,6,4,0.5,40,0.857142857142857,30,90,3
"Rossi path BIC + refit",4,31.6374723881493,NA,NA,NA,0.675872188080748,97967.0226882778,NA,TRUE,10,22,99,1,0.987179487179487,0.222222222222222,0.363636363636364,NA,NA,NA,NA,0.000313261696088635,2.60994072932472,0.546405726039887,58.9238600400962,399,-193177.851020242,-191340.388116032,1,1,0.987179487179487,"specific_effect_common6_specific4",37,1000,100,4,6,4,0.5,40,0.857142857142857,30,90,3
"Separate 2D path/grid BIC",4,NA,74.9152507137584,3.01668350611852,NA,0.715123349284586,97836.4820608801,96234.6764573338,TRUE,2,22,85,1,0.807692307692308,0.258823529411765,0.411214953271028,1,0.275,0.287769784172662,0.446927374301676,0.000113393711608128,7.35684750996756,0.17682643510571,54.8296028646113,142,-194692.062872145,-194038.128705734,1,1,0.807692307692308,"specific_effect_common6_specific4",37,1000,100,4,6,4,0.5,40,0.857142857142857,30,90,3
"Separate 2D path/grid BIC + refit",4,NA,74.9152507137584,3.01668350611852,NA,0.68188896202981,97954.1837094497,NA,TRUE,11,22,85,1,0.807692307692308,0.258823529411765,0.411214953271028,NA,NA,NA,NA,0.000284708283832491,2.09913248468492,0.501109786622723,58.7327098262673,343,-193539.007358209,-191959.433984415,1,1,0.807692307692308,"specific_effect_common6_specific4",37,1000,100,4,6,4,0.5,40,0.857142857142857,30,90,3
"Eta centered path BIC",4,NA,NA,NA,1.56274063909073,0.688701662121748,97788.7369917781,97446.3181893499,TRUE,16,22,27,1,0.0641025641025641,0.814814814814815,0.897959183673469,NA,NA,NA,NA,0.000213618387683187,3.89667438405291,0.242460032603457,57.9270789941759,184,-194306.447012223,-193459.095698002,1,1,0.0641025641025641,"specific_effect_common6_specific4",37,1000,100,4,6,4,0.5,40,0.857142857142857,30,90,3
"Eta centered path BIC + refit",4,NA,NA,NA,1.56274063909073,0.70132167413664,97830.0915071577,NA,TRUE,15,22,27,1,0.0641025641025641,0.814814814814815,0.897959183673469,NA,NA,NA,NA,0.000102401921715155,1.07640397422465,0.178418474505373,58.2887197112475,111,-194893.422178348,-194382.248287704,1,1,0.0641025641025641,"specific_effect_common6_specific4",37,1000,100,4,6,4,0.5,40,0.857142857142857,30,90,3
"Rossi path BIC",4,50.1985058558228,NA,NA,NA,0.709422340720132,97783.6787513479,97112.5007824045,TRUE,2,22,92,1,0.897435897435897,0.239130434782609,0.385964912280702,1,0.472222222222222,0.19047619047619,0.32,9.8470777343426e-05,5.18808391626936,0.215847293951566,59.6313119101085,213,-194096.005628273,-193115.104378657,1,1,0.897435897435897,"specific_effect_common6_specific4",38,1000,100,4,6,4,0.5,40,0.857142857142857,30,90,3
"Rossi path BIC + refit",4,50.1985058558228,NA,NA,NA,0.687811781846261,97846.3996658293,NA,TRUE,9,22,92,1,0.897435897435897,0.239130434782609,0.385964912280702,NA,NA,NA,NA,0.00028084721992244,5.65348435647882,0.543459184061243,59.7793789762575,371,-193130.022123156,-191421.503984155,1,1,0.897435897435897,"specific_effect_common6_specific4",38,1000,100,4,6,4,0.5,40,0.857142857142857,30,90,3
"Separate 2D path/grid BIC",4,NA,79.0211028577357,0,NA,0.719158585371433,97738.6831627679,96738.7939285828,TRUE,2,22,79,1,0.730769230769231,0.278481012658228,0.435643564356436,1,0.266666666666667,0.294117647058824,0.454545454545455,7.38549724827598e-05,4.59142391784525,0.144203922900681,59.4607488137041,139,-194517.188341757,-193877.069685905,1,1,0.730769230769231,"specific_effect_common6_specific4",38,1000,100,4,6,4,0.5,40,0.857142857142857,30,90,3
"Separate 2D path/grid BIC + refit",4,NA,79.0211028577357,0,NA,0.699648243765885,97831.9631221496,NA,TRUE,8,22,79,1,0.730769230769231,0.278481012658228,0.435643564356436,NA,NA,NA,NA,0.000253672106572282,5.89776638336209,0.511040113334492,59.8294185224672,319,-193460.352310304,-191991.303020974,1,1,0.730769230769231,"specific_effect_common6_specific4",38,1000,100,4,6,4,0.5,40,0.857142857142857,30,90,3
"Eta centered path BIC",4,NA,NA,NA,1.90098644558384,0.666422174489987,97631.1191461119,97226.1498231641,TRUE,23,22,25,1,0.0384615384615385,0.88,0.936170212765957,NA,NA,NA,NA,0.000263107749492284,10.2223458482088,0.317097096889174,59.3379702432858,178,-194032.657852565,-193212.937559459,1,1,0.0384615384615385,"specific_effect_common6_specific4",38,1000,100,4,6,4,0.5,40,0.857142857142857,30,90,3
"Eta centered path BIC + refit",4,NA,NA,NA,1.90098644558384,0.737857045924897,97698.024339419,NA,TRUE,22,22,25,1,0.0384615384615385,0.88,0.936170212765957,NA,NA,NA,NA,7.37877060895927e-05,3.31338015513389,0.163821193763365,59.2443798369569,103,-194684.549885103,-194210.217355946,1,1,0.0384615384615385,"specific_effect_common6_specific4",38,1000,100,4,6,4,0.5,40,0.857142857142857,30,90,3
"Rossi path BIC",4,44.9928356248001,NA,NA,NA,0.675471574355677,97663.4136462978,97045.4611678993,TRUE,2,22,95,1,0.935897435897436,0.231578947368421,0.376068376068376,1,0.536111111111111,0.171673819742489,0.293040293040293,0.000117065169925492,0.690620174365745,0.228652359641103,58.2579341388598,236,-193696.597046756,-192609.776882863,1,1,0.935897435897436,"specific_effect_common6_specific4",39,1000,100,4,6,4,0.5,40,0.857142857142857,30,90,3
"Rossi path BIC + refit",4,44.9928356248001,NA,NA,NA,0.652446784703716,97728.072930133,NA,TRUE,16,22,95,1,0.935897435897436,0.231578947368421,0.376068376068376,NA,NA,NA,NA,0.000395870516167462,0.967587324739757,0.6323301346339,58.1672905860268,383,-192810.475588416,-191046.695407182,1,1,0.935897435897436,"specific_effect_common6_specific4",39,1000,100,4,6,4,0.5,40,0.857142857142857,30,90,3
"Separate 2D path/grid BIC",4,NA,65.7772654934632,0,NA,0.671581780853275,97621.3174863052,96769.0109980145,TRUE,2,22,85,1,0.807692307692308,0.258823529411765,0.411214953271028,1,0.347222222222222,0.242424242424242,0.390243902439024,8.04570549685158e-05,0.485316661418998,0.163371078746759,58.0933582129595,168,-194082.132085741,-193308.463494495,1,1,0.807692307692308,"specific_effect_common6_specific4",39,1000,100,4,6,4,0.5,40,0.857142857142857,30,90,3
"Separate 2D path/grid BIC + refit",4,NA,65.7772654934632,0,NA,0.642915829873225,97718.8831687666,NA,TRUE,17,22,85,1,0.807692307692308,0.258823529411765,0.411214953271028,NA,NA,NA,NA,0.000381254355859874,1.00363489830636,0.613541809404677,58.1471596156621,343,-193068.406276842,-191488.832903048,1,1,0.807692307692308,"specific_effect_common6_specific4",39,1000,100,4,6,4,0.5,40,0.857142857142857,30,90,3
"Eta centered path BIC",4,NA,NA,NA,1.62871179032303,0.66142002204817,97550.5197344627,97194.059277747,TRUE,17,22,23,1,0.0128205128205128,0.956521739130435,0.977777777777778,NA,NA,NA,NA,0.000240587244794888,6.61805760792833,0.337648808981401,57.367613274737,172,-193912.905560941,-193120.816288951,1,1,0.0128205128205128,"specific_effect_common6_specific4",39,1000,100,4,6,4,0.5,40,0.857142857142857,30,90,3
"Eta centered path BIC + refit",4,NA,NA,NA,1.62871179032303,0.672762892221567,97572.3093112771,NA,TRUE,25,22,23,1,0.0128205128205128,0.956521739130435,0.977777777777778,NA,NA,NA,NA,0.000128800257024829,0.266571464421457,0.201255673517431,57.5228671944023,95,-194488.381871051,-194050.890703382,1,1,0.0128205128205128,"specific_effect_common6_specific4",39,1000,100,4,6,4,0.5,40,0.857142857142857,30,90,3
"Rossi path BIC",4,27.8509571176518,NA,NA,NA,0.693242876494685,97731.1975879384,97325.6431181147,TRUE,2,22,100,1,1,0.22,0.360655737704918,1,0.672222222222222,0.141843971631206,0.248447204968944,0.000171683896929647,1.78634623644658,0.3253142174977,58.5853316922311,285,-193493.684921367,-192181.21141836,1,1,1,"specific_effect_common6_specific4",40,1000,100,4,6,4,0.5,40,0.857142857142857,30,90,3
"Rossi path BIC + refit",4,27.8509571176518,NA,NA,NA,0.695606253086104,97758.6699916392,NA,TRUE,13,22,100,1,1,0.22,0.360655737704918,NA,NA,NA,NA,0.000337280906880614,1.36998642016329,0.567293861368471,58.498559415023,403,-192733.514605849,-190877.631020895,1,1,1,"specific_effect_common6_specific4",40,1000,100,4,6,4,0.5,40,0.857142857142857,30,90,3
"Separate 2D path/grid BIC",4,NA,56.3593024035099,3.08168684576703,NA,0.713695075833307,97649.9122029858,96236.1293020928,TRUE,2,22,88,1,0.846153846153846,0.25,0.4,1,0.375,0.228571428571429,0.372093023255814,9.35452052454407e-05,9.07218957780708,0.174771569209574,54.5636614591595,178,-194070.243966313,-193250.523673207,1,1,0.846153846153846,"specific_effect_common6_specific4",40,1000,100,4,6,4,0.5,40,0.857142857142857,30,90,3
"Separate 2D path/grid BIC + refit",4,NA,56.3593024035099,3.08168684576703,NA,0.701662263257399,97747.0227107883,NA,TRUE,10,22,88,1,0.846153846153846,0.25,0.4,NA,NA,NA,NA,0.000302118663985633,1.49455356185569,0.5245093423929,58.4814181917578,355,-193041.792297538,-191406.956881512,1,1,0.846153846153846,"specific_effect_common6_specific4",40,1000,100,4,6,4,0.5,40,0.857142857142857,30,90,3
"Eta centered path BIC",4,NA,NA,NA,1.71867418541076,0.698154407561389,97553.0513705702,97183.9929342099,TRUE,22,22,25,1,0.0384615384615385,0.88,0.936170212765957,NA,NA,NA,NA,0.000214765866810458,5.10512757433719,0.282844035073236,57.4764749315454,178,-193876.522301482,-193056.802008376,1,1,0.0384615384615385,"specific_effect_common6_specific4",40,1000,100,4,6,4,0.5,40,0.857142857142857,30,90,3
"Eta centered path BIC + refit",4,NA,NA,NA,1.71867418541076,0.700938424675725,97605.5099592944,NA,TRUE,15,22,25,1,0.0384615384615385,0.88,0.936170212765957,NA,NA,NA,NA,0.000103129521074054,0.512259846117884,0.177284520423224,57.8410834735946,103,-194499.521124854,-194025.188595697,1,1,0.0384615384615385,"specific_effect_common6_specific4",40,1000,100,4,6,4,0.5,40,0.857142857142857,30,90,3
"Rossi path BIC",4,28.8306653972715,NA,NA,NA,0.735023953493193,98162.0650953376,97739.0046555896,TRUE,2,22,100,1,1,0.22,0.360655737704918,1,0.661111111111111,0.143884892086331,0.251572327044025,0.000173086387093237,0.843007791060315,0.305254867614467,58.266163380481,281,-194383.050957281,-193088.998135019,1,1,1,"specific_effect_common6_specific4",41,1000,100,4,6,4,0.5,40,0.857142857142857,30,90,3
"Rossi path BIC + refit",4,28.8306653972715,NA,NA,NA,0.696380350416232,98196.6115673743,NA,TRUE,14,22,100,1,1,0.22,0.360655737704918,NA,NA,NA,NA,0.000403437021767727,0.951346489667112,0.631843730855956,58.2128422783848,403,-193609.397757319,-191753.514172366,1,1,1,"specific_effect_common6_specific4",41,1000,100,4,6,4,0.5,40,0.857142857142857,30,90,3
"Separate 2D path/grid BIC",4,NA,58.418998187247,0,NA,0.735571949023272,98099.2071747059,97329.6367021069,TRUE,2,22,94,1,0.923076923076923,0.234042553191489,0.379310344827586,1,0.411111111111111,0.212765957446809,0.350877192982456,8.25248544853854e-05,0.597635203600817,0.159096917560044,58.0988628402217,191,-194879.033091126,-193999.445585602,1,1,0.923076923076923,"specific_effect_common6_specific4",41,1000,100,4,6,4,0.5,40,0.857142857142857,30,90,3
"Separate 2D path/grid BIC + refit",4,NA,58.418998187247,0,NA,0.706172979601802,98190.3273345176,NA,TRUE,19,22,94,1,0.923076923076923,0.234042553191489,0.379310344827586,NA,NA,NA,NA,0.000382641394018254,0.625304509508067,0.590692681045824,58.0400189651889,379,-193762.615418301,-192017.255917811,1,1,0.923076923076923,"specific_effect_common6_specific4",41,1000,100,4,6,4,0.5,40,0.857142857142857,30,90,3
"Eta centered path BIC",4,NA,NA,NA,1.77566236339435,0.666716777245373,97983.6451114049,97612.5765258587,TRUE,39,22,24,1,0.0256410256410256,0.916666666666667,0.956521739130435,NA,NA,NA,NA,0.000312298045988096,20.5065762875204,0.433112958602103,58.6249334155215,175,-194758.433048988,-193952.52826644,1,1,0.0256410256410256,"specific_effect_common6_specific4",41,1000,100,4,6,4,0.5,40,0.857142857142857,30,90,3
"Eta centered path BIC + refit",4,NA,NA,NA,1.77566236339435,0.715795859655451,98023.8030704135,NA,TRUE,29,22,24,1,0.0256410256410256,0.916666666666667,0.956521739130435,NA,NA,NA,NA,0.00011608187267793,1.42961745425162,0.170261245961254,57.9414522291122,99,-195363.738368208,-194907.826519795,1,1,0.0256410256410256,"specific_effect_common6_specific4",41,1000,100,4,6,4,0.5,40,0.857142857142857,30,90,3
"Rossi path BIC",4,23.5118746272863,NA,NA,NA,0.634289493336208,97392.2260114416,97051.524084459,TRUE,2,22,100,1,1,0.22,0.360655737704918,1,0.691666666666667,0.13840830449827,0.243161094224924,0.000155297115026677,3.47328934994724,0.287190974736594,58.956623312588,292,-192767.387481421,-191422.677787112,1,1,1,"specific_effect_common6_specific4",42,1000,100,4,6,4,0.5,40,0.857142857142857,30,90,3
"Rossi path BIC + refit",4,23.5118746272863,NA,NA,NA,0.617686276867104,97411.6588243771,NA,TRUE,11,22,100,1,1,0.22,0.360655737704918,NA,NA,NA,NA,0.000267997583677863,3.16119208211455,0.476564060997526,58.8507014244853,403,-192039.492271324,-190183.608686371,1,1,1,"specific_effect_common6_specific4",42,1000,100,4,6,4,0.5,40,0.857142857142857,30,90,3
"Separate 2D path/grid BIC",4,NA,32.3908457422412,0,NA,0.63977433334703,97378.0484113265,96925.2132534925,TRUE,2,22,97,1,0.961538461538462,0.22680412371134,0.369747899159664,1,0.594444444444444,0.15748031496063,0.272108843537415,0.000127576642881416,3.20960795906044,0.236059717777495,58.8968585214599,257,-192980.803715955,-191797.274978156,1,1,0.961538461538462,"specific_effect_common6_specific4",42,1000,100,4,6,4,0.5,40,0.857142857142857,30,90,3
"Separate 2D path/grid BIC + refit",4,NA,32.3908457422412,0,NA,0.622416460663662,97411.1511106853,NA,TRUE,12,22,97,1,0.961538461538462,0.22680412371134,0.369747899159664,NA,NA,NA,NA,0.000266654161178947,3.0527122305206,0.472853399491834,58.8345545701301,391,-192121.369907289,-190320.748364567,1,1,0.961538461538462,"specific_effect_common6_specific4",42,1000,100,4,6,4,0.5,40,0.857142857142857,30,90,3
"Eta centered path BIC",4,NA,NA,NA,1.84834080383882,0.585322805401222,97215.7732037193,96846.9231406082,TRUE,24,22,22,1,0,1,1,NA,NA,NA,NA,0.000322548838831977,14.8041062734005,0.490034684129491,58.4918919477692,169,-193264.135765291,-192485.862003859,1,1,0,"specific_effect_common6_specific4",42,1000,100,4,6,4,0.5,40,0.857142857142857,30,90,3
"Eta centered path BIC + refit",4,NA,NA,NA,1.84834080383882,0.661057352275142,97271.9632616065,NA,TRUE,22,22,22,1,0,1,1,NA,NA,NA,NA,8.11252575330977e-05,1.00107018449224,0.133121645692103,58.1304895621379,91,-193915.320792826,-193496.250305901,1,1,0,"specific_effect_common6_specific4",42,1000,100,4,6,4,0.5,40,0.857142857142857,30,90,3
"Rossi path BIC",4,6.82174297716971,NA,NA,NA,0.64558659717444,97539.0359899486,97429.7361915181,TRUE,2,22,100,1,1,0.22,0.360655737704918,1,0.911111111111111,0.108695652173913,0.196078431372549,0.000290523975178933,1.50341040375986,0.476084056522827,58.636292388218,371,-192515.294771395,-190806.776632393,1,1,1,"specific_effect_common6_specific4",43,1000,100,4,6,4,0.5,40,0.857142857142857,30,90,3
"Rossi path BIC + refit",4,6.82174297716971,NA,NA,NA,0.613331006206958,97541.9434552225,NA,TRUE,16,22,100,1,1,0.22,0.360655737704918,NA,NA,NA,NA,0.000374997362790189,1.30785267247748,0.581147920274308,58.4746260153012,403,-192300.061533015,-190444.177948062,1,1,1,"specific_effect_common6_specific4",43,1000,100,4,6,4,0.5,40,0.857142857142857,30,90,3
"Separate 2D path/grid BIC",4,NA,39.9579060045002,3.11690277191954,NA,0.655722525256051,97454.1811610467,96245.1010567862,TRUE,2,22,94,1,0.923076923076923,0.234042553191489,0.379310344827586,1,0.480555555555556,0.187793427230047,0.316205533596838,0.000132254996617952,13.3637020378537,0.249720217165375,53.8742704907792,216,-193416.287181833,-192421.57042166,1,1,0.923076923076923,"specific_effect_common6_specific4",43,1000,100,4,6,4,0.5,40,0.857142857142857,30,90,3
"Separate 2D path/grid BIC + refit",4,NA,39.9579060045002,3.11690277191954,NA,0.63463966843653,97537.9716208955,NA,TRUE,20,22,94,1,0.923076923076923,0.234042553191489,0.379310344827586,NA,NA,NA,NA,0.00035522290953842,1.2049674774194,0.549246429599328,58.3826252995178,379,-192457.903991057,-190712.544490567,1,1,0.923076923076923,"specific_effect_common6_specific4",43,1000,100,4,6,4,0.5,40,0.857142857142857,30,90,3
"Eta centered path BIC",4,NA,NA,NA,1.68791414424758,0.592465840448087,97344.5169677231,97002.6061114326,TRUE,36,22,25,1,0.0384615384615385,0.88,0.936170212765957,NA,NA,NA,NA,0.000379453646686745,18.7661324547958,0.524194065858996,59.0939165580296,178,-193459.453495787,-192639.733202681,1,1,0.0384615384615385,"specific_effect_common6_specific4",43,1000,100,4,6,4,0.5,40,0.857142857142857,30,90,3
"Eta centered path BIC + refit",4,NA,NA,NA,1.68791414424758,0.680866810992286,97402.2723950082,NA,TRUE,32,22,25,1,0.0384615384615385,0.88,0.936170212765957,NA,NA,NA,NA,9.46493248969062e-05,0.966110135745655,0.178802179070852,58.3496089170319,103,-194093.045996281,-193618.713467124,1,1,0.0384615384615385,"specific_effect_common6_specific4",43,1000,100,4,6,4,0.5,40,0.857142857142857,30,90,3
"Rossi path BIC",4,21.8413431408169,NA,NA,NA,0.675132507542042,97216.2178178503,96890.065937034,TRUE,2,22,100,1,1,0.22,0.360655737704918,1,0.758333333333333,0.12779552715655,0.226628895184136,0.000180710167518314,3.21173405097078,0.393009663136236,58.8554948129793,316,-192249.584967542,-190794.35118877,1,1,1,"specific_effect_common6_specific4",44,1000,100,4,6,4,0.5,40,0.857142857142857,30,90,3
"Rossi path BIC + refit",4,21.8413431408169,NA,NA,NA,0.647862511250121,97234.1860373141,NA,TRUE,19,22,100,1,1,0.22,0.360655737704918,NA,NA,NA,NA,0.000315936557476588,3.4170945505883,0.626626793058979,58.7396680460297,403,-191684.546697198,-189828.663112245,1,1,1,"specific_effect_common6_specific4",44,1000,100,4,6,4,0.5,40,0.857142857142857,30,90,3
"Separate 2D path/grid BIC",4,NA,26.6119383223261,0,NA,0.673422653057186,97208.7124112391,96819.5927767189,TRUE,2,22,98,1,0.974358974358974,0.224489795918367,0.366666666666667,1,0.688888888888889,0.138888888888889,0.24390243902439,0.000161081946185816,3.08463665902716,0.354219116544,58.8367459808047,291,-192407.268036294,-191067.163512172,1,1,0.974358974358974,"specific_effect_common6_specific4",44,1000,100,4,6,4,0.5,40,0.857142857142857,30,90,3
"Separate 2D path/grid BIC + refit",4,NA,26.6119383223261,0,NA,0.65204510081405,97233.8553505719,NA,TRUE,20,22,98,1,0.974358974358974,0.224489795918367,0.366666666666667,NA,NA,NA,NA,0.000314468614438299,3.3984132036362,0.624462303157171,58.7416146774462,395,-191739.147365946,-189920.105142481,1,1,0.974358974358974,"specific_effect_common6_specific4",44,1000,100,4,6,4,0.5,40,0.857142857142857,30,90,3
"Eta centered path BIC",4,NA,NA,NA,2.03352380351694,0.604967931997061,96976.3464376823,96571.0084419898,TRUE,24,22,22,1,0,1,1,NA,NA,NA,NA,0.000278338253921219,18.4962748478617,0.47045393561895,58.234295258692,169,-192785.282233217,-192007.008471785,1,1,0,"specific_effect_common6_specific4",44,1000,100,4,6,4,0.5,40,0.857142857142857,30,90,3
"Eta centered path BIC + refit",4,NA,NA,NA,2.03352380351694,0.678134901808935,97069.4397338947,NA,TRUE,25,22,22,1,0,1,1,NA,NA,NA,NA,6.42185039784118e-05,1.42544591004144,0.141047219726058,57.8117761929586,91,-193510.273737402,-193091.203250477,1,1,0,"specific_effect_common6_specific4",44,1000,100,4,6,4,0.5,40,0.857142857142857,30,90,3
"Rossi path BIC",4,40.3572736953487,NA,NA,NA,0.688281145690647,97873.834172939,97320.449537855,TRUE,2,22,99,1,0.987179487179487,0.222222222222222,0.363636363636364,1,0.580555555555556,0.160642570281124,0.27681660899654,0.000106124921221967,4.4285822172009,0.251967099025435,58.9045609463786,252,-194006.914015574,-192846.411128705,1,1,0.987179487179487,"specific_effect_common6_specific4",45,1000,100,4,6,4,0.5,40,0.857142857142857,30,90,3
"Rossi path BIC + refit",4,40.3572736953487,NA,NA,NA,0.635646091822064,97931.1020726236,NA,TRUE,15,22,99,1,0.987179487179487,0.222222222222222,0.363636363636364,NA,NA,NA,NA,0.000341220320385645,3.38753107814765,0.637930354690615,58.8270761829275,399,-193106.009788933,-191268.546884724,1,1,0.987179487179487,"specific_effect_common6_specific4",45,1000,100,4,6,4,0.5,40,0.857142857142857,30,90,3
"Separate 2D path/grid BIC",4,NA,68.6239875004666,0,NA,0.697499185356571,97822.9907108228,96948.4337409343,TRUE,2,22,84,1,0.794871794871795,0.261904761904762,0.415094339622642,1,0.333333333333333,0.25,0.4,7.66223081142908e-05,3.31280938375055,0.164911262079823,58.5651351794841,163,-194520.017311171,-193769.374570855,1,1,0.794871794871795,"specific_effect_common6_specific4",45,1000,100,4,6,4,0.5,40,0.857142857142857,30,90,3
"Separate 2D path/grid BIC + refit",4,NA,68.6239875004666,0,NA,0.650952467440891,97914.5740007387,NA,TRUE,15,22,84,1,0.794871794871795,0.261904761904762,0.415094339622642,NA,NA,NA,NA,0.000286942362822423,3.87861981809838,0.568137859643254,58.9223851729571,339,-193487.418961902,-191926.266268852,1,1,0.794871794871795,"specific_effect_common6_specific4",45,1000,100,4,6,4,0.5,40,0.857142857142857,30,90,3
"Eta centered path BIC",4,NA,NA,NA,1.65408980219895,0.63047412983903,97725.1255444555,97376.3533425369,TRUE,15,22,26,1,0.0512820512820513,0.846153846153846,0.916666666666667,NA,NA,NA,NA,0.000315952672816764,24.4951260234481,0.498620557984547,59.8103823120047,181,-194199.947383415,-193366.411579751,1,1,0.0512820512820513,"specific_effect_common6_specific4",45,1000,100,4,6,4,0.5,40,0.857142857142857,30,90,3
"Eta centered path BIC + refit",4,NA,NA,NA,1.65408980219895,0.694340475472039,97791.9292183532,NA,TRUE,23,22,26,1,0.0512820512820513,0.846153846153846,0.916666666666667,NA,NA,NA,NA,0.000113912354654818,3.93389507279681,0.227016203089081,58.6448639331041,107,-194844.728621855,-194351.975411955,1,1,0.0512820512820513,"specific_effect_common6_specific4",45,1000,100,4,6,4,0.5,40,0.857142857142857,30,90,3
"Rossi path BIC",4,40.4848936145059,NA,NA,NA,0.647034704008481,97212.3340571188,96661.5412614513,TRUE,2,22,96,1,0.948717948717949,0.229166666666667,0.372881355932203,1,0.522222222222222,0.175438596491228,0.298507462686567,0.000120312762614336,1.18470483791777,0.264073554372329,58.1425943248008,231,-192828.976644793,-191765.182331829,1,1,0.948717948717949,"specific_effect_common6_specific4",46,1000,100,4,6,4,0.5,40,0.857142857142857,30,90,3
"Rossi path BIC + refit",4,40.4848936145059,NA,NA,NA,0.618343915656083,97261.7596656086,NA,TRUE,13,22,96,1,0.948717948717949,0.229166666666667,0.372881355932203,NA,NA,NA,NA,0.000301612164772295,1.47608078955009,0.575957616341101,58.3408744917949,387,-191850.218038251,-190068.017176274,1,1,0.948717948717949,"specific_effect_common6_specific4",46,1000,100,4,6,4,0.5,40,0.857142857142857,30,90,3
"Separate 2D path/grid BIC",4,NA,86.535354486066,3.48323266489378,NA,0.587974093919611,97100.9338102947,95297.4995958554,TRUE,2,22,74,1,0.666666666666667,0.297297297297297,0.458333333333333,1,0.202777777777778,0.353982300884956,0.522875816993464,0.000132059217959655,21.8478721985362,0.217994248463379,52.833809445106,116,-193400.568008227,-192866.368266653,1,1,0.666666666666667,"specific_effect_common6_specific4",46,1000,100,4,6,4,0.5,40,0.857142857142857,30,90,3
"Separate 2D path/grid BIC + refit",4,NA,86.535354486066,3.48323266489378,NA,0.619759401593347,97236.7229493958,NA,TRUE,18,22,74,1,0.666666666666667,0.297297297297297,0.458333333333333,NA,NA,NA,NA,0.000266190926904068,1.37547494370166,0.507541103106826,57.8550227408626,299,-192408.027070376,-191031.081184765,1,1,0.666666666666667,"specific_effect_common6_specific4",46,1000,100,4,6,4,0.5,40,0.857142857142857,30,90,3
"Eta centered path BIC",4,NA,NA,NA,2.12969653485516,0.56510638789325,97011.0746144108,96607.6784693411,TRUE,26,22,21,0.954545454545455,0,1,0.976744186046512,NA,NA,NA,NA,0.000400766715426106,13.4277259611202,0.601216625314264,57.8116678485566,166,-192875.461852511,-192111.003601637,1,0.9375,0,"specific_effect_common6_specific4",46,1000,100,4,6,4,0.5,40,0.857142857142857,30,90,3
"Eta centered path BIC + refit",4,NA,NA,NA,2.12969653485516,0.64623205642016,97093.7378451113,NA,TRUE,29,22,21,0.954545454545455,0,1,0.976744186046512,NA,NA,NA,NA,0.000160350152819059,0.59011419824814,0.165915691640469,57.3667569895698,87,-193586.500980951,-193185.85117477,1,0.9375,0,"specific_effect_common6_specific4",46,1000,100,4,6,4,0.5,40,0.857142857142857,30,90,3
"Rossi path BIC",4,20.6223947163603,NA,NA,NA,0.667792629672196,97728.2646267403,97417.9072500616,TRUE,2,22,99,1,0.987179487179487,0.222222222222222,0.363636363636364,1,0.730555555555556,0.132013201320132,0.233236151603499,0.000207764685482716,2.61954865927709,0.413471055139929,58.9621167652581,306,-193342.756138112,-191933.5740612,1,1,0.987179487179487,"specific_effect_common6_specific4",47,1000,100,4,6,4,0.5,40,0.857142857142857,30,90,3
"Rossi path BIC + refit",4,20.6223947163603,NA,NA,NA,0.630936618129946,97746.79697337,NA,TRUE,12,22,99,1,0.987179487179487,0.222222222222222,0.363636363636364,NA,NA,NA,NA,0.000368306476798102,2.8586929164301,0.67614322594863,59.0954923154424,399,-192737.399590426,-190899.936686217,1,1,0.987179487179487,"specific_effect_common6_specific4",47,1000,100,4,6,4,0.5,40,0.857142857142857,30,90,3
"Separate 2D path/grid BIC",4,NA,49.8530699706515,3.74329490147021,NA,0.677244099579386,97624.9832503742,96170.5363842685,TRUE,2,22,91,1,0.884615384615385,0.241758241758242,0.389380530973451,1,0.377777777777778,0.227272727272727,0.37037037037037,8.68830752267891e-05,17.1201604187734,0.220963134453104,53.4855043469132,179,-194013.478305811,-193189.152842519,1,1,0.884615384615385,"specific_effect_common6_specific4",47,1000,100,4,6,4,0.5,40,0.857142857142857,30,90,3
"Separate 2D path/grid BIC + refit",4,NA,49.8530699706515,3.74329490147021,NA,0.641750132739565,97739.9135968673,NA,TRUE,24,22,91,1,0.884615384615385,0.241758241758242,0.389380530973451,NA,NA,NA,NA,0.00034422671975009,2.83729548042077,0.643684887607629,59.0710504037051,367,-192944.681006348,-191254.58354809,1,1,0.884615384615385,"specific_effect_common6_specific4",47,1000,100,4,6,4,0.5,40,0.857142857142857,30,90,3
"Eta centered path BIC",4,NA,NA,NA,1.72506019884532,0.589950684300697,97511.9871384809,97153.5078393756,TRUE,50,22,25,1,0.0384615384615385,0.88,0.936170212765957,NA,NA,NA,NA,0.000393077375032559,12.208731488499,0.540390353319013,59.105208557074,178,-193794.393837303,-192974.673544197,1,1,0.0384615384615385,"specific_effect_common6_specific4",47,1000,100,4,6,4,0.5,40,0.857142857142857,30,90,3
"Eta centered path BIC + refit",4,NA,NA,NA,1.72506019884532,0.689293470547838,97593.3671435737,NA,TRUE,27,22,25,1,0.0384615384615385,0.88,0.936170212765957,NA,NA,NA,NA,0.000104116806876344,1.01792020074575,0.195942572341115,58.2969894135277,103,-194475.235493412,-194000.902964256,1,1,0.0384615384615385,"specific_effect_common6_specific4",47,1000,100,4,6,4,0.5,40,0.857142857142857,30,90,3
"Rossi path BIC",4,33.5605943721067,NA,NA,NA,0.6950716726278,97747.960046529,97269.7304929967,TRUE,2,22,99,1,0.987179487179487,0.222222222222222,0.363636363636364,1,0.633333333333333,0.149253731343284,0.25974025974026,0.000133994716285729,2.34797329647526,0.265760390952465,58.218111126766,271,-193623.918412454,-192375.917292051,1,1,0.987179487179487,"specific_effect_common6_specific4",48,1000,100,4,6,4,0.5,40,0.857142857142857,30,90,3
"Rossi path BIC + refit",4,33.5605943721067,NA,NA,NA,0.647698118696594,97790.4014575361,NA,TRUE,13,22,99,1,0.987179487179487,0.222222222222222,0.363636363636364,NA,NA,NA,NA,0.000347689069230574,2.20193251531377,0.590311613160164,57.9209654771247,399,-192824.608558758,-190987.145654549,1,1,0.987179487179487,"specific_effect_common6_specific4",48,1000,100,4,6,4,0.5,40,0.857142857142857,30,90,3
"Separate 2D path/grid BIC",4,NA,59.9753388092489,0,NA,0.68605074261725,97694.3200578071,96910.7502338934,TRUE,2,22,91,1,0.884615384615385,0.241758241758242,0.389380530973451,1,0.388888888888889,0.222222222222222,0.363636363636364,7.51031727205604e-05,1.69722554279044,0.16012423517445,58.0710743933668,183,-194124.52089956,-193281.774755525,1,1,0.884615384615385,"specific_effect_common6_specific4",48,1000,100,4,6,4,0.5,40,0.857142857142857,30,90,3
"Separate 2D path/grid BIC + refit",4,NA,59.9753388092489,0,NA,0.65097194239315,97783.4398184606,NA,TRUE,12,22,91,1,0.884615384615385,0.241758241758242,0.389380530973451,NA,NA,NA,NA,0.000330255095602516,2.22318480697581,0.568762755022842,57.8923877479561,367,-193031.733449535,-191341.635991277,1,1,0.884615384615385,"specific_effect_common6_specific4",48,1000,100,4,6,4,0.5,40,0.857142857142857,30,90,3
"Eta centered path BIC",4,NA,NA,NA,1.77916917727188,0.65093668575962,97578.8861665749,97215.4090946428,TRUE,10,22,24,1,0.0256410256410256,0.916666666666667,0.956521739130435,NA,NA,NA,NA,0.000242981982594047,10.8987968417014,0.369796926105144,57.2670903304391,175,-193948.915159328,-193143.01037678,1,1,0.0256410256410256,"specific_effect_common6_specific4",48,1000,100,4,6,4,0.5,40,0.857142857142857,30,90,3
"Eta centered path BIC + refit",4,NA,NA,NA,1.77916917727188,0.696682324753242,97623.5597690753,NA,TRUE,18,22,24,1,0.0256410256410256,0.916666666666667,0.956521739130435,NA,NA,NA,NA,6.26985886414066e-05,0.991089173348543,0.138136099666433,57.4669867657098,99,-194563.251765531,-194107.339917119,1,1,0.0256410256410256,"specific_effect_common6_specific4",48,1000,100,4,6,4,0.5,40,0.857142857142857,30,90,3
"Rossi path BIC",4,14.8828424451223,NA,NA,NA,0.68695678046271,98063.2213601641,97829.7122456952,TRUE,2,22,100,1,1,0.22,0.360655737704918,1,0.838888888888889,0.116959064327485,0.209424083769634,0.000285416315582863,4.6114075918081,0.500780041006011,59.4078899283508,345,-193743.267149079,-192154.483434914,1,1,1,"specific_effect_common6_specific4",49,1000,100,4,6,4,0.5,40,0.857142857142857,30,90,3
"Rossi path BIC + refit",4,14.8828424451223,NA,NA,NA,0.666298964331532,98072.3563865145,NA,TRUE,10,22,100,1,1,0.22,0.360655737704918,NA,NA,NA,NA,0.000396952461276841,4.54945199531636,0.670181627015728,59.4128351045096,403,-193360.887395599,-191505.003810646,1,1,1,"specific_effect_common6_specific4",49,1000,100,4,6,4,0.5,40,0.857142857142857,30,90,3
"Separate 2D path/grid BIC",4,NA,57.0055437885577,3.46892610505658,NA,0.699850833974347,97939.5652942132,96442.100187094,TRUE,2,22,87,1,0.833333333333333,0.252873563218391,0.403669724770642,1,0.4,0.217391304347826,0.357142857142857,0.000100206203723875,12.7984715672553,0.206189237472939,53.9895446446655,187,-194587.380351257,-193726.213526477,1,1,0.833333333333333,"specific_effect_common6_specific4",49,1000,100,4,6,4,0.5,40,0.857142857142857,30,90,3
"Separate 2D path/grid BIC + refit",4,NA,57.0055437885577,3.46892610505658,NA,0.696224082866297,98058.4856492799,NA,TRUE,24,22,87,1,0.833333333333333,0.252873563218391,0.403669724770642,NA,NA,NA,NA,0.000346771491075064,2.49993225952591,0.584413079217472,58.9288467466236,351,-193692.349195637,-192075.934460355,1,1,0.833333333333333,"specific_effect_common6_specific4",49,1000,100,4,6,4,0.5,40,0.857142857142857,30,90,3
"Eta centered path BIC",4,NA,NA,NA,2.10851291821572,0.63126224471735,97810.2199714102,97391.7730934911,TRUE,36,22,23,1,0.0128205128205128,0.956521739130435,0.977777777777778,NA,NA,NA,NA,0.000369797627927486,16.4422004330481,0.521572794215328,58.7843321811644,172,-194432.306034835,-193640.216762845,1,1,0.0128205128205128,"specific_effect_common6_specific4",49,1000,100,4,6,4,0.5,40,0.857142857142857,30,90,3
"Eta centered path BIC + refit",4,NA,NA,NA,2.10851291821572,0.722041766245163,97896.2361646382,NA,TRUE,27,22,23,1,0.0128205128205128,0.956521739130435,0.977777777777778,NA,NA,NA,NA,0.000100507560492969,1.05490362990352,0.167912773259652,58.2332902209537,95,-195136.235577773,-194698.744410104,1,1,0.0128205128205128,"specific_effect_common6_specific4",49,1000,100,4,6,4,0.5,40,0.857142857142857,30,90,3
"Rossi path BIC",4,11.5637409388411,NA,NA,NA,0.6544963818249,97836.4802487577,97653.2098059495,TRUE,2,22,100,1,1,0.22,0.360655737704918,1,0.863888888888889,0.113960113960114,0.20460358056266,0.000316599155337001,7.95048557001548,0.581308998212111,60.0151558755857,354,-193227.615128756,-191597.384882916,1,1,1,"specific_effect_common6_specific4",50,1000,100,4,6,4,0.5,40,0.857142857142857,30,90,3
"Rossi path BIC + refit",4,11.5637409388411,NA,NA,NA,0.632924967238028,97842.9184474753,NA,TRUE,18,22,100,1,1,0.22,0.360655737704918,NA,NA,NA,NA,0.000427189218805037,10.2394783345344,0.79216319370217,60.2544010483225,403,-192902.011517521,-191046.127932568,1,1,1,"specific_effect_common6_specific4",50,1000,100,4,6,4,0.5,40,0.857142857142857,30,90,3
"Separate 2D path/grid BIC",4,NA,74.7431258322552,2.5588014202456,NA,0.703019638626555,97705.500589919,96191.8581610783,TRUE,2,22,81,1,0.756410256410256,0.271604938271605,0.427184466019418,1,0.252777777777778,0.305343511450382,0.467836257309941,7.84686757147308e-05,5.73657777314795,0.162423209624158,55.2395813888387,134,-194485.361972454,-193868.269167532,1,1,0.756410256410256,"specific_effect_common6_specific4",50,1000,100,4,6,4,0.5,40,0.857142857142857,30,90,3
"Separate 2D path/grid BIC + refit",4,NA,74.7431258322552,2.5588014202456,NA,0.646153420422277,97824.3782478975,NA,TRUE,29,22,81,1,0.756410256410256,0.271604938271605,0.427184466019418,NA,NA,NA,NA,0.00036333092205136,7.63171668652773,0.664533944371072,59.9179386164487,327,-193389.920519568,-191884.02986875,1,1,0.756410256410256,"specific_effect_common6_specific4",50,1000,100,4,6,4,0.5,40,0.857142857142857,30,90,3
"Eta centered path BIC",4,NA,NA,NA,1.66867495737314,0.61640295068124,97640.9633798331,97284.7504807379,TRUE,33,22,26,1,0.0512820512820513,0.846153846153846,0.916666666666667,NA,NA,NA,NA,0.00033158193662863,16.0660969045005,0.435598023956534,59.4216744990639,181,-194031.62305417,-193198.087250507,1,1,0.0512820512820513,"specific_effect_common6_specific4",50,1000,100,4,6,4,0.5,40,0.857142857142857,30,90,3
"Eta centered path BIC + refit",4,NA,NA,NA,1.66867495737314,0.697565659661275,97691.6594231536,NA,TRUE,28,22,26,1,0.0512820512820513,0.846153846153846,0.916666666666667,NA,NA,NA,NA,0.000118792912627287,1.25455276732111,0.218340235682763,58.5755179022928,107,-194644.189031456,-194151.435821555,1,1,0.0512820512820513,"specific_effect_common6_specific4",50,1000,100,4,6,4,0.5,40,0.857142857142857,30,90,3
"Rossi path BIC",4,30.3929715751557,NA,NA,NA,0.729381202907382,97974.8113186615,97542.3988135421,TRUE,2,22,97,1,0.961538461538462,0.22680412371134,0.369747899159664,1,0.613888888888889,0.153256704980843,0.26578073089701,0.000150800709880873,4.44066436268651,0.284560852256107,59.4903221742073,264,-194125.975243672,-192910.210314571,1,1,0.961538461538462,"specific_effect_common6_specific4",51,1000,100,4,6,4,0.5,40,0.857142857142857,30,90,3
"Rossi path BIC + refit",4,30.3929715751557,NA,NA,NA,0.725275545362917,98004.8151378763,NA,TRUE,11,22,97,1,0.961538461538462,0.22680412371134,0.369747899159664,NA,NA,NA,NA,0.00030438643902188,5.57933367353223,0.568596083944152,59.7331079956128,391,-193308.697961671,-191508.076418949,1,1,0.961538461538462,"specific_effect_common6_specific4",51,1000,100,4,6,4,0.5,40,0.857142857142857,30,90,3
"Separate 2D path/grid BIC",4,NA,62.4967640468792,0,NA,0.734213616162089,97917.9707039491,97108.4302525288,TRUE,2,22,85,1,0.807692307692308,0.258823529411765,0.411214953271028,1,0.344444444444444,0.24390243902439,0.392156862745098,8.57316879783168e-05,2.59938396510839,0.143898424811259,59.0193195364757,167,-194682.346276308,-193913.282855248,1,1,0.807692307692308,"specific_effect_common6_specific4",51,1000,100,4,6,4,0.5,40,0.857142857142857,30,90,3
"Separate 2D path/grid BIC + refit",4,NA,62.4967640468792,0,NA,0.72501142686428,97998.8001167939,NA,TRUE,10,22,85,1,0.807692307692308,0.258823529411765,0.411214953271028,NA,NA,NA,NA,0.000286471696559739,5.57423116163466,0.539620989830347,59.7163773485302,343,-193628.240172897,-192048.666799103,1,1,0.807692307692308,"specific_effect_common6_specific4",51,1000,100,4,6,4,0.5,40,0.857142857142857,30,90,3
"Eta centered path BIC",4,NA,NA,NA,1.79155325096248,0.681353739562472,97805.5742465131,97427.4953845534,TRUE,19,22,24,1,0.0256410256410256,0.916666666666667,0.956521739130435,NA,NA,NA,NA,0.000263199956921964,10.9629984111286,0.334226280512405,58.5973976903792,175,-194402.291319204,-193596.386536656,1,1,0.0256410256410256,"specific_effect_common6_specific4",51,1000,100,4,6,4,0.5,40,0.857142857142857,30,90,3
"Eta centered path BIC + refit",4,NA,NA,NA,1.79155325096248,0.725983062226619,97867.1187276998,NA,TRUE,18,22,24,1,0.0256410256410256,0.916666666666667,0.956521739130435,NA,NA,NA,NA,9.90641025404665e-05,1.44678503533866,0.146741782680692,58.6540143235426,99,-195050.36968278,-194594.457834367,1,1,0.0256410256410256,"specific_effect_common6_specific4",51,1000,100,4,6,4,0.5,40,0.857142857142857,30,90,3
"Rossi path BIC",4,35.8818458424628,NA,NA,NA,0.671026968559982,97714.5332423209,97221.938410319,TRUE,2,22,94,1,0.923076923076923,0.234042553191489,0.379310344827586,1,0.572222222222222,0.16260162601626,0.27972027972028,9.33068840200282e-05,6.6394102007988,0.245377836203485,59.7084064329905,249,-193709.035420175,-192562.348043864,1,1,0.923076923076923,"specific_effect_common6_specific4",52,1000,100,4,6,4,0.5,40,0.857142857142857,30,90,3
"Rossi path BIC + refit",4,35.8818458424628,NA,NA,NA,0.665715879070907,97751.8788766887,NA,TRUE,11,22,94,1,0.923076923076923,0.234042553191489,0.379310344827586,NA,NA,NA,NA,0.000226641985333766,5.82023518755284,0.473623290582955,59.586651814364,379,-192885.718502643,-191140.359002154,1,1,0.923076923076923,"specific_effect_common6_specific4",52,1000,100,4,6,4,0.5,40,0.857142857142857,30,90,3
"Separate 2D path/grid BIC",4,NA,51.4116087659509,3.55965219843541,NA,0.66253249871898,97651.7352209465,96199.9703318835,TRUE,2,22,89,1,0.858974358974359,0.247191011235955,0.396396396396396,1,0.402777777777778,0.216216216216216,0.355555555555556,6.67533461726019e-05,8.48934363247892,0.191130129006211,54.9830443679448,188,-194004.812449444,-193139.040454479,1,1,0.858974358974359,"specific_effect_common6_specific4",52,1000,100,4,6,4,0.5,40,0.857142857142857,30,90,3
"Separate 2D path/grid BIC + refit",4,NA,51.4116087659509,3.55965219843541,NA,0.664003523120214,97749.0307980766,NA,TRUE,11,22,89,1,0.858974358974359,0.247191011235955,0.396396396396396,NA,NA,NA,NA,0.000224679375384804,5.43852060769231,0.465694140251762,59.50199674625,359,-193018.177450999,-191364.921354229,1,1,0.858974358974359,"specific_effect_common6_specific4",52,1000,100,4,6,4,0.5,40,0.857142857142857,30,90,3
"Eta centered path BIC",4,NA,NA,NA,1.64716016121586,0.648449121738455,97579.129118955,97231.4191203451,TRUE,8,22,27,1,0.0641025641025641,0.814814814814815,0.897959183673469,NA,NA,NA,NA,0.000230755985289664,11.9876771379636,0.356510767846905,59.0107781485693,184,-193887.231266577,-193039.879952355,1,1,0.0641025641025641,"specific_effect_common6_specific4",52,1000,100,4,6,4,0.5,40,0.857142857142857,30,90,3
"Eta centered path BIC + refit",4,NA,NA,NA,1.64716016121586,0.667739034026838,97635.1147684682,NA,TRUE,18,22,27,1,0.0641025641025641,0.814814814814815,0.897959183673469,NA,NA,NA,NA,7.4262936154972e-05,4.12507589802351,0.193225217505917,59.1475314909153,111,-194503.468700969,-193992.294810325,1,1,0.0641025641025641,"specific_effect_common6_specific4",52,1000,100,4,6,4,0.5,40,0.857142857142857,30,90,3
"Rossi path BIC",4,18.2557105247669,NA,NA,NA,0.678614152487134,97685.2010936309,97409.5521241076,TRUE,2,22,100,1,1,0.22,0.360655737704918,1,0.8,0.121951219512195,0.217391304347826,0.000170253003086782,3.33359866390868,0.337251491326775,58.9046261116051,331,-193083.935189919,-191559.623858357,1,1,1,"specific_effect_common6_specific4",53,1000,100,4,6,4,0.5,40,0.857142857142857,30,90,3
"Rossi path BIC + refit",4,18.2557105247669,NA,NA,NA,0.662286166335206,97698.9379558982,NA,TRUE,8,22,100,1,1,0.22,0.360655737704918,NA,NA,NA,NA,0.000291800918857551,3.36109256102187,0.516923634256017,58.8545479695083,403,-192614.050534367,-190758.166949413,1,1,1,"specific_effect_common6_specific4",53,1000,100,4,6,4,0.5,40,0.857142857142857,30,90,3
"Separate 2D path/grid BIC",4,NA,64.7828063426639,3.30721950436154,NA,0.679911684506294,97572.4330206602,96021.0249411219,TRUE,2,22,84,1,0.794871794871795,0.261904761904762,0.415094339622642,1,0.313888888888889,0.261437908496732,0.414507772020725,5.41187977539022e-05,9.80785742845116,0.13096581671707,54.444032388983,156,-194067.256217799,-193348.849668785,1,1,0.794871794871795,"specific_effect_common6_specific4",53,1000,100,4,6,4,0.5,40,0.857142857142857,30,90,3
"Separate 2D path/grid BIC + refit",4,NA,64.7828063426639,3.30721950436154,NA,0.669067287318022,97685.753739533,NA,TRUE,14,22,84,1,0.794871794871795,0.261904761904762,0.415094339622642,NA,NA,NA,NA,0.000276371373189311,2.60232646610114,0.479389854107341,58.6153699000668,339,-193029.778439491,-191468.625746441,1,1,0.794871794871795,"specific_effect_common6_specific4",53,1000,100,4,6,4,0.5,40,0.857142857142857,30,90,3
"Eta centered path BIC",4,NA,NA,NA,1.6212134799733,0.680725160324227,97513.5317415623,97163.8988252378,TRUE,5,22,26,1,0.0512820512820513,0.846153846153846,0.916666666666667,NA,NA,NA,NA,0.000206566315466709,8.49878785644242,0.29038094721231,58.4570387785551,181,-193776.759777629,-192943.223973965,1,1,0.0512820512820513,"specific_effect_common6_specific4",53,1000,100,4,6,4,0.5,40,0.857142857142857,30,90,3
"Eta centered path BIC + refit",4,NA,NA,NA,1.6212134799733,0.685742110302908,97563.56505445,NA,TRUE,18,22,26,1,0.0512820512820513,0.846153846153846,0.916666666666667,NA,NA,NA,NA,7.47396799335221e-05,2.51353565429417,0.171022731928233,58.2666153422562,107,-194388.000294049,-193895.247084148,1,1,0.0512820512820513,"specific_effect_common6_specific4",53,1000,100,4,6,4,0.5,40,0.857142857142857,30,90,3
"Rossi path BIC",4,28.5424782008745,NA,NA,NA,0.671991171711188,97558.5491332307,97139.9088268633,TRUE,2,22,99,1,0.987179487179487,0.222222222222222,0.363636363636364,1,0.686111111111111,0.139372822299652,0.244648318042813,0.000150828135502532,4.12372629758456,0.32890701098152,58.7130392643836,290,-193113.849235557,-191778.34988162,1,1,0.987179487179487,"specific_effect_common6_specific4",54,1000,100,4,6,4,0.5,40,0.857142857142857,30,90,3
"Rossi path BIC + refit",4,28.5424782008745,NA,NA,NA,0.656355109902984,97586.0345429841,NA,TRUE,8,22,99,1,0.987179487179487,0.222222222222222,0.363636363636364,NA,NA,NA,NA,0.000300771290753152,4.02079109564937,0.567080489673286,58.8157380135637,399,-192415.874729654,-190578.411825445,1,1,0.987179487179487,"specific_effect_common6_specific4",54,1000,100,4,6,4,0.5,40,0.857142857142857,30,90,3
"Separate 2D path/grid BIC",4,NA,72.2987198810738,3.57603104117856,NA,0.665900255250019,97439.4777598874,95742.2735589605,TRUE,2,22,83,1,0.782051282051282,0.265060240963855,0.419047619047619,1,0.294444444444444,0.273972602739726,0.43010752688172,6.55615424260241e-05,16.3178005541293,0.154417261949376,53.7992235957551,149,-193849.699983206,-193163.529625494,1,1,0.782051282051282,"specific_effect_common6_specific4",54,1000,100,4,6,4,0.5,40,0.857142857142857,30,90,3
"Separate 2D path/grid BIC + refit",4,NA,72.2987198810738,3.57603104117856,NA,0.661662419118648,97573.7088923163,NA,TRUE,14,22,83,1,0.782051282051282,0.265060240963855,0.419047619047619,NA,NA,NA,NA,0.000277406019036992,3.46133217534106,0.522873918468622,58.6388457415724,335,-192833.319766174,-191290.587753868,1,1,0.782051282051282,"specific_effect_common6_specific4",54,1000,100,4,6,4,0.5,40,0.857142857142857,30,90,3
"Eta centered path BIC",4,NA,NA,NA,1.8767800926457,0.656507065640833,97354.3049140963,96969.1492512903,TRUE,20,22,23,1,0.0128205128205128,0.956521739130435,0.977777777777778,NA,NA,NA,NA,0.000247972490178329,20.1484467883448,0.418421732363597,58.3281087952651,172,-193520.475920208,-192728.386648218,1,1,0.0128205128205128,"specific_effect_common6_specific4",54,1000,100,4,6,4,0.5,40,0.857142857142857,30,90,3
"Eta centered path BIC + refit",4,NA,NA,NA,1.8767800926457,0.697805600512777,97408.8416544723,NA,TRUE,18,22,23,1,0.0128205128205128,0.956521739130435,0.977777777777778,NA,NA,NA,NA,6.06371114348408e-05,2.89617702456393,0.134817185428218,57.9337253964794,95,-194161.446557441,-193723.955389772,1,1,0.0128205128205128,"specific_effect_common6_specific4",54,1000,100,4,6,4,0.5,40,0.857142857142857,30,90,3
"Rossi path BIC",4,26.9354131955171,NA,NA,NA,0.664063439370269,97384.4851995274,96985.5329266827,TRUE,2,22,100,1,1,0.22,0.360655737704918,1,0.716666666666667,0.134228187919463,0.236686390532544,0.000160467017007768,1.93055452002285,0.334825142682506,57.94264040572,301,-192689.736060081,-191303.579834099,1,1,1,"specific_effect_common6_specific4",55,1000,100,4,6,4,0.5,40,0.857142857142857,30,90,3
"Rossi path BIC + refit",4,26.9354131955171,NA,NA,NA,0.641672494648351,97410.7961193152,NA,TRUE,11,22,100,1,1,0.22,0.360655737704918,NA,NA,NA,NA,0.000323139972147255,1.90904211510844,0.596382328430838,57.860095411229,403,-192037.766861201,-190181.883276247,1,1,1,"specific_effect_common6_specific4",55,1000,100,4,6,4,0.5,40,0.857142857142857,30,90,3
"Separate 2D path/grid BIC",4,NA,55.8669632081635,3.63562538768459,NA,0.651561313171283,97282.4499271094,95778.9482065606,TRUE,2,22,93,1,0.91025641025641,0.236559139784946,0.382608695652174,1,0.380555555555556,0.225988700564972,0.368663594470046,7.57999182522922e-05,22.9189140759032,0.180227353290366,52.9388049583028,180,-193321.503904002,-192492.573270524,1,1,0.91025641025641,"specific_effect_common6_specific4",55,1000,100,4,6,4,0.5,40,0.857142857142857,30,90,3
"Separate 2D path/grid BIC + refit",4,NA,55.8669632081635,3.63562538768459,NA,0.648748793735604,97405.2775191344,NA,TRUE,18,22,93,1,0.91025641025641,0.236559139784946,0.382608695652174,NA,NA,NA,NA,0.000309903993329498,1.52328034744303,0.565863965293684,57.7201613188868,375,-192220.146808651,-190493.207988905,1,1,0.91025641025641,"specific_effect_common6_specific4",55,1000,100,4,6,4,0.5,40,0.857142857142857,30,90,3
"Eta centered path BIC",4,NA,NA,NA,1.82479420707179,0.616850839449016,97179.6055272243,96810.6397923004,TRUE,33,22,23,1,0.0128205128205128,0.956521739130435,0.977777777777778,NA,NA,NA,NA,0.000264453599976424,17.1625279678972,0.438724848202545,57.429898608613,172,-193171.077146464,-192378.987874474,1,1,0.0128205128205128,"specific_effect_common6_specific4",55,1000,100,4,6,4,0.5,40,0.857142857142857,30,90,3
"Eta centered path BIC + refit",4,NA,NA,NA,1.82479420707179,0.689752944787857,97247.5164873833,NA,TRUE,21,22,23,1,0.0128205128205128,0.956521739130435,0.977777777777778,NA,NA,NA,NA,8.1378346174983e-05,1.90389929375556,0.150764883034307,57.3149757374584,95,-193838.796223263,-193401.305055594,1,1,0.0128205128205128,"specific_effect_common6_specific4",55,1000,100,4,6,4,0.5,40,0.857142857142857,30,90,3
"Rossi path BIC",4,33.7704942625496,NA,NA,NA,0.674635165473536,97912.7107742772,97432.852295625,TRUE,2,22,99,1,0.987179487179487,0.222222222222222,0.363636363636364,1,0.605555555555556,0.155038759689922,0.268456375838926,0.000144832876639914,2.41195854763522,0.300742787945983,58.4532710969425,261,-194022.49742074,-192820.548002197,1,1,0.987179487179487,"specific_effect_common6_specific4",56,1000,100,4,6,4,0.5,40,0.857142857142857,30,90,3
"Rossi path BIC + refit",4,33.7704942625496,NA,NA,NA,0.673170271333284,97951.4536839775,NA,TRUE,12,22,99,1,0.987179487179487,0.222222222222222,0.363636363636364,NA,NA,NA,NA,0.000345989874457059,2.63308628391284,0.645686938033007,58.6258834071171,399,-193146.713011641,-191309.250107432,1,1,0.987179487179487,"specific_effect_common6_specific4",56,1000,100,4,6,4,0.5,40,0.857142857142857,30,90,3
"Separate 2D path/grid BIC",4,NA,70.421036846435,0,NA,0.695265986546767,97839.8437390694,96942.0680168697,TRUE,2,22,88,1,0.846153846153846,0.25,0.4,1,0.330555555555556,0.251572327044025,0.402010050251256,6.40987659960299e-05,1.95540389709345,0.137432331978917,58.0175197291619,162,-194560.631122944,-193814.593552814,1,1,0.846153846153846,"specific_effect_common6_specific4",56,1000,100,4,6,4,0.5,40,0.857142857142857,30,90,3
"Separate 2D path/grid BIC + refit",4,NA,70.421036846435,0,NA,0.664304963852501,97940.9095020334,NA,TRUE,15,22,88,1,0.846153846153846,0.25,0.4,NA,NA,NA,NA,0.000322566456219977,2.20975658414309,0.606251169476051,58.4798826189135,355,-193429.565880028,-191794.730464002,1,1,0.846153846153846,"specific_effect_common6_specific4",56,1000,100,4,6,4,0.5,40,0.857142857142857,30,90,3
"Eta centered path BIC",4,NA,NA,NA,2.11991422462678,0.62113073735164,97697.8206992313,97276.0421771209,TRUE,15,22,22,1,0,1,1,NA,NA,NA,NA,0.000316856927979578,15.8976325901332,0.496382901613262,57.5346917718571,169,-194228.230756315,-193449.956994883,1,1,0,"specific_effect_common6_specific4",56,1000,100,4,6,4,0.5,40,0.857142857142857,30,90,3
"Eta centered path BIC + refit",4,NA,NA,NA,2.11991422462678,0.677848192635478,97781.0256752886,NA,TRUE,24,22,22,1,0,1,1,NA,NA,NA,NA,6.25459110245601e-05,1.46512759044868,0.11700740137008,57.8701774460506,91,-194933.44562019,-194514.375133265,1,1,0,"specific_effect_common6_specific4",56,1000,100,4,6,4,0.5,40,0.857142857142857,30,90,3
"Rossi path BIC",4,56.6407860060418,NA,NA,NA,0.707839831734022,97645.0924715452,96898.9025718919,TRUE,2,22,95,1,0.935897435897436,0.231578947368421,0.376068376068376,1,0.433333333333333,0.204081632653061,0.338983050847458,9.34189459506973e-05,2.84891755661848,0.158434328796204,59.0441751145624,199,-193915.541642573,-192999.112775561,1,1,0.935897435897436,"specific_effect_common6_specific4",57,1000,100,4,6,4,0.5,40,0.857142857142857,30,90,3
"Rossi path BIC + refit",4,56.6407860060418,NA,NA,NA,0.670089517833167,97730.9043949047,NA,TRUE,11,22,95,1,0.935897435897436,0.231578947368421,0.376068376068376,NA,NA,NA,NA,0.00033249255582182,3.63821934403053,0.572135152293669,59.2256611251994,383,-192816.138517959,-191052.358336726,1,1,0.935897435897436,"specific_effect_common6_specific4",57,1000,100,4,6,4,0.5,40,0.857142857142857,30,90,3
"Separate 2D path/grid BIC",4,NA,97.2526460042265,0,NA,0.714704157349077,97578.9525645819,96385.4591722997,TRUE,2,22,72,1,0.641025641025641,0.305555555555556,0.468085106382979,1,0.197222222222222,0.36036036036036,0.529801324503311,8.10749791681667e-05,2.22637775115204,0.0976171258737799,58.8564825874332,114,-194370.42102736,-193845.431626157,1,1,0.641025641025641,"specific_effect_common6_specific4",57,1000,100,4,6,4,0.5,40,0.857142857142857,30,90,3
"Separate 2D path/grid BIC + refit",4,NA,97.2526460042265,0,NA,0.6504704407743,97702.2910981186,NA,TRUE,11,22,72,1,0.641025641025641,0.305555555555556,0.468085106382979,NA,NA,NA,NA,0.000287534875574241,2.67956732827483,0.494043083268346,58.9929575105852,291,-193394.425410053,-192054.320885931,1,1,0.641025641025641,"specific_effect_common6_specific4",57,1000,100,4,6,4,0.5,40,0.857142857142857,30,90,3
"Eta centered path BIC",4,NA,NA,NA,2.17468408552142,0.64449015094843,97477.1849878841,97055.4994778469,TRUE,12,22,20,0.909090909090909,0,1,0.952380952380952,NA,NA,NA,NA,0.000345485716939566,14.9987783201907,0.537318469971893,58.05537811922,163,-193828.405865294,-193077.763124978,1,0.875,0,"specific_effect_common6_specific4",57,1000,100,4,6,4,0.5,40,0.857142857142857,30,90,3
"Eta centered path BIC + refit",4,NA,NA,NA,2.17468408552142,0.693906872021848,97517.9030394968,NA,TRUE,18,22,20,0.909090909090909,0,1,0.952380952380952,NA,NA,NA,NA,0.00025458865651836,0.916369704090105,0.228493282655531,58.2399362811017,83,-194462.462390838,-194080.233265401,1,0.875,0,"specific_effect_common6_specific4",57,1000,100,4,6,4,0.5,40,0.857142857142857,30,90,3
"Rossi path BIC",4,29.5058059662232,NA,NA,NA,0.708725495913539,97756.7064485425,97339.8444675571,TRUE,2,22,97,1,0.961538461538462,0.22680412371134,0.369747899159664,1,0.605555555555556,0.155038759689922,0.268456375838926,0.00011926882653719,2.09708194305006,0.261187266297928,58.5144383544053,261,-193710.488769271,-192508.539350728,1,1,0.961538461538462,"specific_effect_common6_specific4",58,1000,100,4,6,4,0.5,40,0.857142857142857,30,90,3
"Rossi path BIC + refit",4,29.5058059662232,NA,NA,NA,0.67563735377165,97787.8698410733,NA,TRUE,9,22,97,1,0.961538461538462,0.22680412371134,0.369747899159664,NA,NA,NA,NA,0.000272506550635558,2.11179995662526,0.509818756454034,58.5873918940238,391,-192874.807368065,-191074.185825343,1,1,0.961538461538462,"specific_effect_common6_specific4",58,1000,100,4,6,4,0.5,40,0.857142857142857,30,90,3
"Separate 2D path/grid BIC",4,NA,81.291701196192,3.78034590068283,NA,0.67946366414224,97636.0762386916,95824.3282463147,TRUE,2,22,79,1,0.730769230769231,0.278481012658228,0.435643564356436,1,0.230555555555556,0.32520325203252,0.49079754601227,6.26764537106364e-05,19.9332248006384,0.15073163579634,53.0772645724052,126,-194401.775312232,-193821.523868797,1,1,0.730769230769231,"specific_effect_common6_specific4",58,1000,100,4,6,4,0.5,40,0.857142857142857,30,90,3
"Separate 2D path/grid BIC + refit",4,NA,81.291701196192,3.78034590068283,NA,0.686564697129774,97763.3153046026,NA,TRUE,22,22,79,1,0.730769230769231,0.278481012658228,0.435643564356436,NA,NA,NA,NA,0.000225852724532526,1.91040397244108,0.456834613745092,58.3789889225729,319,-193323.05667521,-191854.00738588,1,1,0.730769230769231,"specific_effect_common6_specific4",58,1000,100,4,6,4,0.5,40,0.857142857142857,30,90,3
"Eta centered path BIC",4,NA,NA,NA,1.85346318165169,0.634260543713953,97580.1862303652,97206.4656853929,TRUE,5,22,22,1,0,1,1,NA,NA,NA,NA,0.000309353470958394,9.74156475264289,0.47682217026445,57.8232328116946,169,-193992.961818582,-193214.68805715,1,1,0,"specific_effect_common6_specific4",58,1000,100,4,6,4,0.5,40,0.857142857142857,30,90,3
"Eta centered path BIC + refit",4,NA,NA,NA,1.85346318165169,0.729665153712482,97640.8527354506,NA,TRUE,20,22,22,1,0,1,1,NA,NA,NA,NA,6.1168448925583e-05,0.853523303695443,0.124353485261558,57.6746496520886,91,-194653.099740514,-194234.029253589,1,1,0,"specific_effect_common6_specific4",58,1000,100,4,6,4,0.5,40,0.857142857142857,30,90,3
"Rossi path BIC",4,9.09421854376481,NA,NA,NA,0.674647787347804,97648.1324926357,97504.9238352329,TRUE,2,22,100,1,1,0.22,0.360655737704918,1,0.863888888888889,0.113960113960114,0.20460358056266,0.000225219839353039,3.5824214894653,0.503006346787185,58.9508279373569,354,-192850.919616512,-191220.689370672,1,1,1,"specific_effect_common6_specific4",59,1000,100,4,6,4,0.5,40,0.857142857142857,30,90,3
"Rossi path BIC + refit",4,9.09421854376481,NA,NA,NA,0.645518980294422,97651.8056199495,NA,TRUE,13,22,100,1,1,0.22,0.360655737704918,NA,NA,NA,NA,0.000290362088838468,4.36655218436223,0.624668269330592,59.048518874144,403,-192519.785862469,-190663.902277516,1,1,1,"specific_effect_common6_specific4",59,1000,100,4,6,4,0.5,40,0.857142857142857,30,90,3
"Separate 2D path/grid BIC",4,NA,32.8258903674708,4.18619469152688,NA,0.661617267991593,97566.3158841709,96220.9462695457,TRUE,2,22,99,1,0.987179487179487,0.222222222222222,0.363636363636364,1,0.577777777777778,0.161290322580645,0.277777777777778,0.000101769340411045,21.874988282264,0.285508478256068,53.0010024175765,251,-193398.785193317,-192242.887476634,1,1,0.987179487179487,"specific_effect_common6_specific4",59,1000,100,4,6,4,0.5,40,0.857142857142857,30,90,3
"Separate 2D path/grid BIC + refit",4,NA,32.8258903674708,4.18619469152688,NA,0.656639669799613,97651.3457536074,NA,TRUE,52,22,99,1,0.987179487179487,0.222222222222222,0.363636363636364,NA,NA,NA,NA,0.000283074415521893,3.80133646481704,0.608907994032261,58.9608974959298,399,-192546.497150901,-190709.034246692,1,1,0.987179487179487,"specific_effect_common6_specific4",59,1000,100,4,6,4,0.5,40,0.857142857142857,30,90,3
"Eta centered path BIC",4,NA,NA,NA,1.76743193872934,0.607718214890078,97428.3255721091,97071.7801627277,TRUE,27,22,25,0.954545454545455,0.0512820512820513,0.84,0.893617021276596,NA,NA,NA,NA,0.000335718125581705,22.6905897506564,0.497928874963593,58.8513379622387,178,-193627.070704559,-192807.350411453,1,0.9375,0.0512820512820513,"specific_effect_common6_specific4",59,1000,100,4,6,4,0.5,40,0.857142857142857,30,90,3
"Eta centered path BIC + refit",4,NA,NA,NA,1.76743193872934,0.689356236465418,97478.2845535694,NA,TRUE,35,22,25,0.954545454545455,0.0512820512820513,0.84,0.893617021276596,NA,NA,NA,NA,0.000150803640304028,0.466071221721114,0.202734549407039,57.6700720407622,103,-194245.070313404,-193770.737784247,1,0.9375,0.0512820512820513,"specific_effect_common6_specific4",59,1000,100,4,6,4,0.5,40,0.857142857142857,30,90,3
"Rossi path BIC",4,24.3826529534238,NA,NA,NA,0.645094612314837,97545.3713746127,97182.3344425425,TRUE,2,22,100,1,1,0.22,0.360655737704918,1,0.7,0.136986301369863,0.240963855421687,0.000192214849267179,1.91157216561232,0.379395955172263,58.4666810193747,295,-193052.954941926,-191694.429737059,1,1,1,"specific_effect_common6_specific4",60,1000,100,4,6,4,0.5,40,0.857142857142857,30,90,3
"Rossi path BIC + refit",4,24.3826529534238,NA,NA,NA,0.615398139053169,97568.5123438526,NA,TRUE,14,22,100,1,1,0.22,0.360655737704918,NA,NA,NA,NA,0.000387818290412536,1.72152361247709,0.659274006299279,58.5423226017137,403,-192353.199310275,-190497.315725322,1,1,1,"specific_effect_common6_specific4",60,1000,100,4,6,4,0.5,40,0.857142857142857,30,90,3
"Separate 2D path/grid BIC",4,NA,58.7403304105962,3.06828146182654,NA,0.676156781105913,97445.2850514298,96021.2849744488,TRUE,2,22,89,1,0.858974358974359,0.247191011235955,0.396396396396396,1,0.366666666666667,0.232558139534884,0.377358490566038,9.22616992397904e-05,14.1872634827683,0.195145978080242,53.8348081310294,175,-193681.712929038,-192875.80814649,1,1,0.858974358974359,"specific_effect_common6_specific4",60,1000,100,4,6,4,0.5,40,0.857142857142857,30,90,3
"Separate 2D path/grid BIC + refit",4,NA,58.7403304105962,3.06828146182654,NA,0.621733204108183,97559.7037936109,NA,TRUE,14,22,89,1,0.858974358974359,0.247191011235955,0.396396396396396,NA,NA,NA,NA,0.000392904453832238,0.749532126533038,0.615757040317374,58.133375308647,359,-192639.523442067,-190986.267345298,1,1,0.858974358974359,"specific_effect_common6_specific4",60,1000,100,4,6,4,0.5,40,0.857142857142857,30,90,3
"Eta centered path BIC",4,NA,NA,NA,1.63009676264057,0.609953553210344,97361.2007013718,97022.2025883412,TRUE,33,22,27,1,0.0641025641025641,0.814814814814815,0.897959183673469,NA,NA,NA,NA,0.000275506788441905,16.517313286997,0.459177254164627,58.438711390067,184,-193451.374431411,-192604.023117189,1,1,0.0641025641025641,"specific_effect_common6_specific4",60,1000,100,4,6,4,0.5,40,0.857142857142857,30,90,3
"Eta centered path BIC + refit",4,NA,NA,NA,1.63009676264057,0.649119624968791,97418.6789698215,NA,TRUE,23,22,27,1,0.0641025641025641,0.814814814814815,0.897959183673469,NA,NA,NA,NA,0.000113911603603648,1.62146672984061,0.244004739089001,57.9118816349671,111,-194070.597103676,-193559.423213031,1,1,0.0641025641025641,"specific_effect_common6_specific4",60,1000,100,4,6,4,0.5,40,0.857142857142857,30,90,3
"Rossi path BIC",4,31.5022328030435,NA,NA,NA,0.721817634375542,97559.060635207,97115.0612838764,TRUE,2,22,99,1,0.987179487179487,0.222222222222222,0.363636363636364,1,0.636111111111111,0.148698884758364,0.258899676375405,0.000112774402804417,3.0913936318305,0.257407252665844,58.144774235374,272,-193239.211834531,-191986.605543942,1,1,0.987179487179487,"specific_effect_common6_specific4",61,1000,100,4,6,4,0.5,40,0.857142857142857,30,90,3
"Rossi path BIC + refit",4,31.5022328030435,NA,NA,NA,0.659201437000081,97598.6586070824,NA,TRUE,29,22,99,1,0.987179487179487,0.222222222222222,0.363636363636364,NA,NA,NA,NA,0.000335885296537575,10.1909258968584,0.681367837694536,59.2272046525362,399,-192441.122857851,-190603.659953642,1,1,0.987179487179487,"specific_effect_common6_specific4",61,1000,100,4,6,4,0.5,40,0.857142857142857,30,90,3
"Separate 2D path/grid BIC",4,NA,57.9071702956542,0,NA,0.71835450581581,97509.2445036197,96760.7420518064,TRUE,2,22,91,1,0.884615384615385,0.241758241758242,0.389380530973451,1,0.386111111111111,0.223463687150838,0.365296803652968,5.95974290930726e-05,1.69040239270649,0.146331129299497,57.5821226263007,182,-193761.277546465,-192923.136572615,1,1,0.884615384615385,"specific_effect_common6_specific4",61,1000,100,4,6,4,0.5,40,0.857142857142857,30,90,3
"Separate 2D path/grid BIC + refit",4,NA,57.9071702956542,0,NA,0.68431068709494,97592.3235676588,NA,TRUE,29,22,91,1,0.884615384615385,0.241758241758242,0.389380530973451,NA,NA,NA,NA,0.000301548796060451,5.9988946968931,0.586480025004843,58.6969431462354,367,-192649.500947931,-190959.403489674,1,1,0.884615384615385,"specific_effect_common6_specific4",61,1000,100,4,6,4,0.5,40,0.857142857142857,30,90,3
"Eta centered path BIC",4,NA,NA,NA,1.72805902970453,0.607331399560153,97396.1683661027,97042.090995188,TRUE,10,22,26,1,0.0512820512820513,0.846153846153846,0.916666666666667,NA,NA,NA,NA,0.000328267738615284,36.7036046011279,0.647639752799283,59.3631190118273,181,-193542.03302671,-192708.497223046,1,1,0.0512820512820513,"specific_effect_common6_specific4",61,1000,100,4,6,4,0.5,40,0.857142857142857,30,90,3
"Eta centered path BIC + refit",4,NA,NA,NA,1.72805902970453,0.6984309960111,97469.1469409847,NA,TRUE,27,22,26,1,0.0512820512820513,0.846153846153846,0.916666666666667,NA,NA,NA,NA,0.000106715686514159,5.02062261644171,0.23818570293384,58.1154792409114,107,-194199.164067118,-193706.410857218,1,1,0.0512820512820513,"specific_effect_common6_specific4",61,1000,100,4,6,4,0.5,40,0.857142857142857,30,90,3
"Rossi path BIC",4,28.2673158238162,NA,NA,NA,0.650198526726323,97106.8188621362,96695.1425181799,TRUE,2,22,99,1,0.987179487179487,0.222222222222222,0.363636363636364,1,0.641666666666667,0.14760147601476,0.257234726688103,0.000171145151755392,0.336286582658581,0.343671708482001,57.9970615483605,274,-192320.912777831,-191059.09614687,1,1,0.987179487179487,"specific_effect_common6_specific4",62,1000,100,4,6,4,0.5,40,0.857142857142857,30,90,3
"Rossi path BIC + refit",4,28.2673158238162,NA,NA,NA,0.632446460672691,97134.6186940212,NA,TRUE,9,22,99,1,0.987179487179487,0.222222222222222,0.363636363636364,NA,NA,NA,NA,0.00032847574997381,0.493141911948878,0.601888583096675,58.0523060940442,399,-191513.043031728,-189675.580127519,1,1,0.987179487179487,"specific_effect_common6_specific4",62,1000,100,4,6,4,0.5,40,0.857142857142857,30,90,3
"Separate 2D path/grid BIC",4,NA,77.5287430105999,3.73035830187,NA,0.641464194368998,96978.1716525862,95210.3098766312,TRUE,2,22,72,1,0.641025641025641,0.305555555555556,0.468085106382979,1,0.227777777777778,0.327868852459016,0.493827160493827,7.83776142286617e-05,22.3195312738067,0.195567510371365,52.9215662546728,125,-193092.8738953,-192517.227622051,1,1,0.641025641025641,"specific_effect_common6_specific4",62,1000,100,4,6,4,0.5,40,0.857142857142857,30,90,3
"Separate 2D path/grid BIC + refit",4,NA,77.5287430105999,3.73035830187,NA,0.642684407262598,97107.2434100256,NA,TRUE,14,22,72,1,0.641025641025641,0.305555555555556,0.468085106382979,NA,NA,NA,NA,0.000279429642424189,0.308352931593671,0.510020451054331,57.57862045305,291,-192204.330033867,-190864.225509745,1,1,0.641025641025641,"specific_effect_common6_specific4",62,1000,100,4,6,4,0.5,40,0.857142857142857,30,90,3
"Eta centered path BIC",4,NA,NA,NA,1.76362583626919,0.598725009177711,96904.631139794,96548.6405471284,TRUE,39,22,24,0.954545454545455,0.0384615384615385,0.875,0.91304347826087,NA,NA,NA,NA,0.000325733413147738,14.0158798481838,0.463701942119521,57.9617419774563,175,-192600.405105766,-191794.500323218,1,0.9375,0.0384615384615385,"specific_effect_common6_specific4",62,1000,100,4,6,4,0.5,40,0.857142857142857,30,90,3
"Eta centered path BIC + refit",4,NA,NA,NA,1.76362583626919,0.657719089837756,96953.7748716383,NA,TRUE,27,22,24,0.954545454545455,0.0384615384615385,0.875,0.91304347826087,NA,NA,NA,NA,0.000163338629229423,0.249444370501473,0.217663465298333,57.2354324394218,99,-193223.681970657,-192767.770122245,1,0.9375,0.0384615384615385,"specific_effect_common6_specific4",62,1000,100,4,6,4,0.5,40,0.857142857142857,30,90,3
"Rossi path BIC",4,9.15354068691495,NA,NA,NA,0.675482277551565,97720.9913342298,97577.5422555821,TRUE,2,22,100,1,1,0.22,0.360655737704918,1,0.877777777777778,0.112359550561798,0.202020202020202,0.000231148483227067,3.08958594128621,0.388437624299422,58.9438470708971,359,-192962.098523305,-191308.842426535,1,1,1,"specific_effect_common6_specific4",63,1000,100,4,6,4,0.5,40,0.857142857142857,30,90,3
"Rossi path BIC + refit",4,9.15354068691495,NA,NA,NA,0.668317987937405,97725.397629572,NA,TRUE,17,22,100,1,1,0.22,0.360655737704918,NA,NA,NA,NA,0.000320801937673109,2.91725964948389,0.495408900272846,58.8023375494873,403,-192666.969881714,-190811.086296761,1,1,1,"specific_effect_common6_specific4",63,1000,100,4,6,4,0.5,40,0.857142857142857,30,90,3
"Separate 2D path/grid BIC",4,NA,25.8087380501051,2.98456290344005,NA,0.67355006349069,97674.6682039304,96650.1165424745,TRUE,2,22,100,1,1,0.22,0.360655737704918,1,0.655555555555556,0.144927536231884,0.253164556962025,0.000134435322965649,7.0383881360701,0.230184838907748,54.9085699523004,279,-193422.072685025,-192137.230203134,1,1,1,"specific_effect_common6_specific4",63,1000,100,4,6,4,0.5,40,0.857142857142857,30,90,3
"Separate 2D path/grid BIC + refit",4,NA,25.8087380501051,2.98456290344005,NA,0.65887837663306,97725.4315869272,NA,TRUE,18,22,100,1,1,0.22,0.360655737704918,NA,NA,NA,NA,0.000334280134329783,3.11230514866425,0.504250884970638,58.6779566482011,403,-192667.037796424,-190811.154211471,1,1,1,"specific_effect_common6_specific4",63,1000,100,4,6,4,0.5,40,0.857142857142857,30,90,3
"Eta centered path BIC",4,NA,NA,NA,1.89585975780717,0.603453572138369,97511.2377315565,97125.5975602933,TRUE,46,22,21,0.954545454545455,0,1,0.976744186046512,NA,NA,NA,NA,0.000385122973467312,10.3350230555989,0.473592967952725,59.0804306921827,166,-193875.788086802,-193111.329835928,1,0.9375,0,"specific_effect_common6_specific4",63,1000,100,4,6,4,0.5,40,0.857142857142857,30,90,3
"Eta centered path BIC + refit",4,NA,NA,NA,1.89585975780717,0.684680572153856,97555.7551061931,NA,TRUE,30,22,21,0.954545454545455,0,1,0.976744186046512,NA,NA,NA,NA,0.000151946140000042,1.80995944208333,0.174150401767964,58.0817090221736,87,-194510.535503115,-194109.885696934,1,0.9375,0,"specific_effect_common6_specific4",63,1000,100,4,6,4,0.5,40,0.857142857142857,30,90,3
"Rossi path BIC",4,35.4241154735475,NA,NA,NA,0.628000842047171,97278.2187756707,96795.6941618092,TRUE,2,22,96,1,0.948717948717949,0.229166666666667,0.372881355932203,1,0.558333333333333,0.16597510373444,0.284697508896797,0.00010374486474891,0.67284563403241,0.213401900253819,57.7890720945035,244,-192870.94526327,-191747.283737889,1,1,0.948717948717949,"specific_effect_common6_specific4",64,1000,100,4,6,4,0.5,40,0.857142857142857,30,90,3
"Rossi path BIC + refit",4,35.4241154735475,NA,NA,NA,0.600383000788271,97320.0041625073,NA,TRUE,17,22,96,1,0.948717948717949,0.229166666666667,0.372881355932203,NA,NA,NA,NA,0.000290241567187953,0.549758293622185,0.512561242677643,57.6664088772026,387,-191966.707032049,-190184.506170071,1,1,0.948717948717949,"specific_effect_common6_specific4",64,1000,100,4,6,4,0.5,40,0.857142857142857,30,90,3
"Separate 2D path/grid BIC",4,NA,65.692554711795,3.26817011037523,NA,0.602106783656295,97201.7836169305,95677.0772264601,TRUE,2,22,86,1,0.82051282051282,0.255813953488372,0.407407407407407,1,0.280555555555556,0.283687943262411,0.441988950276243,7.05205909879779e-05,18.5229993613397,0.161683332036747,53.28438322325,144,-193408.850473687,-192745.705966905,1,1,0.82051282051282,"specific_effect_common6_specific4",64,1000,100,4,6,4,0.5,40,0.857142857142857,30,90,3
"Separate 2D path/grid BIC + refit",4,NA,65.692554711795,3.26817011037523,NA,0.592677281400411,97310.6281321783,NA,TRUE,15,22,86,1,0.82051282051282,0.255813953488372,0.407407407407407,NA,NA,NA,NA,0.000272981517803007,0.585552318831285,0.486663992667011,57.5860329822303,347,-192224.26518255,-190626.271128012,1,1,0.82051282051282,"specific_effect_common6_specific4",64,1000,100,4,6,4,0.5,40,0.857142857142857,30,90,3
"Eta centered path BIC",4,NA,NA,NA,1.48784222714585,0.611656363649454,97152.8654796401,96841.8833559079,TRUE,6,22,27,1,0.0641025641025641,0.814814814814815,0.897959183673469,NA,NA,NA,NA,0.000287440705088935,8.9994303761892,0.397642047945369,57.738808952931,184,-193034.703987947,-192187.352673726,1,1,0.0641025641025641,"specific_effect_common6_specific4",64,1000,100,4,6,4,0.5,40,0.857142857142857,30,90,3
"Eta centered path BIC + refit",4,NA,NA,NA,1.48784222714585,0.632224455627002,97203.7529684315,NA,TRUE,30,22,27,1,0.0641025641025641,0.814814814814815,0.897959183673469,NA,NA,NA,NA,7.81799098167964e-05,0.44132517156307,0.166407144058039,57.3065470389506,111,-193640.745100896,-193129.571210251,1,1,0.0641025641025641,"specific_effect_common6_specific4",64,1000,100,4,6,4,0.5,40,0.857142857142857,30,90,3
"Rossi path BIC",4,25.1679934922504,NA,NA,NA,0.685109586228629,97721.9881849281,97353.7384871931,TRUE,2,22,100,1,1,0.22,0.360655737704918,1,0.711111111111111,0.135135135135135,0.238095238095238,0.000155171180964349,4.09527102927238,0.318687136808248,59.1518960047167,299,-193378.557541441,-192001.61165583,1,1,1,"specific_effect_common6_specific4",65,1000,100,4,6,4,0.5,40,0.857142857142857,30,90,3
"Rossi path BIC + refit",4,25.1679934922504,NA,NA,NA,0.656357458576259,97747.626152486,NA,TRUE,13,22,100,1,1,0.22,0.360655737704918,NA,NA,NA,NA,0.000331479798521923,3.58586037125286,0.580021761723798,59.0752081567475,403,-192711.426927542,-190855.543342589,1,1,1,"specific_effect_common6_specific4",65,1000,100,4,6,4,0.5,40,0.857142857142857,30,90,3
"Separate 2D path/grid BIC",4,NA,78.9677680366923,3.48718269121011,NA,0.682865609879435,97596.595682442,95845.3455854395,TRUE,2,22,75,1,0.67948717948718,0.293333333333333,0.45360824742268,1,0.233333333333333,0.32258064516129,0.48780487804878,6.4967425600467e-05,9.67815943898901,0.141526649595322,54.4221447719754,127,-194315.906444453,-193731.049830833,1,1,0.67948717948718,"specific_effect_common6_specific4",65,1000,100,4,6,4,0.5,40,0.857142857142857,30,90,3
"Separate 2D path/grid BIC + refit",4,NA,78.9677680366923,3.48718269121011,NA,0.681941660378239,97719.883628529,NA,TRUE,11,22,75,1,0.67948717948718,0.293333333333333,0.45360824742268,NA,NA,NA,NA,0.000275798906907611,3.166160195117,0.477708444097942,58.7138864792056,303,-193346.717407526,-191951.350841172,1,1,0.67948717948718,"specific_effect_common6_specific4",65,1000,100,4,6,4,0.5,40,0.857142857142857,30,90,3
"Eta centered path BIC",4,NA,NA,NA,1.74863126036517,0.670815535567552,97548.7253997672,97175.5182692612,TRUE,19,22,25,1,0.0384615384615385,0.88,0.936170212765957,NA,NA,NA,NA,0.000236214332746414,4.71494670770153,0.311559883786226,58.3553102597287,178,-193867.870359876,-193048.15006677,1,1,0.0384615384615385,"specific_effect_common6_specific4",65,1000,100,4,6,4,0.5,40,0.857142857142857,30,90,3
"Eta centered path BIC + refit",4,NA,NA,NA,1.74863126036517,0.695629420470067,97599.3038389687,NA,TRUE,21,22,25,1,0.0384615384615385,0.88,0.936170212765957,NA,NA,NA,NA,9.91770445974897e-05,2.20759379269136,0.187423616291332,58.3323128021093,103,-194487.108884202,-194012.776355045,1,1,0.0384615384615385,"specific_effect_common6_specific4",65,1000,100,4,6,4,0.5,40,0.857142857142857,30,90,3
"Rossi path BIC",4,20.8313557496254,NA,NA,NA,0.668390911658769,97312.3100497378,97000.6143074167,TRUE,2,22,100,1,1,0.22,0.360655737704918,1,0.744444444444444,0.12987012987013,0.229885057471264,0.000194617318415606,4.04570757739005,0.384727846977763,59.2075101048438,311,-192476.308207712,-191044.10027987,1,1,1,"specific_effect_common6_specific4",66,1000,100,4,6,4,0.5,40,0.857142857142857,30,90,3
"Rossi path BIC + refit",4,20.8313557496254,NA,NA,NA,0.653261441195925,97328.5344548434,NA,TRUE,15,22,100,1,1,0.22,0.360655737704918,NA,NA,NA,NA,0.000316437309048095,2.88577193045015,0.582207636624105,59.0410298276136,403,-191873.243532257,-190017.359947304,1,1,1,"specific_effect_common6_specific4",66,1000,100,4,6,4,0.5,40,0.857142857142857,30,90,3
"Separate 2D path/grid BIC",4,NA,53.4072499022107,4.23345232437537,NA,0.690956410987675,97194.4879489424,95596.7791005974,TRUE,2,22,86,1,0.82051282051282,0.255813953488372,0.407407407407407,1,0.35,0.240963855421687,0.388349514563107,8.65703641024767e-05,21.3959626754867,0.191746451480536,53.1582032536185,169,-193221.565255737,-192443.291494305,1,1,0.82051282051282,"specific_effect_common6_specific4",66,1000,100,4,6,4,0.5,40,0.857142857142857,30,90,3
"Separate 2D path/grid BIC + refit",4,NA,53.4072499022107,4.23345232437537,NA,0.649316832263657,97318.828434378,NA,TRUE,15,22,86,1,0.82051282051282,0.255813953488372,0.407407407407407,NA,NA,NA,NA,0.000296863777122279,2.67886398431728,0.549565440943457,58.9956141284546,347,-192240.665786949,-190642.671732411,1,1,0.82051282051282,"specific_effect_common6_specific4",66,1000,100,4,6,4,0.5,40,0.857142857142857,30,90,3
"Eta centered path BIC",4,NA,NA,NA,1.78559373637269,0.596578972558522,97125.5541400153,96745.641064834,TRUE,23,22,24,1,0.0256410256410256,0.916666666666667,0.956521739130435,NA,NA,NA,NA,0.000288261941185917,20.8417286478991,0.425974061988241,59.2535633488831,175,-193042.251106209,-192236.346323661,1,1,0.0256410256410256,"specific_effect_common6_specific4",66,1000,100,4,6,4,0.5,40,0.857142857142857,30,90,3
"Eta centered path BIC + refit",4,NA,NA,NA,1.78559373637269,0.674931099757189,97188.8017347014,NA,TRUE,23,22,24,1,0.0256410256410256,0.916666666666667,0.956521739130435,NA,NA,NA,NA,0.000110478655532036,4.14070435627241,0.213262536488971,58.8219769582309,99,-193693.735696784,-193237.823848371,1,1,0.0256410256410256,"specific_effect_common6_specific4",66,1000,100,4,6,4,0.5,40,0.857142857142857,30,90,3
"Rossi path BIC",4,35.3428837370015,NA,NA,NA,0.643331291236541,97520.5025490904,97016.3059844706,TRUE,2,22,99,1,0.987179487179487,0.222222222222222,0.363636363636364,1,0.605555555555556,0.155038759689922,0.268456375838926,0.000151744455033144,1.46997423496357,0.317010228885204,58.6014066036872,261,-193238.080970366,-192036.131551824,1,1,0.987179487179487,"specific_effect_common6_specific4",67,1000,100,4,6,4,0.5,40,0.857142857142857,30,90,3
"Rossi path BIC + refit",4,35.3428837370015,NA,NA,NA,0.624580864381981,97560.6932585988,NA,TRUE,12,22,99,1,0.987179487179487,0.222222222222222,0.363636363636364,NA,NA,NA,NA,0.000348856262406664,1.05447637998194,0.623794541724842,58.38605387549,399,-192365.192160884,-190527.729256674,1,1,0.987179487179487,"specific_effect_common6_specific4",67,1000,100,4,6,4,0.5,40,0.857142857142857,30,90,3
"Separate 2D path/grid BIC",4,NA,54.3797404623831,0,NA,0.647910665787702,97481.966906589,96753.4230043942,TRUE,2,22,93,1,0.91025641025641,0.236559139784946,0.382608695652174,1,0.438888888888889,0.202020202020202,0.336134453781513,0.000103389835071353,1.36254711148804,0.226796014762322,58.5297977419617,201,-193575.475002103,-192649.835794719,1,1,0.91025641025641,"specific_effect_common6_specific4",67,1000,100,4,6,4,0.5,40,0.857142857142857,30,90,3
"Separate 2D path/grid BIC + refit",4,NA,54.3797404623831,0,NA,0.625361203656178,97556.9262253661,NA,TRUE,13,22,93,1,0.91025641025641,0.236559139784946,0.382608695652174,NA,NA,NA,NA,0.000340030797758969,1.09675983245654,0.609348136114029,58.4232293243831,375,-192523.444221114,-190796.505401368,1,1,0.91025641025641,"specific_effect_common6_specific4",67,1000,100,4,6,4,0.5,40,0.857142857142857,30,90,3
"Eta centered path BIC",4,NA,NA,NA,1.67195308727396,0.648451675631545,97368.1794181564,97007.1070930353,TRUE,9,22,30,1,0.102564102564103,0.733333333333333,0.846153846153846,NA,NA,NA,NA,0.000228014496393356,6.41304472543155,0.347078426275974,57.6319949677044,193,-193403.162067469,-192514.364221574,1,1,0.102564102564103,"specific_effect_common6_specific4",67,1000,100,4,6,4,0.5,40,0.857142857142857,30,90,3
"Eta centered path BIC + refit",4,NA,NA,NA,1.67195308727396,0.638425909245258,97427.3235765787,NA,TRUE,17,22,30,1,0.102564102564103,0.733333333333333,0.846153846153846,NA,NA,NA,NA,0.000145429307386669,0.435873244426945,0.29145796153069,58.0394156197888,123,-194004.993253843,-193438.557320966,1,1,0.102564102564103,"specific_effect_common6_specific4",67,1000,100,4,6,4,0.5,40,0.857142857142857,30,90,3
"Rossi path BIC",4,37.8620612297247,NA,NA,NA,0.717090332295527,97470.2867812597,96937.6772063473,TRUE,2,22,95,1,0.935897435897436,0.231578947368421,0.376068376068376,1,0.583333333333333,0.16,0.275862068965517,0.000137985896173102,1.69464672959758,0.283852901155482,57.9707272649503,253,-193192.911476937,-192027.803419882,1,1,0.935897435897436,"specific_effect_common6_specific4",68,1000,100,4,6,4,0.5,40,0.857142857142857,30,90,3
"Rossi path BIC + refit",4,37.8620612297247,NA,NA,NA,0.709446445961315,97517.321572603,NA,TRUE,11,22,95,1,0.935897435897436,0.231578947368421,0.376068376068376,NA,NA,NA,NA,0.000349503132330963,3.1053295497171,0.624645099393667,58.3095052218823,383,-192388.972873356,-190625.192692122,1,1,0.935897435897436,"specific_effect_common6_specific4",68,1000,100,4,6,4,0.5,40,0.857142857142857,30,90,3
"Separate 2D path/grid BIC",4,NA,61.1431745024733,0,NA,0.726199844601677,97419.750963259,96623.7971694871,TRUE,2,22,87,1,0.833333333333333,0.252873563218391,0.403669724770642,1,0.355555555555556,0.238095238095238,0.384615384615385,8.27982518699792e-05,0.74687931748198,0.180613029620784,57.5613402183956,171,-193658.275773812,-192870.791672008,1,1,0.833333333333333,"specific_effect_common6_specific4",68,1000,100,4,6,4,0.5,40,0.857142857142857,30,90,3
"Separate 2D path/grid BIC + refit",4,NA,61.1431745024733,0,NA,0.708154548296809,97506.4483589923,NA,TRUE,13,22,87,1,0.833333333333333,0.252873563218391,0.403669724770642,NA,NA,NA,NA,0.000324262810398129,1.91310005222944,0.57390051709415,58.0525301573041,351,-192588.274615062,-190971.85987978,1,1,0.833333333333333,"specific_effect_common6_specific4",68,1000,100,4,6,4,0.5,40,0.857142857142857,30,90,3
"Eta centered path BIC",4,NA,NA,NA,1.79419597592965,0.677350986034603,97304.8690370141,96924.0435502522,TRUE,12,22,26,1,0.0512820512820513,0.846153846153846,0.916666666666667,NA,NA,NA,NA,0.000240691120533449,18.9260358042505,0.410087180253525,58.0188011307188,181,-193359.434368532,-192525.898564868,1,1,0.0512820512820513,"specific_effect_common6_specific4",68,1000,100,4,6,4,0.5,40,0.857142857142857,30,90,3
"Eta centered path BIC + refit",4,NA,NA,NA,1.79419597592965,0.721951618843947,97378.0712083238,NA,TRUE,25,22,26,1,0.0512820512820513,0.846153846153846,0.916666666666667,NA,NA,NA,NA,0.000110091112718078,0.655370990535119,0.216356528397899,57.3201676753404,107,-194017.012601796,-193524.259391896,1,1,0.0512820512820513,"specific_effect_common6_specific4",68,1000,100,4,6,4,0.5,40,0.857142857142857,30,90,3
"Rossi path BIC",4,30.9983705835794,NA,NA,NA,0.643438623915787,97193.8833301853,96749.6713044826,TRUE,2,22,99,1,0.987179487179487,0.222222222222222,0.363636363636364,1,0.622222222222222,0.151515151515152,0.263157894736842,0.000164475188534658,0.900852129186969,0.320619716055106,57.9906745547159,267,-192543.396000882,-191313.815561224,1,1,0.987179487179487,"specific_effect_common6_specific4",69,1000,100,4,6,4,0.5,40,0.857142857142857,30,90,3
"Rossi path BIC + refit",4,30.9983705835794,NA,NA,NA,0.610642733270505,97230.7356836283,NA,TRUE,28,22,99,1,0.987179487179487,0.222222222222222,0.363636363636364,NA,NA,NA,NA,0.000362223734872546,0.794865283320241,0.601127743721649,57.3976913207711,399,-191705.277010943,-189867.814106733,1,1,0.987179487179487,"specific_effect_common6_specific4",69,1000,100,4,6,4,0.5,40,0.857142857142857,30,90,3
"Separate 2D path/grid BIC",4,NA,38.2535837394904,0,NA,0.649341874200267,97178.3242507121,96647.3586886511,TRUE,2,22,98,1,0.974358974358974,0.224489795918367,0.366666666666667,1,0.575,0.161943319838057,0.278745644599303,0.000139627231234809,0.895543902120952,0.275291122625685,58.0320429035412,250,-192629.709681679,-191478.417135182,1,1,0.974358974358974,"specific_effect_common6_specific4",69,1000,100,4,6,4,0.5,40,0.857142857142857,30,90,3
"Separate 2D path/grid BIC + refit",4,NA,38.2535837394904,0,NA,0.617863887809571,97230.113283307,NA,TRUE,28,22,98,1,0.974358974358974,0.224489795918367,0.366666666666667,NA,NA,NA,NA,0.000361739251005109,0.803553887671647,0.605600557865684,57.4590393041081,395,-191731.663231416,-189912.621007951,1,1,0.974358974358974,"specific_effect_common6_specific4",69,1000,100,4,6,4,0.5,40,0.857142857142857,30,90,3
"Eta centered path BIC",4,NA,NA,NA,1.52121785735661,0.602089012503696,97047.469935741,96729.7438846789,TRUE,5,22,26,1,0.0512820512820513,0.846153846153846,0.916666666666667,NA,NA,NA,NA,0.000301178701810405,8.94195786266886,0.414736931008425,57.4389941239318,181,-192844.636165986,-192011.100362322,1,1,0.0512820512820513,"specific_effect_common6_specific4",69,1000,100,4,6,4,0.5,40,0.857142857142857,30,90,3
"Eta centered path BIC + refit",4,NA,NA,NA,1.52121785735661,0.667368312532922,97081.9289037034,NA,TRUE,40,22,26,1,0.0512820512820513,0.846153846153846,0.916666666666667,NA,NA,NA,NA,0.000112892425247672,0.756725522566289,0.19101897522099,57.0543336910318,107,-193424.727992556,-192931.974782655,1,1,0.0512820512820513,"specific_effect_common6_specific4",69,1000,100,4,6,4,0.5,40,0.857142857142857,30,90,3
"Rossi path BIC",4,23.2818017014859,NA,NA,NA,0.671292413913533,97419.9579386982,97078.3654331917,TRUE,2,22,100,1,1,0.22,0.360655737704918,1,0.727777777777778,0.132450331125828,0.233918128654971,0.000148085940407998,1.02190912493647,0.275160107153695,58.3225251502893,305,-192733.050517307,-191328.47361058,1,1,1,"specific_effect_common6_specific4",70,1000,100,4,6,4,0.5,40,0.857142857142857,30,90,3
"Rossi path BIC + refit",4,23.2818017014859,NA,NA,NA,0.652698235452041,97441.5330459854,NA,TRUE,10,22,100,1,1,0.22,0.360655737704918,NA,NA,NA,NA,0.000305519162977293,0.937098620059848,0.508216048205463,58.3233486791218,403,-192099.240714541,-190243.357129588,1,1,1,"specific_effect_common6_specific4",70,1000,100,4,6,4,0.5,40,0.857142857142857,30,90,3
"Separate 2D path/grid BIC",4,NA,70.9611402508739,3.53386366772316,NA,0.660945494693335,97299.2144831731,95653.8815126482,TRUE,2,22,84,1,0.794871794871795,0.261904761904762,0.415094339622642,1,0.272222222222222,0.289855072463768,0.449438202247191,5.85741115594407e-05,17.7935682848635,0.14049580008994,53.3866276231681,141,-193624.43547201,-192975.106475785,1,1,0.794871794871795,"specific_effect_common6_specific4",70,1000,100,4,6,4,0.5,40,0.857142857142857,30,90,3
"Separate 2D path/grid BIC + refit",4,NA,70.9611402508739,3.53386366772316,NA,0.64173706510879,97430.0661185784,NA,TRUE,16,22,84,1,0.794871794871795,0.261904761904762,0.415094339622642,NA,NA,NA,NA,0.000282236355165674,0.918205145525495,0.473567425773011,58.1825436531412,339,-192518.403197582,-190957.250504532,1,1,0.794871794871795,"specific_effect_common6_specific4",70,1000,100,4,6,4,0.5,40,0.857142857142857,30,90,3
"Eta centered path BIC",4,NA,NA,NA,1.62307720446964,0.614006602119378,97251.0618901131,96908.0872006252,TRUE,27,22,25,1,0.0384615384615385,0.88,0.936170212765957,NA,NA,NA,NA,0.000242334132545953,6.46342122793887,0.30473300980198,58.2900274907457,178,-193272.543340567,-192452.823047461,1,1,0.0384615384615385,"specific_effect_common6_specific4",70,1000,100,4,6,4,0.5,40,0.857142857142857,30,90,3
"Eta centered path BIC + refit",4,NA,NA,NA,1.62307720446964,0.670573387677061,97305.4364250245,NA,TRUE,22,22,25,1,0.0384615384615385,0.88,0.936170212765957,NA,NA,NA,NA,7.43672075106578e-05,0.648583640378286,0.141969031629688,57.9121632086379,103,-193899.374056314,-193425.041527157,1,1,0.0384615384615385,"specific_effect_common6_specific4",70,1000,100,4,6,4,0.5,40,0.857142857142857,30,90,3
"Rossi path BIC",4,55.9755845961511,NA,NA,NA,0.681726061171212,97063.6104037328,96324.5221758303,TRUE,2,22,89,1,0.858974358974359,0.247191011235955,0.396396396396396,1,0.391666666666667,0.220994475138122,0.361990950226244,9.37103716682975e-05,0.668290587392097,0.179168546950558,57.6206739976658,184,-192856.193836133,-192008.842521911,1,1,0.858974358974359,"specific_effect_common6_specific4",71,1000,100,4,6,4,0.5,40,0.857142857142857,30,90,3
"Rossi path BIC + refit",4,55.9755845961511,NA,NA,NA,0.611860476732679,97132.6737535865,NA,TRUE,16,22,89,1,0.858974358974359,0.247191011235955,0.396396396396396,NA,NA,NA,NA,0.000315188751345817,1.16205585760011,0.557593033667711,57.82368199555,359,-191785.463362018,-190132.207265249,1,1,0.858974358974359,"specific_effect_common6_specific4",71,1000,100,4,6,4,0.5,40,0.857142857142857,30,90,3
"Separate 2D path/grid BIC",4,NA,107.189075178608,0,NA,0.677002284300948,96994.4626468175,95676.1467897712,TRUE,2,22,58,1,0.461538461538462,0.379310344827586,0.55,1,0.147222222222222,0.43010752688172,0.601503759398496,7.32431654251844e-05,0.589736133395524,0.107737205253068,57.2954042596743,96,-193325.780786853,-192883.684448998,1,1,0.461538461538462,"specific_effect_common6_specific4",71,1000,100,4,6,4,0.5,40,0.857142857142857,30,90,3
"Separate 2D path/grid BIC + refit",4,NA,107.189075178608,0,NA,0.644391204444868,97092.9679617466,NA,TRUE,16,22,58,1,0.461538461538462,0.379310344827586,0.55,NA,NA,NA,NA,0.000232839716255663,1.13295120649384,0.420155274433094,57.6747838730173,235,-192562.613432932,-191480.398439225,1,1,0.461538461538462,"specific_effect_common6_specific4",71,1000,100,4,6,4,0.5,40,0.857142857142857,30,90,3
"Eta centered path BIC",4,NA,NA,NA,1.99604542059479,0.624208221751399,96913.6877827949,96516.2317037873,TRUE,10,22,23,1,0.0128205128205128,0.956521739130435,0.977777777777778,NA,NA,NA,NA,0.000303516520548348,15.6563567254103,0.483715961069927,57.1654989751918,172,-192639.241657605,-191847.152385615,1,1,0.0128205128205128,"specific_effect_common6_specific4",71,1000,100,4,6,4,0.5,40,0.857142857142857,30,90,3
"Eta centered path BIC + refit",4,NA,NA,NA,1.99604542059479,0.668789032197254,96994.3989247673,NA,TRUE,26,22,23,1,0.0128205128205128,0.956521739130435,0.977777777777778,NA,NA,NA,NA,9.68650430543614e-05,1.30182717095555,0.153710279865818,57.1552178000346,95,-193332.561098031,-192895.069930362,1,1,0.0128205128205128,"specific_effect_common6_specific4",71,1000,100,4,6,4,0.5,40,0.857142857142857,30,90,3
"Rossi path BIC",4,53.6093865827624,NA,NA,NA,0.694997698038401,97409.5567007518,96694.313253898,TRUE,2,22,93,1,0.91025641025641,0.236559139784946,0.382608695652174,1,0.441666666666667,0.201005025125628,0.334728033472803,9.57647893920812e-05,3.14000039913648,0.234668490352688,58.9574267001256,202,-193423.746835149,-192493.50245758,1,1,0.91025641025641,"specific_effect_common6_specific4",72,1000,100,4,6,4,0.5,40,0.857142857142857,30,90,3
"Rossi path BIC + refit",4,53.6093865827624,NA,NA,NA,0.686180721107854,97476.2669195764,NA,TRUE,10,22,93,1,0.91025641025641,0.236559139784946,0.382608695652174,NA,NA,NA,NA,0.000287957208364833,4.2178869312532,0.622097079836134,59.3969694937012,375,-192362.125609535,-190635.186789789,1,1,0.91025641025641,"specific_effect_common6_specific4",72,1000,100,4,6,4,0.5,40,0.857142857142857,30,90,3
"Separate 2D path/grid BIC",4,NA,85.8201519096437,0,NA,0.701168516179235,97356.2382361949,96279.1249063957,TRUE,2,22,68,1,0.58974358974359,0.323529411764706,0.488888888888889,1,0.225,0.330578512396694,0.496894409937888,7.11094939180869e-05,2.38793568025017,0.152971957377184,58.6260766524881,124,-193855.914817796,-193284.873714733,1,1,0.58974358974359,"specific_effect_common6_specific4",72,1000,100,4,6,4,0.5,40,0.857142857142857,30,90,3
"Separate 2D path/grid BIC + refit",4,NA,85.8201519096437,0,NA,0.684672765076209,97445.803790653,NA,TRUE,11,22,68,1,0.58974358974359,0.323529411764706,0.488888888888889,NA,NA,NA,NA,0.000230279089266848,3.46787535882756,0.525530499208501,59.1831344480679,275,-192991.974879586,-191725.553078439,1,1,0.58974358974359,"specific_effect_common6_specific4",72,1000,100,4,6,4,0.5,40,0.857142857142857,30,90,3
"Eta centered path BIC",4,NA,NA,NA,1.64394404850038,0.609201042427956,97293.6615663113,96933.1271098783,TRUE,25,22,29,1,0.0897435897435897,0.758620689655172,0.862745098039216,NA,NA,NA,NA,0.000284388372238468,8.18663846868835,0.371880635540942,59.1774016135946,190,-193274.849629616,-192399.867294278,1,1,0.0897435897435897,"specific_effect_common6_specific4",72,1000,100,4,6,4,0.5,40,0.857142857142857,30,90,3
"Eta centered path BIC + refit",4,NA,NA,NA,1.64394404850038,0.690187294892723,97358.4385098783,NA,TRUE,20,22,29,1,0.0897435897435897,0.758620689655172,0.862745098039216,NA,NA,NA,NA,0.00012145801211611,2.38939135804867,0.30461831474591,58.8900717593404,119,-193894.854141558,-193346.838889425,1,1,0.0897435897435897,"specific_effect_common6_specific4",72,1000,100,4,6,4,0.5,40,0.857142857142857,30,90,3
"Rossi path BIC",4,29.5875411781346,NA,NA,NA,0.670968419268286,97195.3671388216,96778.7465763929,TRUE,2,22,100,1,1,0.22,0.360655737704918,1,0.622222222222222,0.151515151515152,0.263157894736842,0.000124893026325198,1.12321717011352,0.242975730013019,58.161560711275,267,-192546.363618155,-191316.783178496,1,1,1,"specific_effect_common6_specific4",73,1000,100,4,6,4,0.5,40,0.857142857142857,30,90,3
"Rossi path BIC + refit",4,29.5875411781346,NA,NA,NA,0.621995586626947,97228.8759924191,NA,TRUE,21,22,100,1,1,0.22,0.360655737704918,NA,NA,NA,NA,0.00031396991439686,2.33951165630369,0.555136048370134,58.3368041114836,403,-191673.926607408,-189818.043022455,1,1,1,"specific_effect_common6_specific4",73,1000,100,4,6,4,0.5,40,0.857142857142857,30,90,3
"Separate 2D path/grid BIC",4,NA,58.473819165483,0,NA,0.699277833029737,97145.3245766347,96391.6204966927,TRUE,2,22,95,1,0.935897435897436,0.231578947368421,0.376068376068376,1,0.366666666666667,0.232558139534884,0.377358490566038,7.02406043604475e-05,0.409434111730722,0.129362674936952,57.8305684937062,175,-193081.791979448,-192275.8871969,1,1,0.935897435897436,"specific_effect_common6_specific4",73,1000,100,4,6,4,0.5,40,0.857142857142857,30,90,3
"Separate 2D path/grid BIC + refit",4,NA,58.473819165483,0,NA,0.616544423203977,97224.5680297834,NA,TRUE,26,22,95,1,0.935897435897436,0.231578947368421,0.376068376068376,NA,NA,NA,NA,0.000313261929813157,2.17405470185036,0.549525117306113,58.3062946277253,383,-191803.465787717,-190039.685606483,1,1,0.935897435897436,"specific_effect_common6_specific4",73,1000,100,4,6,4,0.5,40,0.857142857142857,30,90,3
"Eta centered path BIC",4,NA,NA,NA,1.72902317056687,0.575665343116469,97039.3978970885,96691.4513125637,TRUE,32,22,23,1,0.0128205128205128,0.956521739130435,0.977777777777778,NA,NA,NA,NA,0.00031851556207807,12.4013585253534,0.455555211767951,57.9027832107846,172,-192890.661886192,-192098.572614202,1,1,0.0128205128205128,"specific_effect_common6_specific4",73,1000,100,4,6,4,0.5,40,0.857142857142857,30,90,3
"Eta centered path BIC + refit",4,NA,NA,NA,1.72902317056687,0.686143585563502,97097.4995714358,NA,TRUE,33,22,23,1,0.0128205128205128,0.956521739130435,0.977777777777778,NA,NA,NA,NA,7.57308935972774e-05,0.272653426255676,0.115574193432416,57.3442226235441,95,-193538.762391368,-193101.271223699,1,1,0.0128205128205128,"specific_effect_common6_specific4",73,1000,100,4,6,4,0.5,40,0.857142857142857,30,90,3
"Rossi path BIC",4,28.2258922578331,NA,NA,NA,0.64451358007948,97029.1830310499,96616.3419197344,TRUE,2,22,99,1,0.987179487179487,0.222222222222222,0.363636363636364,1,0.677777777777778,0.140845070422535,0.246913580246914,0.000158927631043285,2.51741957493856,0.339755219145374,58.2949065594184,287,-192075.840297032,-190754.156453653,1,1,0.987179487179487,"specific_effect_common6_specific4",74,1000,100,4,6,4,0.5,40,0.857142857142857,30,90,3
"Rossi path BIC + refit",4,28.2258922578331,NA,NA,NA,0.640788074723494,97055.4706195514,NA,TRUE,10,22,99,1,0.987179487179487,0.222222222222222,0.363636363636364,NA,NA,NA,NA,0.000308607034073133,3.02283928562911,0.598398060750041,58.2371147594922,399,-191354.746882789,-189517.28397858,1,1,0.987179487179487,"specific_effect_common6_specific4",74,1000,100,4,6,4,0.5,40,0.857142857142857,30,90,3
"Separate 2D path/grid BIC",4,NA,65.5537386540812,4.40279590177219,NA,0.653734779029689,96904.3064269184,95133.8947818516,TRUE,2,22,83,1,0.782051282051282,0.265060240963855,0.419047619047619,1,0.3,0.27027027027027,0.425531914893617,5.59094954943552e-05,30.1040850067212,0.211463461087859,52.4701582737323,151,-192765.54180671,-192070.161108626,1,1,0.782051282051282,"specific_effect_common6_specific4",74,1000,100,4,6,4,0.5,40,0.857142857142857,30,90,3
"Separate 2D path/grid BIC + refit",4,NA,65.5537386540812,4.40279590177219,NA,0.643712298881861,97042.5126994811,NA,TRUE,29,22,83,1,0.782051282051282,0.265060240963855,0.419047619047619,NA,NA,NA,NA,0.00029439322629758,3.26279319608083,0.573693677141734,58.3015333182312,335,-191770.927380503,-190228.195368197,1,1,0.782051282051282,"specific_effect_common6_specific4",74,1000,100,4,6,4,0.5,40,0.857142857142857,30,90,3
"Eta centered path BIC",4,NA,NA,NA,1.76241872202021,0.588483599393367,96840.4523296913,96481.4016222594,TRUE,15,22,25,1,0.0384615384615385,0.88,0.936170212765957,NA,NA,NA,NA,0.000276821645565376,16.3424128366471,0.454370157872189,57.6467112234895,178,-192451.324219724,-191631.603926618,1,1,0.0384615384615385,"specific_effect_common6_specific4",74,1000,100,4,6,4,0.5,40,0.857142857142857,30,90,3
"Eta centered path BIC + refit",4,NA,NA,NA,1.76241872202021,0.628900640613093,96894.2657577796,NA,TRUE,22,22,25,1,0.0384615384615385,0.88,0.936170212765957,NA,NA,NA,NA,9.75332413540353e-05,2.50448256669689,0.209298725513072,57.8736234774905,103,-193077.032721824,-192602.700192667,1,1,0.0384615384615385,"specific_effect_common6_specific4",74,1000,100,4,6,4,0.5,40,0.857142857142857,30,90,3
"Rossi path BIC",4,23.8284649177901,NA,NA,NA,0.65205047182541,97331.4472803453,96969.2028306265,TRUE,2,22,100,1,1,0.22,0.360655737704918,1,0.758333333333333,0.12779552715655,0.226628895184136,0.00021184227437047,6.47481821117142,0.471434388577964,59.2760468528959,316,-192480.043892532,-191024.81011376,1,1,1,"specific_effect_common6_specific4",75,1000,100,4,6,4,0.5,40,0.857142857142857,30,90,3
"Rossi path BIC + refit",4,23.8284649177901,NA,NA,NA,0.63250559238619,97351.958556245,NA,TRUE,12,22,100,1,1,0.22,0.360655737704918,NA,NA,NA,NA,0.000359398480953462,6.04045012743752,0.743947501177436,59.2381901393386,403,-191920.09173506,-190064.208150107,1,1,1,"specific_effect_common6_specific4",75,1000,100,4,6,4,0.5,40,0.857142857142857,30,90,3
"Separate 2D path/grid BIC",4,NA,88.2294032208903,3.91787330958402,NA,0.636479038985836,97158.056784252,95222.8236508374,TRUE,2,22,79,1,0.730769230769231,0.278481012658228,0.435643564356436,1,0.233333333333333,0.32258064516129,0.48780487804878,9.59566674122675e-05,23.0388422351217,0.205885629631772,52.8863288780635,127,-193438.828648073,-192853.972034453,1,1,0.730769230769231,"specific_effect_common6_specific4",75,1000,100,4,6,4,0.5,40,0.857142857142857,30,90,3
"Separate 2D path/grid BIC + refit",4,NA,88.2294032208903,3.91787330958402,NA,0.632260061425702,97331.2649830667,NA,TRUE,36,22,79,1,0.730769230769231,0.278481012658228,0.435643564356436,NA,NA,NA,NA,0.000329202697453561,4.7621416555627,0.671481232189607,59.0052752204437,319,-192458.956032138,-190989.906742808,1,1,0.730769230769231,"specific_effect_common6_specific4",75,1000,100,4,6,4,0.5,40,0.857142857142857,30,90,3
"Eta centered path BIC",4,NA,NA,NA,1.90164909628074,0.563849757741576,97101.6286600498,96716.5919438157,TRUE,28,22,25,1,0.0384615384615385,0.88,0.936170212765957,NA,NA,NA,NA,0.00032024221232329,22.7592758577704,0.523304718326792,59.0372688516881,178,-192973.676880441,-192153.956587335,1,1,0.0384615384615385,"specific_effect_common6_specific4",75,1000,100,4,6,4,0.5,40,0.857142857142857,30,90,3
"Eta centered path BIC + refit",4,NA,NA,NA,1.90164909628074,0.65915369267181,97183.9509594428,NA,TRUE,26,22,25,1,0.0384615384615385,0.88,0.936170212765957,NA,NA,NA,NA,0.000118638617153277,2.92006303016823,0.234087918167997,58.4098660979589,103,-193656.403125151,-193182.070595994,1,1,0.0384615384615385,"specific_effect_common6_specific4",75,1000,100,4,6,4,0.5,40,0.857142857142857,30,90,3
"Rossi path BIC",4,24.1821166041476,NA,NA,NA,0.721916052514962,97626.0531631031,97271.7536327412,TRUE,2,22,100,1,1,0.22,0.360655737704918,1,0.708333333333333,0.135593220338983,0.238805970149254,0.000139202903848835,3.50700174843261,0.309337378963459,58.8602413740438,298,-193193.59525307,-191821.254537645,1,1,1,"specific_effect_common6_specific4",76,1000,100,4,6,4,0.5,40,0.857142857142857,30,90,3
"Rossi path BIC + refit",4,24.1821166041476,NA,NA,NA,0.681785559412102,97648.7812695844,NA,TRUE,14,22,100,1,1,0.22,0.360655737704918,NA,NA,NA,NA,0.000287970774750881,3.39534178441842,0.545412280589508,58.6495962559598,403,-192513.737161739,-190657.853576786,1,1,1,"specific_effect_common6_specific4",76,1000,100,4,6,4,0.5,40,0.857142857142857,30,90,3
"Separate 2D path/grid BIC",4,NA,74.022396103229,3.45672208206807,NA,0.709450412069253,97507.2515431798,95820.5912917098,TRUE,2,22,77,1,0.705128205128205,0.285714285714286,0.444444444444444,1,0.255555555555556,0.303030303030303,0.465116279069767,3.92271104671433e-05,13.0437758995429,0.1469621888713,54.3905003949585,135,-194081.956123697,-193460.258148589,1,1,0.705128205128205,"specific_effect_common6_specific4",76,1000,100,4,6,4,0.5,40,0.857142857142857,30,90,3
"Separate 2D path/grid BIC + refit",4,NA,74.022396103229,3.45672208206807,NA,0.675142783143591,97625.9766289282,NA,TRUE,9,22,77,1,0.705128205128205,0.285714285714286,0.444444444444444,NA,NA,NA,NA,0.000251173562193178,2.47859671026414,0.475264111347574,58.354677280007,311,-193103.641366093,-191671.433438251,1,1,0.705128205128205,"specific_effect_common6_specific4",76,1000,100,4,6,4,0.5,40,0.857142857142857,30,90,3
"Eta centered path BIC",4,NA,NA,NA,1.87801983816845,0.689048393482478,97426.4766876506,97052.2341500329,TRUE,13,22,23,1,0.0128205128205128,0.956521739130435,0.977777777777778,NA,NA,NA,NA,0.000280267385245669,17.5511638930376,0.456097045575401,58.2650109891429,172,-193664.819467316,-192872.730195326,1,1,0.0128205128205128,"specific_effect_common6_specific4",76,1000,100,4,6,4,0.5,40,0.857142857142857,30,90,3
"Eta centered path BIC + refit",4,NA,NA,NA,1.87801983816845,0.720085795210459,97492.6575625798,NA,TRUE,27,22,23,1,0.0128205128205128,0.956521739130435,0.977777777777778,NA,NA,NA,NA,5.58769000178293e-05,2.16312247796369,0.119326842356167,58.1417476442686,95,-194329.078373656,-193891.587205987,1,1,0.0128205128205128,"specific_effect_common6_specific4",76,1000,100,4,6,4,0.5,40,0.857142857142857,30,90,3
"Rossi path BIC",4,35.4485938559303,NA,NA,NA,0.688805513806218,97456.5475015298,96955.0912944423,TRUE,2,22,99,1,0.987179487179487,0.222222222222222,0.363636363636364,1,0.611111111111111,0.153846153846154,0.266666666666667,0.000117517060506114,4.23553967745361,0.23458407374085,59.4150524551532,263,-193096.355364687,-191885.195605772,1,1,0.987179487179487,"specific_effect_common6_specific4",77,1000,100,4,6,4,0.5,40,0.857142857142857,30,90,3
"Rossi path BIC + refit",4,35.4485938559303,NA,NA,NA,0.665973071015832,97498.0572392246,NA,TRUE,14,22,99,1,0.987179487179487,0.222222222222222,0.363636363636364,NA,NA,NA,NA,0.000310600410356865,4.79530797974399,0.56869593865823,59.5830242336142,399,-192239.920122135,-190402.457217926,1,1,0.987179487179487,"specific_effect_common6_specific4",77,1000,100,4,6,4,0.5,40,0.857142857142857,30,90,3
"Separate 2D path/grid BIC",4,NA,57.5710160417399,0,NA,0.6876065586466,97411.0065379011,96654.0234763073,TRUE,2,22,96,1,0.948717948717949,0.229166666666667,0.372881355932203,1,0.433333333333333,0.204081632653061,0.338983050847458,6.67039179410621e-05,3.63118255709742,0.134412107115305,59.2305921528282,199,-193447.369775285,-192530.940908273,1,1,0.948717948717949,"specific_effect_common6_specific4",77,1000,100,4,6,4,0.5,40,0.857142857142857,30,90,3
"Separate 2D path/grid BIC + refit",4,NA,57.5710160417399,0,NA,0.669122334150285,97494.9471796128,NA,TRUE,14,22,96,1,0.948717948717949,0.229166666666667,0.372881355932203,NA,NA,NA,NA,0.000302011868213173,4.66231713276115,0.555228847248219,59.5502076733122,387,-192316.59306626,-190534.392204282,1,1,0.948717948717949,"specific_effect_common6_specific4",77,1000,100,4,6,4,0.5,40,0.857142857142857,30,90,3
"Eta centered path BIC",4,NA,NA,NA,1.55916280591584,0.600479736100629,97305.0060063879,96960.7209383154,TRUE,20,22,26,1,0.0512820512820513,0.846153846153846,0.916666666666667,NA,NA,NA,NA,0.000227987838428801,10.3126682754838,0.249304124920499,59.6422275985829,181,-193359.70830728,-192526.172503616,1,1,0.0512820512820513,"specific_effect_common6_specific4",77,1000,100,4,6,4,0.5,40,0.857142857142857,30,90,3
"Eta centered path BIC + refit",4,NA,NA,NA,1.55916280591584,0.691416750309458,97352.4996405121,NA,TRUE,26,22,26,1,0.0512820512820513,0.846153846153846,0.916666666666667,NA,NA,NA,NA,8.48530408396259e-05,3.15554957861942,0.170342578311283,59.2009382502399,107,-193965.869466173,-193473.116256272,1,1,0.0512820512820513,"specific_effect_common6_specific4",77,1000,100,4,6,4,0.5,40,0.857142857142857,30,90,3
"Rossi path BIC",4,17.5035686852023,NA,NA,NA,0.654173895051683,97528.8977691166,97257.4548494126,TRUE,2,22,100,1,1,0.22,0.360655737704918,1,0.816666666666667,0.119760479041916,0.213903743315508,0.000257488222884339,1.6834579264573,0.523550721669884,58.2345448255571,337,-192729.882009216,-191177.939656538,1,1,1,"specific_effect_common6_specific4",78,1000,100,4,6,4,0.5,40,0.857142857142857,30,90,3
"Rossi path BIC + refit",4,17.5035686852023,NA,NA,NA,0.639991607028134,97542.0172626704,NA,TRUE,10,22,100,1,1,0.22,0.360655737704918,NA,NA,NA,NA,0.000389315927969973,1.41209441597763,0.71138713119797,58.1023578971483,403,-192300.209147911,-190444.325562958,1,1,1,"specific_effect_common6_specific4",78,1000,100,4,6,4,0.5,40,0.857142857142857,30,90,3
"Separate 2D path/grid BIC",4,NA,53.155989798757,0,NA,0.68637835066608,97461.415175105,96745.0770743319,TRUE,2,22,95,1,0.935897435897436,0.231578947368421,0.376068376068376,1,0.472222222222222,0.19047619047619,0.32,0.000118764940322991,1.24058251839224,0.283687029503513,57.9795508853478,213,-193451.478475787,-192470.577226171,1,1,0.935897435897436,"specific_effect_common6_specific4",78,1000,100,4,6,4,0.5,40,0.857142857142857,30,90,3
"Separate 2D path/grid BIC + refit",4,NA,53.155989798757,0,NA,0.656500970337442,97539.7242741745,NA,TRUE,12,22,95,1,0.935897435897436,0.231578947368421,0.376068376068376,NA,NA,NA,NA,0.000384941534543073,1.33830621565624,0.698278274129064,58.0638860128466,383,-192433.778276499,-190669.998095265,1,1,0.935897435897436,"specific_effect_common6_specific4",78,1000,100,4,6,4,0.5,40,0.857142857142857,30,90,3
"Eta centered path BIC",4,NA,NA,NA,1.9397016429381,0.610026366818605,97284.2236198256,96901.8179197945,TRUE,29,22,25,1,0.0384615384615385,0.88,0.936170212765957,NA,NA,NA,NA,0.000342466271018984,20.2312398386241,0.589380973543589,58.1858022132955,178,-193338.866799992,-192519.146506887,1,1,0.0384615384615385,"specific_effect_common6_specific4",78,1000,100,4,6,4,0.5,40,0.857142857142857,30,90,3
"Eta centered path BIC + refit",4,NA,NA,NA,1.9397016429381,0.687733234637139,97368.6691132088,NA,TRUE,24,22,25,1,0.0384615384615385,0.88,0.936170212765957,NA,NA,NA,NA,0.000123991602249772,1.95406720133118,0.239564189884747,57.74565934418,103,-194025.839432682,-193551.506903526,1,1,0.0384615384615385,"specific_effect_common6_specific4",78,1000,100,4,6,4,0.5,40,0.857142857142857,30,90,3
"Rossi path BIC",4,17.7794469417727,NA,NA,NA,0.681845113565606,97342.9122801575,97077.7833316589,TRUE,2,22,100,1,1,0.22,0.360655737704918,1,0.744444444444444,0.12987012987013,0.229885057471264,0.000199243866823667,2.28776018453702,0.368198278191886,57.8596209267381,311,-192537.512668552,-191105.304740709,1,1,1,"specific_effect_common6_specific4",79,1000,100,4,6,4,0.5,40,0.857142857142857,30,90,3
"Rossi path BIC + refit",4,17.7794469417727,NA,NA,NA,0.64825953267704,97357.8580884526,NA,TRUE,19,22,100,1,1,0.22,0.360655737704918,NA,NA,NA,NA,0.000372295380116866,3.11282556473889,0.586021959271191,57.7746397622968,403,-191931.890799475,-190076.007214522,1,1,1,"specific_effect_common6_specific4",79,1000,100,4,6,4,0.5,40,0.857142857142857,30,90,3
"Separate 2D path/grid BIC",4,NA,39.2638477068396,2.7667503328891,NA,0.682235223667719,97285.7404942204,96154.3713351462,TRUE,2,22,91,1,0.884615384615385,0.241758241758242,0.389380530973451,1,0.461111111111111,0.194174757281553,0.32520325203252,0.00012845003492403,11.5187609190002,0.216055768083715,54.3253782743251,209,-193127.760135134,-192165.279566262,1,1,0.884615384615385,"specific_effect_common6_specific4",79,1000,100,4,6,4,0.5,40,0.857142857142857,30,90,3
"Separate 2D path/grid BIC + refit",4,NA,39.2638477068396,2.7667503328891,NA,0.650807372220405,97354.120304497,NA,TRUE,12,22,91,1,0.884615384615385,0.241758241758242,0.389380530973451,NA,NA,NA,NA,0.000362663929229501,3.110502812629,0.569284764023586,57.7127899352827,367,-192173.094421608,-190482.99696335,1,1,0.884615384615385,"specific_effect_common6_specific4",79,1000,100,4,6,4,0.5,40,0.857142857142857,30,90,3
"Eta centered path BIC",4,NA,NA,NA,1.77309691503421,0.619629063189804,97140.130313677,96768.9564535533,TRUE,43,22,24,1,0.0256410256410256,0.916666666666667,0.956521739130435,NA,NA,NA,NA,0.000280121790427112,6.54891595019905,0.376751376464066,57.609409630882,175,-193071.403453532,-192265.498670984,1,1,0.0256410256410256,"specific_effect_common6_specific4",79,1000,100,4,6,4,0.5,40,0.857142857142857,30,90,3
"Eta centered path BIC + refit",4,NA,NA,NA,1.77309691503421,0.698708345434027,97216.7537629565,NA,TRUE,25,22,24,1,0.0256410256410256,0.916666666666667,0.956521739130435,NA,NA,NA,NA,8.84958012006547e-05,1.93842088165559,0.163745284156579,57.2046336870886,99,-193749.639753294,-193293.727904881,1,1,0.0256410256410256,"specific_effect_common6_specific4",79,1000,100,4,6,4,0.5,40,0.857142857142857,30,90,3
"Rossi path BIC",4,40.433515582355,NA,NA,NA,0.67664439611981,97769.9222030388,97219.945094157,TRUE,2,22,97,1,0.961538461538462,0.22680412371134,0.369747899159664,1,0.516666666666667,0.176991150442478,0.300751879699248,9.04214217112003e-05,5.07592383143874,0.23827646082162,59.0358118403027,229,-193957.968447191,-192903.3844746,1,1,0.961538461538462,"specific_effect_common6_specific4",80,1000,100,4,6,4,0.5,40,0.857142857142857,30,90,3
"Rossi path BIC + refit",4,40.433515582355,NA,NA,NA,0.6324466647961,97819.4784871357,NA,TRUE,14,22,97,1,0.961538461538462,0.22680412371134,0.369747899159664,NA,NA,NA,NA,0.000274798260877086,5.01632416079284,0.540308529957728,59.2830747319282,391,-192938.024660189,-191137.403117468,1,1,0.961538461538462,"specific_effect_common6_specific4",80,1000,100,4,6,4,0.5,40,0.857142857142857,30,90,3
"Separate 2D path/grid BIC",4,NA,63.8188168926709,0,NA,0.679219993115458,97734.1888720672,96910.9070909886,TRUE,2,22,88,1,0.846153846153846,0.25,0.4,1,0.363888888888889,0.233918128654971,0.37914691943128,6.95865778369052e-05,4.67537311280642,0.174526124892554,58.9120451957354,174,-194266.428325592,-193465.12871323,1,1,0.846153846153846,"specific_effect_common6_specific4",80,1000,100,4,6,4,0.5,40,0.857142857142857,30,90,3
"Separate 2D path/grid BIC + refit",4,NA,63.8188168926709,0,NA,0.641154269698888,97813.5866698671,NA,TRUE,12,22,88,1,0.846153846153846,0.25,0.4,NA,NA,NA,NA,0.000257809547400944,4.65319969452845,0.514358265439672,59.1658580824594,355,-193174.920215696,-191540.08479967,1,1,0.846153846153846,"specific_effect_common6_specific4",80,1000,100,4,6,4,0.5,40,0.857142857142857,30,90,3
"Eta centered path BIC",4,NA,NA,NA,1.76310050178292,0.62969169333635,97625.2307910958,97253.597014747,TRUE,18,22,25,1,0.0384615384615385,0.88,0.936170212765957,NA,NA,NA,NA,0.000319592470140877,9.53553020211026,0.355100732091044,59.3590857118581,178,-194020.881142533,-193201.160849427,1,1,0.0384615384615385,"specific_effect_common6_specific4",80,1000,100,4,6,4,0.5,40,0.857142857142857,30,90,3
"Eta centered path BIC + refit",4,NA,NA,NA,1.76310050178292,0.662281650514436,97676.8941379578,NA,TRUE,24,22,25,1,0.0384615384615385,0.88,0.936170212765957,NA,NA,NA,NA,7.60754163377541e-05,3.18086200441228,0.173850483220378,58.7685614038106,103,-194642.28948218,-194167.956953024,1,1,0.0384615384615385,"specific_effect_common6_specific4",80,1000,100,4,6,4,0.5,40,0.857142857142857,30,90,3
"Rossi path BIC",4,19.4615306234845,NA,NA,NA,0.637929076059507,97636.3963561123,97338.7250736347,TRUE,2,22,100,1,1,0.22,0.360655737704918,1,0.772222222222222,0.125786163522013,0.223463687150838,0.000220569194513534,4.79952903876284,0.457524764173234,59.5001516475174,321,-193055.403267671,-191577.143637969,1,1,1,"specific_effect_common6_specific4",81,1000,100,4,6,4,0.5,40,0.857142857142857,30,90,3
"Rossi path BIC + refit",4,19.4615306234845,NA,NA,NA,0.624180047585562,97651.8597440081,NA,TRUE,16,22,100,1,1,0.22,0.360655737704918,NA,NA,NA,NA,0.000366861252765028,4.23980916328017,0.716233800623363,59.3068614183209,403,-192519.894110586,-190664.010525633,1,1,1,"specific_effect_common6_specific4",81,1000,100,4,6,4,0.5,40,0.857142857142857,30,90,3
"Separate 2D path/grid BIC",4,NA,95.1926555024851,3.92603225508878,NA,0.684123207943729,97462.7501865408,95435.8670423558,TRUE,2,22,71,1,0.628205128205128,0.309859154929577,0.473118279569892,1,0.213888888888889,0.341880341880342,0.509554140127389,8.22316402600541e-05,16.0698632051448,0.156160539308224,53.6085357314165,120,-194096.569739604,-193543.949317285,1,1,0.628205128205128,"specific_effect_common6_specific4",81,1000,100,4,6,4,0.5,40,0.857142857142857,30,90,3
"Separate 2D path/grid BIC + refit",4,NA,95.1926555024851,3.92603225508878,NA,0.629584552429386,97618.8835684294,NA,TRUE,42,22,71,1,0.628205128205128,0.309859154929577,0.473118279569892,NA,NA,NA,NA,0.000288800211664606,2.84708719571902,0.568183920434873,58.9537066987254,287,-193255.241371791,-191933.557528412,1,1,0.628205128205128,"specific_effect_common6_specific4",81,1000,100,4,6,4,0.5,40,0.857142857142857,30,90,3
"Eta centered path BIC",4,NA,NA,NA,1.65040954739701,0.59467233284183,97461.4018737106,97105.466075929,TRUE,12,22,26,1,0.0512820512820513,0.846153846153846,0.916666666666667,NA,NA,NA,NA,0.000278073249149328,15.5042490993275,0.398176927971315,59.1553526836208,181,-193672.500041925,-192838.964238262,1,1,0.0512820512820513,"specific_effect_common6_specific4",81,1000,100,4,6,4,0.5,40,0.857142857142857,30,90,3
"Eta centered path BIC + refit",4,NA,NA,NA,1.65040954739701,0.667993461071164,97495.5150224082,NA,TRUE,34,22,26,1,0.0512820512820513,0.846153846153846,0.916666666666667,NA,NA,NA,NA,0.00012026714642645,1.87672168133934,0.24523351779492,58.6065305394231,107,-194251.900229965,-193759.147020065,1,1,0.0512820512820513,"specific_effect_common6_specific4",81,1000,100,4,6,4,0.5,40,0.857142857142857,30,90,3
"Rossi path BIC",4,33.1554218711485,NA,NA,NA,0.719728319912174,97508.9473271185,97038.4816810325,TRUE,2,22,100,1,1,0.22,0.360655737704918,1,0.597222222222222,0.156862745098039,0.271186440677966,0.000130461726800089,1.17679919784803,0.296029197211002,58.1295259655862,258,-193235.69379226,-192047.559884275,1,1,1,"specific_effect_common6_specific4",82,1000,100,4,6,4,0.5,40,0.857142857142857,30,90,3
"Rossi path BIC + refit",4,33.1554218711485,NA,NA,NA,0.689922468399549,97544.9107889608,NA,TRUE,12,22,100,1,1,0.22,0.360655737704918,NA,NA,NA,NA,0.000310950893109705,0.868777554330475,0.576636416824448,58.0999352833076,403,-192305.996200492,-190450.112615539,1,1,1,"specific_effect_common6_specific4",82,1000,100,4,6,4,0.5,40,0.857142857142857,30,90,3
"Separate 2D path/grid BIC",4,NA,75.7561432912995,0,NA,0.717214117693157,97432.5453512743,96470.9729258313,TRUE,2,22,83,1,0.782051282051282,0.265060240963855,0.419047619047619,1,0.288888888888889,0.277777777777778,0.434782608695652,6.41290833517935e-05,0.875007407013773,0.161555605580643,57.6966429918884,147,-193849.650676538,-193172.690659198,1,1,0.782051282051282,"specific_effect_common6_specific4",82,1000,100,4,6,4,0.5,40,0.857142857142857,30,90,3
"Separate 2D path/grid BIC + refit",4,NA,75.7561432912995,0,NA,0.686317059155088,97529.5554437878,NA,TRUE,12,22,83,1,0.782051282051282,0.265060240963855,0.419047619047619,NA,NA,NA,NA,0.000276259419669697,0.705815333907912,0.533082513469543,57.9609323830954,335,-192745.012869117,-191202.28085681,1,1,0.782051282051282,"specific_effect_common6_specific4",82,1000,100,4,6,4,0.5,40,0.857142857142857,30,90,3
"Eta centered path BIC",4,NA,NA,NA,1.7976498200195,0.641681882510608,97327.8918286655,96960.8315382051,TRUE,14,22,22,1,0,1,1,NA,NA,NA,NA,0.000260924007484503,11.3996578506053,0.424212519327534,57.5340874003246,169,-193488.373015183,-192710.099253751,1,1,0,"specific_effect_common6_specific4",82,1000,100,4,6,4,0.5,40,0.857142857142857,30,90,3
"Eta centered path BIC + refit",4,NA,NA,NA,1.7976498200195,0.727923613423039,97386.3247201741,NA,TRUE,21,22,22,1,0,1,1,NA,NA,NA,NA,7.11850832836035e-05,0.757280627391401,0.152084056909576,57.1227307323632,91,-194144.043709961,-193724.973223036,1,1,0,"specific_effect_common6_specific4",82,1000,100,4,6,4,0.5,40,0.857142857142857,30,90,3
"Rossi path BIC",4,46.155948608043,NA,NA,NA,0.676670966977662,97664.5361516275,97035.9453576337,TRUE,2,22,95,1,0.935897435897436,0.231578947368421,0.376068376068376,1,0.494444444444444,0.18348623853211,0.310077519379845,0.000105369827618699,3.04907889183862,0.242171215716554,59.0937289297418,221,-193802.4583866,-192784.715775497,1,1,0.935897435897436,"specific_effect_common6_specific4",83,1000,100,4,6,4,0.5,40,0.857142857142857,30,90,3
"Rossi path BIC + refit",4,46.155948608043,NA,NA,NA,0.662989438587339,97720.7473909195,NA,TRUE,11,22,95,1,0.935897435897436,0.231578947368421,0.376068376068376,NA,NA,NA,NA,0.000317183159313953,3.08215191478466,0.609980585712413,59.0955752285732,383,-192795.824509989,-191032.044328755,1,1,0.935897435897436,"specific_effect_common6_specific4",83,1000,100,4,6,4,0.5,40,0.857142857142857,30,90,3
"Separate 2D path/grid BIC",4,NA,85.5982472120363,0,NA,0.696009433592976,97594.257067628,96524.0260555037,TRUE,2,22,73,1,0.653846153846154,0.301369863013699,0.463157894736842,1,0.233333333333333,0.32258064516129,0.48780487804878,5.95807547531103e-05,2.29492079271575,0.139879678299847,58.8686358861433,127,-194311.229214825,-193726.372601205,1,1,0.653846153846154,"specific_effect_common6_specific4",83,1000,100,4,6,4,0.5,40,0.857142857142857,30,90,3
"Separate 2D path/grid BIC + refit",4,NA,85.5982472120363,0,NA,0.673936907437305,97695.7271549347,NA,TRUE,14,22,73,1,0.653846153846154,0.301369863013699,0.463157894736842,NA,NA,NA,NA,0.00027002237327775,2.88313695876165,0.531394375728122,58.980751387491,295,-193353.66650257,-191995.141297703,1,1,0.653846153846154,"specific_effect_common6_specific4",83,1000,100,4,6,4,0.5,40,0.857142857142857,30,90,3
"Eta centered path BIC",4,NA,NA,NA,1.63163051927327,0.62426451612825,97517.524773471,97172.8827299988,TRUE,21,22,29,1,0.0897435897435897,0.758620689655172,0.862745098039216,NA,NA,NA,NA,0.000252812183969784,12.2945948580309,0.38697026888127,59.27318674391,190,-193722.576043935,-192847.593708598,1,1,0.0897435897435897,"specific_effect_common6_specific4",83,1000,100,4,6,4,0.5,40,0.857142857142857,30,90,3
"Eta centered path BIC + refit",4,NA,NA,NA,1.63163051927327,0.678904395226917,97589.6793072616,NA,TRUE,28,22,29,1,0.0897435897435897,0.758620689655172,0.862745098039216,NA,NA,NA,NA,0.000118090277256472,1.74395104924103,0.252880533331327,58.7150483456809,119,-194357.335736324,-193809.320484192,1,1,0.0897435897435897,"specific_effect_common6_specific4",83,1000,100,4,6,4,0.5,40,0.857142857142857,30,90,3
"Rossi path BIC",4,27.8035459127466,NA,NA,NA,0.652037366039646,97557.7208947995,97157.5391488623,TRUE,2,22,100,1,1,0.22,0.360655737704918,1,0.644444444444444,0.147058823529412,0.256410256410256,0.000182567032727573,2.68350704718014,0.311184386088109,58.7773352273105,275,-193215.809087879,-191949.387286732,1,1,1,"specific_effect_common6_specific4",84,1000,100,4,6,4,0.5,40,0.857142857142857,30,90,3
"Rossi path BIC + refit",4,27.8035459127466,NA,NA,NA,0.639825333331958,97583.7234676158,NA,TRUE,11,22,100,1,1,0.22,0.360655737704918,NA,NA,NA,NA,0.000322585084864839,3.24878278555154,0.557082546449895,58.7822978803663,403,-192383.621557802,-190527.737972849,1,1,1,"specific_effect_common6_specific4",84,1000,100,4,6,4,0.5,40,0.857142857142857,30,90,3
"Separate 2D path/grid BIC",4,NA,59.0869372843109,0,NA,0.668049881602581,97503.5948934677,96730.0286665449,TRUE,2,22,91,1,0.884615384615385,0.241758241758242,0.389380530973451,1,0.383333333333333,0.224719101123595,0.36697247706422,0.000112289453618245,1.32587084979835,0.183545472145095,58.41690770965,181,-193756.88608144,-192923.350277776,1,1,0.884615384615385,"specific_effect_common6_specific4",84,1000,100,4,6,4,0.5,40,0.857142857142857,30,90,3
"Separate 2D path/grid BIC + refit",4,NA,59.0869372843109,0,NA,0.63766871404544,97577.3327193244,NA,TRUE,12,22,91,1,0.884615384615385,0.241758241758242,0.389380530973451,NA,NA,NA,NA,0.000310417210958637,2.58214933417018,0.526569818514473,58.643518284375,367,-192619.519251262,-190929.421793005,1,1,0.884615384615385,"specific_effect_common6_specific4",84,1000,100,4,6,4,0.5,40,0.857142857142857,30,90,3
"Eta centered path BIC",4,NA,NA,NA,2.07790296046087,0.581589116018572,97330.347422063,96936.43439862,TRUE,24,22,21,0.954545454545455,0,1,0.976744186046512,NA,NA,NA,NA,0.000398353262459329,21.5255038644685,0.617200943538128,58.2731718084581,166,-193514.007467815,-192749.549216941,1,0.9375,0,"specific_effect_common6_specific4",84,1000,100,4,6,4,0.5,40,0.857142857142857,30,90,3
"Eta centered path BIC + refit",4,NA,NA,NA,2.07790296046087,0.666327102021241,97387.2581210247,NA,TRUE,30,22,21,0.954545454545455,0,1,0.976744186046512,NA,NA,NA,NA,0.000156231022155835,0.383059197152883,0.155086748353824,57.7234849212727,87,-194173.541532778,-193772.891726597,1,0.9375,0,"specific_effect_common6_specific4",84,1000,100,4,6,4,0.5,40,0.857142857142857,30,90,3
"Rossi path BIC",4,36.3622653594577,NA,NA,NA,0.671000794039374,97618.6596619301,97094.5422089673,TRUE,2,22,100,1,1,0.22,0.360655737704918,1,0.65,0.145985401459854,0.254777070063694,0.000172337421914194,2.66388900776166,0.337547406365379,58.7468323701888,277,-193323.871111582,-192048.238970063,1,1,1,"specific_effect_common6_specific4",85,1000,100,4,6,4,0.5,40,0.857142857142857,30,90,3
"Rossi path BIC + refit",4,36.3622653594577,NA,NA,NA,0.636632579077938,97669.0558512994,NA,TRUE,16,22,100,1,1,0.22,0.360655737704918,NA,NA,NA,NA,0.000422442394756612,3.06988110647699,0.753718584082715,58.5678322613365,403,-192554.286325169,-190698.402740216,1,1,1,"specific_effect_common6_specific4",85,1000,100,4,6,4,0.5,40,0.857142857142857,30,90,3
"Separate 2D path/grid BIC",4,NA,60.5575006902045,0,NA,0.667765026683085,97565.9508193723,96760.8662682424,TRUE,2,22,97,1,0.961538461538462,0.22680412371134,0.369747899159664,1,0.413888888888889,0.211640211640212,0.349344978165939,0.000106088037551421,1.99137251232943,0.210134430549794,58.4752473321829,192,-193805.61262518,-192921.41994947,1,1,0.961538461538462,"specific_effect_common6_specific4",85,1000,100,4,6,4,0.5,40,0.857142857142857,30,90,3
"Separate 2D path/grid BIC + refit",4,NA,60.5575006902045,0,NA,0.635632694318486,97666.0525783573,NA,TRUE,16,22,97,1,0.961538461538462,0.22680412371134,0.369747899159664,NA,NA,NA,NA,0.00042068412320525,2.94820530708163,0.745627487329393,58.5188383693566,391,-192631.172842633,-190830.551299911,1,1,0.961538461538462,"specific_effect_common6_specific4",85,1000,100,4,6,4,0.5,40,0.857142857142857,30,90,3
"Eta centered path BIC",4,NA,NA,NA,1.6939046940267,0.613020410322885,97424.6927480902,97072.1368276219,TRUE,14,22,26,1,0.0512820512820513,0.846153846153846,0.916666666666667,NA,NA,NA,NA,0.000281999463267328,13.4057914446242,0.415308543439264,58.5206644256625,181,-193599.081790685,-192765.545987021,1,1,0.0512820512820513,"specific_effect_common6_specific4",85,1000,100,4,6,4,0.5,40,0.857142857142857,30,90,3
"Eta centered path BIC + refit",4,NA,NA,NA,1.6939046940267,0.683795832523113,97483.8720955416,NA,TRUE,29,22,26,1,0.0512820512820513,0.846153846153846,0.916666666666667,NA,NA,NA,NA,0.000100070351625621,1.42381931835304,0.201692455393659,57.9702226365856,107,-194228.614376232,-193735.861166331,1,1,0.0512820512820513,"specific_effect_common6_specific4",85,1000,100,4,6,4,0.5,40,0.857142857142857,30,90,3
"Rossi path BIC",4,33.6141171476301,NA,NA,NA,0.667612506246417,97159.0302494236,96682.932139753,TRUE,2,22,100,1,1,0.22,0.360655737704918,1,0.616666666666667,0.152671755725191,0.264900662251656,0.000110454624329762,1.52878751411215,0.287168626501023,58.1714725763715,265,-192487.505349917,-191267.13525063,1,1,1,"specific_effect_common6_specific4",86,1000,100,4,6,4,0.5,40,0.857142857142857,30,90,3
"Rossi path BIC + refit",4,33.6141171476301,NA,NA,NA,0.624054344066362,97201.1774500418,NA,TRUE,17,22,100,1,1,0.22,0.360655737704918,NA,NA,NA,NA,0.000331397616526948,1.38094239675996,0.652266514266199,58.3014631657453,403,-191618.529522654,-189762.645937701,1,1,1,"specific_effect_common6_specific4",86,1000,100,4,6,4,0.5,40,0.857142857142857,30,90,3
"Separate 2D path/grid BIC",4,NA,69.2109202064011,0,NA,0.687478680826337,97093.8414184546,96206.832955789,TRUE,2,22,89,1,0.858974358974359,0.247191011235955,0.396396396396396,1,0.333333333333333,0.25,0.4,5.51300916092166e-05,1.06238752796951,0.145783538539976,57.7932701197232,163,-193061.718726435,-192311.075986119,1,1,0.858974358974359,"specific_effect_common6_specific4",86,1000,100,4,6,4,0.5,40,0.857142857142857,30,90,3
"Separate 2D path/grid BIC + refit",4,NA,69.2109202064011,0,NA,0.634486928526101,97192.4134852449,NA,TRUE,14,22,89,1,0.858974358974359,0.247191011235955,0.396396396396396,NA,NA,NA,NA,0.000293052995203142,1.49077581667593,0.595110933924767,58.2654554087456,359,-191904.942825335,-190251.686728566,1,1,0.858974358974359,"specific_effect_common6_specific4",86,1000,100,4,6,4,0.5,40,0.857142857142857,30,90,3
"Eta centered path BIC",4,NA,NA,NA,1.85585786461844,0.613658888715527,96966.5929422045,96588.3894961073,TRUE,31,22,26,1,0.0512820512820513,0.846153846153846,0.916666666666667,NA,NA,NA,NA,0.000292205140981789,17.1222399417897,0.457362224998746,58.1937721465252,181,-192682.882178913,-191849.346375249,1,1,0.0512820512820513,"specific_effect_common6_specific4",86,1000,100,4,6,4,0.5,40,0.857142857142857,30,90,3
"Eta centered path BIC + refit",4,NA,NA,NA,1.85585786461844,0.674432059597085,97050.5729689241,NA,TRUE,25,22,26,1,0.0512820512820513,0.846153846153846,0.916666666666667,NA,NA,NA,NA,8.23787629194001e-05,1.36341728606218,0.178777480340027,57.7710303349646,107,-193362.016122997,-192869.262913096,1,1,0.0512820512820513,"specific_effect_common6_specific4",86,1000,100,4,6,4,0.5,40,0.857142857142857,30,90,3
"Rossi path BIC",4,12.4955920556315,NA,NA,NA,0.694704172845886,98101.600582477,97907.0316499876,TRUE,2,22,100,1,1,0.22,0.360655737704918,1,0.855555555555556,0.114942528735632,0.206185567010309,0.000199155144392821,5.89876944330169,0.405894677425414,59.7720258427129,351,-193778.579062031,-192162.16432675,1,1,1,"specific_effect_common6_specific4",87,1000,100,4,6,4,0.5,40,0.857142857142857,30,90,3
"Rossi path BIC + refit",4,12.4955920556315,NA,NA,NA,0.682302797165569,98107.9371400051,NA,TRUE,7,22,100,1,1,0.22,0.360655737704918,NA,NA,NA,NA,0.000281212778221061,6.3681755823886,0.53692913513566,59.8916684710725,403,-193432.04890258,-191576.165317627,1,1,1,"specific_effect_common6_specific4",87,1000,100,4,6,4,0.5,40,0.857142857142857,30,90,3
"Separate 2D path/grid BIC",4,NA,45.0954379810806,3.84586354274245,NA,0.699359875977814,98001.8077656679,96566.7219444096,TRUE,2,22,91,1,0.884615384615385,0.241758241758242,0.389380530973451,1,0.427777777777778,0.206185567010309,0.341880341880342,8.6736304684474e-05,11.8402440184586,0.174997402946681,54.1238294049848,197,-194642.787741376,-193735.569214737,1,1,0.884615384615385,"specific_effect_common6_specific4",87,1000,100,4,6,4,0.5,40,0.857142857142857,30,90,3
"Separate 2D path/grid BIC + refit",4,NA,45.0954379810806,3.84586354274245,NA,0.68847633223221,98101.5840290129,NA,TRUE,28,22,91,1,0.884615384615385,0.241758241758242,0.389380530973451,NA,NA,NA,NA,0.000272091191683763,5.3953330673881,0.514593877207673,59.6359022202001,367,-193668.021870639,-191977.924412382,1,1,0.884615384615385,"specific_effect_common6_specific4",87,1000,100,4,6,4,0.5,40,0.857142857142857,30,90,3
"Eta centered path BIC",4,NA,NA,NA,1.85181524244472,0.667448826677629,97902.7263034702,97507.6464120408,TRUE,24,22,23,1,0.0128205128205128,0.956521739130435,0.977777777777778,NA,NA,NA,NA,0.000282746163819115,10.83717848122,0.34408870687318,59.1421707101452,172,-194617.318698955,-193825.229426965,1,1,0.0128205128205128,"specific_effect_common6_specific4",87,1000,100,4,6,4,0.5,40,0.857142857142857,30,90,3
"Eta centered path BIC + refit",4,NA,NA,NA,1.85181524244472,0.725323475362478,97957.4853331201,NA,TRUE,28,22,23,1,0.0128205128205128,0.956521739130435,0.977777777777778,NA,NA,NA,NA,6.53500584130084e-05,2.5369338363891,0.148356397132622,58.6454252895979,95,-195258.733914737,-194821.242747068,1,1,0.0128205128205128,"specific_effect_common6_specific4",87,1000,100,4,6,4,0.5,40,0.857142857142857,30,90,3
"Rossi path BIC",4,33.6660175510648,NA,NA,NA,0.646363420633445,97212.8068267145,96731.4211878804,TRUE,2,22,100,1,1,0.22,0.360655737704918,1,0.613888888888889,0.153256704980843,0.26578073089701,0.000130020872166092,2.21264291443819,0.29999452198592,58.7309046495163,264,-192601.966259778,-191386.201330677,1,1,1,"specific_effect_common6_specific4",88,1000,100,4,6,4,0.5,40,0.857142857142857,30,90,3
"Rossi path BIC + refit",4,33.6660175510648,NA,NA,NA,0.619213828300717,97250.8801987533,NA,TRUE,13,22,100,1,1,0.22,0.360655737704918,NA,NA,NA,NA,0.000324758059108821,3.30517776177978,0.601921794288473,59.0650450638092,403,-191717.935020077,-189862.051435124,1,1,1,"specific_effect_common6_specific4",88,1000,100,4,6,4,0.5,40,0.857142857142857,30,90,3
"Separate 2D path/grid BIC",4,NA,61.5020128501993,3.53770961057446,NA,0.670306092657915,97119.283579378,95561.8535554748,TRUE,2,22,91,1,0.884615384615385,0.241758241758242,0.389380530973451,1,0.338888888888889,0.246913580246914,0.396039603960396,6.40460166812549e-05,15.7963250313396,0.173572402860796,53.5695538665916,165,-193098.787537724,-192338.934457036,1,1,0.884615384615385,"specific_effect_common6_specific4",88,1000,100,4,6,4,0.5,40,0.857142857142857,30,90,3
"Separate 2D path/grid BIC + refit",4,NA,61.5020128501993,3.53770961057446,NA,0.606825554181632,97243.8965993875,NA,TRUE,16,22,91,1,0.884615384615385,0.241758241758242,0.389380530973451,NA,NA,NA,NA,0.000319813056356134,2.68438255600614,0.57533898898176,58.8195940962249,367,-191952.647011389,-190262.549553131,1,1,0.884615384615385,"specific_effect_common6_specific4",88,1000,100,4,6,4,0.5,40,0.857142857142857,30,90,3
"Eta centered path BIC",4,NA,NA,NA,1.89523539388092,0.555764240637913,96999.8921666732,96618.6644575494,TRUE,28,22,24,1,0.0256410256410256,0.916666666666667,0.956521739130435,NA,NA,NA,NA,0.000357407655577521,18.8639413475151,0.52555694200319,59.4625802108063,175,-192790.927159525,-191985.022376977,1,1,0.0256410256410256,"specific_effect_common6_specific4",88,1000,100,4,6,4,0.5,40,0.857142857142857,30,90,3
"Eta centered path BIC + refit",4,NA,NA,NA,1.89523539388092,0.691263538261102,97079.8946748894,NA,TRUE,35,22,24,1,0.0256410256410256,0.916666666666667,0.956521739130435,NA,NA,NA,NA,6.2831063342232e-05,0.795314146588692,0.123892901265365,57.9769140174407,99,-193475.92157716,-193020.009728747,1,1,0.0256410256410256,"specific_effect_common6_specific4",88,1000,100,4,6,4,0.5,40,0.857142857142857,30,90,3
"Rossi path BIC",4,35.8961232821596,NA,NA,NA,0.668896107312095,97001.8135648635,96496.8985356273,TRUE,2,22,99,1,0.987179487179487,0.222222222222222,0.363636363636364,1,0.572222222222222,0.16260162601626,0.27972027972028,0.000117747269458316,1.27209785817385,0.238007315484455,58.1584319614102,249,-192283.596065261,-191136.908688949,1,1,0.987179487179487,"specific_effect_common6_specific4",89,1000,100,4,6,4,0.5,40,0.857142857142857,30,90,3
"Rossi path BIC + refit",4,35.8961232821596,NA,NA,NA,0.634590217517724,97041.5161166525,NA,TRUE,9,22,99,1,0.987179487179487,0.222222222222222,0.363636363636364,NA,NA,NA,NA,0.000290183534250825,1.97181908608911,0.532119141902145,58.3974627359066,399,-191326.837876991,-189489.374972782,1,1,0.987179487179487,"specific_effect_common6_specific4",89,1000,100,4,6,4,0.5,40,0.857142857142857,30,90,3
"Separate 2D path/grid BIC",4,NA,76.3254519016353,3.74980524804111,NA,0.645126527599561,96891.6528591567,95131.663262798,TRUE,2,22,74,1,0.666666666666667,0.297297297297297,0.458333333333333,1,0.233333333333333,0.32258064516129,0.48780487804878,7.34596808859336e-05,22.8551800470656,0.151555886327622,53.0929120651792,127,-192906.020797883,-192321.164184262,1,1,0.666666666666667,"specific_effect_common6_specific4",89,1000,100,4,6,4,0.5,40,0.857142857142857,30,90,3
"Separate 2D path/grid BIC + refit",4,NA,76.3254519016353,3.74980524804111,NA,0.632526832053853,97017.3247471165,NA,TRUE,16,22,74,1,0.666666666666667,0.297297297297297,0.458333333333333,NA,NA,NA,NA,0.000254375675721669,1.57029630476797,0.460300886014184,57.9905161658564,299,-191969.230665817,-190592.284780207,1,1,0.666666666666667,"specific_effect_common6_specific4",89,1000,100,4,6,4,0.5,40,0.857142857142857,30,90,3
"Eta centered path BIC",4,NA,NA,NA,1.6743949699111,0.669175722576882,96847.0629422954,96493.0679027141,TRUE,25,22,25,1,0.0384615384615385,0.88,0.936170212765957,NA,NA,NA,NA,0.000185632245941436,10.2044150379129,0.298555892402168,57.3050039133213,178,-192464.545444932,-191644.825151826,1,1,0.0384615384615385,"specific_effect_common6_specific4",89,1000,100,4,6,4,0.5,40,0.857142857142857,30,90,3
"Eta centered path BIC + refit",4,NA,NA,NA,1.6743949699111,0.661730775430803,96896.3993195099,NA,TRUE,20,22,25,1,0.0384615384615385,0.88,0.936170212765957,NA,NA,NA,NA,8.7465866433441e-05,1.18887931697962,0.165947697283882,57.4877475271659,103,-193081.299845285,-192606.967316128,1,1,0.0384615384615385,"specific_effect_common6_specific4",89,1000,100,4,6,4,0.5,40,0.857142857142857,30,90,3
"Rossi path BIC",4,30.7402708859915,NA,NA,NA,0.69605674924966,97938.3882401969,97498.1050821621,TRUE,2,22,100,1,1,0.22,0.360655737704918,1,0.688888888888889,0.138888888888889,0.24390243902439,0.000140060555477496,3.77955139155215,0.309850146117753,59.2652095931085,291,-193866.61969421,-192526.515170087,1,1,1,"specific_effect_common6_specific4",90,1000,100,4,6,4,0.5,40,0.857142857142857,30,90,3
"Rossi path BIC + refit",4,30.7402708859915,NA,NA,NA,0.676826249046733,97974.1457131154,NA,TRUE,19,22,100,1,1,0.22,0.360655737704918,NA,NA,NA,NA,0.000322969307406814,4.52041169739116,0.613455439866964,59.4726094358203,403,-193164.466048801,-191308.582463848,1,1,1,"specific_effect_common6_specific4",90,1000,100,4,6,4,0.5,40,0.857142857142857,30,90,3
"Separate 2D path/grid BIC",4,NA,50.0053179291549,0,NA,0.702919065823232,97898.3066413598,97233.0834347682,TRUE,2,22,98,1,0.974358974358974,0.224489795918367,0.366666666666667,1,0.486111111111111,0.186046511627907,0.313725490196078,9.19110713510497e-05,2.66789617073497,0.216645182226938,58.8648963011559,218,-194290.722631901,-193286.795531356,1,1,0.974358974358974,"specific_effect_common6_specific4",90,1000,100,4,6,4,0.5,40,0.857142857142857,30,90,3
"Separate 2D path/grid BIC + refit",4,NA,50.0053179291549,0,NA,0.674271665323947,97972.6918813938,NA,TRUE,28,22,98,1,0.974358974358974,0.224489795918367,0.366666666666667,NA,NA,NA,NA,0.000320725305266637,4.96340182565547,0.613571740569107,59.5772848578828,395,-193216.82042759,-191397.778204124,1,1,0.974358974358974,"specific_effect_common6_specific4",90,1000,100,4,6,4,0.5,40,0.857142857142857,30,90,3
"Eta centered path BIC",4,NA,NA,NA,1.88111017069658,0.643985711862198,97736.9025736312,97353.4757850458,TRUE,29,22,23,0.954545454545455,0.0256410256410256,0.91304347826087,0.933333333333333,NA,NA,NA,NA,0.000352448475089101,19.0906124609629,0.489480862606089,59.3880248427771,172,-194285.671239278,-193493.581967288,1,0.9375,0.0256410256410256,"specific_effect_common6_specific4",90,1000,100,4,6,4,0.5,40,0.857142857142857,30,90,3
"Eta centered path BIC + refit",4,NA,NA,NA,1.88111017069658,0.688220785936722,97799.2340497023,NA,TRUE,37,22,23,0.954545454545455,0.0256410256410256,0.91304347826087,0.933333333333333,NA,NA,NA,NA,0.000160920417275974,1.17536406015463,0.226930679160994,58.1669097991265,95,-194942.231347901,-194504.740180232,1,0.9375,0.0256410256410256,"specific_effect_common6_specific4",90,1000,100,4,6,4,0.5,40,0.857142857142857,30,90,3
"Rossi path BIC",4,24.0819529754212,NA,NA,NA,0.691609841351754,98086.4754728471,97736.473677639,TRUE,2,22,98,1,0.974358974358974,0.224489795918367,0.366666666666667,1,0.694444444444444,0.137931034482759,0.242424242424242,0.00014303631196941,6.50814430614389,0.313069739497768,59.1209154778856,293,-194148.978648952,-192799.663784458,1,1,0.974358974358974,"specific_effect_common6_specific4",91,1000,100,4,6,4,0.5,40,0.857142857142857,30,90,3
"Rossi path BIC + refit",4,24.0819529754212,NA,NA,NA,0.670657738758225,98110.6369939003,NA,TRUE,14,22,98,1,0.974358974358974,0.224489795918367,0.366666666666667,NA,NA,NA,NA,0.000319055855720606,6.78862864862072,0.570366225362284,59.1149711003446,395,-193492.710652603,-191673.668429137,1,1,0.974358974358974,"specific_effect_common6_specific4",91,1000,100,4,6,4,0.5,40,0.857142857142857,30,90,3
"Separate 2D path/grid BIC",4,NA,36.8432214286697,0,NA,0.710336522878765,98063.825209268,97556.1378249574,TRUE,2,22,98,1,0.974358974358974,0.224489795918367,0.366666666666667,1,0.555555555555556,0.166666666666667,0.285714285714286,9.48800349154066e-05,6.02313332282431,0.239073893652856,58.9736388387461,243,-194449.065885743,-193330.009530548,1,1,0.974358974358974,"specific_effect_common6_specific4",91,1000,100,4,6,4,0.5,40,0.857142857142857,30,90,3
"Separate 2D path/grid BIC + refit",4,NA,36.8432214286697,0,NA,0.66691849753768,98110.6384830141,NA,TRUE,15,22,98,1,0.974358974358974,0.224489795918367,0.366666666666667,NA,NA,NA,NA,0.000319932865395246,6.63221452541854,0.569765882112928,59.0676060603486,395,-193492.71363083,-191673.671407365,1,1,0.974358974358974,"specific_effect_common6_specific4",91,1000,100,4,6,4,0.5,40,0.857142857142857,30,90,3
"Eta centered path BIC",4,NA,NA,NA,1.78418486097671,0.625709143829567,97898.7999175895,97522.6333806385,TRUE,46,22,23,1,0.0128205128205128,0.956521739130435,0.977777777777778,NA,NA,NA,NA,0.000327486096423805,18.6597885624833,0.409616578364913,59.718888029526,172,-194609.465927194,-193817.376655204,1,1,0.0128205128205128,"specific_effect_common6_specific4",91,1000,100,4,6,4,0.5,40,0.857142857142857,30,90,3
"Eta centered path BIC + refit",4,NA,NA,NA,1.78418486097671,0.704453603554495,97957.9411808399,NA,TRUE,31,22,23,1,0.0128205128205128,0.956521739130435,0.977777777777778,NA,NA,NA,NA,5.41746822553673e-05,4.38033016261281,0.134531235426307,58.1924924710288,95,-195259.645610176,-194822.154442508,1,1,0.0128205128205128,"specific_effect_common6_specific4",91,1000,100,4,6,4,0.5,40,0.857142857142857,30,90,3
"Rossi path BIC",4,25.0695381098559,NA,NA,NA,0.683140120164935,97389.8916780205,97028.3976433802,TRUE,2,22,99,1,0.987179487179487,0.222222222222222,0.363636363636364,1,0.666666666666667,0.142857142857143,0.25,0.000141020803578318,1.86499140018979,0.310447398260735,58.6111911101244,283,-192824.888612089,-191521.625449454,1,1,0.987179487179487,"specific_effect_common6_specific4",92,1000,100,4,6,4,0.5,40,0.857142857142857,30,90,3
"Rossi path BIC + refit",4,25.0695381098559,NA,NA,NA,0.647682566229485,97414.5988432454,NA,TRUE,11,22,99,1,0.987179487179487,0.222222222222222,0.363636363636364,NA,NA,NA,NA,0.00029534698573693,1.72085575627657,0.57404299846638,58.6372753759385,399,-192073.003330177,-190235.540425968,1,1,0.987179487179487,"specific_effect_common6_specific4",92,1000,100,4,6,4,0.5,40,0.857142857142857,30,90,3
"Separate 2D path/grid BIC",4,NA,74.7337343010828,3.77661503283752,NA,0.685476000035323,97269.0916761984,95525.5903404417,TRUE,2,22,71,1,0.628205128205128,0.309859154929577,0.473118279569892,1,0.225,0.330578512396694,0.496894409937888,4.86127933589429e-05,17.0028079141031,0.141609677787577,53.4716825682203,124,-193681.621697803,-193110.58059474,1,1,0.628205128205128,"specific_effect_common6_specific4",92,1000,100,4,6,4,0.5,40,0.857142857142857,30,90,3
"Separate 2D path/grid BIC + refit",4,NA,74.7337343010828,3.77661503283752,NA,0.655265116139677,97380.713721275,NA,TRUE,19,22,71,1,0.628205128205128,0.309859154929577,0.473118279569892,NA,NA,NA,NA,0.000212109756151811,1.2078544168278,0.446614966738131,58.3594783295143,287,-192778.901677482,-191457.217834104,1,1,0.628205128205128,"specific_effect_common6_specific4",92,1000,100,4,6,4,0.5,40,0.857142857142857,30,90,3
"Eta centered path BIC",4,NA,NA,NA,1.70830704076851,0.580339967338247,97210.9768643512,96850.1835933134,TRUE,13,22,26,1,0.0512820512820513,0.846153846153846,0.916666666666667,NA,NA,NA,NA,0.000274635573734305,15.879279568381,0.423711213007932,59.142532766853,181,-193171.650023207,-192338.114219543,1,1,0.0512820512820513,"specific_effect_common6_specific4",92,1000,100,4,6,4,0.5,40,0.857142857142857,30,90,3
"Eta centered path BIC + refit",4,NA,NA,NA,1.70830704076851,0.685140387391182,97286.1137208304,NA,TRUE,29,22,26,1,0.0512820512820513,0.846153846153846,0.916666666666667,NA,NA,NA,NA,7.87590907798904e-05,0.904932912295373,0.188188545556532,58.2140413765488,107,-193833.09762681,-193340.344416909,1,1,0.0512820512820513,"specific_effect_common6_specific4",92,1000,100,4,6,4,0.5,40,0.857142857142857,30,90,3
"Rossi path BIC",4,22.4992503193214,NA,NA,NA,0.676656961071083,97353.9651812371,97027.4484375098,TRUE,2,22,100,1,1,0.22,0.360655737704918,1,0.733333333333333,0.131578947368421,0.232558139534884,0.000156784261960808,3.32489449267136,0.341924273609614,58.8442013664028,307,-192587.249491827,-191173.462244728,1,1,1,"specific_effect_common6_specific4",93,1000,100,4,6,4,0.5,40,0.857142857142857,30,90,3
"Rossi path BIC + refit",4,22.4992503193214,NA,NA,NA,0.678012005084203,97373.9028443741,NA,TRUE,14,22,100,1,1,0.22,0.360655737704918,NA,NA,NA,NA,0.00027985976494044,1.90105288827901,0.536196887888628,58.5789086281483,403,-191963.980311318,-190108.096726365,1,1,1,"specific_effect_common6_specific4",93,1000,100,4,6,4,0.5,40,0.857142857142857,30,90,3
"Separate 2D path/grid BIC",4,NA,49.649823775591,3.67477568029136,NA,0.678467576971409,97269.6885084,95828.8504303153,TRUE,2,22,95,1,0.935897435897436,0.231578947368421,0.376068376068376,1,0.416666666666667,0.210526315789474,0.347826086956522,0.000100725923637107,13.4676688311151,0.20215595624305,53.8912763275285,193,-193206.180247956,-192317.382402061,1,1,0.935897435897436,"specific_effect_common6_specific4",93,1000,100,4,6,4,0.5,40,0.857142857142857,30,90,3
"Separate 2D path/grid BIC + refit",4,NA,49.649823775591,3.67477568029136,NA,0.682229568086726,97369.6699088888,NA,TRUE,18,22,95,1,0.935897435897436,0.231578947368421,0.376068376068376,NA,NA,NA,NA,0.000272046805026659,1.67027869456789,0.521196167188805,58.4744915231249,383,-192093.669545927,-190329.889364694,1,1,0.935897435897436,"specific_effect_common6_specific4",93,1000,100,4,6,4,0.5,40,0.857142857142857,30,90,3
"Eta centered path BIC",4,NA,NA,NA,1.77055244131628,0.610019426875325,97160.8616502392,96792.2253385158,TRUE,32,22,26,1,0.0512820512820513,0.846153846153846,0.916666666666667,NA,NA,NA,NA,0.000300255099181534,13.973485373622,0.423162073334319,58.6072598767173,181,-193071.419594983,-192237.883791319,1,1,0.0512820512820513,"specific_effect_common6_specific4",93,1000,100,4,6,4,0.5,40,0.857142857142857,30,90,3
"Eta centered path BIC + refit",4,NA,NA,NA,1.77055244131628,0.690316127056061,97242.2600462674,NA,TRUE,20,22,26,1,0.0512820512820513,0.846153846153846,0.916666666666667,NA,NA,NA,NA,8.37835683934507e-05,1.36189861493753,0.163812300835111,58.0509522632624,107,-193745.390277684,-193252.637067783,1,1,0.0512820512820513,"specific_effect_common6_specific4",93,1000,100,4,6,4,0.5,40,0.857142857142857,30,90,3
"Rossi path BIC",4,19.5319419268654,NA,NA,NA,0.654360173428749,97461.0530618423,97170.3371090669,TRUE,2,22,99,1,0.987179487179487,0.222222222222222,0.363636363636364,1,0.761111111111111,0.127388535031847,0.225988700564972,0.000183631175542875,11.2982859159435,0.408048898478629,59.9703977047362,317,-192732.347700247,-191272.508751289,1,1,0.987179487179487,"specific_effect_common6_specific4",94,1000,100,4,6,4,0.5,40,0.857142857142857,30,90,3
"Rossi path BIC + refit",4,19.5319419268654,NA,NA,NA,0.626610904765411,97475.064885706,NA,TRUE,24,22,99,1,0.987179487179487,0.222222222222222,0.363636363636364,NA,NA,NA,NA,0.000301412675681396,15.0012092228615,0.639380928564114,60.3692225183312,399,-192193.935415098,-190356.472510889,1,1,0.987179487179487,"specific_effect_common6_specific4",94,1000,100,4,6,4,0.5,40,0.857142857142857,30,90,3
"Separate 2D path/grid BIC",4,NA,32.8014426683812,4.40162839615809,NA,0.609728899581457,97382.6324496706,95993.3540731325,TRUE,2,22,98,1,0.974358974358974,0.224489795918367,0.366666666666667,1,0.508333333333333,0.179372197309417,0.304182509505703,0.000130630404215648,23.6092022255586,0.284114237192135,53.0875371313386,226,-193204.112206291,-192163.343744258,1,1,0.974358974358974,"specific_effect_common6_specific4",94,1000,100,4,6,4,0.5,40,0.857142857142857,30,90,3
"Separate 2D path/grid BIC + refit",4,NA,32.8014426683812,4.40162839615809,NA,0.637787078733942,97474.214450952,NA,TRUE,75,22,98,1,0.974358974358974,0.224489795918367,0.366666666666667,NA,NA,NA,NA,0.000300654170815987,14.9252306045033,0.637869548429739,60.3501014448739,395,-192219.865566706,-190400.823343241,1,1,0.974358974358974,"specific_effect_common6_specific4",94,1000,100,4,6,4,0.5,40,0.857142857142857,30,90,3
"Eta centered path BIC",4,NA,NA,NA,1.73774235625469,0.587626834110309,97271.0720332464,96911.976100134,TRUE,37,22,26,1,0.0512820512820513,0.846153846153846,0.916666666666667,NA,NA,NA,NA,0.000319250550989958,30.2625014249667,0.496035299179031,60.1964102859167,181,-193291.840360997,-192458.304557333,1,1,0.0512820512820513,"specific_effect_common6_specific4",94,1000,100,4,6,4,0.5,40,0.857142857142857,30,90,3
"Eta centered path BIC + refit",4,NA,NA,NA,1.73774235625469,0.675697697837769,97336.6524493182,NA,TRUE,35,22,26,1,0.0512820512820513,0.846153846153846,0.916666666666667,NA,NA,NA,NA,7.67439913771601e-05,6.79586357929962,0.204908593228316,58.9746038930289,107,-193934.175083785,-193441.421873885,1,1,0.0512820512820513,"specific_effect_common6_specific4",94,1000,100,4,6,4,0.5,40,0.857142857142857,30,90,3
"Rossi path BIC",4,23.18269596629,NA,NA,NA,0.72121374938744,97462.2299029421,97118.0915983393,TRUE,2,22,100,1,1,0.22,0.360655737704918,1,0.691666666666667,0.13840830449827,0.243161094224924,0.000178644997058533,1.08258018493453,0.346109061526326,57.2818525782186,292,-192907.395264422,-191562.685570113,1,1,1,"specific_effect_common6_specific4",95,1000,100,4,6,4,0.5,40,0.857142857142857,30,90,3
"Rossi path BIC + refit",4,23.18269596629,NA,NA,NA,0.683787927588197,97487.5510593415,NA,TRUE,51,22,100,1,1,0.22,0.360655737704918,NA,NA,NA,NA,0.000388309798292592,1.12254281952013,0.709280026123985,57.8385412142269,403,-192191.276741253,-190335.3931563,1,1,1,"specific_effect_common6_specific4",95,1000,100,4,6,4,0.5,40,0.857142857142857,30,90,3
"Separate 2D path/grid BIC",4,NA,43.2055270495436,0,NA,0.727572755292402,97425.5914396017,96833.1083646124,TRUE,2,22,96,1,0.948717948717949,0.229166666666667,0.372881355932203,1,0.505555555555556,0.18018018018018,0.305343511450382,0.00010747685904195,0.946084577655962,0.229767814618017,57.1653883373982,225,-193296.937941432,-192260.774649585,1,1,0.948717948717949,"specific_effect_common6_specific4",95,1000,100,4,6,4,0.5,40,0.857142857142857,30,90,3
"Separate 2D path/grid BIC + refit",4,NA,43.2055270495436,0,NA,0.67856713743288,97486.3254308637,NA,TRUE,37,22,96,1,0.948717948717949,0.229166666666667,0.372881355932203,NA,NA,NA,NA,0.000389702600722035,1.09924455074551,0.70951386056838,57.8077292556181,387,-192299.349568761,-190517.148706784,1,1,0.948717948717949,"specific_effect_common6_specific4",95,1000,100,4,6,4,0.5,40,0.857142857142857,30,90,3
"Eta centered path BIC",4,NA,NA,NA,1.65682815325319,0.700062587591305,97288.5365150222,96938.2726720768,TRUE,17,22,25,1,0.0384615384615385,0.88,0.936170212765957,NA,NA,NA,NA,0.000211229055018107,9.99817612670941,0.342058129963736,56.723172135126,178,-193347.492590386,-192527.77229728,1,1,0.0384615384615385,"specific_effect_common6_specific4",95,1000,100,4,6,4,0.5,40,0.857142857142857,30,90,3
"Eta centered path BIC + refit",4,NA,NA,NA,1.65682815325319,0.742169605280761,97329.0830909376,NA,TRUE,26,22,25,1,0.0384615384615385,0.88,0.936170212765957,NA,NA,NA,NA,9.53291423131355e-05,1.97307405827613,0.188889614693969,56.5209584888678,103,-193946.66738814,-193472.334858983,1,1,0.0384615384615385,"specific_effect_common6_specific4",95,1000,100,4,6,4,0.5,40,0.857142857142857,30,90,3
"Rossi path BIC",4,47.7408242656872,NA,NA,NA,0.699715043603627,97490.3354838091,96832.8361560076,TRUE,2,22,98,1,0.974358974358974,0.224489795918367,0.366666666666667,1,0.519444444444444,0.176211453744493,0.299625468164794,0.000101868636718337,5.42442164462133,0.251327542813512,58.938751932031,230,-193391.887253452,-192332.698110675,1,1,0.974358974358974,"specific_effect_common6_specific4",96,1000,100,4,6,4,0.5,40,0.857142857142857,30,90,3
"Rossi path BIC + refit",4,47.7408242656872,NA,NA,NA,0.660227390217478,97556.7832787659,NA,TRUE,9,22,98,1,0.974358974358974,0.224489795918367,0.366666666666667,NA,NA,NA,NA,0.000334863063751299,5.68125450373121,0.614771235783333,59.1422556828605,395,-192385.003222334,-190565.960998869,1,1,0.974358974358974,"specific_effect_common6_specific4",96,1000,100,4,6,4,0.5,40,0.857142857142857,30,90,3
"Separate 2D path/grid BIC",4,NA,83.3687079065309,0,NA,0.695277547370312,97422.4070089012,96364.2578055302,TRUE,2,22,83,1,0.782051282051282,0.265060240963855,0.419047619047619,1,0.283333333333333,0.28169014084507,0.43956043956044,6.14896881557183e-05,4.4924379920823,0.144496800554245,58.607294643522,145,-193843.18950235,-193175.439825382,1,1,0.782051282051282,"specific_effect_common6_specific4",96,1000,100,4,6,4,0.5,40,0.857142857142857,30,90,3
"Separate 2D path/grid BIC + refit",4,NA,83.3687079065309,0,NA,0.666499124270603,97539.2497756991,NA,TRUE,10,22,83,1,0.782051282051282,0.265060240963855,0.419047619047619,NA,NA,NA,NA,0.000293334930667639,5.39618369251564,0.56267699821467,59.0567416504901,335,-192764.401532939,-191221.669520633,1,1,0.782051282051282,"specific_effect_common6_specific4",96,1000,100,4,6,4,0.5,40,0.857142857142857,30,90,3
"Eta centered path BIC",4,NA,NA,NA,1.71818557552335,0.658283957090568,97342.0221614509,96963.748649878,TRUE,16,22,28,1,0.0769230769230769,0.785714285714286,0.88,NA,NA,NA,NA,0.000253825404723782,10.3645858975798,0.303564222450283,58.8666403002903,187,-193392.294085732,-192531.127260952,1,1,0.0769230769230769,"specific_effect_common6_specific4",96,1000,100,4,6,4,0.5,40,0.857142857142857,30,90,3
"Eta centered path BIC + refit",4,NA,NA,NA,1.71818557552335,0.689983467735615,97399.2353696499,NA,TRUE,20,22,28,1,0.0769230769230769,0.785714285714286,0.88,NA,NA,NA,NA,8.31644909181267e-05,4.56375968805852,0.223430991332167,58.6217979075535,115,-194004.078882217,-193474.484310828,1,1,0.0769230769230769,"specific_effect_common6_specific4",96,1000,100,4,6,4,0.5,40,0.857142857142857,30,90,3
"Rossi path BIC",4,46.1715325988685,NA,NA,NA,0.70120274223875,97279.7799453457,96648.3465353839,TRUE,2,22,100,1,1,0.22,0.360655737704918,1,0.55,0.168067226890756,0.287769784172662,9.71939197837916e-05,2.11020523390856,0.214765850081763,58.804727464152,241,-192894.790868457,-191784.944853634,1,1,1,"specific_effect_common6_specific4",97,1000,100,4,6,4,0.5,40,0.857142857142857,30,90,3
"Rossi path BIC + refit",4,46.1715325988685,NA,NA,NA,0.656730111688993,97343.5893901036,NA,TRUE,19,22,100,1,1,0.22,0.360655737704918,NA,NA,NA,NA,0.000323541912515032,5.21544114838472,0.655578502571266,59.6287853190906,403,-191903.353402777,-190047.469817824,1,1,1,"specific_effect_common6_specific4",97,1000,100,4,6,4,0.5,40,0.857142857142857,30,90,3
"Separate 2D path/grid BIC",4,NA,59.894054301887,0,NA,0.715408001136087,97252.0053709166,96464.7455698201,TRUE,2,22,95,1,0.935897435897436,0.231578947368421,0.376068376068376,1,0.422222222222222,0.208333333333333,0.344827586206897,7.28114649683837e-05,1.45350641549423,0.159664473659972,58.5138245686955,195,-193156.998462432,-192258.990276164,1,1,0.935897435897436,"specific_effect_common6_specific4",97,1000,100,4,6,4,0.5,40,0.857142857142857,30,90,3
"Separate 2D path/grid BIC + refit",4,NA,59.894054301887,0,NA,0.654961495723689,97340.3619996545,NA,TRUE,20,22,95,1,0.935897435897436,0.231578947368421,0.376068376068376,NA,NA,NA,NA,0.000321013231087283,4.81107644166944,0.647463928367664,59.5635183659058,383,-192035.053727459,-190271.273546225,1,1,0.935897435897436,"specific_effect_common6_specific4",97,1000,100,4,6,4,0.5,40,0.857142857142857,30,90,3
"Eta centered path BIC",4,NA,NA,NA,1.51623602629075,0.616944009561034,97158.113238469,96827.6665203051,TRUE,65,22,31,1,0.115384615384615,0.709677419354839,0.830188679245283,NA,NA,NA,NA,0.000276683231703982,12.106755212864,0.374181069516928,59.0715160358154,196,-192962.306442257,-192059.693085804,1,1,0.115384615384615,"specific_effect_common6_specific4",97,1000,100,4,6,4,0.5,40,0.857142857142857,30,90,3
"Eta centered path BIC + refit",4,NA,NA,NA,1.51623602629075,0.697119135910221,97208.1750457208,NA,TRUE,30,22,31,1,0.115384615384615,0.709677419354839,0.830188679245283,NA,NA,NA,NA,0.000110451415579051,1.56212243012078,0.272939307416287,58.6340574193789,127,-193539.065171011,-192954.20855739,1,1,0.115384615384615,"specific_effect_common6_specific4",97,1000,100,4,6,4,0.5,40,0.857142857142857,30,90,3
"Rossi path BIC",4,31.7860250232982,NA,NA,NA,0.673637671775774,97389.3142732422,96928.1314444091,TRUE,2,22,99,1,0.987179487179487,0.222222222222222,0.363636363636364,1,0.638888888888889,0.148148148148148,0.258064516129032,0.000193612895647391,3.30962987937518,0.370922018713887,58.3548958713356,273,-192892.811355322,-191635.599894548,1,1,0.987179487179487,"specific_effect_common6_specific4",98,1000,100,4,6,4,0.5,40,0.857142857142857,30,90,3
"Rossi path BIC + refit",4,31.7860250232982,NA,NA,NA,0.646258916084999,97425.0656630916,NA,TRUE,14,22,99,1,0.987179487179487,0.222222222222222,0.363636363636364,NA,NA,NA,NA,0.000401028478157648,3.24704604644823,0.671473755203912,58.1992417469911,399,-192093.936969869,-190256.47406566,1,1,0.987179487179487,"specific_effect_common6_specific4",98,1000,100,4,6,4,0.5,40,0.857142857142857,30,90,3
"Separate 2D path/grid BIC",4,NA,57.538030222856,0,NA,0.685097139879018,97338.8596847123,96570.8886041522,TRUE,2,22,93,1,0.91025641025641,0.236559139784946,0.382608695652174,1,0.402777777777778,0.216216216216216,0.355555555555556,0.000129066807548197,3.11115232334072,0.248995919897959,58.125377985989,188,-193379.061376976,-192513.28938201,1,1,0.91025641025641,"specific_effect_common6_specific4",98,1000,100,4,6,4,0.5,40,0.857142857142857,30,90,3
"Separate 2D path/grid BIC + refit",4,NA,57.538030222856,0,NA,0.6466569013258,97421.2515958417,NA,TRUE,14,22,93,1,0.91025641025641,0.236559139784946,0.382608695652174,NA,NA,NA,NA,0.000390941830260041,3.21888277179803,0.660885929506003,58.1985472481561,375,-192252.094962065,-190525.15614232,1,1,0.91025641025641,"specific_effect_common6_specific4",98,1000,100,4,6,4,0.5,40,0.857142857142857,30,90,3
"Eta centered path BIC",4,NA,NA,NA,1.63120266325006,0.602469038197726,97185.8270407569,96843.3363859428,TRUE,66,22,27,0.954545454545455,0.0769230769230769,0.777777777777778,0.857142857142857,NA,NA,NA,NA,0.000354295072727962,11.7302107433934,0.45885670434801,58.6923177267783,184,-193100.627110181,-192253.275795959,1,0.9375,0.0769230769230769,"specific_effect_common6_specific4",98,1000,100,4,6,4,0.5,40,0.857142857142857,30,90,3
"Eta centered path BIC + refit",4,NA,NA,NA,1.63120266325006,0.66260269238539,97255.0312536107,NA,TRUE,24,22,27,0.954545454545455,0.0769230769230769,0.777777777777778,0.857142857142857,NA,NA,NA,NA,0.000218549192369909,3.24300921501986,0.329510130055318,57.3167968317946,111,-193743.301671254,-193232.12778061,1,0.9375,0.0769230769230769,"specific_effect_common6_specific4",98,1000,100,4,6,4,0.5,40,0.857142857142857,30,90,3
"Rossi path BIC",4,11.1646039926131,NA,NA,NA,0.687680235866977,97391.3355190163,97214.0859086308,TRUE,2,22,100,1,1,0.22,0.360655737704918,1,0.863888888888889,0.113960113960114,0.20460358056266,0.000244339253127157,1.06378202457851,0.455295908066303,58.0981843817631,354,-192337.325669273,-190707.095423433,1,1,1,"specific_effect_common6_specific4",99,1000,100,4,6,4,0.5,40,0.857142857142857,30,90,3
"Rossi path BIC + refit",4,11.1646039926131,NA,NA,NA,0.669994420591602,97396.8894050611,NA,TRUE,10,22,100,1,1,0.22,0.360655737704918,NA,NA,NA,NA,0.000338000460137348,1.15025456519827,0.584936563064039,58.0614610387059,403,-192009.953432692,-190154.069847739,1,1,1,"specific_effect_common6_specific4",99,1000,100,4,6,4,0.5,40,0.857142857142857,30,90,3
"Separate 2D path/grid BIC",4,NA,56.5807230313173,2.89333782078369,NA,0.689050302959364,97286.0120103593,95915.4734163561,TRUE,2,22,94,1,0.923076923076923,0.234042553191489,0.379310344827586,1,0.413888888888889,0.211640211640212,0.349344978165939,7.52721063938326e-05,11.0110077880314,0.181888198404313,54.2631032026774,192,-193245.735007154,-192361.542331444,1,1,0.923076923076923,"specific_effect_common6_specific4",99,1000,100,4,6,4,0.5,40,0.857142857142857,30,90,3
"Separate 2D path/grid BIC + refit",4,NA,56.5807230313173,2.89333782078369,NA,0.67960448037489,97392.748232772,NA,TRUE,10,22,94,1,0.923076923076923,0.234042553191489,0.379310344827586,NA,NA,NA,NA,0.000345286979618231,1.47154004273378,0.570996034654619,57.8526357327981,379,-192167.45721481,-190422.09771432,1,1,0.923076923076923,"specific_effect_common6_specific4",99,1000,100,4,6,4,0.5,40,0.857142857142857,30,90,3
"Eta centered path BIC",4,NA,NA,NA,1.91785547298498,0.624545058672441,97148.8694321485,96768.5940653836,TRUE,31,22,23,1,0.0128205128205128,0.956521739130435,0.977777777777778,NA,NA,NA,NA,0.000323028111382614,11.0057591427184,0.462771335329306,57.9209918424334,172,-193109.604956312,-192317.515684322,1,1,0.0128205128205128,"specific_effect_common6_specific4",99,1000,100,4,6,4,0.5,40,0.857142857142857,30,90,3
"Eta centered path BIC + refit",4,NA,NA,NA,1.91785547298498,0.719484870184732,97226.294687253,NA,TRUE,26,22,23,1,0.0128205128205128,0.956521739130435,0.977777777777778,NA,NA,NA,NA,6.79248766991225e-05,0.811540449751804,0.125835672589192,57.2883285240947,95,-193796.352623003,-193358.861455334,1,1,0.0128205128205128,"specific_effect_common6_specific4",99,1000,100,4,6,4,0.5,40,0.857142857142857,30,90,3
"Rossi path BIC",4,41.854261022428,NA,NA,NA,0.69256674093037,97518.859746607,96936.2174945459,TRUE,2,22,98,1,0.974358974358974,0.224489795918367,0.366666666666667,1,0.527777777777778,0.173913043478261,0.296296296296296,9.99252993509885e-05,0.597057125059403,0.226939412563108,58.0260946534766,233,-193428.212513211,-192355.207859876,1,1,0.974358974358974,"specific_effect_common6_specific4",100,1000,100,4,6,4,0.5,40,0.857142857142857,30,90,3
"Rossi path BIC + refit",4,41.854261022428,NA,NA,NA,0.658028950466261,97573.0459286171,NA,TRUE,13,22,98,1,0.974358974358974,0.224489795918367,0.366666666666667,NA,NA,NA,NA,0.000338972805504235,0.996390582308611,0.604608050885477,58.118779882556,395,-192417.528522036,-190598.486298571,1,1,0.974358974358974,"specific_effect_common6_specific4",100,1000,100,4,6,4,0.5,40,0.857142857142857,30,90,3
"Separate 2D path/grid BIC",4,NA,77.1071936947139,0,NA,0.700957464013714,97451.8949821954,96469.3548494705,TRUE,2,22,82,1,0.769230769230769,0.268292682926829,0.423076923076923,1,0.283333333333333,0.28169014084507,0.43956043956044,4.8163277105661e-05,0.360380759284547,0.122181563371767,57.6562470812191,145,-193902.165448938,-193234.41577197,1,1,0.769230769230769,"specific_effect_common6_specific4",100,1000,100,4,6,4,0.5,40,0.857142857142857,30,90,3
"Separate 2D path/grid BIC + refit",4,NA,77.1071936947139,0,NA,0.669136833775898,97554.3273741246,NA,TRUE,11,22,82,1,0.769230769230769,0.268292682926829,0.423076923076923,NA,NA,NA,NA,0.000283874920414404,0.766869055353839,0.518437735980342,58.0337239890134,331,-192822.187750906,-191297.876419344,1,1,0.769230769230769,"specific_effect_common6_specific4",100,1000,100,4,6,4,0.5,40,0.857142857142857,30,90,3
"Eta centered path BIC",4,NA,NA,NA,1.89922582666547,0.597666276293661,97338.4580344567,96961.8913232854,TRUE,22,22,23,1,0.0128205128205128,0.956521739130435,0.977777777777778,NA,NA,NA,NA,0.000337505992366401,13.6657917895459,0.485491522517735,57.7787517879675,172,-193488.782160928,-192696.692888939,1,1,0.0128205128205128,"specific_effect_common6_specific4",100,1000,100,4,6,4,0.5,40,0.857142857142857,30,90,3
"Eta centered path BIC + refit",4,NA,NA,NA,1.89922582666547,0.682957883701222,97407.336545744,NA,TRUE,22,22,23,1,0.0128205128205128,0.956521739130435,0.977777777777778,NA,NA,NA,NA,6.79964416144567e-05,0.17340004462293,0.13844773405447,57.4808976422984,95,-194158.436339985,-193720.945172316,1,1,0.0128205128205128,"specific_effect_common6_specific4",100,1000,100,4,6,4,0.5,40,0.857142857142857,30,90,3
