"phase","cell_id","method","planned_reps","completed_reps","valid_reps","error_reps","missing_reps","completion_rate","support_target","selector","selected_q","selected_q_sd","selected_eta_only_q","selected_eta_only_q_sd","selected_mu_only_q","selected_mu_only_q_sd","selected_both_q","selected_both_q_sd","selected_null_q","selected_null_q_sd","TPR_P","TPR_P_sd","FPR_P","FPR_P_sd","Precision_P","Precision_P_sd","F1_P","F1_P_sd","TPR_mu","TPR_mu_sd","FPR_mu","FPR_mu_sd","Precision_mu","Precision_mu_sd","F1_mu","F1_mu_sd","TPR_eta","TPR_eta_sd","FPR_eta","FPR_eta_sd","Precision_eta","Precision_eta_sd","F1_eta","F1_eta_sd","exact_P","exact_P_sd","exact_mu","exact_mu_sd","exact_eta","exact_eta_sd","ARI","ARI_sd","NMI","NMI_sd","classification_error","classification_error_sd","Bayes_excess_error","Bayes_excess_error_sd","test_NLL","test_NLL_sd","MSE_mu","MSE_mu_sd","MSE_kappa","MSE_kappa_sd","MSE_eta","MSE_eta_sd","train_loglik","train_loglik_sd","converged","converged_sd","iter","iter_sd","elapsed_sec","elapsed_sec_sd","elapsed_sec_median","elapsed_sec_total"
"core","A_eb025_equal_n1000","Dense-free",100,100,100,0,0,1,"none","none",NA,NA,NA,NA,NA,NA,NA,NA,NA,NA,NA,NA,NA,NA,NA,NA,NA,NA,NA,NA,NA,NA,NA,NA,NA,NA,NA,NA,NA,NA,NA,NA,NA,NA,NA,NA,NA,NA,NA,NA,0.91735115978262,0.00687933580556227,0.874740739754119,0.00873332987642468,0.031658,0.00268874120973538,0.005998,0.00268874120973538,-246.964364530897,0.0490790898563013,0.000407860540866616,1.88983352197402e-05,5.46642338324183,2.18805751077685,0.67921513027842,0.0342379474279914,247772.195861793,90.7485535378329,1,0,9.97,2.28501928466985,2.58049999999999,0.637096277391949,2.37499999999994,258.049999999999
"core","A_eb025_equal_n1000","Dense-shared",100,100,100,0,0,1,"none","none",NA,NA,NA,NA,NA,NA,NA,NA,NA,NA,NA,NA,NA,NA,NA,NA,NA,NA,NA,NA,NA,NA,NA,NA,NA,NA,NA,NA,NA,NA,NA,NA,NA,NA,NA,NA,NA,NA,NA,NA,0.917672154297456,0.00679091181056595,0.874988207572804,0.00863601863593828,0.031534,0.00265437393938778,0.005874,0.00265437393938778,-246.965950728177,0.0487759165617075,0.000407693167792162,1.88888255210787e-05,4.55102790192428,2.09946516515939,0.675991825139424,0.034672451602454,247770.725636264,90.8492211669079,1,0,10.92,2.78408173570948,0.880599999999987,0.159828316981351,0.845000000000028,88.0599999999987
"core","A_eb025_equal_n1000","E-ACGL",100,100,100,0,0,1,"S_eta","BIC-after-refit",16.02,0.14070529413629,0,0,0,0,16,0,0.02,0.14070529413629,0.8,0,0.000111111111111111,0.000781696078534943,0.998823529411765,0.00827678200801709,0.888408408408409,0.00338030736663758,1,0,0.000108695652173913,0.000764702685523313,0.998823529411765,0.00827678200801709,0.999393939393939,0.00426379679200874,1,0,0.000108695652173913,0.000764702685523313,0.998823529411765,0.00827678200801709,0.999393939393939,0.00426379679200874,0,0,0.98,0.14070529413629,0.98,0.14070529413629,0.932840444005269,0.00596050668624632,0.894764417895109,0.00786807784420945,0.025618,0.00231710285843457,-4.19999999999999e-05,0.00231710285843457,-247.245465953087,0.0453776112272048,0.000126251017538133,1.11539286543218e-05,1.22980069070705,0.889159941590339,0.0552657136649599,0.0109631550270059,247495.749660384,87.2420429760134,1,0,2.21,0.409360180740332,27.8713,3.59697983723775,27.0650000000001,2787.13
"core","A_eb025_equal_n1000","E-CGL",100,100,100,0,0,1,"S_eta","BIC-after-refit",16.02,0.14070529413629,0,0,0,0,16,0,0.02,0.14070529413629,0.8,0,0.000111111111111111,0.000781696078534943,0.998823529411765,0.00827678200801709,0.888408408408409,0.00338030736663758,1,0,0.000108695652173913,0.000764702685523313,0.998823529411765,0.00827678200801709,0.999393939393939,0.00426379679200874,1,0,0.000108695652173913,0.000764702685523313,0.998823529411765,0.00827678200801709,0.999393939393939,0.00426379679200874,0,0,0.98,0.14070529413629,0.98,0.14070529413629,0.932835159925435,0.00596558420710261,0.894756612961201,0.00787439931052414,0.02562,0.00231909073090766,-3.99999999999999e-05,0.00231909073090766,-247.245474290315,0.0453784248443971,0.000126232573997735,1.11548944785944e-05,1.23103357569594,0.891122572579771,0.055246831318652,0.0109606424746583,247495.749668882,87.242033762441,1,0,3.28,0.451260859854213,35.3573,3.37681574202021,34.535,3535.73
"core","A_eb025_equal_n1000","M-L",100,100,100,0,0,1,"S_P","BIC-after-refit",199.42,0.741006686265994,0,0,0,0,16,0,183.42,0.741006686265994,1,0,0.996777777777778,0.00411670381258891,0.10029221944208,0.00037405184144343,0.182300852980595,0.000617728806008773,1,0,0.996847826086956,0.00402721025144562,0.0802337755536644,0.00029924147315476,0.148548770498169,0.000512738314571439,1,0,0.996847826086956,0.00402721025144562,0.0802337755536644,0.00029924147315476,0.148548770498169,0.000512738314571439,0,0,0,0,0,0,0.917627594686413,0.00672606698150179,0.875077346408977,0.00853713690051979,0.03155,0.00262765017735342,0.00589,0.00262765017735342,-246.967569234721,0.048871157679883,0.000404687288550156,1.87344896608089e-05,5.41563774903369,2.17986213631762,0.672025315512596,0.0339237884422291,247769.709092979,90.7061049183658,1,0,4.6,0.512470743190538,30.7839,1.81139819593662,30.8099999999999,3078.39
"core","A_eb025_equal_n1000","Spherical k-means",100,100,100,0,0,1,"none","none",NA,NA,NA,NA,NA,NA,NA,NA,NA,NA,NA,NA,NA,NA,NA,NA,NA,NA,NA,NA,NA,NA,NA,NA,NA,NA,NA,NA,NA,NA,NA,NA,NA,NA,NA,NA,NA,NA,NA,NA,0.917133153279716,0.00662457108725254,0.874285761650251,0.00839533933528171,NA,NA,NA,NA,NA,NA,NA,NA,NA,NA,NA,NA,NA,NA,1,0,9.94,2.76273908878983,0.1891,0.0416598782348995,0.180000000000064,18.91
"core","A_eb025_equal_n300","Dense-free",100,100,100,0,0,1,"none","none",NA,NA,NA,NA,NA,NA,NA,NA,NA,NA,NA,NA,NA,NA,NA,NA,NA,NA,NA,NA,NA,NA,NA,NA,NA,NA,NA,NA,NA,NA,NA,NA,NA,NA,NA,NA,NA,NA,NA,NA,0.863556604012196,0.0127689574316036,0.811906814479981,0.0136111392824693,0.053026,0.00513200730610343,0.027366,0.00513200730610343,-245.906421554125,0.0946542098418116,0.00127012226448912,7.07027308828237e-05,55.1985960386637,12.880038021081,2.50549496580783,0.167527689060611,74628.4318686164,51.7221391315859,1,0,31.59,12.622006595825,1.97059999999999,0.321533007244174,1.90999999999991,197.059999999999
"core","A_eb025_equal_n300","Dense-shared",100,100,100,0,0,1,"none","none",NA,NA,NA,NA,NA,NA,NA,NA,NA,NA,NA,NA,NA,NA,NA,NA,NA,NA,NA,NA,NA,NA,NA,NA,NA,NA,NA,NA,NA,NA,NA,NA,NA,NA,NA,NA,NA,NA,NA,NA,0.868660465136946,0.0114947853229176,0.816134943524084,0.013265355497133,0.050996,0.00462089938335722,0.025336,0.00462089938335722,-245.921468267684,0.0947570454949409,0.00126624534695129,7.03499782006533e-05,48.7877087936185,11.1988698724352,2.47054286393752,0.165158845384125,74626.3896304029,51.6704672275002,1,0,32.05,13.4887719862473,0.831000000000005,0.195703857907814,0.799999999999955,83.1000000000005
"core","A_eb025_equal_n300","E-ACGL",100,100,100,0,0,1,"S_eta","BIC-after-refit",16.14,0.348735088019777,0,0,0,0,16,0,0.14,0.348735088019777,0.8,0,0.000777777777777778,0.00193741715566543,0.991764705882353,0.0205138287070458,0.885525525525526,0.00837802013260722,1,0,0.000760869565217391,0.00189529939141183,0.991764705882353,0.0205138287070458,0.995757575757576,0.0105677299399932,1,0,0.000760869565217391,0.00189529939141183,0.991764705882353,0.0205138287070458,0.995757575757576,0.0105677299399932,0,0,0.86,0.348735088019777,0.86,0.348735088019777,0.926989769444479,0.00628340273266459,0.88782723075595,0.00780002970058537,0.02789,0.0024411249269734,0.00223,0.0024411249269734,-246.93521353402,0.0558840307932536,0.000413062365203434,3.76547182345378e-05,7.86804905958438,4.34794650722879,0.198274645866579,0.0401718722240374,74341.5722048526,48.768165369601,1,0,3.61,0.566666666666667,32.7133,3.80531660371978,33.42,3271.33
"core","A_eb025_equal_n300","E-CGL",100,100,100,0,0,1,"S_eta","BIC-after-refit",16.14,0.348735088019777,0,0,0,0,16,0,0.14,0.348735088019777,0.8,0,0.000777777777777778,0.00193741715566543,0.991764705882353,0.0205138287070458,0.885525525525526,0.00837802013260722,1,0,0.000760869565217391,0.00189529939141183,0.991764705882353,0.0205138287070458,0.995757575757576,0.0105677299399932,1,0,0.000760869565217391,0.00189529939141183,0.991764705882353,0.0205138287070458,0.995757575757576,0.0105677299399932,0,0,0.86,0.348735088019777,0.86,0.348735088019777,0.927000220465112,0.00627460373674954,0.887839656226832,0.00779106696662789,0.027886,0.00243779251029129,0.002226,0.00243779251029129,-246.935226319382,0.0558886356838179,0.000413053226421819,3.76588004113848e-05,7.8639305928375,4.34659027657889,0.198233536267963,0.040181335659582,74341.5722001504,48.7681669779306,1,0,4.44,0.55632270266002,36.9107,4.17748420134957,37.25,3691.07
"core","A_eb025_equal_n300","M-L",100,100,100,0,0,1,"S_P","BIC-after-refit",199.58,0.622474696252585,0,0,0,0,16,0,183.58,0.622474696252585,1,0,0.997666666666667,0.00345819275695893,0.100211411361272,0.000313965749422857,0.182167408443481,0.000518537325281054,1,0,0.997717391304348,0.00338301465354673,0.0801691290890179,0.000251172599538311,0.148438005527591,0.000430399810038783,1,0,0.997717391304348,0.00338301465354673,0.0801691290890179,0.000251172599538311,0.148438005527591,0.000430399810038783,0,0,0,0,0,0,0.865442858394668,0.012475259177967,0.814022085159734,0.0134453728737819,0.052264,0.00500745948611175,0.026604,0.00500745948611175,-245.933597401836,0.0966507043637291,0.00124587680141589,7.09426493658635e-05,54.4205974403919,12.8693205657098,2.44657965658613,0.167544062230997,74625.6577687628,51.5853406976857,1,0,6.77,4.22559540960284,9.7691,1.30777248739523,9.34499999999992,976.91
"core","A_eb025_equal_n300","Spherical k-means",100,100,100,0,0,1,"none","none",NA,NA,NA,NA,NA,NA,NA,NA,NA,NA,NA,NA,NA,NA,NA,NA,NA,NA,NA,NA,NA,NA,NA,NA,NA,NA,NA,NA,NA,NA,NA,NA,NA,NA,NA,NA,NA,NA,NA,NA,0.863429553595829,0.0113968527222291,0.809983206062156,0.0130826626123535,NA,NA,NA,NA,NA,NA,NA,NA,NA,NA,NA,NA,NA,NA,1,0,16.17,6.25559143825939,0.0906000000000053,0.0256951828995772,0.0899999999999181,9.06000000000053
"core","A_eb025_heterogeneous_n1000","Dense-free",100,100,100,0,0,1,"none","none",NA,NA,NA,NA,NA,NA,NA,NA,NA,NA,NA,NA,NA,NA,NA,NA,NA,NA,NA,NA,NA,NA,NA,NA,NA,NA,NA,NA,NA,NA,NA,NA,NA,NA,NA,NA,NA,NA,NA,NA,0.912427041879279,0.00630547506039835,0.878884752735632,0.00742364919499544,0.034008,0.00250799449035207,0.007288,0.00250799449035207,-247.166642978564,0.0592489179210803,0.000489811902514734,2.87100449803763e-05,6.25561717892737,2.26013839115393,0.684653511980411,0.0404246104135192,247965.7181825,130.860195410798,1,0,10.94,2.89834505199157,3.19260000000001,0.84106788781832,3.09499999999991,319.260000000001
"core","A_eb025_heterogeneous_n1000","Dense-shared",100,100,100,0,0,1,"none","none",NA,NA,NA,NA,NA,NA,NA,NA,NA,NA,NA,NA,NA,NA,NA,NA,NA,NA,NA,NA,NA,NA,NA,NA,NA,NA,NA,NA,NA,NA,NA,NA,NA,NA,NA,NA,NA,NA,NA,NA,0.861194061536684,0.00929792241071701,0.829546645870127,0.00877197208637079,0.05516,0.00382051876534636,0.02844,0.00382051876534636,-246.930778612852,0.0593099322274732,0.000502115192104373,2.87339560048919e-05,129.602375419621,2.56964420407454,1.14692771494707,0.0533690549176153,247771.993987458,127.132247680026,1,0,15.62,9.86349252792766,1.08299999999999,0.187909821483874,1.05000000000007,108.299999999999
"core","A_eb025_heterogeneous_n1000","E-ACGL",100,100,100,0,0,1,"S_eta","BIC-after-refit",16.02,0.14070529413629,0,0,0.01,0.1,16,0,0.01,0.1,0.8005,0.00499999999999999,5.55555555555556e-05,0.000555555555555556,0.999411764705882,0.00588235294117651,0.888948948948949,0.00386462290923778,0.8005,0.00499999999999999,5.55555555555556e-05,0.000555555555555556,0.999411764705882,0.00588235294117651,0.888948948948949,0.00386462290923778,1,0,0.000108695652173913,0.000764702685523313,0.998823529411765,0.00827678200801709,0.999393939393939,0.00426379679200874,0,0,0,0,0.98,0.14070529413629,0.92840231509658,0.00546444056464104,0.897351036470359,0.00688284059774493,0.027614,0.00214433809334859,0.000894,0.00214433809334859,-247.450903148382,0.0545991431590065,0.000153562971457896,1.33635982817678e-05,1.49752741931548,0.853148364267274,0.0555299641424857,0.0114798420593325,247689.036253129,127.728165829953,1,0,2.87,0.337997668989631,39.6227,1.7231717613726,39.52,3962.27
"core","A_eb025_heterogeneous_n1000","E-CGL",100,100,100,0,0,1,"S_eta","BIC-after-refit",16.02,0.14070529413629,0,0,0.01,0.1,16,0,0.01,0.1,0.8005,0.00499999999999999,5.55555555555556e-05,0.000555555555555556,0.999411764705882,0.00588235294117651,0.888948948948949,0.00386462290923778,0.8005,0.00499999999999999,5.55555555555556e-05,0.000555555555555556,0.999411764705882,0.00588235294117651,0.888948948948949,0.00386462290923778,1,0,0.000108695652173913,0.000764702685523313,0.998823529411765,0.00827678200801709,0.999393939393939,0.00426379679200874,0,0,0,0,0.98,0.14070529413629,0.928442443647803,0.00549831903830589,0.897386152649457,0.00692835486441159,0.027598,0.00215715768847094,0.000878,0.00215715768847094,-247.450901118792,0.0545986651799816,0.000153510855933683,1.33706801371487e-05,1.50082847426562,0.853614007435202,0.0555256279735115,0.0114759626081099,247689.035932828,127.72816223889,1,0,4.86,0.619872909750397,44.0913,2.04333242127618,43.6499999999998,4409.13
"core","A_eb025_heterogeneous_n1000","M-L",100,100,100,0,0,1,"S_P","BIC-after-refit",199.57,0.65528157260367,0,0,4,0,16,0,179.57,0.65528157260367,1,0,0.997611111111111,0.0036404531811316,0.10021653800459,0.000330633487268575,0.182175862977511,0.000546047208492784,1,0,0.997611111111111,0.0036404531811316,0.10021653800459,0.000330633487268575,0.182175862977511,0.000546047208492784,1,0,0.997663043478261,0.00356131289458522,0.080173230403672,0.000264506789814881,0.14844502493561,0.000453236529029535,0,0,0,0,0,0,0.912638437327012,0.00633733148289028,0.879115383680137,0.00747606260602473,0.033922,0.00253124235876138,0.007202,0.00253124235876138,-247.17010934575,0.0594552643023249,0.000484195457737687,2.85848696881116e-05,6.15523758470536,2.23347474762913,0.676849089501017,0.0404596890449849,247963.040878418,130.904080160581,1,0,5.02,0.531436019125767,28.4206,1.49648262349558,28.2800000000001,2842.06
"core","A_eb025_heterogeneous_n1000","Spherical k-means",100,100,100,0,0,1,"none","none",NA,NA,NA,NA,NA,NA,NA,NA,NA,NA,NA,NA,NA,NA,NA,NA,NA,NA,NA,NA,NA,NA,NA,NA,NA,NA,NA,NA,NA,NA,NA,NA,NA,NA,NA,NA,NA,NA,NA,NA,0.866083391252271,0.00873557527044888,0.833422551846746,0.00858100599496289,NA,NA,NA,NA,NA,NA,NA,NA,NA,NA,NA,NA,NA,NA,1,0,11.68,4.43102013016635,0.196299999999967,0.0446004710760278,0.190000000000055,19.6299999999967
"core","A_eb025_heterogeneous_n300","Dense-free",100,100,100,0,0,1,"none","none",NA,NA,NA,NA,NA,NA,NA,NA,NA,NA,NA,NA,NA,NA,NA,NA,NA,NA,NA,NA,NA,NA,NA,NA,NA,NA,NA,NA,NA,NA,NA,NA,NA,NA,NA,NA,NA,NA,NA,NA,0.856047767684532,0.0161519491999304,0.820270104335884,0.0143798966273306,0.05728,0.0069294278044417,0.03056,0.0069294278044417,-246.110439556817,0.0921728386252129,0.00145749119681158,0.000107727737693611,63.2063382563396,12.4781241362042,2.53975997606082,0.170171413085523,74687.9027059081,67.5773468004917,1,0,35.45,14.1309710718812,2.24020000000002,0.451940775596164,2.19500000000005,224.020000000002
"core","A_eb025_heterogeneous_n300","Dense-shared",100,100,100,0,0,1,"none","none",NA,NA,NA,NA,NA,NA,NA,NA,NA,NA,NA,NA,NA,NA,NA,NA,NA,NA,NA,NA,NA,NA,NA,NA,NA,NA,NA,NA,NA,NA,NA,NA,NA,NA,NA,NA,NA,NA,NA,NA,0.797526331387993,0.0203510824979466,0.766755797247705,0.0178089720685548,0.08313,0.00932590072016769,0.05641,0.00932590072016769,-245.869193179139,0.090661593804213,0.00150023540915412,0.000121267629250297,177.769925747152,14.9716445967158,3.09181287876322,0.198594965231182,74643.6967962172,66.5349262051045,1,0,42.09,20.2504994326739,0.9675,0.207307778801278,0.944999999999915,96.75
"core","A_eb025_heterogeneous_n300","E-ACGL",100,100,100,0,0,1,"S_eta","BIC-after-refit",16.15,0.457816513022367,0,0,0,0,16,0,0.15,0.457816513022367,0.8,0,0.000833333333333334,0.00254342507234649,0.991427588579291,0.025530706270179,0.885334889545416,0.0107178886304766,0.8,0,0.000833333333333334,0.00254342507234649,0.991427588579291,0.025530706270179,0.885334889545416,0.0107178886304766,1,0,0.000815217391304348,0.00248813322294765,0.991427588579291,0.025530706270179,0.995524318818437,0.013479018727409,0,0,0,0,0.88,0.32659863237109,0.925340742582932,0.00724407876280145,0.894158326653436,0.00829309295474463,0.028812,0.00286036234195473,0.002092,0.00286036234195473,-247.152869791026,0.062796988892618,0.000482540689741553,4.78444547709763e-05,8.56296128517704,4.21105946603952,0.191901189685338,0.0512188189104089,74399.8691956378,66.0006414647094,1,0,4.26,0.824131008512554,38.7027,1.99847409214375,38.4749999999999,3870.27
"core","A_eb025_heterogeneous_n300","E-CGL",100,100,100,0,0,1,"S_eta","BIC-after-refit",16.15,0.457816513022367,0,0,0,0,16,0,0.15,0.457816513022367,0.8,0,0.000833333333333334,0.00254342507234649,0.991427588579291,0.025530706270179,0.885334889545416,0.0107178886304766,0.8,0,0.000833333333333334,0.00254342507234649,0.991427588579291,0.025530706270179,0.885334889545416,0.0107178886304766,1,0,0.000815217391304348,0.00248813322294765,0.991427588579291,0.025530706270179,0.995524318818437,0.013479018727409,0,0,0,0,0.88,0.32659863237109,0.925306249760235,0.00724992278476999,0.894122362606387,0.00829427092590244,0.028826,0.00286231593735781,0.002106,0.00286231593735781,-247.152860300657,0.0627979532419962,0.000482477285437237,4.78340130608664e-05,8.56900582278319,4.20903929042901,0.19191247708239,0.0512377903616872,74399.8691629984,66.0006400301403,1,0,6.2,1.05409255338946,43.0643,2.86880831029404,42.8800000000001,4306.43
"core","A_eb025_heterogeneous_n300","M-L",100,100,100,0,0,1,"S_P","BIC-after-refit",199.61,0.584220105194208,0,0,4,0,16,0,179.61,0.584220105194208,1,0,0.997833333333333,0.00324566725107904,0.100196233693721,0.000294285668189685,0.182142348456286,0.000486093037627909,1,0,0.997833333333333,0.00324566725107904,0.100196233693721,0.000294285668189685,0.182142348456286,0.000486093037627909,1,0,0.997880434782609,0.00317510926735989,0.0801569869549769,0.000235428534551779,0.148417203989471,0.00040346116014349,0,0,0,0,0,0,0.859640059409025,0.0146941679098687,0.823792889968882,0.0132738177377415,0.055728,0.00634423431872666,0.029008,0.00634423431872666,-246.138295327431,0.0906436786020712,0.00142253335332647,0.00010026637396633,62.0768157494038,12.2271531966573,2.47493116112391,0.164763935618597,74685.3356601842,67.4103997565522,1,0,7.04,5.52664802424022,8.91899999999999,1.12386643226665,8.63499999999993,891.899999999999
"core","A_eb025_heterogeneous_n300","Spherical k-means",100,100,100,0,0,1,"none","none",NA,NA,NA,NA,NA,NA,NA,NA,NA,NA,NA,NA,NA,NA,NA,NA,NA,NA,NA,NA,NA,NA,NA,NA,NA,NA,NA,NA,NA,NA,NA,NA,NA,NA,NA,NA,NA,NA,NA,NA,0.774951771210522,0.038269397745703,0.745570074597526,0.0326320898081309,NA,NA,NA,NA,NA,NA,NA,NA,NA,NA,NA,NA,NA,NA,1,0,12.88,4.12991060631603,0.0716000000000012,0.0179629247804084,0.0700000000000287,7.16000000000012
"core","A_eb050_equal_n1000","Dense-free",100,100,100,0,0,1,"none","none",NA,NA,NA,NA,NA,NA,NA,NA,NA,NA,NA,NA,NA,NA,NA,NA,NA,NA,NA,NA,NA,NA,NA,NA,NA,NA,NA,NA,NA,NA,NA,NA,NA,NA,NA,NA,NA,NA,NA,NA,0.83613743808851,0.00969135623505338,0.778756542885813,0.0107631784704748,0.064182,0.00397599819116679,0.013232,0.00397599819116679,-247.032450238596,0.0450721688890395,0.00043284262408666,2.24740618891655e-05,6.17029716019175,2.26421620314287,0.736637353202753,0.0437066464913052,247839.251809413,96.1397617338552,1,0,12.96,3.83476916455926,3.13079999999999,0.750203581797239,2.88499999999999,313.079999999999
"core","A_eb050_equal_n1000","Dense-shared",100,100,100,0,0,1,"none","none",NA,NA,NA,NA,NA,NA,NA,NA,NA,NA,NA,NA,NA,NA,NA,NA,NA,NA,NA,NA,NA,NA,NA,NA,NA,NA,NA,NA,NA,NA,NA,NA,NA,NA,NA,NA,NA,NA,NA,NA,0.837337535293525,0.00936317601613111,0.779740928315793,0.0104490130359073,0.0637,0.0038438722059082,0.01275,0.0038438722059082,-247.034530354625,0.0449633111490853,0.000432531192642365,2.2442600525216e-05,4.88748217783411,2.17088760200852,0.731438272737302,0.0435644956182606,247837.455551789,96.366820478905,1,0,14.56,3.25458495546256,0.952599999999995,0.123677815392262,0.940000000000055,95.2599999999995
"core","A_eb050_equal_n1000","E-ACGL",100,100,100,0,0,1,"S_eta","BIC-after-refit",16.06,0.277797979063414,0,0,0,0,16,0,0.06,0.277797979063414,0.801,0.00703526470681448,0.000222222222222222,0.0013493242363309,0.997712418300654,0.0137594012797498,0.888541172751699,0.00720166216304605,1,0,0.000326086956521739,0.00150977162534464,0.996535947712418,0.0158867658655656,0.998199643493761,0.00829334273584588,1,0,0.000326086956521739,0.00150977162534464,0.996535947712418,0.0158867658655656,0.998199643493761,0.00829334273584588,0,0,0.95,0.21904291355759,0.95,0.21904291355759,0.866983017938433,0.00734081302370717,0.813719329818375,0.0085422150613321,0.051648,0.00295448571812183,0.000697999999999999,0.00295448571812183,-247.316243031233,0.0398713446609081,0.000129387338568436,1.17153863812183e-05,1.30087634955245,0.938534303842331,0.0612929264124312,0.016141742293868,247559.723913158,92.6845024875594,1,0,3.05,0.21904291355759,25.7133,3.07902616606506,25.0850000000001,2571.33
"core","A_eb050_equal_n1000","E-CGL",100,100,100,0,0,1,"S_eta","BIC-after-refit",16.06,0.277797979063414,0,0,0,0,16,0,0.06,0.277797979063414,0.801,0.00703526470681448,0.000222222222222222,0.0013493242363309,0.997712418300654,0.0137594012797498,0.888541172751699,0.00720166216304605,1,0,0.000326086956521739,0.00150977162534464,0.996535947712418,0.0158867658655656,0.998199643493761,0.00829334273584588,1,0,0.000326086956521739,0.00150977162534464,0.996535947712418,0.0158867658655656,0.998199643493761,0.00829334273584588,0,0,0.95,0.21904291355759,0.95,0.21904291355759,0.866978065445922,0.00730159425680784,0.813711620345236,0.00849556635428812,0.05165,0.00293861439209954,0.000699999999999998,0.00293861439209954,-247.316258464454,0.0398686676936526,0.000129382676823152,1.17118080852156e-05,1.29604262761897,0.936141842092722,0.0612599077580339,0.0161334673967001,247559.723655462,92.6845253489906,1,0,4.27,0.633333333333333,32.0954,2.61974492551231,31.4200000000001,3209.54
"core","A_eb050_equal_n1000","M-L",100,100,100,0,0,1,"S_P","BIC-after-refit",199.58,0.589127072091164,0,0,0,0,16,0,183.58,0.589127072091164,1,0,0.997666666666667,0.00327292817828436,0.100211309070606,0.00029673257603177,0.182167255056535,0.000490138527325305,1,0,0.997717391304348,0.00320177756571292,0.0801690472564845,0.000237386060825448,0.148437875824096,0.000406818372637668,1,0,0.997717391304348,0.00320177756571292,0.0801690472564845,0.000237386060825448,0.148437875824096,0.000406818372637668,0,0,0,0,0,0,0.836590670047019,0.00968956984674289,0.779256826918044,0.0107357056285108,0.063994,0.00397562827764621,0.013044,0.00397562827764621,-247.036451487405,0.0448066806874621,0.000428533180032438,2.22118825608021e-05,6.11139326898507,2.25934369268118,0.726403001966195,0.0436735952931248,247836.744084266,96.0516320982015,1,0,5.72,0.55194788218315,29.2776,1.655772345646,28.92,2927.76
"core","A_eb050_equal_n1000","Spherical k-means",100,100,100,0,0,1,"none","none",NA,NA,NA,NA,NA,NA,NA,NA,NA,NA,NA,NA,NA,NA,NA,NA,NA,NA,NA,NA,NA,NA,NA,NA,NA,NA,NA,NA,NA,NA,NA,NA,NA,NA,NA,NA,NA,NA,NA,NA,0.835363792410748,0.0095631427577788,0.777435374566911,0.0106520632806772,NA,NA,NA,NA,NA,NA,NA,NA,NA,NA,NA,NA,NA,NA,1,0,12.95,4.17635237880129,0.208900000000017,0.0334209454677631,0.204999999999927,20.8900000000017
"core","A_eb050_equal_n300","Dense-free",100,100,100,0,0,1,"none","none",NA,NA,NA,NA,NA,NA,NA,NA,NA,NA,NA,NA,NA,NA,NA,NA,NA,NA,NA,NA,NA,NA,NA,NA,NA,NA,NA,NA,NA,NA,NA,NA,NA,NA,NA,NA,NA,NA,NA,NA,0.72575776757971,0.0251883454004445,0.668548459720545,0.0217763104711002,0.111032,0.0112291726851055,0.060082,0.0112291726851055,-245.919130500886,0.106010040276965,0.00138804846220269,0.000109032426487876,65.1140835715178,13.4993551798135,2.86329046659098,0.234731128538705,74660.2452108864,48.8356863253117,1,0,58.9,31.029637185091,3.296,0.666034548805096,3.25999999999999,329.6
"core","A_eb050_equal_n300","Dense-shared",100,100,100,0,0,1,"none","none",NA,NA,NA,NA,NA,NA,NA,NA,NA,NA,NA,NA,NA,NA,NA,NA,NA,NA,NA,NA,NA,NA,NA,NA,NA,NA,NA,NA,NA,NA,NA,NA,NA,NA,NA,NA,NA,NA,NA,NA,0.738144230363141,0.0214269194476446,0.676066220135587,0.0207902490301431,0.105762,0.0095070285536119,0.054812,0.0095070285536119,-245.935726849341,0.106778776366306,0.00138382604023965,0.000109393398798884,54.8004762404717,11.2674581964672,2.81038144081172,0.227467076572001,74657.8163320324,49.0468548773215,1,0,57.68,28.2817284057421,1.3266,0.30315919077194,1.29999999999995,132.66
"core","A_eb050_equal_n300","E-ACGL",100,100,100,0,0,1,"S_eta","BIC-after-refit",16.23,0.468287229478799,0,0,0,0,16,0,0.23,0.468287229478799,0.8005,0.00499999999999999,0.00122222222222222,0.0025684299723291,0.98718954248366,0.0266977683914219,0.883929192350245,0.011550559104339,1,0,0.00125,0.00254503929064565,0.986601307189542,0.0270582621968938,0.993065953654189,0.014055989994459,1,0,0.00125,0.00254503929064565,0.986601307189542,0.0270582621968938,0.993065953654189,0.014055989994459,0,0,0.79,0.409360180740332,0.79,0.409360180740332,0.855991683320831,0.00891464400382189,0.802220240882405,0.00995602456537152,0.056074,0.00360175658603556,0.005124,0.00360175658603556,-247.010736487864,0.0533090883389999,0.000416350766029537,3.71241325481285e-05,8.11036690409715,4.27893433005765,0.21922105536357,0.0576569899716741,74365.9185900955,45.2351952454898,1,0,4.82,0.946871510061242,34.2948,4.06592156114874,34.585,3429.48
"core","A_eb050_equal_n300","E-CGL",100,100,100,0,0,1,"S_eta","BIC-after-refit",16.26,0.524548868220603,0,0,0,0,16,0,0.26,0.524548868220603,0.8005,0.00499999999999999,0.00138888888888889,0.00288783111084317,0.985545235638115,0.0294025625743909,0.883232787443314,0.0127563504947654,1,0,0.00141304347826087,0.00285080906641632,0.984957000343997,0.0296973969085626,0.992190985485103,0.0155676504053102,1,0,0.00141304347826087,0.00285080906641632,0.984957000343997,0.0296973969085626,0.992190985485103,0.0155676504053102,0,0,0.77,0.422952584681651,0.77,0.422952584681651,0.855892469788942,0.00886925034402364,0.802109821096911,0.00990531588923113,0.056114,0.00358405616388172,0.005164,0.00358405616388172,-247.009830934364,0.0531977119921419,0.000417216594467855,3.68980900392404e-05,8.12764297314764,4.31820827383145,0.221229021057294,0.0599479958498118,74366.179364998,45.3589975684408,1,0,5.98,1.06344209570107,39.1492,5.04396482657415,38.69,3914.92
"core","A_eb050_equal_n300","M-L",100,100,100,0,0,1,"S_P","BIC-after-refit",199.65,0.519809599951771,0,0,0,0,16,0,183.65,0.519809599951771,1,0,0.998055555555555,0.00288783111084333,0.100175980914674,0.000261537123262817,0.182108911155034,0.000432045812185134,1,0,0.998097826086956,0.00282505217365105,0.0801407847317395,0.000209229698610292,0.148389448348588,0.000358594470356772,1,0,0.998097826086956,0.00282505217365105,0.0801407847317395,0.000209229698610292,0.148389448348588,0.000358594470356772,0,0,0,0,0,0,0.731299999557372,0.0240847311427788,0.673861353671094,0.0210771104704235,0.108562,0.0105262997230074,0.057612,0.0105262997230074,-245.954351439978,0.100392610787563,0.00135082478323725,9.93792603667217e-05,64.5393436163976,13.5060591060524,2.77076271040956,0.213275145076134,74658.1601648758,48.6154841944599,1,0,8.95,6.55878622670969,9.4616,1.60907949091423,8.92000000000002,946.16
"core","A_eb050_equal_n300","Spherical k-means",100,100,100,0,0,1,"none","none",NA,NA,NA,NA,NA,NA,NA,NA,NA,NA,NA,NA,NA,NA,NA,NA,NA,NA,NA,NA,NA,NA,NA,NA,NA,NA,NA,NA,NA,NA,NA,NA,NA,NA,NA,NA,NA,NA,NA,NA,0.620105261797551,0.113738712306514,0.56908806409315,0.0983933989091043,NA,NA,NA,NA,NA,NA,NA,NA,NA,NA,NA,NA,NA,NA,1,0,15.99,6.04945109789794,0.0758000000000011,0.0196525372973143,0.0750000000000454,7.58000000000011
"core","A_eb050_heterogeneous_n1000","Dense-free",100,100,100,0,0,1,"none","none",NA,NA,NA,NA,NA,NA,NA,NA,NA,NA,NA,NA,NA,NA,NA,NA,NA,NA,NA,NA,NA,NA,NA,NA,NA,NA,NA,NA,NA,NA,NA,NA,NA,NA,NA,NA,NA,NA,NA,NA,0.835264783431265,0.0091618054515518,0.797876992170637,0.00866087502027525,0.06628,0.0038832455445923,0.015925,0.0038832455445923,-247.228332095163,0.0607942745676445,0.000526103134181421,3.80639526944793e-05,7.43340640075304,2.45556611514873,0.74681783764706,0.0475816061762515,248049.644840215,116.290864999524,1,0,16.38,6.0281829682741,4.72820000000002,1.03324279173225,4.54000000000008,472.820000000002
"core","A_eb050_heterogeneous_n1000","Dense-shared",100,100,100,0,0,1,"none","none",NA,NA,NA,NA,NA,NA,NA,NA,NA,NA,NA,NA,NA,NA,NA,NA,NA,NA,NA,NA,NA,NA,NA,NA,NA,NA,NA,NA,NA,NA,NA,NA,NA,NA,NA,NA,NA,NA,NA,NA,0.765291248377588,0.0140198842441748,0.73725663988192,0.0117153154190443,0.098346,0.00642651420666638,0.047991,0.00642651420666638,-247.004337923643,0.0608919381613368,0.000571209971915034,4.28069989462067e-05,130.9297083143,2.83498880188795,1.27264142831951,0.0642293800570453,247877.588181038,114.499578299089,1,0,22.56,7.59361773485012,1.6012,0.226609975085115,1.59000000000007,160.12
"core","A_eb050_heterogeneous_n1000","E-ACGL",100,100,100,0,0,1,"S_eta","BIC-after-refit",16.02,0.14070529413629,0,0,0,0,16,0,0.02,0.14070529413629,0.8,0,0.000111111111111111,0.000781696078534943,0.998823529411765,0.00827678200801709,0.888408408408409,0.00338030736663758,0.8,0,0.000111111111111111,0.000781696078534943,0.998823529411765,0.00827678200801709,0.888408408408409,0.00338030736663758,1,0,0.000108695652173913,0.000764702685523313,0.998823529411765,0.00827678200801709,0.999393939393939,0.00426379679200874,0,0,0,0,0.98,0.14070529413629,0.86897021356426,0.00683208333767959,0.831443250438801,0.00701588103138922,0.051838,0.00274825123460081,0.001483,0.00274825123460081,-247.516617267437,0.0577242339289788,0.000156799726728188,1.67020461540869e-05,1.50995430219907,1.00012766090641,0.0613989807767532,0.0131731309625501,247769.326316231,114.689930852502,1,0,3.36,0.541602560309064,42.4186,1.79919231037068,42.3550000000001,4241.86
"core","A_eb050_heterogeneous_n1000","E-CGL",100,100,100,0,0,1,"S_eta","BIC-after-refit",16.02,0.14070529413629,0,0,0,0,16,0,0.02,0.14070529413629,0.8,0,0.000111111111111111,0.000781696078534943,0.998823529411765,0.00827678200801709,0.888408408408409,0.00338030736663758,0.8,0,0.000111111111111111,0.000781696078534943,0.998823529411765,0.00827678200801709,0.888408408408409,0.00338030736663758,1,0,0.000108695652173913,0.000764702685523313,0.998823529411765,0.00827678200801709,0.999393939393939,0.00426379679200874,0,0,0,0,0.98,0.14070529413629,0.869010304631286,0.00685895338057913,0.831481173510545,0.00704865883104541,0.051822,0.00275650122254625,0.001467,0.00275650122254625,-247.516606610616,0.0577255884218546,0.000156773587786354,1.66955073569179e-05,1.51584279289972,1.00149258385878,0.061404392779981,0.0131597533837072,247769.325792621,114.689906310676,1,0,7.92,1.00181653192407,47.2613,2.06582468429988,46.875,4726.13
"core","A_eb050_heterogeneous_n1000","M-L",100,100,100,0,0,1,"S_P","BIC-after-refit",199.67,0.551490175924662,0,0,4,0,16,0,179.67,0.551490175924662,1,0,0.998166666666667,0.00306383431069268,0.100166032181108,0.000277752880150226,0.182092459088815,0.000458791586225921,1,0,0.998166666666667,0.00306383431069268,0.100166032181108,0.000277752880150226,0.182092459088815,0.000458791586225921,1,0,0.99820652173913,0.00299722921698193,0.0801328257448861,0.000222202304120212,0.148375795921982,0.000380799665692598,0,0,0,0,0,0,0.836451768217937,0.00952569943275963,0.798981289823855,0.00899757625379791,0.06574,0.00403795127571526,0.015385,0.00403795127571526,-247.232392769331,0.0606679515850336,0.000518883224114884,3.78847813051473e-05,7.33608916177443,2.44672686427961,0.735885902550341,0.0478174839930979,248047.604996903,116.229264069144,1,0,6.96,1.17996747087504,29.132,2.5530556063848,29.0450000000001,2913.2
"core","A_eb050_heterogeneous_n1000","Spherical k-means",100,100,100,0,0,1,"none","none",NA,NA,NA,NA,NA,NA,NA,NA,NA,NA,NA,NA,NA,NA,NA,NA,NA,NA,NA,NA,NA,NA,NA,NA,NA,NA,NA,NA,NA,NA,NA,NA,NA,NA,NA,NA,NA,NA,NA,NA,0.77255279612876,0.0120071256516353,0.741145108565272,0.0106624841202687,NA,NA,NA,NA,NA,NA,NA,NA,NA,NA,NA,NA,NA,NA,1,0,17.64,6.59586647419841,0.259000000000008,0.0540388935878828,0.25,25.9000000000008
"core","A_eb050_heterogeneous_n300","Dense-free",100,100,100,0,0,1,"none","none",NA,NA,NA,NA,NA,NA,NA,NA,NA,NA,NA,NA,NA,NA,NA,NA,NA,NA,NA,NA,NA,NA,NA,NA,NA,NA,NA,NA,NA,NA,NA,NA,NA,NA,NA,NA,NA,NA,NA,NA,0.709161060453122,0.0450903510300715,0.690265102137958,0.0309599724709476,0.13006,0.0324439843609277,0.079705,0.0324439843609277,-246.081787877531,0.126853295330766,0.00172777432328825,0.000250462311931717,80.5547132679632,25.88829406046,3.07670650245737,0.443878091995434,74714.8762767675,57.5188266430166,1,0,53.83,24.0970491508354,2.84089999999999,0.501315632746843,2.81999999999996,284.089999999999
"core","A_eb050_heterogeneous_n300","Dense-shared",100,100,100,0,0,1,"none","none",NA,NA,NA,NA,NA,NA,NA,NA,NA,NA,NA,NA,NA,NA,NA,NA,NA,NA,NA,NA,NA,NA,NA,NA,NA,NA,NA,NA,NA,NA,NA,NA,NA,NA,NA,NA,NA,NA,NA,NA,0.648752272362016,0.0420104040748491,0.630618806062669,0.0338165686560882,0.162462,0.0301009841780107,0.112107,0.0301009841780107,-245.859731665284,0.134361232280972,0.00184194724362344,0.00028325902471505,183.569312032073,13.5215377493089,3.7642534636626,0.454872240624179,74674.5660011574,57.7477811074358,1,0,53.33,28.4228727782696,1.19599999999999,0.21260291625467,1.19999999999989,119.599999999999
"core","A_eb050_heterogeneous_n300","E-ACGL",100,100,100,0,0,1,"S_eta","BIC-after-refit",16.18,0.45792681696639,0,0,0,0,16,0,0.18,0.45792681696639,0.8,0,0.001,0.0025440378720355,0.989607843137255,0.0261618574929244,0.884602497234076,0.0108500581069295,0.8,0,0.001,0.0025440378720355,0.989607843137255,0.0261618574929244,0.884602497234076,0.0108500581069295,1,0,0.000978260869565217,0.00248873270090429,0.989607843137255,0.0261618574929244,0.994598930481283,0.0136636180595784,0,0,0,0,0.85,0.358870281282637,0.857938498683374,0.0104895936629578,0.822211398811019,0.00979182999484745,0.056576,0.00447297428898255,0.006221,0.00447297428898255,-247.214747305176,0.0756118749301813,0.000503550798801589,5.20154583402411e-05,8.61988757748335,4.55706265077538,0.209247997284737,0.0555093797099232,74418.2262940197,58.0696389013409,1,0,6.88,1.96576764248535,43.9632,3.09005634939304,43.6549999999999,4396.32
"core","A_eb050_heterogeneous_n300","E-CGL",100,100,100,0,0,1,"S_eta","BIC-after-refit",16.6,1.17206543065538,0,0,0,0,16,0,0.6,1.17206543065538,0.8,0,0.00333333333333333,0.00651147461475209,0.967929011476999,0.0585823469188985,0.875138740822951,0.0259544632466424,0.8,0,0.00333333333333333,0.00651147461475209,0.967929011476999,0.0585823469188985,0.875138740822951,0.0259544632466424,1,0,0.00326086956521739,0.00636992081877922,0.967929011476999,0.0585823469188985,0.982748055522049,0.0324435812332528,0,0,0,0,0.69,0.464823198711732,0.857026819695025,0.0110227398979682,0.821295190398473,0.0102113624415753,0.056966,0.00469360665526452,0.006611,0.00469360665526452,-247.206149456024,0.0805702077803529,0.000512654190180036,6.17596477053038e-05,8.81366420821853,4.56678679760986,0.228959343734078,0.0777754224408478,74420.7750815877,58.2959911674211,1,0,10.74,2.80555005500011,49.8228,4.79502416336694,50.255,4982.28
"core","A_eb050_heterogeneous_n300","M-L",100,100,100,0,0,1,"S_P","BIC-after-refit",199.7,0.559581373109678,0,0,4,0,16,0,179.7,0.559581373109678,1,0,0.998333333333333,0.00310878540616501,0.100151008336045,0.000282257139619319,0.182067629708538,0.000466166018195114,1,0,0.998333333333333,0.00310878540616501,0.100151008336045,0.000282257139619319,0.182067629708538,0.000466166018195114,1,0,0.998369565217391,0.0030412031147266,0.0801208066688362,0.000225805711695479,0.148355189392612,0.000386930568418941,0,0,0,0,0,0,0.71840331566511,0.0451998963625759,0.698191754431559,0.0303975629081857,0.12465,0.0325023619965309,0.074295,0.0325023619965309,-246.121554630188,0.127364244415697,0.00165916978373575,0.000243075476759394,79.7697447191082,26.9803126391259,2.95733311515809,0.443175188460615,74714.0505557039,57.346791960287,1,0,9.33,8.59769172687083,9.39400000000001,1.48699276217051,9.12999999999988,939.400000000001
"core","A_eb050_heterogeneous_n300","Spherical k-means",100,100,100,0,0,1,"none","none",NA,NA,NA,NA,NA,NA,NA,NA,NA,NA,NA,NA,NA,NA,NA,NA,NA,NA,NA,NA,NA,NA,NA,NA,NA,NA,NA,NA,NA,NA,NA,NA,NA,NA,NA,NA,NA,NA,NA,NA,0.580064767836386,0.0556197915191057,0.570112437823714,0.0456081581366315,NA,NA,NA,NA,NA,NA,NA,NA,NA,NA,NA,NA,NA,NA,1,0,12.18,3.8596069303189,0.0708999999999881,0.0214190984352266,0.0600000000000591,7.08999999999881
"core","A_eb100_equal_n1000","Dense-free",100,100,100,0,0,1,"none","none",NA,NA,NA,NA,NA,NA,NA,NA,NA,NA,NA,NA,NA,NA,NA,NA,NA,NA,NA,NA,NA,NA,NA,NA,NA,NA,NA,NA,NA,NA,NA,NA,NA,NA,NA,NA,NA,NA,NA,NA,0.681742023500658,0.0125789340250827,0.619334954083846,0.0120614521652794,0.130688,0.00569545769748476,0.031398,0.00569545769748476,-247.143633315216,0.0411741030266717,0.00048989133134365,2.65291654502509e-05,7.97287010496739,3.09907941899777,0.866279906269734,0.0489780084424261,247986.678887319,95.8333342482186,1,0,21.38,10.0912803644503,4.9762,1.01417805700632,4.69000000000005,497.62
"core","A_eb100_equal_n1000","Dense-shared",100,100,100,0,0,1,"none","none",NA,NA,NA,NA,NA,NA,NA,NA,NA,NA,NA,NA,NA,NA,NA,NA,NA,NA,NA,NA,NA,NA,NA,NA,NA,NA,NA,NA,NA,NA,NA,NA,NA,NA,NA,NA,NA,NA,NA,NA,0.683906470001518,0.0124696401504126,0.620525152538836,0.0122358994941376,0.129756,0.00565575276987417,0.030466,0.00565575276987417,-247.146243170903,0.0409375933070174,0.00048885335942131,2.67959240015528e-05,6.24629824221063,2.54574927827896,0.858178779464888,0.048227672718027,247984.844549703,95.7658906990933,1,0,21.89,7.31664078134442,1.58679999999999,0.243977478675838,1.55999999999995,158.679999999999
"core","A_eb100_equal_n1000","E-ACGL",100,100,100,0,0,1,"S_eta","BIC-after-refit",16.02,0.14070529413629,0,0,0,0,16,0,0.02,0.14070529413629,0.8,0,0.000111111111111111,0.000781696078534943,0.998823529411765,0.00827678200801709,0.888408408408409,0.00338030736663758,1,0,0.000108695652173913,0.000764702685523313,0.998823529411765,0.00827678200801709,0.999393939393939,0.00426379679200874,1,0,0.000108695652173913,0.000764702685523313,0.998823529411765,0.00827678200801709,0.999393939393939,0.00426379679200874,0,0,0.98,0.14070529413629,0.98,0.14070529413629,0.746653442508793,0.0106188540263588,0.683577449976196,0.0107101462285609,0.10191,0.00460718586733394,0.00262,0.00460718586733394,-247.445222712278,0.0411279315706845,0.000133858973142715,1.2336905636462e-05,1.34621536076295,1.04063376020793,0.0666440515227242,0.0133116348666718,247698.248770081,96.8897780064799,1,0,3.75,0.729950876996722,29.0018,3.7131207109575,28.445,2900.18
"core","A_eb100_equal_n1000","E-CGL",100,100,100,0,0,1,"S_eta","BIC-after-refit",16.02,0.14070529413629,0,0,0,0,16,0,0.02,0.14070529413629,0.8,0,0.000111111111111111,0.000781696078534943,0.998823529411765,0.00827678200801709,0.888408408408409,0.00338030736663758,1,0,0.000108695652173913,0.000764702685523313,0.998823529411765,0.00827678200801709,0.999393939393939,0.00426379679200874,1,0,0.000108695652173913,0.000764702685523313,0.998823529411765,0.00827678200801709,0.999393939393939,0.00426379679200874,0,0,0.98,0.14070529413629,0.98,0.14070529413629,0.74670910969994,0.0106186699071601,0.683629454465451,0.010711484455594,0.101886,0.00460673683233851,0.002596,0.00460673683233851,-247.445249943564,0.0411260042144105,0.000133818860883124,1.2332558441667e-05,1.34196470480585,1.03932554308018,0.0665613429523521,0.0132969612129241,247698.248505136,96.8897657985745,1,0,6.05,1.03840398125336,35.7291,3.61522400915401,35.12,3572.91
"core","A_eb100_equal_n1000","M-L",100,100,100,0,0,1,"S_P","BIC-after-refit",199.64,0.627967701672175,0,0,0,0,16,0,183.64,0.627967701672175,1,0,0.998,0.00348870945373441,0.100181311366348,0.00031688386402036,0.182117671409956,0.00052333456803874,1,0,0.998043478260869,0.00341286794387057,0.0801450490930786,0.000253507091216308,0.148396726256579,0.000434385066324413,1,0,0.998043478260869,0.00341286794387057,0.0801450490930786,0.000253507091216308,0.148396726256579,0.000434385066324413,0,0,0,0,0,0,0.683129894557831,0.0131105442640161,0.620664136901837,0.0125869802698432,0.13006,0.0059308132203388,0.03077,0.0059308132203388,-247.148552773915,0.0415588221332041,0.000483682568759927,2.64264754834675e-05,7.85096418519642,3.06472780860357,0.851040949813193,0.0491913206339993,247984.639312566,95.7614376060213,1,0,7.95,0.914253020699733,30.7869,3.35859840144995,31.085,3078.69
"core","A_eb100_equal_n1000","Spherical k-means",100,100,100,0,0,1,"none","none",NA,NA,NA,NA,NA,NA,NA,NA,NA,NA,NA,NA,NA,NA,NA,NA,NA,NA,NA,NA,NA,NA,NA,NA,NA,NA,NA,NA,NA,NA,NA,NA,NA,NA,NA,NA,NA,NA,NA,NA,0.676255197158567,0.0130326641780071,0.612785705460862,0.0127034765890807,NA,NA,NA,NA,NA,NA,NA,NA,NA,NA,NA,NA,NA,NA,1,0,22.74,7.92721944194861,0.339099999999994,0.054533744534267,0.329999999999927,33.9099999999994
"core","A_eb100_equal_n300","Dense-free",100,100,100,0,0,1,"none","none",NA,NA,NA,NA,NA,NA,NA,NA,NA,NA,NA,NA,NA,NA,NA,NA,NA,NA,NA,NA,NA,NA,NA,NA,NA,NA,NA,NA,NA,NA,NA,NA,NA,NA,NA,NA,NA,NA,NA,NA,0.389507699194741,0.0984806880645977,0.370804907612056,0.0788962294642354,0.29189,0.0738104828173978,0.1926,0.0738104828173978,-245.737473656221,0.18414835792856,0.00204463073342146,0.000441795299733662,85.65111337677,24.4884871600586,4.5085734656867,1.00583610779124,74701.5418503054,54.6847034063986,1,0,86.84,35.9139600330084,4.88759999999998,0.662801096053176,4.89999999999986,488.759999999999
"core","A_eb100_equal_n300","Dense-shared",100,100,100,0,0,1,"none","none",NA,NA,NA,NA,NA,NA,NA,NA,NA,NA,NA,NA,NA,NA,NA,NA,NA,NA,NA,NA,NA,NA,NA,NA,NA,NA,NA,NA,NA,NA,NA,NA,NA,NA,NA,NA,NA,NA,NA,NA,0.436286128035885,0.0805110024723667,0.397257167201512,0.0684457413299095,0.263316,0.0624766699406161,0.164026,0.0624766699406161,-245.787641017399,0.180087104131203,0.0019462667858299,0.000414579506044295,63.7881190572026,12.3566701311463,4.19086355457209,0.90940465813535,74702.9829258699,50.3506537478836,0.99,0.1,95.54,39.249890947542,2.00509999999999,0.259414628529216,1.995,200.509999999999
"core","A_eb100_equal_n300","E-ACGL",100,100,100,0,0,1,"S_eta","BIC-after-refit",16.33,0.829445476194667,0,0,0,0,15.95,0.329523684408054,0.38,0.940449065311059,0.798,0.0172913243850753,0.00205555555555556,0.00521725293096415,0.979592988710636,0.0491681760439478,0.879084422768633,0.0277924005156308,0.996875,0.0205952302755034,0.00206521739130435,0.00511113622451663,0.979004753416518,0.0492733280332891,0.987367634196756,0.0327741354887004,0.996875,0.0205952302755034,0.00206521739130435,0.00511113622451663,0.979004753416518,0.0492733280332891,0.987367634196756,0.0327741354887004,0,0,0.77,0.422952584681651,0.77,0.422952584681651,0.720762684590068,0.0255132920094071,0.661442526769101,0.0208791647967744,0.113414,0.0133644864843322,0.014124,0.0133644864843322,-247.123542572856,0.0677113167584894,0.000454613796965308,8.48694710449423e-05,8.06397832488525,4.23232520549076,0.272698291953764,0.154372237708487,74395.5641128122,49.1033337038079,1,0,9.04,3.64572532307539,54.1285,9.72030129796561,52.8249999999999,5412.85
"core","A_eb100_equal_n300","E-CGL",100,100,100,0,0,1,"S_eta","BIC-after-refit",16.28,0.533333333333333,0,0,0,0,16,0,0.28,0.533333333333333,0.8005,0.00499999999999999,0.0015,0.00293919337794093,0.98437908496732,0.0302723933375985,0.882753279595385,0.0130492400743688,1,0,0.00152173913043478,0.00289855072463768,0.983790849673203,0.0305361539101556,0.991586452762923,0.0159315219110113,1,0,0.00152173913043478,0.00289855072463768,0.983790849673203,0.0305361539101556,0.991586452762923,0.0159315219110113,0,0,0.76,0.429234695990928,0.76,0.429234695990928,0.723925376973759,0.0132938961831745,0.663951839840197,0.0118078430482904,0.111768,0.00579088241910671,0.012478,0.00579088241910671,-247.12990186983,0.0528931168717581,0.00044418031238888,4.33167788075823e-05,7.97240499589289,4.30924081874896,0.253199255395121,0.0673322078653971,74396.3215739877,48.3036687197846,1,0,9.56,1.9864185323991,56.1379,7.5342960359662,55.575,5613.79
"core","A_eb100_equal_n300","M-L",100,100,100,0,0,1,"S_P","BIC-after-refit",199.67,0.586979943903925,0,0,0,0,16,0,183.67,0.586979943903925,1,0,0.998166666666667,0.00326099968835526,0.100166134471774,0.000296108576258925,0.182092612475761,0.00048903791116341,1,0,0.99820652173913,0.00319010839078228,0.0801329075774195,0.000236886861007163,0.148375925625476,0.000405915582583684,1,0,0.99820652173913,0.00319010839078228,0.0801329075774195,0.000236886861007163,0.148375925625476,0.000405915582583684,0,0,0,0,0,0,0.422177657283348,0.0965043721721891,0.40002821938706,0.0761889068055708,0.270544,0.0701696073953688,0.171254,0.0701696073953688,-245.830147074154,0.190012806916853,0.00188145447875478,0.000426709401288185,88.1470672864838,21.5822546657044,4.14252453096266,0.985034088541546,74706.9653650145,52.2051539293677,1,0,12.95,9.96090844098554,12,3.19398993692397,11.0800000000001,1200
"core","A_eb100_equal_n300","Spherical k-means",100,100,100,0,0,1,"none","none",NA,NA,NA,NA,NA,NA,NA,NA,NA,NA,NA,NA,NA,NA,NA,NA,NA,NA,NA,NA,NA,NA,NA,NA,NA,NA,NA,NA,NA,NA,NA,NA,NA,NA,NA,NA,NA,NA,NA,NA,0.21076908945862,0.0763759515016184,0.20247527333434,0.066214591194147,NA,NA,NA,NA,NA,NA,NA,NA,NA,NA,NA,NA,NA,NA,1,0,10.79,3.02613197786791,0.0557000000000165,0.0155215718250251,0.0500000000001819,5.57000000000165
"core","A_eb100_heterogeneous_n1000","Dense-free",100,100,100,0,0,1,"none","none",NA,NA,NA,NA,NA,NA,NA,NA,NA,NA,NA,NA,NA,NA,NA,NA,NA,NA,NA,NA,NA,NA,NA,NA,NA,NA,NA,NA,NA,NA,NA,NA,NA,NA,NA,NA,NA,NA,NA,NA,0.66942481113833,0.0243423253233295,0.654271938868461,0.015220675762808,0.151128,0.0194955062421155,0.050778,0.0194955062421155,-247.307668686546,0.0586616097621436,0.000703568261596272,0.000119342137000026,13.5598744361731,10.3290244453435,1.01259489326941,0.182221271861742,248181.314971752,107.492461578281,1,0,45.64,19.078529896989,11.0012,2.44538414077617,10.7800000000001,1100.12
"core","A_eb100_heterogeneous_n1000","Dense-shared",100,100,100,0,0,1,"none","none",NA,NA,NA,NA,NA,NA,NA,NA,NA,NA,NA,NA,NA,NA,NA,NA,NA,NA,NA,NA,NA,NA,NA,NA,NA,NA,NA,NA,NA,NA,NA,NA,NA,NA,NA,NA,NA,NA,NA,NA,0.594922196073787,0.0219726075292334,0.585989186526098,0.0170280295232039,0.199302,0.0170751279924806,0.098952,0.0170751279924806,-247.109953041798,0.0633706011242952,0.000874531089024787,0.000124961010140392,133.589136616066,3.02747989939711,1.75762162439906,0.174427714568399,248047.916841041,104.966435328387,1,0,68.74,33.4252127664858,4.67979999999999,0.881367142798073,4.68499999999995,467.979999999999
"core","A_eb100_heterogeneous_n1000","E-ACGL",100,100,100,0,0,1,"S_eta","BIC-after-refit",16.01,0.1,0,0,0,0,16,0,0.01,0.1,0.8,0,5.55555555555556e-05,0.000555555555555556,0.999411764705882,0.00588235294117651,0.888648648648649,0.00240240240240239,0.8,0,5.55555555555556e-05,0.000555555555555556,0.999411764705882,0.00588235294117651,0.888648648648649,0.00240240240240239,1,0,5.43478260869565e-05,0.000543478260869565,0.999411764705882,0.00588235294117651,0.99969696969697,0.00303030303030301,0,0,0,0,0.99,0.1,0.753409281673918,0.011887630616569,0.722192202113366,0.0101850131342116,0.103934,0.00528264205400168,0.003584,0.00528264205400168,-247.629968830507,0.0535316045076974,0.000165102104759985,2.06832128369884e-05,1.58709218155706,1.10058749686397,0.0706977187932518,0.0155034306053335,247886.531292809,107.706831796484,1,0,7.73,2.60091281567596,48.8182,1.90927792157615,48.9749999999998,4881.82
"core","A_eb100_heterogeneous_n1000","E-CGL",100,100,100,0,0,1,"S_eta","BIC-after-refit",16.47,1.06794431058228,0,0,0.01,0.1,16,0,0.46,1.05810961605873,0.8005,0.00499999999999999,0.00255555555555556,0.00587838675588185,0.975277261781906,0.0506886626282375,0.878627215364058,0.0228568938738668,0.8005,0.00499999999999999,0.00255555555555556,0.00587838675588185,0.975277261781906,0.0506886626282375,0.878627215364058,0.0228568938738668,1,0,0.00255434782608696,0.00580404516620802,0.97472170622635,0.0513303949900377,0.986459553518377,0.0287989596477917,0,0,0,0,0.72,0.451260859854213,0.752793624787019,0.0123074888789734,0.721589911202139,0.0106650749349584,0.104246,0.00550774330952672,0.003896,0.00550774330952672,-247.626932667872,0.0550453387498622,0.000168819292870938,2.35794646769032e-05,1.61507744755681,1.10589950428377,0.0782221964351735,0.0226755375682426,247889.509154257,106.596295753217,1,0,26.36,14.0227232617908,64.2191,7.90398085291408,62.3349999999999,6421.91
"core","A_eb100_heterogeneous_n1000","M-L",100,100,100,0,0,1,"S_P","BIC-after-refit",199.88,0.356186309210063,0,0,4,0,16,0,179.88,0.356186309210063,1,0,0.999333333333333,0.00197881282894489,0.100060352266382,0.000179259227752748,0.181917884386151,0.000296119782219649,1,0,0.999333333333333,0.00197881282894489,0.100060352266382,0.000179259227752748,0.181917884386151,0.000296119782219649,1,0,0.999347826086956,0.00193579515875042,0.0800482818131059,0.000143407382202223,0.148230899884888,0.000245778089254787,0,0,0,0,0,0,0.675083046569586,0.022829078840293,0.657901539891165,0.0144245655162797,0.14676,0.0177907705047172,0.04641,0.0177907705047172,-247.315910801798,0.0566401439189644,0.000671331481418414,0.000103202664966429,12.6820345407153,8.93270139783903,0.969984525597395,0.15832978861922,248179.746017568,107.789393820559,1,0,12.59,3.20067858966555,33.7291,9.70688884766947,32.35,3372.91
"core","A_eb100_heterogeneous_n1000","Spherical k-means",100,100,100,0,0,1,"none","none",NA,NA,NA,NA,NA,NA,NA,NA,NA,NA,NA,NA,NA,NA,NA,NA,NA,NA,NA,NA,NA,NA,NA,NA,NA,NA,NA,NA,NA,NA,NA,NA,NA,NA,NA,NA,NA,NA,NA,NA,0.589007699586025,0.0279057812463072,0.577082928217156,0.0212879353249028,NA,NA,NA,NA,NA,NA,NA,NA,NA,NA,NA,NA,NA,NA,1,0,18.89,7.96062913101824,0.242800000000005,0.0424283114931855,0.239999999999895,24.2800000000005
"core","A_eb100_heterogeneous_n300","Dense-free",100,100,100,0,0,1,"none","none",NA,NA,NA,NA,NA,NA,NA,NA,NA,NA,NA,NA,NA,NA,NA,NA,NA,NA,NA,NA,NA,NA,NA,NA,NA,NA,NA,NA,NA,NA,NA,NA,NA,NA,NA,NA,NA,NA,NA,NA,0.511924180434032,0.0344983495709492,0.529763667983327,0.0245947955095426,0.287004,0.0411198001410071,0.186654,0.0411198001410071,-246.14841150185,0.105385523967051,0.00230391540350502,0.000284057137545956,158.542619147976,79.6586381495453,4.59106079286229,0.798509007005691,74768.3536947928,54.7931719732704,1,0,60.27,27.4056158073081,3.25439999999998,0.567215990428671,3.2349999999999,325.439999999998
"core","A_eb100_heterogeneous_n300","Dense-shared",100,100,100,0,0,1,"none","none",NA,NA,NA,NA,NA,NA,NA,NA,NA,NA,NA,NA,NA,NA,NA,NA,NA,NA,NA,NA,NA,NA,NA,NA,NA,NA,NA,NA,NA,NA,NA,NA,NA,NA,NA,NA,NA,NA,NA,NA,0.483627031594387,0.0266244885210869,0.480735611450266,0.0216862836411614,0.289786,0.0297446133651528,0.189436,0.0297446133651528,-245.997728107115,0.105960848298254,0.00228506142174825,0.000258643865833044,198.555747131266,14.6056179493115,4.76791199593854,0.450232140112275,74740.9682649015,57.0028638942007,1,0,60.8,23.5170258546974,1.30659999999999,0.212099747831763,1.30499999999995,130.659999999999
"core","A_eb100_heterogeneous_n300","E-ACGL",100,100,100,0,0,1,"S_eta","BIC-after-refit",15.23,1.39156913104044,0,0,0,0,14.81,1.09816191700477,0.42,0.754515029202818,0.7405,0.0549080958502386,0.00233333333333334,0.00419175016223788,0.974711853162318,0.0437741875733159,0.839976145466858,0.0390751145761909,0.7405,0.0549080958502386,0.00233333333333334,0.00419175016223788,0.974711853162318,0.0437741875733159,0.839976145466858,0.0390751145761909,0.925625,0.0686351198127983,0.00228260869565217,0.00410062515871097,0.974711853162318,0.0437741875733159,0.947652592941312,0.041745302313041,0,0,0,0,0.22,0.416333199893227,0.702383127498623,0.0340630949598975,0.685718536790596,0.022202319542621,0.132358,0.0250583689522174,0.032008,0.0250583689522174,-247.283291623102,0.0745046700126897,0.000658428820570545,0.000151522319679689,10.2111078732506,9.19194450008521,0.417774186833739,0.206585251553239,74437.7511044093,55.8990584942388,1,0,29.03,19.822676026422,61.7067,6.82059138035536,60.1,6170.67
"core","A_eb100_heterogeneous_n300","E-CGL",100,100,100,0,0,1,"S_eta","BIC-after-refit",24.34,8.09192139848083,0,0,0.2,0.471404520791032,15.09,1.04538427519658,9.05,7.56437022954965,0.7645,0.0600063127992179,0.0502777777777778,0.0420242790530536,0.675062587765889,0.157419049516818,0.703485900406778,0.0888487828286901,0.7645,0.0600063127992179,0.0502777777777778,0.0420242790530536,0.675062587765889,0.157419049516818,0.703485900406778,0.0888487828286901,0.943125,0.0653365171997864,0.0502717391304348,0.0419227608496901,0.667898961391609,0.160076626306848,0.767818899991956,0.10967121862421,0,0,0,0,0.01,0.1,0.637985302171426,0.0547061041279889,0.664556191151281,0.0202546484168261,0.210852,0.0721768681711107,0.110502,0.0721768681711107,-247.137882216123,0.105763766880255,0.00105440492898415,0.00032864249801403,12.5781882145233,5.15050544507095,0.892358923221103,0.292459402742365,74454.264696631,62.6055237013145,1,0,27.85,25.3466372562914,68.1944,6.220854194489,67.44,6819.44
"core","A_eb100_heterogeneous_n300","M-L",100,100,100,0,0,1,"S_P","BIC-after-refit",199.62,0.693111852736656,0,0,4,0,16,0,179.62,0.693111852736656,1,0,0.997888888888889,0.00385062140409259,0.10019156698769,0.000350647017716126,0.182134583656514,0.000578957739222566,1,0,0.997888888888889,0.00385062140409259,0.10019156698769,0.000350647017716126,0.182134583656514,0.000578957739222566,1,0,0.997934782608696,0.00376691224313406,0.0801532535901524,0.000280517614172905,0.148410767810783,0.000480575128078976,0,0,0,0,0,0,0.514498130227101,0.0368643963884514,0.534828776018312,0.0257697465625006,0.284862,0.0427998838382262,0.184512,0.0427998838382262,-246.173322730412,0.110651042229762,0.00226510756927572,0.000299731494357935,162.310651709105,81.9854918788148,4.52918350274689,0.829564209051093,74769.1898837073,54.816037720313,1,0,10.65,8.18396436498062,10.7428,2.33778582976683,10.0649999999999,1074.28
"core","A_eb100_heterogeneous_n300","Spherical k-means",100,100,100,0,0,1,"none","none",NA,NA,NA,NA,NA,NA,NA,NA,NA,NA,NA,NA,NA,NA,NA,NA,NA,NA,NA,NA,NA,NA,NA,NA,NA,NA,NA,NA,NA,NA,NA,NA,NA,NA,NA,NA,NA,NA,NA,NA,0.443763310163617,0.0371365407478617,0.441223599677975,0.0340080387615115,NA,NA,NA,NA,NA,NA,NA,NA,NA,NA,NA,NA,NA,NA,1,0,12.23,3.90765888733881,0.0690999999999992,0.0182072801512128,0.0600000000002865,6.90999999999992
"core","B_crossed_support_n400","Dense-free",100,100,100,0,0,1,"none","none",NA,NA,NA,NA,NA,NA,NA,NA,NA,NA,NA,NA,NA,NA,NA,NA,NA,NA,NA,NA,NA,NA,NA,NA,NA,NA,NA,NA,NA,NA,NA,NA,NA,NA,NA,NA,NA,NA,NA,NA,0.996019104983634,0.00168489370329363,0.992286677812284,0.00298179908886394,0.001496,0.000633400315437212,0.000186,0.000633400315437212,-12.1400964421164,0.0570541175719934,0.000304548484839934,5.55331614613921e-05,3.65008168506107,2.87188301260128,0.526023503901259,0.110309243890137,4953.02043891189,74.1819668054357,1,0,4.94,1.63805748471546,0.1918,0.093142445488158,0.169999999999959,19.18
"core","B_crossed_support_n400","Dense-shared",100,100,100,0,0,1,"none","none",NA,NA,NA,NA,NA,NA,NA,NA,NA,NA,NA,NA,NA,NA,NA,NA,NA,NA,NA,NA,NA,NA,NA,NA,NA,NA,NA,NA,NA,NA,NA,NA,NA,NA,NA,NA,NA,NA,NA,NA,0.991594908464481,0.0023664503785821,0.98493485996391,0.0036790017209674,0.003164,0.00089052475733937,0.001854,0.00089052475733937,-11.8552503092595,0.0600448195596088,0.000306027480256533,5.57035211847405e-05,128.491309465537,3.1828114081325,4.76687422154092,0.193329888737583,4835.34242802205,76.6484799137146,1,0,6.98,4.27106780583266,0.361800000000006,0.199349345662735,0.309999999999945,36.1800000000006
"core","B_crossed_support_n400","E-ACGL",100,100,100,0,0,1,"S_eta","BIC-after-refit",11.9,0.333333333333333,3.88,0.383497988352882,0,0,8,0,0.02,0.14070529413629,0.7425,0.0239686242720551,0.0025,0.0175881617670362,0.998257575757576,0.0122702329426832,0.851422466422466,0.0189761636478369,0.666666666666667,0,0.325,0.0277777777777777,0.672848484848485,0.0209233924552863,0.669591567852438,0.00981591520001306,0.99,0.0319581656960735,0.00166666666666667,0.0117254411780241,0.998257575757576,0.0122702329426832,0.993909749670619,0.0205346563521973,0,0,0,0,0.9,0.301511344577764,0.996102885435782,0.00152519032421345,0.992386905416369,0.00272687030471879,0.001464,0.000571285985096499,0.000154,0.000571285985096499,-12.1845658976208,0.0566248293843048,0.00019891767208112,6.31421127075606e-05,2.25443123989104,1.73877625318584,0.279811110087515,0.111794702625699,4934.10769987307,73.600876380315,1,0,3.16,0.563538603447676,28.8615,1.19786626376176,28.875,2886.15
"core","B_crossed_support_n400","E-CGL",100,100,100,0,0,1,"S_eta","BIC-after-refit",11.87,0.733815268637038,3.7,0.659047368816107,0.12,0.356186309210063,8,0,0.05,0.21904291355759,0.73875,0.0464829989557386,0.00625,0.0273803641946988,0.995885780885781,0.0180613408602806,0.847443352560594,0.0338265501172017,0.676666666666667,0.0296821924341718,0.3125,0.0547607283893975,0.686205017205017,0.045316321264606,0.680629744168875,0.0280851963878661,0.975,0.0549206140680089,0.0141666666666667,0.0336162238368694,0.986496836496837,0.0317400683700524,0.97975649857389,0.0356263967244665,0,0,0,0,0.69,0.464823198711732,0.996076725419879,0.00148783151139156,0.992337023845811,0.00265678047145534,0.001474,0.000557523383574468,0.000164,0.000557523383574468,-12.1764752010214,0.0597688703285707,0.000219357364651583,7.72367024429532e-05,2.64665387291998,1.94236861189367,0.329259129802315,0.152371672186986,4933.0822098751,73.6291034187487,1,0,3.65,0.672324476737388,25.26,1.62481203264073,25.385,2526
"core","B_crossed_support_n400","M-L",100,100,100,0,0,1,"S_P","BIC-after-refit",17.39,2.11724520845538,4,0,4,0,8,0,1.39,2.11724520845538,1,0,0.17375,0.264655651056923,0.931584655663805,0.0960417201976725,0.961850628550319,0.0555212939758671,1,0,0.449166666666667,0.176437100704615,0.698688491747854,0.0720312901482545,0.820389979330796,0.0531877154569706,1,0,0.449166666666667,0.176437100704615,0.698688491747854,0.0720312901482545,0.820389979330796,0.0531877154569706,0.52,0.502116731568678,0,0,0,0,0.996128148724318,0.00149342094656084,0.992432790249884,0.00267833078675069,0.001454,0.000559115463039703,0.000144,0.000559115463039703,-12.1960126033157,0.0577153238596393,0.000156654949208194,6.29657373805143e-05,3.18122365265238,2.57301804264461,0.314129655146956,0.125272638490876,4931.36776316543,74.6635385167725,1,0,3.36,0.627967701672175,0.8651,0.0902129355323998,0.859999999999985,86.51
"core","B_crossed_support_n400","Spherical k-means",100,100,100,0,0,1,"none","none",NA,NA,NA,NA,NA,NA,NA,NA,NA,NA,NA,NA,NA,NA,NA,NA,NA,NA,NA,NA,NA,NA,NA,NA,NA,NA,NA,NA,NA,NA,NA,NA,NA,NA,NA,NA,NA,NA,NA,NA,0.991742188670751,0.00219749457183338,0.985124746297246,0.00348073806238348,NA,NA,NA,NA,NA,NA,NA,NA,NA,NA,NA,NA,NA,NA,1,0,5.44,2.3924122478445,0.0170999999999985,0.0142343303887524,0.0199999999999818,1.70999999999985
"core","B_pure_concentration_n1000","Dense-free",100,100,100,0,0,1,"none","none",NA,NA,NA,NA,NA,NA,NA,NA,NA,NA,NA,NA,NA,NA,NA,NA,NA,NA,NA,NA,NA,NA,NA,NA,NA,NA,NA,NA,NA,NA,NA,NA,NA,NA,NA,NA,NA,NA,NA,NA,0.62988761880915,0.0148100664856124,0.694040611776502,0.0256427501187555,0.263968,0.011409360679333,0.112543,0.011409360679333,-258.4129816899,0.272255170435245,0.00170608632360873,0.000283097103561748,150.862200378815,138.060599547729,2.22121454031378,0.590619488018393,259234.941508229,641.051883722303,0.96,0.196946385566932,107.1,42.1554362814668,15.3311,2.25093780456056,15.1849999999999,1533.11
"core","B_pure_concentration_n1000","Dense-shared",100,100,100,0,0,1,"none","none",NA,NA,NA,NA,NA,NA,NA,NA,NA,NA,NA,NA,NA,NA,NA,NA,NA,NA,NA,NA,NA,NA,NA,NA,NA,NA,NA,NA,NA,NA,NA,NA,NA,NA,NA,NA,NA,NA,NA,NA,0.0435841821236474,0.00412750430022643,0.172512143471759,0.00534089120061658,0.69752,0.00653790810766276,0.546095,0.00653790810766276,-252.930840851267,0.213840907101164,0.0056122760786262,0.000211276393842156,5490.70241020711,22.6205826588593,29.1742981688253,0.7543157149954,254603.151053497,494.818178838237,1,0,91.81,31.8616627870479,4.91210000000001,0.620830813499075,4.86999999999989,491.210000000001
"core","B_pure_concentration_n1000","E-ACGL",100,100,100,0,0,1,"S_eta","BIC-after-refit",16.09,0.287623491264661,16,0,0,0,0,0,0.09,0.287623491264661,1,0,0.000489130434782609,0.00156317114817751,0.994705882352941,0.0169190288979214,0.997272727272727,0.00871586337165633,0,0,0.08045,0.00143811745632331,0,0,0,0,1,0,0.000489130434782609,0.00156317114817751,0.994705882352941,0.0169190288979214,0.997272727272727,0.00871586337165633,0.91,0.287623491264661,0,0,0.91,0.287623491264661,0.654745852998137,0.0240025614081148,0.71784015635407,0.0144342947568344,0.21899,0.0613379667222199,0.067565,0.0613379667222199,-258.719505533748,0.272475194739925,0.000610494087265352,0.000398673591430951,113.748120040916,171.614409349809,0.516117205912771,0.622134754296129,258882.1388533,641.211042456919,1,0,79.74,58.2612749741727,78.5479,6.24196101907379,78.2299999999998,7854.79
"core","B_pure_concentration_n1000","E-CGL",100,100,100,0,0,1,"S_eta","BIC-after-refit",16.33,0.667499479816693,16,0,0,0,0,0,0.33,0.667499479816693,1,0,0.00179347826086957,0.00362771456422116,0.981296869625043,0.0372214744704028,0.990194550547492,0.0196612079779952,0,0,0.08165,0.00333749739908346,0,0,0,0,1,0,0.00179347826086957,0.00362771456422116,0.981296869625043,0.0372214744704028,0.990194550547492,0.0196612079779952,0.77,0.422952584681651,0,0,0.77,0.422952584681651,0.634612311761573,0.0291972835483608,0.733364430336646,0.0219366198888103,0.380302,0.103213441670231,0.228877,0.103213441670231,-258.71183530307,0.271937700722812,0.000361537998311975,0.000263848299543537,541.736128223059,267.30358353968,2.06456698895335,1.11300222698393,258877.906466508,640.870078908434,1,0,71,70.275504015599,148.4658,17.5282756376171,145.42,14846.58
"core","B_pure_concentration_n1000","M-L",100,100,100,0,0,1,"S_P","BIC-after-refit",199.93,0.256432399976243,16,0,0,0,0,0,183.93,0.256432399976243,1,0,0.999619565217391,0.00139365434769706,0.0800281407035176,0.00010308840200051,0.14819638242894,0.000176697605496263,0,0,0.99965,0.00128216199988122,0,0,0,0,1,0,0.999619565217391,0.00139365434769706,0.0800281407035176,0.00010308840200051,0.14819638242894,0.000176697605496263,0,0,0,0,0,0,0.634122159463007,0.0146924640069741,0.703489259657189,0.0262930509196486,0.26452,0.0110970739614121,0.113095,0.0110970739614121,-258.423524072946,0.27311513010754,0.00171354019831515,0.000301461921078049,174.73480865314,142.169120830424,2.39710858044036,0.640771767739113,259231.343869055,641.055195805601,1,0,11.61,6.63004334431343,38.5702,14.6259581732223,36.125,3857.02
"core","B_pure_concentration_n1000","Spherical k-means",100,100,100,0,0,1,"none","none",NA,NA,NA,NA,NA,NA,NA,NA,NA,NA,NA,NA,NA,NA,NA,NA,NA,NA,NA,NA,NA,NA,NA,NA,NA,NA,NA,NA,NA,NA,NA,NA,NA,NA,NA,NA,NA,NA,NA,NA,0.101270383156673,0.0073747468933733,0.225897282588938,0.00622519626015908,NA,NA,NA,NA,NA,NA,NA,NA,NA,NA,NA,NA,NA,NA,1,0,15.63,6.18838109735176,0.248499999999968,0.0581425451417201,0.230000000000018,24.8499999999968
"core","B_shared_canonical_n1000","Dense-free",100,100,100,0,0,1,"none","none",NA,NA,NA,NA,NA,NA,NA,NA,NA,NA,NA,NA,NA,NA,NA,NA,NA,NA,NA,NA,NA,NA,NA,NA,NA,NA,NA,NA,NA,NA,NA,NA,NA,NA,NA,NA,NA,NA,NA,NA,0.838562297904481,0.00916346091220535,0.801190766746095,0.00886018530167889,0.064934,0.00394600475612404,0.015934,0.00394600475612404,-247.228767433574,0.0531035642875464,0.000523992767718672,3.63572888891323e-05,7.03170181753763,2.77108315228675,0.73692406899274,0.0428726704741361,248043.900447133,127.680745069588,1,0,16.4,4.90927796126987,4.62830000000001,0.88816466645969,4.63,462.830000000001
"core","B_shared_canonical_n1000","Dense-shared",100,100,100,0,0,1,"none","none",NA,NA,NA,NA,NA,NA,NA,NA,NA,NA,NA,NA,NA,NA,NA,NA,NA,NA,NA,NA,NA,NA,NA,NA,NA,NA,NA,NA,NA,NA,NA,NA,NA,NA,NA,NA,NA,NA,NA,NA,0.768803328701436,0.0116906623929613,0.740104610206429,0.0100738801323911,0.096852,0.00528826564530882,0.047852,0.00528826564530882,-247.005146518993,0.0535891045621557,0.000567451387853403,4.14829268671305e-05,130.826614134415,2.95348157564234,1.26253216963877,0.0535780330247515,247869.447675943,125.554405106094,1,0,22.97,7.60974255925796,1.67629999999999,0.283572644034029,1.65000000000009,167.629999999999
"core","B_shared_canonical_n1000","E-ACGL",100,100,100,0,0,1,"S_eta","BIC-after-refit",20.02,0.14070529413629,0,0,0.01,0.1,20,0,0.01,0.1,0.2001,0.000999999999999998,1e-04,0.001,0.999523809523809,0.0047619047619048,0.333443526170799,0.00140741453648606,0.2001,0.000999999999999998,1e-04,0.001,0.999523809523809,0.0047619047619048,0.333443526170799,0.00140741453648606,1,0,0.000111111111111111,0.000781696078534943,0.999047619047619,0.00670025210172813,0.999512195121951,0.00343183644234853,0,0,0,0,0.98,0.14070529413629,0.869977238943901,0.00762853038473414,0.832736344665872,0.00818707220537792,0.051492,0.00315170885185619,0.002492,0.00315170885185619,-247.508797406735,0.0520195882137026,0.000164814930468166,1.53434851700812e-05,1.39321159158302,1.01918077422101,0.0726891421272464,0.0139185799434088,247771.420356327,128.059543855193,1,0,3.7,0.643538199442282,43.0985,2.21603357329708,43.105,4309.85
"core","B_shared_canonical_n1000","E-CGL",100,100,100,0,0,1,"S_eta","BIC-after-refit",20.02,0.14070529413629,0,0,0.01,0.1,20,0,0.01,0.1,0.2001,0.000999999999999998,1e-04,0.001,0.999523809523809,0.0047619047619048,0.333443526170799,0.00140741453648606,0.2001,0.000999999999999998,1e-04,0.001,0.999523809523809,0.0047619047619048,0.333443526170799,0.00140741453648606,1,0,0.000111111111111111,0.000781696078534943,0.999047619047619,0.00670025210172813,0.999512195121951,0.00343183644234853,0,0,0,0,0.98,0.14070529413629,0.870003158614094,0.00759455668076705,0.83275997945042,0.0081560711124427,0.051482,0.00313766238663838,0.002482,0.00313766238663838,-247.508806769646,0.0520221622373868,0.000164747974762996,1.53514139770419e-05,1.39502634970958,1.01935223809133,0.07265400652552,0.0139386591696257,247771.419781001,128.059610126131,1,0,8.2,0.974420314594759,46.7373,1.90468367691092,46.6549999999999,4673.73
"core","B_shared_canonical_n1000","M-L",100,100,100,0,0,1,"S_P","BIC-after-refit",197.7,1.78941895653874,0,0,80,0,20,0,97.7,1.78941895653874,1,0,0.977,0.0178941895653874,0.505858340718002,0.00462572447724376,0.6718414580908,0.0040656021423221,1,0,0.977,0.0178941895653874,0.505858340718002,0.00462572447724376,0.6718414580908,0.0040656021423221,1,0,0.987222222222222,0.00994121642521518,0.1011716681436,0.000925144895448795,0.183751494806899,0.00152444339996376,0,0,0,0,0,0,0.839574340683032,0.0087665882705133,0.802278546563164,0.00863840050449381,0.064482,0.00374673945793627,0.015482,0.00374673945793627,-247.234640964574,0.0527323575291558,0.000515285751663432,3.78670065676176e-05,6.67325800811249,2.64499931772075,0.721036768411163,0.0435786737657633,248034.805119487,127.057880035268,1,0,6.81,1.01199872240108,32.5638,2.09298818810701,32.705,3256.38
"core","B_shared_canonical_n1000","Spherical k-means",100,100,100,0,0,1,"none","none",NA,NA,NA,NA,NA,NA,NA,NA,NA,NA,NA,NA,NA,NA,NA,NA,NA,NA,NA,NA,NA,NA,NA,NA,NA,NA,NA,NA,NA,NA,NA,NA,NA,NA,NA,NA,NA,NA,NA,NA,0.777241936490464,0.0119182189036882,0.745195139951359,0.0104761390237178,NA,NA,NA,NA,NA,NA,NA,NA,NA,NA,NA,NA,NA,NA,1,0,17.73,6.87089455014352,0.26299999999999,0.0531721047850624,0.25,26.299999999999
"core","C_eb050_equal_n2000","Dense-free",100,100,100,0,0,1,"none","none",NA,NA,NA,NA,NA,NA,NA,NA,NA,NA,NA,NA,NA,NA,NA,NA,NA,NA,NA,NA,NA,NA,NA,NA,NA,NA,NA,NA,NA,NA,NA,NA,NA,NA,NA,NA,NA,NA,NA,NA,0.853305334411063,0.00855528319431514,0.797716273413388,0.00967022840939658,0.057194,0.00347184403597008,0.006244,0.00347184403597008,-247.23785573139,0.0444260270633619,0.000218801212897201,1.18944059439988e-05,1.9443884611025,0.765632665582473,0.357843620747441,0.0214982092570501,495292.816260967,115.336988577899,1,0,10.27,3.46659382207849,4.4856,1.06766839326628,4.19499999999994,448.56
"core","C_eb050_equal_n2000","Dense-shared",100,100,100,0,0,1,"none","none",NA,NA,NA,NA,NA,NA,NA,NA,NA,NA,NA,NA,NA,NA,NA,NA,NA,NA,NA,NA,NA,NA,NA,NA,NA,NA,NA,NA,NA,NA,NA,NA,NA,NA,NA,NA,NA,NA,NA,NA,0.853364022744565,0.00841005831686945,0.797607630000552,0.00957737832101409,0.057174,0.00341555029803161,0.006224,0.00341555029803161,-247.238838940135,0.0443038941981512,0.000218687475854575,1.18435506499417e-05,1.348573732975,0.730287523080667,0.355934159457414,0.0212378669415625,495290.990093855,115.652149532359,1,0,11.48,4.0288856017414,1.44499999999999,0.209552192095712,1.42000000000007,144.499999999999
"core","C_eb050_equal_n2000","E-ACGL",100,100,100,0,0,1,"S_eta","BIC-after-refit",16,0,0,0,0,0,16,0,0,0,0.8,0,0,0,1,0,0.888888888888889,0,1,0,0,0,1,0,1,0,1,0,0,0,1,0,1,0,0,0,1,0,1,0,0.868634896266231,0.0077021906711811,0.815382608674345,0.00889812129919805,0.050998,0.00309727739679985,4.79999999999989e-05,0.00309727739679985,-247.378155549987,0.0415102306016636,6.40613563326832e-05,5.47943395155636e-06,0.550920825720328,0.361276089160097,0.0282477626297006,0.0055298646294042,495014.825717336,116.974288677584,1,0,2.11,0.31446603773522,26.8887,2.50752187820903,26.03,2688.87
"core","C_eb050_equal_n2000","E-CGL",100,100,100,0,0,1,"S_eta","BIC-after-refit",16,0,0,0,0,0,16,0,0,0,0.8,0,0,0,1,0,0.888888888888889,0,1,0,0,0,1,0,1,0,1,0,0,0,1,0,1,0,0,0,1,0,1,0,0.86863479117596,0.00768398555315346,0.815385697188345,0.00887749102881256,0.050998,0.00308996355115635,4.79999999999987e-05,0.00308996355115635,-247.378167196069,0.0415075640323588,6.40492126681687e-05,5.47851100356386e-06,0.548317727306787,0.360347733387332,0.028224846316738,0.00552370940457961,495014.825451514,116.974283573896,1,0,3.31,0.464823198711732,38.597,2.01312386026485,38.0650000000001,3859.7
"core","C_eb050_equal_n2000","M-L",100,100,100,0,0,1,"S_P","BIC-after-refit",198.9,1.06836985235177,0,0,0,0,16,0,182.9,1.06836985235177,1,0,0.993888888888889,0.00593538806862097,0.100555925585588,0.000542323966259644,0.182736166225648,0.000895161414284566,1,0,0.994021739130435,0.00580635789321612,0.0804447404684704,0.000433859173007677,0.148910125376102,0.000743088631577377,1,0,0.994021739130435,0.00580635789321612,0.0804447404684704,0.000433859173007677,0.148910125376102,0.000743088631577377,0,0,0,0,0,0,0.853516705655321,0.00849752906064493,0.797949202362768,0.00962033770261983,0.057108,0.00344848612664406,0.006158,0.00344848612664406,-247.240737073287,0.0443724469837751,0.000215776924813787,1.17358358526262e-05,1.91238241997837,0.758476877128403,0.351460375723499,0.0214091800043186,495288.203614167,115.34601910976,1,0,4.06,0.238683256575942,57.0784,1.63379011547204,57.0199999999999,5707.84
"core","C_eb050_equal_n2000","Spherical k-means",100,100,100,0,0,1,"none","none",NA,NA,NA,NA,NA,NA,NA,NA,NA,NA,NA,NA,NA,NA,NA,NA,NA,NA,NA,NA,NA,NA,NA,NA,NA,NA,NA,NA,NA,NA,NA,NA,NA,NA,NA,NA,NA,NA,NA,NA,0.852718622671718,0.00838900556728795,0.7968359831946,0.00951482179554559,NA,NA,NA,NA,NA,NA,NA,NA,NA,NA,NA,NA,NA,NA,1,0,12.05,4.21007689653615,0.332700000000001,0.0481968815789909,0.325000000000045,33.2700000000001
"core","C_eb050_equal_n600","Dense-free",100,100,100,0,0,1,"none","none",NA,NA,NA,NA,NA,NA,NA,NA,NA,NA,NA,NA,NA,NA,NA,NA,NA,NA,NA,NA,NA,NA,NA,NA,NA,NA,NA,NA,NA,NA,NA,NA,NA,NA,NA,NA,NA,NA,NA,NA,0.807534851616382,0.00957422827461884,0.748218542056348,0.0101638400154117,0.075988,0.00397962690500382,0.025038,0.00397962690500382,-246.733757567188,0.0538240524146551,0.00070808756239197,3.58395404124377e-05,17.3624609282391,5.77502565596278,1.28021942686557,0.0725987773002114,148886.104526564,79.2859523078599,1,0,20.86,11.0279901004927,2.8577,0.552262298608768,2.73999999999995,285.77
"core","C_eb050_equal_n600","Dense-shared",100,100,100,0,0,1,"none","none",NA,NA,NA,NA,NA,NA,NA,NA,NA,NA,NA,NA,NA,NA,NA,NA,NA,NA,NA,NA,NA,NA,NA,NA,NA,NA,NA,NA,NA,NA,NA,NA,NA,NA,NA,NA,NA,NA,NA,NA,0.810544852237182,0.00992063797326772,0.75051953816061,0.0107649097795328,0.074772,0.0041209021273787,0.023822,0.00412090212737871,-246.738976455401,0.0538622309228913,0.000707135698440789,3.6842173162578e-05,14.4576465061103,5.07289471045194,1.2676543076235,0.0715866375891387,148883.946196011,79.2339602960357,1,0,22.66,11.4461585457544,0.975499999999996,0.191418812074891,0.915000000000041,97.5499999999996
"core","C_eb050_equal_n600","E-ACGL",100,100,100,0,0,1,"S_eta","BIC-after-refit",16.02,0.14070529413629,0,0,0,0,16,0,0.02,0.14070529413629,0.8,0,0.000111111111111111,0.000781696078534943,0.998823529411765,0.00827678200801709,0.888408408408409,0.00338030736663758,1,0,0.000108695652173913,0.000764702685523313,0.998823529411765,0.00827678200801709,0.999393939393939,0.00426379679200874,1,0,0.000108695652173913,0.000764702685523313,0.998823529411765,0.00827678200801709,0.999393939393939,0.00426379679200874,0,0,0.98,0.14070529413629,0.98,0.14070529413629,0.863645169326581,0.00763468318931395,0.810132002216894,0.00875249290798994,0.052994,0.00307934861274067,0.002044,0.00307934861274067,-247.23645380979,0.0461234739293113,0.000209460866645036,1.876059887013e-05,2.85163631832514,1.84733189659001,0.0971222670724546,0.0214924468014564,148600.717076909,75.7001194891633,1,0,3.32,0.489897948556636,27.4866,2.93628612400429,27.7400000000001,2748.66
"core","C_eb050_equal_n600","E-CGL",100,100,100,0,0,1,"S_eta","BIC-after-refit",16.02,0.14070529413629,0,0,0,0,16,0,0.02,0.14070529413629,0.8,0,0.000111111111111111,0.000781696078534943,0.998823529411765,0.00827678200801709,0.888408408408409,0.00338030736663758,1,0,0.000108695652173913,0.000764702685523313,0.998823529411765,0.00827678200801709,0.999393939393939,0.00426379679200874,1,0,0.000108695652173913,0.000764702685523313,0.998823529411765,0.00827678200801709,0.999393939393939,0.00426379679200874,0,0,0.98,0.14070529413629,0.98,0.14070529413629,0.86364082323628,0.00765153018986567,0.810127330978239,0.00877075816421094,0.052996,0.00308623270723909,0.002046,0.00308623270723909,-247.236474694092,0.046125329656607,0.000209444554517929,1.87626697154632e-05,2.84722146263472,1.84666598790504,0.097066612972993,0.0214897104835061,148600.717015928,75.7001179688179,1,0,4.75,0.672324476737388,31.4692,2.92279397256472,30.3050000000001,3146.92
"core","C_eb050_equal_n600","M-L",100,100,100,0,0,1,"S_P","BIC-after-refit",199.88,0.32659863237109,0,0,0,0,16,0,183.88,0.32659863237109,1,0,0.999333333333333,0.0018144368465062,0.100060301507538,0.000164119915764344,0.181917808219178,0.000271148719278554,1,0,0.999347826086956,0.0017749925672343,0.0800482412060302,0.000131295932611507,0.148230835486649,0.000225046430574578,1,0,0.999347826086956,0.0017749925672343,0.0800482412060302,0.000131295932611507,0.148230835486649,0.000225046430574578,0,0,0,0,0,0,0.80828703410173,0.00974044828600679,0.74902677710514,0.0102992668010722,0.075672,0.00404505134751592,0.024722,0.00404505134751593,-246.738453447298,0.053753724914016,0.000703184366450224,3.55829421180896e-05,17.2831370979846,5.72084204375636,1.2686534039852,0.0716626971827211,148885.232697058,79.2854384563903,1,0,8.7,2.05234529553904,16.7365,2.33198765308511,16.415,1673.65
"core","C_eb050_equal_n600","Spherical k-means",100,100,100,0,0,1,"none","none",NA,NA,NA,NA,NA,NA,NA,NA,NA,NA,NA,NA,NA,NA,NA,NA,NA,NA,NA,NA,NA,NA,NA,NA,NA,NA,NA,NA,NA,NA,NA,NA,NA,NA,NA,NA,NA,NA,NA,NA,0.806726647860702,0.00999807017800259,0.746316918410551,0.0106924742355861,NA,NA,NA,NA,NA,NA,NA,NA,NA,NA,NA,NA,NA,NA,1,0,16.08,5.91467956388462,0.148499999999986,0.0247971568914518,0.1400000000001,14.8499999999986
"core","C_eb050_heterogeneous_n2000","Dense-free",100,100,100,0,0,1,"none","none",NA,NA,NA,NA,NA,NA,NA,NA,NA,NA,NA,NA,NA,NA,NA,NA,NA,NA,NA,NA,NA,NA,NA,NA,NA,NA,NA,NA,NA,NA,NA,NA,NA,NA,NA,NA,NA,NA,NA,NA,0.854876077318614,0.00798339755244724,0.817084714473276,0.00842005547492557,0.057786,0.00329508418678185,0.007431,0.00329508418678185,-247.431189627665,0.0535020238598183,0.00026906727184105,1.4690642032907e-05,2.02233219630835,0.808364099092616,0.358087384296688,0.0218074247977159,495671.763016989,163.244551138144,1,0,11.19,2.38554146491066,7.34809999999999,2.04784769744215,6.81499999999994,734.809999999999
"core","C_eb050_heterogeneous_n2000","Dense-shared",100,100,100,0,0,1,"none","none",NA,NA,NA,NA,NA,NA,NA,NA,NA,NA,NA,NA,NA,NA,NA,NA,NA,NA,NA,NA,NA,NA,NA,NA,NA,NA,NA,NA,NA,NA,NA,NA,NA,NA,NA,NA,NA,NA,NA,NA,0.788778622081495,0.0101882559540578,0.75907689818209,0.00894317452641483,0.087294,0.00446240909705676,0.036939,0.00446240909705676,-247.217888452138,0.0529457112157874,0.00029355056289552,1.76393636945389e-05,126.424693405099,0.929838091271516,0.831689608238728,0.0300666714576742,495297.237580437,160.280054347583,1,0,15.36,6.25311235637216,2.15849999999997,0.269763738755759,2.10499999999979,215.849999999997
"core","C_eb050_heterogeneous_n2000","E-ACGL",100,100,100,0,0,1,"S_eta","BIC-after-refit",16,0,0,0,0,0,16,0,0,0,0.8,0,0,0,1,0,0.888888888888889,0,0.8,0,0,0,1,0,0.888888888888889,0,1,0,0,0,1,0,1,0,0,0,0,0,1,0,0.87079882425991,0.00778811699497426,0.833386990969726,0.00841211445397403,0.051058,0.00322168097160912,0.000703000000000003,0.00322168097160912,-247.572084152116,0.0521929957075651,7.93249923925396e-05,7.16291789375657e-06,0.576979285805383,0.356726951662751,0.0278301149093988,0.00610675063859564,495396.404364598,162.751927876911,1,0,3.02,0.14070529413629,53.1249,2.04333580255918,53.2050000000002,5312.49
"core","C_eb050_heterogeneous_n2000","E-CGL",100,100,100,0,0,1,"S_eta","BIC-after-refit",16,0,0,0,0,0,16,0,0,0,0.8,0,0,0,1,0,0.888888888888889,0,0.8,0,0,0,1,0,0.888888888888889,0,1,0,0,0,1,0,1,0,0,0,0,0,1,0,0.870819160937283,0.00778292905895932,0.833411344057177,0.00841670595010562,0.051052,0.00322009097054506,0.000697000000000003,0.00322009097054506,-247.572083477772,0.0521893786972054,7.92985619430105e-05,7.15387911937511e-06,0.5805935313115,0.35835327946263,0.0278211188671018,0.00609318023746664,495396.40268803,162.752047238672,1,0,6.93,0.685418105828829,59.6459,1.72183957006754,59.4599999999998,5964.59
"core","C_eb050_heterogeneous_n2000","M-L",100,100,100,0,0,1,"S_P","BIC-after-refit",199.24,0.78005438815819,0,0,4,0,16,0,179.24,0.78005438815819,1,0,0.995777777777778,0.00433363548976776,0.100382977029433,0.000394101390496915,0.182450750636929,0.000650788196417906,1,0,0.995777777777778,0.00433363548976776,0.100382977029433,0.000394101390496915,0.182450750636929,0.000650788196417906,1,0,0.995869565217391,0.00423942602259884,0.0803063816235461,0.00031528111239754,0.148673188802371,0.000540186767007857,0,0,0,0,0,0,0.85520973079647,0.00795690116530495,0.817470790263574,0.00836944663682369,0.057636,0.00328219931192978,0.007281,0.00328219931192978,-247.43402635455,0.0535870453436916,0.000263513086918059,1.42356197460906e-05,1.9841917923661,0.790966740695486,0.350544866180016,0.0215281046556961,495667.239021862,163.196874705636,1,0,5.1,0.438085827115181,59.1594,2.96381607003029,58.8750000000002,5915.94
"core","C_eb050_heterogeneous_n2000","Spherical k-means",100,100,100,0,0,1,"none","none",NA,NA,NA,NA,NA,NA,NA,NA,NA,NA,NA,NA,NA,NA,NA,NA,NA,NA,NA,NA,NA,NA,NA,NA,NA,NA,NA,NA,NA,NA,NA,NA,NA,NA,NA,NA,NA,NA,NA,NA,0.800093986757111,0.00960629057357786,0.76681295731933,0.00894417477783308,NA,NA,NA,NA,NA,NA,NA,NA,NA,NA,NA,NA,NA,NA,1,0,15.65,5.74434284731289,0.458900000000014,0.0689296962876014,0.449999999999903,45.8900000000014
"core","C_eb050_heterogeneous_n600","Dense-free",100,100,100,0,0,1,"none","none",NA,NA,NA,NA,NA,NA,NA,NA,NA,NA,NA,NA,NA,NA,NA,NA,NA,NA,NA,NA,NA,NA,NA,NA,NA,NA,NA,NA,NA,NA,NA,NA,NA,NA,NA,NA,NA,NA,NA,NA,0.807341365171288,0.0122876556678676,0.771566350508792,0.0109562572337649,0.07879,0.00563684667203574,0.028435,0.00563684667203574,-246.932829742633,0.0680065518277702,0.000856333471429751,6.94739548619567e-05,19.719391666279,4.89209897033906,1.30372800375497,0.0938287392152654,149001.087668238,83.7260015549145,1,0,31.7,15.272937708988,4.40310000000001,1.03230613167557,4.2850000000001,440.310000000001
"core","C_eb050_heterogeneous_n600","Dense-shared",100,100,100,0,0,1,"none","none",NA,NA,NA,NA,NA,NA,NA,NA,NA,NA,NA,NA,NA,NA,NA,NA,NA,NA,NA,NA,NA,NA,NA,NA,NA,NA,NA,NA,NA,NA,NA,NA,NA,NA,NA,NA,NA,NA,NA,NA,0.736620470411657,0.0171854425911083,0.710183504545475,0.0135214906845241,0.11269,0.0085907808231566,0.062335,0.0085907808231566,-246.703972427667,0.0731952141415565,0.000924246680301018,8.04338338751691e-05,141.030419729765,5.37204394454277,1.90020269583986,0.118408725300601,148905.06311193,81.9910891545582,1,0,43.05,18.9541578818501,1.97600000000001,0.503181795370133,1.93500000000006,197.600000000001
"core","C_eb050_heterogeneous_n600","E-ACGL",100,100,100,0,0,1,"S_eta","BIC-after-refit",16.06,0.277797979063414,0,0,0,0,16,0,0.06,0.277797979063414,0.8,0,0.000333333333333333,0.00154332210590786,0.996535947712418,0.0158867658655656,0.887460091670618,0.00658524246094309,0.8,0,0.000333333333333333,0.00154332210590786,0.996535947712418,0.0158867658655656,0.887460091670618,0.00658524246094309,1,0,0.000326086956521739,0.00150977162534464,0.996535947712418,0.0158867658655656,0.998199643493761,0.00829334273584588,0,0,0,0,0.95,0.21904291355759,0.866436725732823,0.0078972629117871,0.829090539653697,0.00786277864848594,0.052968,0.00327805313001976,0.002613,0.00327805313001976,-247.434039702972,0.0544644465688121,0.000258031715864592,2.60970751397123e-05,2.96713660642571,1.7672641935868,0.0994524405153498,0.0245412342103502,148715.296282552,85.8588289552622,1,0,4.38,0.762505174680239,40.5305,2.00970542843744,40.1400000000001,4053.05
"core","C_eb050_heterogeneous_n600","E-CGL",100,100,100,0,0,1,"S_eta","BIC-after-refit",16.06,0.277797979063414,0,0,0,0,16,0,0.06,0.277797979063414,0.8,0,0.000333333333333333,0.00154332210590786,0.996535947712418,0.0158867658655656,0.887460091670618,0.00658524246094309,0.8,0,0.000333333333333333,0.00154332210590786,0.996535947712418,0.0158867658655656,0.887460091670618,0.00658524246094309,1,0,0.000326086956521739,0.00150977162534464,0.996535947712418,0.0158867658655656,0.998199643493761,0.00829334273584588,0,0,0,0,0.95,0.21904291355759,0.866416558171795,0.00792188831739083,0.829086625154725,0.00787583705159565,0.052978,0.00329369093874941,0.002623,0.00329369093874941,-247.434026292883,0.0544683732654668,0.000258003034399999,2.60779774231067e-05,2.97579108888386,1.77201296677166,0.0994674128045382,0.0245311706244941,148715.295994395,85.8588242465194,1,0,8.76,1.31133365685319,45.1051,2.95852935586158,44.8100000000001,4510.51
"core","C_eb050_heterogeneous_n600","M-L",100,100,100,0,0,1,"S_P","BIC-after-refit",199.93,0.256432399976243,0,0,4,0,16,0,179.93,0.256432399976243,1,0,0.999611111111111,0.00142462444431257,0.100035175879397,0.000128860502500607,0.181876297218763,0.000212895309237183,1,0,0.999611111111111,0.00142462444431257,0.100035175879397,0.000128860502500607,0.181876297218763,0.000212895309237183,1,0,0.999619565217391,0.00139365434769706,0.0800281407035176,0.00010308840200051,0.14819638242894,0.000176697605496263,0,0,0,0,0,0,0.809001692253174,0.0119671497925399,0.77305214841605,0.0108040912377647,0.077982,0.00540931445086,0.027627,0.00540931445086,-246.938644894503,0.0682572843725283,0.000845701770207287,6.70311763086448e-05,19.5109258645934,4.96125187736003,1.28718007490632,0.0922028423337117,149000.231989811,83.7488385671754,1,0,9.79,2.33244571861877,16.8278,2.85740561143897,16.535,1682.78
"core","C_eb050_heterogeneous_n600","Spherical k-means",100,100,100,0,0,1,"none","none",NA,NA,NA,NA,NA,NA,NA,NA,NA,NA,NA,NA,NA,NA,NA,NA,NA,NA,NA,NA,NA,NA,NA,NA,NA,NA,NA,NA,NA,NA,NA,NA,NA,NA,NA,NA,NA,NA,NA,NA,0.729947845439238,0.0255933057292445,0.702666498449687,0.0212373043007872,NA,NA,NA,NA,NA,NA,NA,NA,NA,NA,NA,NA,NA,NA,1,0,16.8,7.21390352308679,0.147499999999981,0.0328256797724838,0.139999999999986,14.7499999999981
"core","D_beta_min_n1000","Dense-free",100,100,100,0,0,1,"none","none",NA,NA,NA,NA,NA,NA,NA,NA,NA,NA,NA,NA,NA,NA,NA,NA,NA,NA,NA,NA,NA,NA,NA,NA,NA,NA,NA,NA,NA,NA,NA,NA,NA,NA,NA,NA,NA,NA,NA,NA,0.836519452321119,0.0087750910764608,0.799144294891257,0.00870114869093066,0.065782,0.00375395764224878,0.014892,0.00375395764224877,-247.224092641574,0.0510796366887369,0.000525156509401411,3.59579765376493e-05,7.54405389305112,2.41120932114292,0.750354464143447,0.0452353973338537,248036.675404574,109.520168221757,1,0,16.4,6.5242360905823,4.7069,1.06294967430309,4.66000000000008,470.69
"core","D_beta_min_n1000","Dense-shared",100,100,100,0,0,1,"none","none",NA,NA,NA,NA,NA,NA,NA,NA,NA,NA,NA,NA,NA,NA,NA,NA,NA,NA,NA,NA,NA,NA,NA,NA,NA,NA,NA,NA,NA,NA,NA,NA,NA,NA,NA,NA,NA,NA,NA,NA,0.767785473971466,0.0117968277420266,0.73940288652305,0.0097440061608791,0.097308,0.00541605693537953,0.046418,0.00541605693537953,-247.006404941559,0.0513627916559938,0.000564729996999095,4.02463970434701e-05,130.615489343988,2.45604671231857,1.26906298530595,0.0538232076474099,247865.14107784,103.009545376104,1,0,22.77,12.27862970672,1.6277,0.315091312723059,1.55999999999998,162.77
"core","D_beta_min_n1000","E-ACGL",100,100,100,0,0,1,"S_eta","BIC-after-refit",15.8,0.426401432711221,0,0,0,0,15.8,0.426401432711221,0,0,0.79,0.0213200716355611,0,0,1,0,0.882521008403361,0.0136172278847706,0.79,0.0213200716355611,0,0,1,0,0.882521008403361,0.0136172278847706,0.9875,0.0266500895444513,0,0,1,0,0.99352688172043,0.0138479504708964,0,0,0,0,0.81,0.394277244403663,0.8688628009071,0.00811625024656652,0.831731296836045,0.00875334421094639,0.051942,0.0033403919203917,0.001052,0.0033403919203917,-247.51380689018,0.0469020326337653,0.000161143637891387,2.37576691410404e-05,1.48382975501198,0.915393162831309,0.0653095296634315,0.0242375212004492,247750.165606292,111.134426851196,1,0,5.41,0.964993327029841,37.5646,1.78898956865815,37.52,3756.46
"core","D_beta_min_n1000","E-CGL",100,100,100,0,0,1,"S_eta","BIC-after-refit",15.99,0.265718009562883,0,0,0,0,15.96,0.196946385566932,0.03,0.171446607997765,0.798,0.00984731927834663,0.000166666666666667,0.000952481155543141,0.998235294117647,0.0100850945881039,0.886898326898327,0.00736252427999214,0.798,0.00984731927834663,0.000166666666666667,0.000952481155543141,0.998235294117647,0.0100850945881039,0.886898326898327,0.00736252427999214,0.9975,0.0123091490979333,0.000163043478260869,0.000931775043466115,0.998235294117647,0.0100850945881039,0.997800586510264,0.00806126157010451,0,0,0,0,0.93,0.256432399976243,0.869443234087378,0.00799433971797476,0.832322791731712,0.00859998094280674,0.051694,0.00327493758133131,0.000804000000000002,0.00327493758133131,-247.516357327246,0.0456106383938131,0.000155213643993534,1.71176932106192e-05,1.5033709925534,0.931041933387891,0.058981230100371,0.0160515649605632,247752.372323161,110.912164213081,1,0,7.12,1.00784799238654,43.8891,2.14866324194202,43.6300000000001,4388.91
"core","D_beta_min_n1000","M-L",100,100,100,0,0,1,"S_P","BIC-after-refit",199.72,0.55194788218315,0,0,4,0,16,0,179.72,0.55194788218315,1,0,0.998444444444444,0.00306637712323985,0.100140958084789,0.00027844510604477,0.182051025308372,0.000459864387992435,1,0,0.998444444444444,0.00306637712323985,0.100140958084789,0.00027844510604477,0.182051025308372,0.000459864387992435,1,0,0.998478260869565,0.00299971675099547,0.0801127664678311,0.000222756084835838,0.148341408169529,0.000381700934931806,0,0,0,0,0,0,0.837503286841708,0.00898468008447317,0.800063818470191,0.00895035670109355,0.06533,0.00379913599959706,0.01444,0.00379913599959706,-247.22812371787,0.0508232535172772,0.00051805204754377,3.5515622608021e-05,7.40514252592345,2.40303632430601,0.739636098314565,0.0447698821032908,248034.48316343,109.700955412159,1,0,6.79,0.987753291898623,29.2417,2.34986225901939,29.4600000000001,2924.17
"core","D_beta_min_n1000","Spherical k-means",100,100,100,0,0,1,"none","none",NA,NA,NA,NA,NA,NA,NA,NA,NA,NA,NA,NA,NA,NA,NA,NA,NA,NA,NA,NA,NA,NA,NA,NA,NA,NA,NA,NA,NA,NA,NA,NA,NA,NA,NA,NA,NA,NA,NA,NA,0.775773017477787,0.0105539319829969,0.744402516529584,0.00905128028967592,NA,NA,NA,NA,NA,NA,NA,NA,NA,NA,NA,NA,NA,NA,1,0,17.41,6.3549789595055,0.256399999999993,0.0445520918576128,0.25,25.6399999999993
"core","D_highdim_n300_d500","Dense-free",100,100,100,0,0,1,"none","none",NA,NA,NA,NA,NA,NA,NA,NA,NA,NA,NA,NA,NA,NA,NA,NA,NA,NA,NA,NA,NA,NA,NA,NA,NA,NA,NA,NA,NA,NA,NA,NA,NA,NA,NA,NA,NA,NA,NA,NA,0.423915614608918,0.0530126401777913,0.430851555225494,0.0452686499907279,0.332942,0.0493322055153639,0.282772,0.0493322055153639,-840.923553077017,0.184745994751607,0.00183444946055651,0.00017238633843675,719.778713275588,120.401984675357,9.51904542853577,0.886178535180399,254453.969237174,74.5121011298094,1,0,38.96,14.8887592335678,5.1939,0.712376723342071,5.16999999999994,519.39
"core","D_highdim_n300_d500","Dense-shared",100,100,100,0,0,1,"none","none",NA,NA,NA,NA,NA,NA,NA,NA,NA,NA,NA,NA,NA,NA,NA,NA,NA,NA,NA,NA,NA,NA,NA,NA,NA,NA,NA,NA,NA,NA,NA,NA,NA,NA,NA,NA,NA,NA,NA,NA,0.405308682504785,0.0429325189560131,0.397978218650152,0.0382484105745846,0.33624,0.0415707161887361,0.28607,0.0415707161887361,-840.768521465371,0.179802373872064,0.0018361906625222,0.000159650014803494,822.564844653648,65.5230701083445,9.86292205000663,0.779755471263189,254440.377040245,70.0619042666904,1,0,31.47,13.3684801913405,0.945300000000009,0.12956379809876,0.939999999999828,94.5300000000009
"core","D_highdim_n300_d500","E-ACGL",100,100,100,0,0,1,"S_eta","BIC-after-refit",36.71,4.05092582010582,0,0,0.1,0.301511344577764,34.12,2.61031365428321,2.49,2.38469446193169,0.6844,0.0532256488637733,0.00553333333333333,0.00529932102651487,0.936554985116381,0.0547412387283092,0.788629340696819,0.0371371271611526,0.6844,0.0532256488637733,0.00553333333333333,0.00529932102651487,0.936554985116381,0.0547412387283092,0.788629340696819,0.0371371271611526,0.853,0.0652578413570803,0.0056304347826087,0.00545862141091511,0.934090605736143,0.0575143920570327,0.889138434236972,0.0410348199970984,0,0,0,0,0,0,0.767166795807418,0.0490322663799404,0.742208746454039,0.0335615631318907,0.10145,0.0377571760521671,0.05128,0.0377571760521671,-843.755175588914,0.127902837588614,0.000739028349663292,0.000166765712806722,63.7971015020245,37.8055050071799,1.23766592479837,0.496492964471754,253791.233879814,73.0835874831614,1,0,25.5,23.14621944827,127.6603,11.2234664386271,126.785,12766.03
"core","D_highdim_n300_d500","E-CGL",100,100,100,0,0,1,"S_eta","BIC-after-refit",55.71,20.1711339905481,0,0,0.43,0.65528157260367,37.46,2.70957896762914,17.82,19.2733552403888,0.7578,0.056846061846664,0.0396,0.0428296783119751,0.729575457733722,0.15837379694905,0.731812259130569,0.0955053033029695,0.7578,0.056846061846664,0.0396,0.0428296783119751,0.729575457733722,0.15837379694905,0.731812259130569,0.0955053033029695,0.9365,0.0677394741907284,0.0396739130434783,0.0426226472368219,0.722544980162971,0.16040825210798,0.80358216274865,0.116950495563304,0,0,0,0,0.01,0.1,0.76923132676824,0.0784101676176873,0.745682622488818,0.0509394127637702,0.106956,0.0646520732049404,0.056786,0.0646520732049404,-843.632399347205,0.276212259059998,0.000714214291824367,0.000246111478010255,127.158333618745,155.278975281098,1.53121452426618,1.07317656626966,253892.515417596,85.2135761151452,1,0,18.67,15.647025082724,117.7659,8.37749511693933,117.4,11776.59
"core","D_highdim_n300_d500","M-L",100,100,100,0,0,1,"S_P","BIC-after-refit",499.99,0.1,0,0,10,0,40,0,449.99,0.1,1,0,0.999977777777778,0.000222222222222201,0.100002004008016,2.00400801602996e-05,0.181821493624772,3.31180659049024e-05,1,0,0.999977777777778,0.000222222222222201,0.100002004008016,2.00400801602996e-05,0.181821493624772,3.31180659049024e-05,1,0,0.999978260869565,0.000217391304347803,0.0800016032064128,1.60320641282602e-05,0.148150896722325,2.74857417714991e-05,0,0,0,0,0,0,0.431182109712973,0.0545911859729175,0.438933873371269,0.046342434648227,0.327486,0.050465239601936,0.277316,0.050465239601936,-840.945352610929,0.186766322017547,0.00180810612911057,0.000182226875348516,742.424950573161,129.062772089093,9.44089291391795,0.924512516560383,254473.679442114,71.7776332657583,1,0,2.78,0.504124403437697,18.0776,1.06457856222613,18.07,1807.76
"core","D_highdim_n300_d500","Spherical k-means",100,100,100,0,0,1,"none","none",NA,NA,NA,NA,NA,NA,NA,NA,NA,NA,NA,NA,NA,NA,NA,NA,NA,NA,NA,NA,NA,NA,NA,NA,NA,NA,NA,NA,NA,NA,NA,NA,NA,NA,NA,NA,NA,NA,NA,NA,0.284946267051264,0.0554692095656095,0.28269212464145,0.0512749231803658,NA,NA,NA,NA,NA,NA,NA,NA,NA,NA,NA,NA,NA,NA,1,0,9.31,2.94973034206673,0.0973000000000024,0.0206879167387704,0.0900000000001455,9.73000000000024
"core","D_moderately_dense_n1000","Dense-free",100,100,100,0,0,1,"none","none",NA,NA,NA,NA,NA,NA,NA,NA,NA,NA,NA,NA,NA,NA,NA,NA,NA,NA,NA,NA,NA,NA,NA,NA,NA,NA,NA,NA,NA,NA,NA,NA,NA,NA,NA,NA,NA,NA,NA,NA,0.670070967002482,0.0207863783950251,0.653893302039932,0.0129867532827186,0.149742,0.0150006139941677,0.049927,0.0150006139941677,-247.313315159392,0.0604325002177278,0.000680065194514849,8.53998525994122e-05,13.0504289723566,5.99515191913566,0.989031005635663,0.116542811785211,248171.034346603,115.07576771894,1,0,52.05,28.4080565468262,11.3544,2.38289880336342,11.3249999999999,1135.44
"core","D_moderately_dense_n1000","Dense-shared",100,100,100,0,0,1,"none","none",NA,NA,NA,NA,NA,NA,NA,NA,NA,NA,NA,NA,NA,NA,NA,NA,NA,NA,NA,NA,NA,NA,NA,NA,NA,NA,NA,NA,NA,NA,NA,NA,NA,NA,NA,NA,NA,NA,NA,NA,0.599574180269489,0.0180430171607507,0.588586703837476,0.0137825592222111,0.195394,0.0133251324779739,0.095579,0.0133251324779739,-247.120011115989,0.0595628069585234,0.000839826996032131,0.000108208968030083,133.327804774343,3.26856219018485,1.71878122616549,0.143868875758156,248036.795036778,110.062310477179,1,0,72.26,30.404883977693,4.69279999999997,0.903534116118438,4.63999999999987,469.279999999997
"core","D_moderately_dense_n1000","E-ACGL",100,100,100,0,0,1,"S_eta","BIC-after-refit",67.47,3.24256725824499,0,0,0,0,67.36,3.20201956473243,0.11,0.34509550720186,0.801904761904762,0.0381192805325289,0.000948275862068965,0.00297496126898155,0.998405056615907,0.0049552028121816,0.888927443966723,0.0235526897533383,0.801904761904762,0.0381192805325289,0.000948275862068965,0.00297496126898155,0.998405056615907,0.0049552028121816,0.888927443966723,0.0235526897533383,0.842,0.0400252445591554,0.000916666666666667,0.00287579589334884,0.998405056615907,0.0049552028121816,0.913036724112214,0.023673028253381,0,0,0,0,0,0,0.678891349362451,0.0183202179067002,0.660888240116478,0.0136653550396122,0.144396,0.0111844040042057,0.044581,0.0111844040042057,-247.445791544344,0.0594461723470149,0.000583165793193242,7.79679896848733e-05,2.72167725013663,1.40410862414481,0.643409202776195,0.0856843287655591,247888.069893906,120.985594167731,1,0,48.8,23.3155776599286,66.9587,4.66218543608081,66.6549999999999,6695.87
"core","D_moderately_dense_n1000","E-CGL",100,100,100,0,0,1,"S_eta","BIC-after-refit",87.84,9.99466524368542,0,0,0.43,0.670519171684121,74.62,3.48671359838627,12.79,7.08433326275506,0.893452380952381,0.0444268866060875,0.110258620689655,0.0610718384720264,0.861178264913824,0.0642606603578244,0.87425277629817,0.0264927561810742,0.893452380952381,0.0444268866060875,0.110258620689655,0.0610718384720264,0.861178264913824,0.0642606603578244,0.87425277629817,0.0264927561810742,0.93275,0.0435839199798284,0.110166666666667,0.0611177682324455,0.856546636018405,0.0661760009764804,0.890219051886966,0.0288993088039389,0,0,0,0,0,0,0.673599519711163,0.0475551649990237,0.673540800834318,0.0135242125310289,0.16871,0.0635835146349534,0.068895,0.0635835146349534,-247.432915758434,0.0633472522293505,0.000626258905083842,0.000245483626360088,6.7523406481577,4.70777684899669,0.697959856762458,0.187975803532995,247954.22141794,154.238112420808,1,0,52.91,40.5472900114512,63.7755,6.0266499689699,62.45,6377.55
"core","D_moderately_dense_n1000","M-L",100,100,100,0,0,1,"S_P","BIC-after-refit",199.81,0.544856574585172,0,0,4,0,80,0,115.81,0.544856574585172,1,0,0.998362068965517,0.00469703943607903,0.420402500581665,0.00115616696276538,0.591947488322558,0.00114322184152356,1,0,0.998362068965517,0.00469703943607903,0.420402500581665,0.00115616696276538,0.591947488322558,0.00114322184152356,1,0,0.998416666666667,0.00454047145487644,0.4003833338873,0.00110111139310992,0.571818749362586,0.00112023059627213,0,0,0,0,0,0,0.672827138704939,0.0190227617923952,0.656080374019124,0.0121920328265013,0.147238,0.0128586313424097,0.047423,0.0128586313424097,-247.319866841672,0.0597181419589035,0.000656677534568366,7.58617056178894e-05,12.3565324205542,5.34779972784684,0.957212356898794,0.103421450377943,248168.805834058,115.296085288155,1,0,12.6,2.79610118167813,32.2336,6.80670265624296,31.5249999999999,3223.36
"core","D_moderately_dense_n1000","Spherical k-means",100,100,100,0,0,1,"none","none",NA,NA,NA,NA,NA,NA,NA,NA,NA,NA,NA,NA,NA,NA,NA,NA,NA,NA,NA,NA,NA,NA,NA,NA,NA,NA,NA,NA,NA,NA,NA,NA,NA,NA,NA,NA,NA,NA,NA,NA,0.586228238632079,0.0292505810977192,0.574311350325097,0.021554698422428,NA,NA,NA,NA,NA,NA,NA,NA,NA,NA,NA,NA,NA,NA,1,0,19.28,7.28923379326862,0.246900000000015,0.0373001746685343,0.25,24.6900000000015
"core","D_moderately_dense_n300","Dense-free",100,100,100,0,0,1,"none","none",NA,NA,NA,NA,NA,NA,NA,NA,NA,NA,NA,NA,NA,NA,NA,NA,NA,NA,NA,NA,NA,NA,NA,NA,NA,NA,NA,NA,NA,NA,NA,NA,NA,NA,NA,NA,NA,NA,NA,NA,0.512277967871306,0.0285864134033463,0.526487628012856,0.0206048507263479,0.281784,0.0384317385671391,0.181969,0.0384317385671391,-246.124961206183,0.100265121942986,0.00223358219417108,0.000241877632911008,139.875381042,67.063872215468,4.39274650131895,0.714340976927288,74778.1472644675,70.6751073327152,1,0,63.35,30.780544491479,3.32489999999999,0.572574365511062,3.315,332.489999999999
"core","D_moderately_dense_n300","Dense-shared",100,100,100,0,0,1,"none","none",NA,NA,NA,NA,NA,NA,NA,NA,NA,NA,NA,NA,NA,NA,NA,NA,NA,NA,NA,NA,NA,NA,NA,NA,NA,NA,NA,NA,NA,NA,NA,NA,NA,NA,NA,NA,NA,NA,NA,NA,0.480998564282864,0.0251200407114732,0.478583626609193,0.0203032729336925,0.294406,0.0280230562360368,0.194591,0.0280230562360368,-245.976555783229,0.118672928121368,0.002303605146221,0.000194777410735476,201.530508380612,18.2425347734645,4.82989103985658,0.379834267630881,74751.7024865734,69.3072423115657,1,0,61.13,25.116156416365,1.34000000000001,0.263009006259756,1.34500000000003,134.000000000001
"core","D_moderately_dense_n300","E-ACGL",100,100,100,0,0,1,"S_eta","BIC-after-refit",57.97,6.03098899707405,0,0,0.07,0.256432399976243,55.06,4.74356555150386,2.84,2.43177617258155,0.656309523809524,0.0566187434026191,0.0244827586206896,0.0209635876946685,0.953327422498001,0.0366484952402727,0.775376666462902,0.0396245573783216,0.656309523809524,0.0566187434026191,0.0244827586206896,0.0209635876946685,0.953327422498001,0.0366484952402727,0.775376666462902,0.0396245573783216,0.68825,0.0592945693937983,0.02425,0.0204842812913328,0.952144888459534,0.0370146159905934,0.796856533319119,0.0399964513274068,0,0,0,0,0,0,0.544123392402698,0.0266960821341631,0.570151917042648,0.0270991152561634,0.278004,0.0326691771453389,0.178189,0.0326691771453389,-246.711763053489,0.106292291560697,0.00202324559569478,0.000277583424070175,129.74442464517,173.117314497806,3.27869580858515,1.18945162476105,74486.7477218232,79.9398438451176,1,0,48.67,35.7183299008939,72.8835,6.65083018665469,72.3099999999999,7288.35
"core","D_moderately_dense_n300","E-CGL",100,100,100,0,0,1,"S_eta","BIC-after-refit",88.4,9.87190688036235,0,0,0.76,0.78005438815819,66.64,3.448085400522,21,7.31540508209569,0.802380952380952,0.0449912253394335,0.181034482758621,0.063063836914618,0.76815926107736,0.0575196079031043,0.782467252881831,0.0285499177169538,0.802380952380952,0.0449912253394335,0.181034482758621,0.063063836914618,0.76815926107736,0.0575196079031043,0.782467252881831,0.0285499177169538,0.833,0.0431010675065249,0.181333333333333,0.0628329515300674,0.759827599204465,0.0591465745652805,0.7922737151002,0.0292891775868891,0,0,0,0,0,0,0.552986678096266,0.0238351943845733,0.588536686877955,0.0297528836056768,0.2758,0.0275295983966128,0.175985,0.0275295983966128,-246.662374738582,0.138900073692097,0.00209581430925204,0.000454797318929361,743.091443910902,1579.982806361,6.42806212365353,7.88770264276936,74581.737739634,90.1588262861716,1,0,34.63,19.1715566884535,61.8841,6.26324489027497,61.41,6188.41
"core","D_moderately_dense_n300","M-L",100,100,100,0,0,1,"S_P","BIC-after-refit",199.5,0.731678573796948,0,0,4,0,79.99,0.1,115.51,0.688945908360348,0.999880952380952,0.0011904761904762,0.995775862068966,0.00593918886517532,0.421007256892595,0.00137977874327434,0.592525090693417,0.00134303411350849,0.999880952380952,0.0011904761904762,0.995775862068966,0.00593918886517532,0.421007256892595,0.00137977874327434,0.592525090693417,0.00134303411350849,0.999875,0.00125,0.995916666666667,0.00574121590300285,0.400956862735416,0.00130991383661827,0.572382244068725,0.00131561878035737,0,0,0,0,0,0,0.515328411747552,0.0301170848301188,0.530817105225231,0.0213834787814127,0.280078,0.0404445288654908,0.180263,0.0404445288654908,-246.14375986422,0.100520253277487,0.00220467239044238,0.000246952724342258,145.367687377477,75.3563618608801,4.36000747083405,0.760511482910501,74776.7537810053,70.8109100579887,1,0,10.81,9.15709693311282,10.8893,2.44999453926418,10.3150000000001,1088.93
"core","D_moderately_dense_n300","Spherical k-means",100,100,100,0,0,1,"none","none",NA,NA,NA,NA,NA,NA,NA,NA,NA,NA,NA,NA,NA,NA,NA,NA,NA,NA,NA,NA,NA,NA,NA,NA,NA,NA,NA,NA,NA,NA,NA,NA,NA,NA,NA,NA,NA,NA,NA,NA,0.448874321819792,0.0324146018400095,0.447242917393502,0.0282122039984656,NA,NA,NA,NA,NA,NA,NA,NA,NA,NA,NA,NA,NA,NA,1,0,12.22,4.4937217708193,0.0716000000000106,0.0197315314492757,0.0650000000000546,7.16000000000106
"core","D_strongly_dense_n1000","Dense-free",100,100,100,0,0,1,"none","none",NA,NA,NA,NA,NA,NA,NA,NA,NA,NA,NA,NA,NA,NA,NA,NA,NA,NA,NA,NA,NA,NA,NA,NA,NA,NA,NA,NA,NA,NA,NA,NA,NA,NA,NA,NA,NA,NA,NA,NA,0.669215006946136,0.0198803977064476,0.653806298148341,0.0127624682168751,0.150732,0.0143240765034528,0.051082,0.0143240765034528,-247.312376627937,0.049997907925884,0.00068717795696273,8.97596421993328e-05,13.5836001013024,6.99208709402603,0.997528861775792,0.113757324421724,248165.316283691,115.057884388959,1,0,47.08,27.7913146813383,11.2064,2.54478850304944,10.9800000000001,1120.64
"core","D_strongly_dense_n1000","Dense-shared",100,100,100,0,0,1,"none","none",NA,NA,NA,NA,NA,NA,NA,NA,NA,NA,NA,NA,NA,NA,NA,NA,NA,NA,NA,NA,NA,NA,NA,NA,NA,NA,NA,NA,NA,NA,NA,NA,NA,NA,NA,NA,NA,NA,NA,NA,0.597773490986172,0.019569778322758,0.586769954181187,0.0161398810028646,0.197188,0.0140361386384856,0.097538,0.0140361386384856,-247.120234333916,0.0558034205424273,0.000840680388045288,0.000108605729740595,133.272759275519,3.26019842578023,1.7158172002155,0.151578518585456,248034.527821885,112.97044204729,1,0,70.78,34.5588591749604,4.5648,0.898830306115636,4.495,456.48
"core","D_strongly_dense_n1000","E-ACGL",100,100,100,0,0,1,"S_eta","BIC-after-refit",125.69,3.70283811434015,0,0,0.04,0.196946385566932,125.42,3.63812583564115,0.23,0.509604719068583,0.765,0.0222553592941504,0.00638888888888889,0.014155686640794,0.998189592729846,0.00400269614351304,0.865991413800603,0.0143124718988685,0.765,0.0222553592941504,0.00638888888888889,0.014155686640794,0.998189592729846,0.00400269614351304,0.865991413800603,0.0143124718988685,0.783875,0.0227382864727572,0.00675,0.0145882026502807,0.997876428970156,0.00457330732130858,0.877837815868287,0.0143363641279403,0,0,0,0,0,0,0.612971394418065,0.0223927976862398,0.617237223629681,0.0128424823639123,0.20077,0.0332935808415455,0.10112,0.0332935808415455,-247.274703964282,0.0516333639810832,0.00106176735396268,0.000251597508916839,34.8200123869448,91.5898831127805,1.50266239783228,0.751977423706302,247945.531186634,116.331040541096,1,0,77.16,46.1227435735069,75.4739,8.19535676558085,74.445,7547.39
"core","D_strongly_dense_n1000","E-CGL",100,100,100,0,0,1,"S_eta","BIC-after-refit",153.96,6.13142262728182,0,0,1.05,0.88048425610713,145,4.43357256132858,7.91,2.74908616588763,0.890548780487805,0.0282616019567843,0.219722222222222,0.0763635046079897,0.94904247520029,0.0165133535459386,0.918500221268399,0.0151713169504996,0.890548780487805,0.0282616019567843,0.219722222222222,0.0763635046079897,0.94904247520029,0.0165133535459386,0.918500221268399,0.0151713169504996,0.90625,0.0277098285083036,0.224,0.0748668852367354,0.942280446558894,0.0178178250885253,0.92354606830549,0.0148061541865052,0,0,0,0,0,0,0.634788048280892,0.0307211310802959,0.638692215444153,0.0126103266944367,0.188552,0.0425379699192202,0.088902,0.0425379699192202,-247.304755949937,0.0494909434762609,0.00095902061834283,0.000356804045474293,66.8069874525946,158.597246824027,1.54739113918193,1.21995428257072,248063.870611518,121.128952756658,1,0,71.03,41.3910776995636,61.5282,7.20716708099192,60.6799999999999,6152.82
"core","D_strongly_dense_n1000","M-L",100,100,100,0,0,1,"S_P","BIC-after-refit",199.73,0.694203998777875,0,0,4,0,160,0,35.73,0.694203998777875,1,0,0.9925,0.0192834444104966,0.821118421750871,0.00288450418327117,0.901771065724454,0.00173113319226637,1,0,0.9925,0.0192834444104966,0.821118421750871,0.00288450418327117,0.901771065724454,0.00173113319226637,1,0,0.99325,0.0173550999694469,0.801091143171582,0.00281415042270368,0.889559354937759,0.00172679121571261,0,0,0,0,0,0,0.671157884777102,0.018650584269345,0.655416301120319,0.012143305419763,0.148426,0.0126427095612651,0.048776,0.0126427095612651,-247.31752564646,0.050206226147635,0.000662121272403516,7.30130597522377e-05,12.8030832233558,6.42106460909161,0.967574607489355,0.100522308782823,248159.794209004,115.378588296935,1,0,12.98,3.01169437863523,34.3933,8.29577293541476,33.445,3439.33
"core","D_strongly_dense_n1000","Spherical k-means",100,100,100,0,0,1,"none","none",NA,NA,NA,NA,NA,NA,NA,NA,NA,NA,NA,NA,NA,NA,NA,NA,NA,NA,NA,NA,NA,NA,NA,NA,NA,NA,NA,NA,NA,NA,NA,NA,NA,NA,NA,NA,NA,NA,NA,NA,0.589378553295305,0.0245201078038089,0.575823528831739,0.0193395442851618,NA,NA,NA,NA,NA,NA,NA,NA,NA,NA,NA,NA,NA,NA,1,0,18.08,5.31185067333011,0.244999999999992,0.039581140290125,0.239999999999896,24.4999999999992
"mcgl","A_eb050_equal_n1000","M-CGL",100,100,100,0,0,1,"S_mu","BIC-after-refit",16.04,0.196946385566932,0,0,0,0,16,0,0.04,0.196946385566932,0.8005,0.00499999999999999,0.000166666666666667,0.000952481155543141,0.998235294117647,0.0100850945881039,0.888468468468468,0.00514004732275359,1,0,0.000217391304347826,0.00107036079112463,0.997647058823529,0.0115850815039373,0.998787878787879,0.00596807228990699,1,0,0.000217391304347826,0.00107036079112463,0.997647058823529,0.0115850815039373,0.998787878787879,0.00596807228990699,0,0,0.96,0.196946385566932,0.96,0.196946385566932,0.867200620938162,0.00715634554010987,0.813866628264242,0.00833673481038294,0.051558,0.00288027706299168,0.000607999999999999,0.00288027706299168,-247.316272962927,0.0401049520606359,0.000128301881814437,1.13621908626264e-05,1.62777856469247,1.02926672090065,0.0612766736040753,0.0149864514761776,247559.510068255,92.725373895164,1,0,2.13,0.366666666666667,104.0589,13.2156258824411,104.22,10405.89
"mcgl","A_eb050_equal_n300","M-CGL",100,100,100,0,0,1,"S_mu","BIC-after-refit",16.23,0.489382212074519,0,0,0,0,16,0,0.23,0.489382212074519,0.801,0.00703526470681448,0.00116666666666667,0.0026537989202868,0.987832817337461,0.0270447536973162,0.884481404481405,0.0122783653861726,1,0,0.00125,0.00265968593518761,0.986656346749226,0.0277669944256337,0.993082251082251,0.0145390059396261,1,0,0.00125,0.00265968593518761,0.986656346749226,0.0277669944256337,0.993082251082251,0.0145390059396261,0,0,0.79,0.409360180740332,0.79,0.409360180740332,0.85608869582953,0.00908645081530718,0.802168493707988,0.0100789473256691,0.056038,0.00367681186009639,0.005088,0.00367681186009639,-247.009770948533,0.0530533234663902,0.000413622398014544,3.57824629887148e-05,9.47588589690639,4.65801040014072,0.221581070187081,0.0587735646677822,74365.8835842129,45.257678247214,1,0,3.92,0.872474710929848,171.2517,51.6636355328847,166.215,17125.17
"mcgl","A_eb050_heterogeneous_n1000","M-CGL",100,100,100,0,0,1,"S_mu","BIC-after-refit",20.04,0.196946385566932,0,0,4,0,16,0,0.04,0.196946385566932,1,0,0.000222222222222222,0.00109414658648296,0.998095238095238,0.00937839931271114,0.999024390243902,0.00480357037968128,1,0,0.000222222222222222,0.00109414658648296,0.998095238095238,0.00937839931271114,0.999024390243902,0.00480357037968128,1,0,0.0219565217391304,0.00107036079112464,0.798476190476191,0.00750271945016885,0.887927927927928,0.00473144469830466,0.96,0.196946385566932,0.96,0.196946385566932,0,0,0.86726389943909,0.00731634075826049,0.829792494049273,0.00767959067334228,0.052512,0.00291181084966768,0.002157,0.00291181084966768,-247.510192630518,0.0567644039649349,0.00014161125438989,1.56674522904825e-05,1.72740568682035,1.15250342194874,0.0868065295790945,0.0142714232245143,247775.230455006,115.150855423417,1,0,4.6,1.09175051725163,511.2642,105.683696841762,496.215,51126.42
"mcgl","A_eb050_heterogeneous_n300","M-CGL",100,100,100,0,0,1,"S_mu","BIC-after-refit",20.73,4.12397523236643,0,0,3.65,0.592461054424762,14.6,1.68174993036504,2.48,2.90064430320875,0.9125,0.0964980242640682,0.0137777777777778,0.0161146905733819,0.899214681509623,0.106716957846971,0.89738332535734,0.0603595415314996,0.9125,0.0964980242640682,0.0137777777777778,0.0161146905733819,0.899214681509623,0.106716957846971,0.89738332535734,0.0603595415314996,0.9125,0.105109370647815,0.0333152173913044,0.0167226925375277,0.718794357628008,0.0876602694123338,0.79674997544688,0.0621160847325586,0.08,0.272659924344291,0.08,0.272659924344291,0,0,0.812252728701147,0.0479571293561376,0.78716619246188,0.0320459303506435,0.076114,0.0207510545916748,0.025759,0.0207510545916748,-247.059858193923,0.11634197089718,0.000822730136083578,0.000368556470130498,18.1769796171483,13.9247264177324,0.628001776032854,0.261853327846152,74411.9582434705,74.5549408707143,1,0,11.73,9.35047667990323,456.5029,136.481930999986,434.47,45650.29
"mcgl","B_crossed_support_n400","M-CGL",100,100,100,0,0,1,"S_mu","BIC-after-refit",11.67,0.586979943903925,0.01,0.1,3.64,0.541602560309064,8,0,0.02,0.14070529413629,0.728125,0.0348325268139195,0.0025,0.0175881617670362,0.998461538461539,0.01082348416433,0.841610037472106,0.0238066500080384,0.97,0.0451335466924219,0.0025,0.0142872173331471,0.997692307692308,0.0131882006152127,0.983029249011858,0.0241006987967882,0.6675,0.0083333333333333,0.305,0.0477025482429024,0.688079254079254,0.0353329674926802,0.677180500658762,0.0172435520965632,0,0,0.64,0.482418151324422,0,0,0.996199354736407,0.00153791891185135,0.992588452121766,0.00275993804721655,0.001428,0.000577714060200663,0.000118,0.000577714060200663,-12.1755032530288,0.0587122448598576,0.000220348740472628,7.78528252154648e-05,2.88028368963476,2.32824102915599,0.343178846215874,0.122486508407029,4932.86234458755,74.4512652515639,1,0,2.32,0.649475312708791,58.9986,15.4323205387952,57.865,5899.86
"mcgl","B_shared_canonical_n1000","M-CGL",100,100,100,0,0,1,"S_mu","BIC-after-refit",21.16,1.81864640529014,0,0,1.1,1.67874411932904,19.99,0.1,0.07,0.293188669562103,0.2109,0.0168232042732709,7e-04,0.00293188669562103,0.997175792001879,0.0116791288362817,0.347815168445873,0.0218981326224,0.2109,0.0168232042732709,7e-04,0.00293188669562103,0.997175792001879,0.0116791288362817,0.347815168445873,0.0218981326224,0.9995,0.005,0.0065,0.0100830508133675,0.950525328938372,0.0690129077108189,0.973025730099828,0.0391187576322434,0,0,0,0,0.48,0.502116731568678,0.858739772677586,0.00791307692302609,0.820579550122268,0.00824628097952689,0.056466,0.00323004268664917,0.007466,0.00323004268664917,-247.431784088825,0.0508783299650678,0.000299121494707777,2.44355869876087e-05,1.18074487225757,0.902226847244467,0.244977375217382,0.0259228684769835,247709.413597222,128.736917852812,1,0,4.24,0.830236670650562,375.1809,80.138825028569,367.605,37518.09
"mcgl","C_eb050_equal_n2000","M-CGL",100,100,100,0,0,1,"S_mu","BIC-after-refit",16,0,0,0,0,0,16,0,0,0,0.8,0,0,0,1,0,0.888888888888889,0,1,0,0,0,1,0,1,0,1,0,0,0,1,0,1,0,0,0,1,0,1,0,0.868743832663656,0.00776549721729564,0.815458927873351,0.00899328691882771,0.050956,0.00312417488096756,5.99999999999875e-06,0.00312417488096756,-247.377943807308,0.041347231975739,6.35847327740268e-05,5.52891899467192e-06,0.771587928797151,0.467727940440879,0.0286906071920995,0.00567907371153425,495015.013623428,116.685312624021,1,0,2,0,107.8426,16.2536078120856,105.47,10784.26
"mcgl","C_eb050_equal_n600","M-CGL",100,100,100,0,0,1,"S_mu","BIC-after-refit",16.03,0.171446607997765,0,0,0,0,16,0,0.03,0.171446607997765,0.8,0,0.000166666666666667,0.000952481155543141,0.998235294117647,0.0100850945881039,0.888168168168168,0.00411883742937573,1,0,0.000163043478260869,0.000931775043466115,0.998235294117647,0.0100850945881039,0.999090909090909,0.005195351757508,1,0,0.000163043478260869,0.000931775043466115,0.998235294117647,0.0100850945881039,0.999090909090909,0.005195351757508,0,0,0.97,0.171446607997765,0.97,0.171446607997765,0.863736463169357,0.0080937714110176,0.81018993496673,0.00924341334115732,0.05296,0.00326858323492555,0.00201,0.00326858323492555,-247.235220918255,0.0461400911251383,0.000208461685814405,1.89246474713737e-05,3.80078379843941,2.51395733781474,0.0998113010382407,0.0241064510202009,148601.173846593,75.9488034213776,1,0,2.68,0.51010001000002,94.3172,15.3966703130019,92.535,9431.72
"mcgl","C_eb050_heterogeneous_n2000","M-CGL",100,100,100,0,0,1,"S_mu","BIC-after-refit",20,0,0,0,4,0,16,0,0,0,1,0,0,0,1,0,1,0,1,0,0,0,1,0,1,0,1,0,0.0217391304347826,0,0.8,0,0.888888888888889,0,1,0,1,0,0,0,0.869685304575205,0.0080868803699517,0.832349542603137,0.00861321710024681,0.051508,0.00332598219714982,0.001153,0.00332598219714983,-247.569082449448,0.0522046430724811,7.09139075425909e-05,6.79621122243523e-06,0.70496474763569,0.416809567374501,0.0401354631435374,0.0066735860739136,495402.323577549,163.490895182293,1,0,3.99,0.745288229783985,467.875,67.1247039607489,459.33,46787.5
"mcgl","C_eb050_heterogeneous_n600","M-CGL",100,100,100,0,0,1,"S_mu","BIC-after-refit",20.39,0.802710056211727,0,0,3.99,0.1,16,0,0.4,0.80403025220737,0.9995,0.005,0.00222222222222222,0.00446683473448539,0.981731131187653,0.0350411927035511,0.99021072936643,0.0190601556172207,0.9995,0.005,0.00222222222222222,0.00446683473448539,0.981731131187653,0.0350411927035511,0.99021072936643,0.0190601556172207,1,0,0.0238586956521739,0.00436255465332462,0.785784904950122,0.0279523427388616,0.879761206847215,0.0182761686397642,0.72,0.451260859854213,0.72,0.451260859854213,0,0,0.864034221256707,0.00807267905208139,0.826915482175237,0.00802839016512197,0.053906,0.00333132727514746,0.003551,0.00333132727514746,-247.420162358075,0.054499629905385,0.0002375604163924,2.63420377551584e-05,3.59627868593288,2.22854803545138,0.15084888372007,0.0325606505821363,148723.531949054,86.5744857984681,1,0,5.3,1.35214009195898,438.877,112.103383016921,432.285,43887.7
"mcgl_pure","B_pure_concentration_n1000","M-CGL",100,100,100,0,0,1,"S_mu","BIC-after-refit",0.77,0.446196043338474,0.03,0.171446607997765,0,0,0,0,0.74,0.463190516467527,0.001875,0.0107154129998603,0.00402173913043478,0.00251733976341047,0.03,0.171446607997765,0.00352941176470587,0.0201701891762076,0.24,0.429234695990928,0.00385,0.00223098021669237,0.24,0.429234695990928,0.24,0.429234695990928,0.001875,0.0107154129998603,0.00402173913043478,0.00251733976341047,0.03,0.171446607997765,0.00352941176470587,0.0201701891762076,0,0,0.24,0.429234695990928,0,0,0.674456051188052,0.0202575815310904,0.722853247838715,0.009898098137891,0.189398,0.0717135913748488,0.037973,0.0717135913748488,-258.744283876618,0.270539156610585,2.97058291000085e-05,3.14943406676951e-05,54.9285826742905,166.703845301599,0.281694877319015,0.396350242659836,258860.241102325,640.008893428801,1,0,23.71,33.3182678075702,663.0503,366.4890058694,539.81,66305.03
